ISO-10303-21;
HEADER;
FILE_DESCRIPTION(('KiCad electronic assembly'),'2;1');
FILE_NAME('carrier-assembly.step','2026-09-08T07:13:37',('Pcbnew'),(
    'Kicad'),'Open CASCADE STEP processor 7.9','KiCad to STEP converter'
  ,'Unknown');
FILE_SCHEMA(('AUTOMOTIVE_DESIGN { 1 0 10303 214 1 1 1 1 }'));
ENDSEC;
DATA;
#1 = APPLICATION_PROTOCOL_DEFINITION('international standard',
  'automotive_design',2000,#2);
#2 = APPLICATION_CONTEXT(
  'core data for automotive mechanical design processes');
#3 = SHAPE_DEFINITION_REPRESENTATION(#4,#10);
#4 = PRODUCT_DEFINITION_SHAPE('','',#5);
#5 = PRODUCT_DEFINITION('design','',#6,#9);
#6 = PRODUCT_DEFINITION_FORMATION('','',#7);
#7 = PRODUCT('carrier-assembly 1','carrier-assembly 1','',(#8));
#8 = PRODUCT_CONTEXT('',#2,'mechanical');
#9 = PRODUCT_DEFINITION_CONTEXT('part definition',#2,'design');
#10 = SHAPE_REPRESENTATION('',(#11,#15,#19,#23,#27,#31,#35,#39,#43,#47,
    #51,#55,#59,#63,#67,#71),#75);
#11 = AXIS2_PLACEMENT_3D('',#12,#13,#14);
#12 = CARTESIAN_POINT('',(0.,0.,0.));
#13 = DIRECTION('',(0.,0.,1.));
#14 = DIRECTION('',(1.,0.,-0.));
#15 = AXIS2_PLACEMENT_3D('',#16,#17,#18);
#16 = CARTESIAN_POINT('',(12.9,11.7,0.995));
#17 = DIRECTION('',(0.,0.,1.));
#18 = DIRECTION('',(1.,0.,0.));
#19 = AXIS2_PLACEMENT_3D('',#20,#21,#22);
#20 = CARTESIAN_POINT('',(8.15,11.8,0.995));
#21 = DIRECTION('',(0.,0.,1.));
#22 = DIRECTION('',(1.,0.,0.));
#23 = AXIS2_PLACEMENT_3D('',#24,#25,#26);
#24 = CARTESIAN_POINT('',(14.7,13.9,0.995));
#25 = DIRECTION('',(0.,0.,1.));
#26 = DIRECTION('',(1.,0.,0.));
#27 = AXIS2_PLACEMENT_3D('',#28,#29,#30);
#28 = CARTESIAN_POINT('',(3.8,11.7,0.995));
#29 = DIRECTION('',(0.,0.,1.));
#30 = DIRECTION('',(1.,0.,0.));
#31 = AXIS2_PLACEMENT_3D('',#32,#33,#34);
#32 = CARTESIAN_POINT('',(5.,14.3,0.995));
#33 = DIRECTION('',(0.,0.,1.));
#34 = DIRECTION('',(1.,0.,0.));
#35 = AXIS2_PLACEMENT_3D('',#36,#37,#38);
#36 = CARTESIAN_POINT('',(14.7,15.2,0.995));
#37 = DIRECTION('',(0.,0.,1.));
#38 = DIRECTION('',(1.,0.,0.));
#39 = AXIS2_PLACEMENT_3D('',#40,#41,#42);
#40 = CARTESIAN_POINT('',(8.8,10.6,0.995));
#41 = DIRECTION('',(0.,0.,1.));
#42 = DIRECTION('',(1.,0.,0.));
#43 = AXIS2_PLACEMENT_3D('',#44,#45,#46);
#44 = CARTESIAN_POINT('',(9.5,16.2,0.995));
#45 = DIRECTION('',(0.,0.,1.));
#46 = DIRECTION('',(1.,0.,0.));
#47 = AXIS2_PLACEMENT_3D('',#48,#49,#50);
#48 = CARTESIAN_POINT('',(12.6,15.,0.995));
#49 = DIRECTION('',(0.,0.,1.));
#50 = DIRECTION('',(1.,0.,0.));
#51 = AXIS2_PLACEMENT_3D('',#52,#53,#54);
#52 = CARTESIAN_POINT('',(9.7,13.05,0.995));
#53 = DIRECTION('',(0.,0.,1.));
#54 = DIRECTION('',(1.,0.,0.));
#55 = AXIS2_PLACEMENT_3D('',#56,#57,#58);
#56 = CARTESIAN_POINT('',(9.,4.9,0.995));
#57 = DIRECTION('',(0.,0.,1.));
#58 = DIRECTION('',(1.,0.,0.));
#59 = AXIS2_PLACEMENT_3D('',#60,#61,#62);
#60 = CARTESIAN_POINT('',(0.95,11.9,0.995));
#61 = DIRECTION('',(0.,-0.,1.));
#62 = DIRECTION('',(1.110223024625E-16,1.,0.));
#63 = AXIS2_PLACEMENT_3D('',#64,#65,#66);
#64 = CARTESIAN_POINT('',(7.6,13.4,0.995));
#65 = DIRECTION('',(0.,0.,1.));
#66 = DIRECTION('',(1.,0.,0.));
#67 = AXIS2_PLACEMENT_3D('',#68,#69,#70);
#68 = CARTESIAN_POINT('',(16.4,11.7,0.995));
#69 = DIRECTION('',(0.,-0.,1.));
#70 = DIRECTION('',(1.110223024625E-16,1.,0.));
#71 = AXIS2_PLACEMENT_3D('',#72,#73,#74);
#72 = CARTESIAN_POINT('',(0.,0.,0.));
#73 = DIRECTION('',(0.,0.,1.));
#74 = DIRECTION('',(1.,0.,-0.));
#75 = ( GEOMETRIC_REPRESENTATION_CONTEXT(3) 
GLOBAL_UNCERTAINTY_ASSIGNED_CONTEXT((#79)) GLOBAL_UNIT_ASSIGNED_CONTEXT(
(#76,#77,#78)) REPRESENTATION_CONTEXT('Context #1',
  '3D Context with UNIT and UNCERTAINTY') );
#76 = ( LENGTH_UNIT() NAMED_UNIT(*) SI_UNIT(.MILLI.,.METRE.) );
#77 = ( NAMED_UNIT(*) PLANE_ANGLE_UNIT() SI_UNIT($,.RADIAN.) );
#78 = ( NAMED_UNIT(*) SI_UNIT($,.STERADIAN.) SOLID_ANGLE_UNIT() );
#79 = UNCERTAINTY_MEASURE_WITH_UNIT(LENGTH_MEASURE(1.E-07),#76,
  'distance_accuracy_value','confusion accuracy');
#80 = PRODUCT_RELATED_PRODUCT_CATEGORY('part',$,(#7));
#81 = SHAPE_DEFINITION_REPRESENTATION(#82,#88);
#82 = PRODUCT_DEFINITION_SHAPE('','',#83);
#83 = PRODUCT_DEFINITION('design','',#84,#87);
#84 = PRODUCT_DEFINITION_FORMATION('','',#85);
#85 = PRODUCT('VSSOP-8_2.3x2mm_P0.5mm','VSSOP-8_2.3x2mm_P0.5mm','',(#86)
  );
#86 = PRODUCT_CONTEXT('',#2,'mechanical');
#87 = PRODUCT_DEFINITION_CONTEXT('part definition',#2,'design');
#88 = ADVANCED_BREP_SHAPE_REPRESENTATION('',(#11,#89),#4557);
#89 = MANIFOLD_SOLID_BREP('',#90);
#90 = CLOSED_SHELL('',(#91,#129,#192,#215,#244,#267,#354,#441,#464,#487,
    #504,#527,#615,#631,#661,#692,#723,#754,#785,#816,#847,#878,#895,
    #912,#943,#974,#1005,#1036,#1067,#1098,#1129,#1159,#1182,#1205,#1222
    ,#1267,#1353,#1376,#1399,#1422,#1509,#1547,#1596,#1688,#1713,#1797,
    #1819,#1911,#1936,#2020,#2042,#2134,#2159,#2243,#2260,#2345,#2370,
    #2447,#2532,#2557,#2634,#2651,#2743,#2768,#2852,#2874,#2966,#2991,
    #3075,#3097,#3189,#3214,#3298,#3315,#3334,#3353,#3372,#3418,#3434,
    #3453,#3472,#3491,#3507,#3524,#3536,#3553,#3570,#3587,#3604,#3621,
    #3638,#3655,#3667,#3684,#3701,#3718,#3735,#3752,#3769,#3786,#3798,
    #3815,#3832,#3849,#3866,#3883,#3900,#3917,#3929,#3946,#3963,#3980,
    #3997,#4014,#4031,#4043,#4060,#4077,#4094,#4111,#4128,#4145,#4157,
    #4174,#4191,#4208,#4225,#4242,#4259,#4276,#4288,#4305,#4322,#4339,
    #4356,#4373,#4390,#4407,#4419,#4436,#4453,#4470,#4487,#4504,#4521,
    #4538,#4550));
#91 = ADVANCED_FACE('',(#92),#124,.F.);
#92 = FACE_BOUND('',#93,.F.);
#93 = EDGE_LOOP('',(#94,#104,#111,#119));
#94 = ORIENTED_EDGE('',*,*,#95,.T.);
#95 = EDGE_CURVE('',#96,#98,#100,.T.);
#96 = VERTEX_POINT('',#97);
#97 = CARTESIAN_POINT('',(-1.028116515749,0.936233031499,0.1));
#98 = VERTEX_POINT('',#99);
#99 = CARTESIAN_POINT('',(1.028116515749,0.936233031499,0.1));
#100 = LINE('',#101,#102);
#101 = CARTESIAN_POINT('',(-1.028116515749,0.936233031499,0.1));
#102 = VECTOR('',#103,1.);
#103 = DIRECTION('',(1.,1.110223024625E-16,0.));
#104 = ORIENTED_EDGE('',*,*,#105,.T.);
#105 = EDGE_CURVE('',#98,#106,#108,.T.);
#106 = VERTEX_POINT('',#107);
#107 = CARTESIAN_POINT('',(1.06,1.,0.4));
#108 = B_SPLINE_CURVE_WITH_KNOTS('',1,(#109,#110),.UNSPECIFIED.,.F.,.F.,
  (2,2),(0.,1.),.PIECEWISE_BEZIER_KNOTS.);
#109 = CARTESIAN_POINT('',(1.028116515749,0.936233031499,0.1));
#110 = CARTESIAN_POINT('',(1.06,1.,0.4));
#111 = ORIENTED_EDGE('',*,*,#112,.F.);
#112 = EDGE_CURVE('',#113,#106,#115,.T.);
#113 = VERTEX_POINT('',#114);
#114 = CARTESIAN_POINT('',(-1.06,1.,0.4));
#115 = LINE('',#116,#117);
#116 = CARTESIAN_POINT('',(-1.06,1.,0.4));
#117 = VECTOR('',#118,1.);
#118 = DIRECTION('',(1.,1.110223024625E-16,0.));
#119 = ORIENTED_EDGE('',*,*,#120,.F.);
#120 = EDGE_CURVE('',#96,#113,#121,.T.);
#121 = B_SPLINE_CURVE_WITH_KNOTS('',1,(#122,#123),.UNSPECIFIED.,.F.,.F.,
  (2,2),(0.,1.),.PIECEWISE_BEZIER_KNOTS.);
#122 = CARTESIAN_POINT('',(-1.028116515749,0.936233031499,0.1));
#123 = CARTESIAN_POINT('',(-1.06,1.,0.4));
#124 = B_SPLINE_SURFACE_WITH_KNOTS('',1,1,(
    (#125,#126)
    ,(#127,#128
    )),.UNSPECIFIED.,.F.,.F.,.F.,(2,2),(2,2),(0.,2.12),(0.,1.),
  .PIECEWISE_BEZIER_KNOTS.);
#125 = CARTESIAN_POINT('',(-1.028116515749,0.936233031499,0.1));
#126 = CARTESIAN_POINT('',(-1.06,1.,0.4));
#127 = CARTESIAN_POINT('',(1.028116515749,0.936233031499,0.1));
#128 = CARTESIAN_POINT('',(1.06,1.,0.4));
#129 = ADVANCED_FACE('',(#130),#187,.T.);
#130 = FACE_BOUND('',#131,.T.);
#131 = EDGE_LOOP('',(#132,#133,#141,#149,#157,#165,#173,#181));
#132 = ORIENTED_EDGE('',*,*,#95,.T.);
#133 = ORIENTED_EDGE('',*,*,#134,.T.);
#134 = EDGE_CURVE('',#98,#135,#137,.T.);
#135 = VERTEX_POINT('',#136);
#136 = CARTESIAN_POINT('',(1.086233031499,0.878116515749,0.1));
#137 = LINE('',#138,#139);
#138 = CARTESIAN_POINT('',(1.028116515749,0.936233031499,0.1));
#139 = VECTOR('',#140,1.);
#140 = DIRECTION('',(0.707106781187,-0.707106781187,0.));
#141 = ORIENTED_EDGE('',*,*,#142,.T.);
#142 = EDGE_CURVE('',#135,#143,#145,.T.);
#143 = VERTEX_POINT('',#144);
#144 = CARTESIAN_POINT('',(1.086233031499,-0.878116515749,0.1));
#145 = LINE('',#146,#147);
#146 = CARTESIAN_POINT('',(1.086233031499,0.878116515749,0.1));
#147 = VECTOR('',#148,1.);
#148 = DIRECTION('',(1.110223024625E-16,-1.,0.));
#149 = ORIENTED_EDGE('',*,*,#150,.T.);
#150 = EDGE_CURVE('',#143,#151,#153,.T.);
#151 = VERTEX_POINT('',#152);
#152 = CARTESIAN_POINT('',(1.028116515749,-0.936233031499,0.1));
#153 = LINE('',#154,#155);
#154 = CARTESIAN_POINT('',(1.086233031499,-0.878116515749,0.1));
#155 = VECTOR('',#156,1.);
#156 = DIRECTION('',(-0.707106781187,-0.707106781187,0.));
#157 = ORIENTED_EDGE('',*,*,#158,.T.);
#158 = EDGE_CURVE('',#151,#159,#161,.T.);
#159 = VERTEX_POINT('',#160);
#160 = CARTESIAN_POINT('',(-1.028116515749,-0.936233031499,0.1));
#161 = LINE('',#162,#163);
#162 = CARTESIAN_POINT('',(1.028116515749,-0.936233031499,0.1));
#163 = VECTOR('',#164,1.);
#164 = DIRECTION('',(-1.,-1.110223024625E-16,0.));
#165 = ORIENTED_EDGE('',*,*,#166,.T.);
#166 = EDGE_CURVE('',#159,#167,#169,.T.);
#167 = VERTEX_POINT('',#168);
#168 = CARTESIAN_POINT('',(-1.086233031499,-0.878116515749,0.1));
#169 = LINE('',#170,#171);
#170 = CARTESIAN_POINT('',(-1.028116515749,-0.936233031499,0.1));
#171 = VECTOR('',#172,1.);
#172 = DIRECTION('',(-0.707106781187,0.707106781187,0.));
#173 = ORIENTED_EDGE('',*,*,#174,.T.);
#174 = EDGE_CURVE('',#167,#175,#177,.T.);
#175 = VERTEX_POINT('',#176);
#176 = CARTESIAN_POINT('',(-1.086233031499,0.878116515749,0.1));
#177 = LINE('',#178,#179);
#178 = CARTESIAN_POINT('',(-1.086233031499,-0.878116515749,0.1));
#179 = VECTOR('',#180,1.);
#180 = DIRECTION('',(-1.110223024625E-16,1.,0.));
#181 = ORIENTED_EDGE('',*,*,#182,.T.);
#182 = EDGE_CURVE('',#175,#96,#183,.T.);
#183 = LINE('',#184,#185);
#184 = CARTESIAN_POINT('',(-1.086233031499,0.878116515749,0.1));
#185 = VECTOR('',#186,1.);
#186 = DIRECTION('',(0.707106781187,0.707106781187,0.));
#187 = PLANE('',#188);
#188 = AXIS2_PLACEMENT_3D('',#189,#190,#191);
#189 = CARTESIAN_POINT('',(-1.028116515749,0.936233031499,0.1));
#190 = DIRECTION('',(0.,0.,-1.));
#191 = DIRECTION('',(0.758892925443,-0.651215423429,0.));
#192 = ADVANCED_FACE('',(#193),#210,.F.);
#193 = FACE_BOUND('',#194,.F.);
#194 = EDGE_LOOP('',(#195,#196,#203,#209));
#195 = ORIENTED_EDGE('',*,*,#134,.T.);
#196 = ORIENTED_EDGE('',*,*,#197,.T.);
#197 = EDGE_CURVE('',#135,#198,#200,.T.);
#198 = VERTEX_POINT('',#199);
#199 = CARTESIAN_POINT('',(1.15,0.91,0.4));
#200 = B_SPLINE_CURVE_WITH_KNOTS('',1,(#201,#202),.UNSPECIFIED.,.F.,.F.,
  (2,2),(0.,1.),.PIECEWISE_BEZIER_KNOTS.);
#201 = CARTESIAN_POINT('',(1.086233031499,0.878116515749,0.1));
#202 = CARTESIAN_POINT('',(1.15,0.91,0.4));
#203 = ORIENTED_EDGE('',*,*,#204,.F.);
#204 = EDGE_CURVE('',#106,#198,#205,.T.);
#205 = LINE('',#206,#207);
#206 = CARTESIAN_POINT('',(1.06,1.,0.4));
#207 = VECTOR('',#208,1.);
#208 = DIRECTION('',(0.707106781187,-0.707106781187,0.));
#209 = ORIENTED_EDGE('',*,*,#105,.F.);
#210 = B_SPLINE_SURFACE_WITH_KNOTS('',1,1,(
    (#211,#212)
    ,(#213,#214
    )),.UNSPECIFIED.,.F.,.F.,.F.,(2,2),(2,2),(0.,0.127279220614),(0.,1.)
  ,.PIECEWISE_BEZIER_KNOTS.);
#211 = CARTESIAN_POINT('',(1.028116515749,0.936233031499,0.1));
#212 = CARTESIAN_POINT('',(1.06,1.,0.4));
#213 = CARTESIAN_POINT('',(1.086233031499,0.878116515749,0.1));
#214 = CARTESIAN_POINT('',(1.15,0.91,0.4));
#215 = ADVANCED_FACE('',(#216),#239,.F.);
#216 = FACE_BOUND('',#217,.F.);
#217 = EDGE_LOOP('',(#218,#219,#226,#234));
#218 = ORIENTED_EDGE('',*,*,#112,.T.);
#219 = ORIENTED_EDGE('',*,*,#220,.T.);
#220 = EDGE_CURVE('',#106,#221,#223,.T.);
#221 = VERTEX_POINT('',#222);
#222 = CARTESIAN_POINT('',(1.06,1.,0.55));
#223 = B_SPLINE_CURVE_WITH_KNOTS('',1,(#224,#225),.UNSPECIFIED.,.F.,.F.,
  (2,2),(0.,1.),.PIECEWISE_BEZIER_KNOTS.);
#224 = CARTESIAN_POINT('',(1.06,1.,0.4));
#225 = CARTESIAN_POINT('',(1.06,1.,0.55));
#226 = ORIENTED_EDGE('',*,*,#227,.F.);
#227 = EDGE_CURVE('',#228,#221,#230,.T.);
#228 = VERTEX_POINT('',#229);
#229 = CARTESIAN_POINT('',(-1.06,1.,0.55));
#230 = LINE('',#231,#232);
#231 = CARTESIAN_POINT('',(-1.06,1.,0.55));
#232 = VECTOR('',#233,1.);
#233 = DIRECTION('',(1.,1.110223024625E-16,0.));
#234 = ORIENTED_EDGE('',*,*,#235,.F.);
#235 = EDGE_CURVE('',#113,#228,#236,.T.);
#236 = B_SPLINE_CURVE_WITH_KNOTS('',1,(#237,#238),.UNSPECIFIED.,.F.,.F.,
  (2,2),(0.,1.),.PIECEWISE_BEZIER_KNOTS.);
#237 = CARTESIAN_POINT('',(-1.06,1.,0.4));
#238 = CARTESIAN_POINT('',(-1.06,1.,0.55));
#239 = PLANE('',#240);
#240 = AXIS2_PLACEMENT_3D('',#241,#242,#243);
#241 = CARTESIAN_POINT('',(-1.06,1.,0.55));
#242 = DIRECTION('',(1.110223024625E-16,-1.,0.));
#243 = DIRECTION('',(1.,1.110223024625E-16,0.));
#244 = ADVANCED_FACE('',(#245),#262,.F.);
#245 = FACE_BOUND('',#246,.F.);
#246 = EDGE_LOOP('',(#247,#248,#249,#257));
#247 = ORIENTED_EDGE('',*,*,#182,.T.);
#248 = ORIENTED_EDGE('',*,*,#120,.T.);
#249 = ORIENTED_EDGE('',*,*,#250,.F.);
#250 = EDGE_CURVE('',#251,#113,#253,.T.);
#251 = VERTEX_POINT('',#252);
#252 = CARTESIAN_POINT('',(-1.15,0.91,0.4));
#253 = LINE('',#254,#255);
#254 = CARTESIAN_POINT('',(-1.15,0.91,0.4));
#255 = VECTOR('',#256,1.);
#256 = DIRECTION('',(0.707106781187,0.707106781187,0.));
#257 = ORIENTED_EDGE('',*,*,#258,.F.);
#258 = EDGE_CURVE('',#175,#251,#259,.T.);
#259 = B_SPLINE_CURVE_WITH_KNOTS('',1,(#260,#261),.UNSPECIFIED.,.F.,.F.,
  (2,2),(0.,1.),.PIECEWISE_BEZIER_KNOTS.);
#260 = CARTESIAN_POINT('',(-1.086233031499,0.878116515749,0.1));
#261 = CARTESIAN_POINT('',(-1.15,0.91,0.4));
#262 = B_SPLINE_SURFACE_WITH_KNOTS('',1,1,(
    (#263,#264)
    ,(#265,#266
    )),.UNSPECIFIED.,.F.,.F.,.F.,(2,2),(2,2),(0.,0.127279220614),(0.,1.)
  ,.PIECEWISE_BEZIER_KNOTS.);
#263 = CARTESIAN_POINT('',(-1.086233031499,0.878116515749,0.1));
#264 = CARTESIAN_POINT('',(-1.15,0.91,0.4));
#265 = CARTESIAN_POINT('',(-1.028116515749,0.936233031499,0.1));
#266 = CARTESIAN_POINT('',(-1.06,1.,0.4));
#267 = ADVANCED_FACE('',(#268),#349,.F.);
#268 = FACE_BOUND('',#269,.F.);
#269 = EDGE_LOOP('',(#270,#271,#272,#280,#288,#296,#304,#312,#320,#328,
    #336,#344));
#270 = ORIENTED_EDGE('',*,*,#174,.T.);
#271 = ORIENTED_EDGE('',*,*,#258,.T.);
#272 = ORIENTED_EDGE('',*,*,#273,.F.);
#273 = EDGE_CURVE('',#274,#251,#276,.T.);
#274 = VERTEX_POINT('',#275);
#275 = CARTESIAN_POINT('',(-1.15,0.86,0.4));
#276 = LINE('',#277,#278);
#277 = CARTESIAN_POINT('',(-1.15,-0.91,0.4));
#278 = VECTOR('',#279,1.);
#279 = DIRECTION('',(-1.110223024625E-16,1.,0.));
#280 = ORIENTED_EDGE('',*,*,#281,.F.);
#281 = EDGE_CURVE('',#282,#274,#284,.T.);
#282 = VERTEX_POINT('',#283);
#283 = CARTESIAN_POINT('',(-1.15,0.64,0.4));
#284 = LINE('',#285,#286);
#285 = CARTESIAN_POINT('',(-1.15,-0.91,0.4));
#286 = VECTOR('',#287,1.);
#287 = DIRECTION('',(-1.110223024625E-16,1.,0.));
#288 = ORIENTED_EDGE('',*,*,#289,.F.);
#289 = EDGE_CURVE('',#290,#282,#292,.T.);
#290 = VERTEX_POINT('',#291);
#291 = CARTESIAN_POINT('',(-1.15,0.36,0.4));
#292 = LINE('',#293,#294);
#293 = CARTESIAN_POINT('',(-1.15,-0.91,0.4));
#294 = VECTOR('',#295,1.);
#295 = DIRECTION('',(-1.110223024625E-16,1.,0.));
#296 = ORIENTED_EDGE('',*,*,#297,.F.);
#297 = EDGE_CURVE('',#298,#290,#300,.T.);
#298 = VERTEX_POINT('',#299);
#299 = CARTESIAN_POINT('',(-1.15,0.14,0.4));
#300 = LINE('',#301,#302);
#301 = CARTESIAN_POINT('',(-1.15,-0.91,0.4));
#302 = VECTOR('',#303,1.);
#303 = DIRECTION('',(-1.110223024625E-16,1.,0.));
#304 = ORIENTED_EDGE('',*,*,#305,.F.);
#305 = EDGE_CURVE('',#306,#298,#308,.T.);
#306 = VERTEX_POINT('',#307);
#307 = CARTESIAN_POINT('',(-1.15,-0.14,0.4));
#308 = LINE('',#309,#310);
#309 = CARTESIAN_POINT('',(-1.15,-0.91,0.4));
#310 = VECTOR('',#311,1.);
#311 = DIRECTION('',(-1.110223024625E-16,1.,0.));
#312 = ORIENTED_EDGE('',*,*,#313,.F.);
#313 = EDGE_CURVE('',#314,#306,#316,.T.);
#314 = VERTEX_POINT('',#315);
#315 = CARTESIAN_POINT('',(-1.15,-0.36,0.4));
#316 = LINE('',#317,#318);
#317 = CARTESIAN_POINT('',(-1.15,-0.91,0.4));
#318 = VECTOR('',#319,1.);
#319 = DIRECTION('',(-1.110223024625E-16,1.,0.));
#320 = ORIENTED_EDGE('',*,*,#321,.F.);
#321 = EDGE_CURVE('',#322,#314,#324,.T.);
#322 = VERTEX_POINT('',#323);
#323 = CARTESIAN_POINT('',(-1.15,-0.64,0.4));
#324 = LINE('',#325,#326);
#325 = CARTESIAN_POINT('',(-1.15,-0.91,0.4));
#326 = VECTOR('',#327,1.);
#327 = DIRECTION('',(-1.110223024625E-16,1.,0.));
#328 = ORIENTED_EDGE('',*,*,#329,.F.);
#329 = EDGE_CURVE('',#330,#322,#332,.T.);
#330 = VERTEX_POINT('',#331);
#331 = CARTESIAN_POINT('',(-1.15,-0.86,0.4));
#332 = LINE('',#333,#334);
#333 = CARTESIAN_POINT('',(-1.15,-0.91,0.4));
#334 = VECTOR('',#335,1.);
#335 = DIRECTION('',(-1.110223024625E-16,1.,0.));
#336 = ORIENTED_EDGE('',*,*,#337,.F.);
#337 = EDGE_CURVE('',#338,#330,#340,.T.);
#338 = VERTEX_POINT('',#339);
#339 = CARTESIAN_POINT('',(-1.15,-0.91,0.4));
#340 = LINE('',#341,#342);
#341 = CARTESIAN_POINT('',(-1.15,-0.91,0.4));
#342 = VECTOR('',#343,1.);
#343 = DIRECTION('',(-1.110223024625E-16,1.,0.));
#344 = ORIENTED_EDGE('',*,*,#345,.F.);
#345 = EDGE_CURVE('',#167,#338,#346,.T.);
#346 = B_SPLINE_CURVE_WITH_KNOTS('',1,(#347,#348),.UNSPECIFIED.,.F.,.F.,
  (2,2),(0.,1.),.PIECEWISE_BEZIER_KNOTS.);
#347 = CARTESIAN_POINT('',(-1.086233031499,-0.878116515749,0.1));
#348 = CARTESIAN_POINT('',(-1.15,-0.91,0.4));
#349 = B_SPLINE_SURFACE_WITH_KNOTS('',1,1,(
    (#350,#351)
    ,(#352,#353
    )),.UNSPECIFIED.,.F.,.F.,.F.,(2,2),(2,2),(0.,1.82),(0.,1.),
  .PIECEWISE_BEZIER_KNOTS.);
#350 = CARTESIAN_POINT('',(-1.086233031499,-0.878116515749,0.1));
#351 = CARTESIAN_POINT('',(-1.15,-0.91,0.4));
#352 = CARTESIAN_POINT('',(-1.086233031499,0.878116515749,0.1));
#353 = CARTESIAN_POINT('',(-1.15,0.91,0.4));
#354 = ADVANCED_FACE('',(#355),#436,.F.);
#355 = FACE_BOUND('',#356,.F.);
#356 = EDGE_LOOP('',(#357,#358,#365,#373,#381,#389,#397,#405,#413,#421,
    #429,#435));
#357 = ORIENTED_EDGE('',*,*,#142,.T.);
#358 = ORIENTED_EDGE('',*,*,#359,.T.);
#359 = EDGE_CURVE('',#143,#360,#362,.T.);
#360 = VERTEX_POINT('',#361);
#361 = CARTESIAN_POINT('',(1.15,-0.91,0.4));
#362 = B_SPLINE_CURVE_WITH_KNOTS('',1,(#363,#364),.UNSPECIFIED.,.F.,.F.,
  (2,2),(0.,1.),.PIECEWISE_BEZIER_KNOTS.);
#363 = CARTESIAN_POINT('',(1.086233031499,-0.878116515749,0.1));
#364 = CARTESIAN_POINT('',(1.15,-0.91,0.4));
#365 = ORIENTED_EDGE('',*,*,#366,.F.);
#366 = EDGE_CURVE('',#367,#360,#369,.T.);
#367 = VERTEX_POINT('',#368);
#368 = CARTESIAN_POINT('',(1.15,-0.86,0.4));
#369 = LINE('',#370,#371);
#370 = CARTESIAN_POINT('',(1.15,0.91,0.4));
#371 = VECTOR('',#372,1.);
#372 = DIRECTION('',(1.110223024625E-16,-1.,0.));
#373 = ORIENTED_EDGE('',*,*,#374,.F.);
#374 = EDGE_CURVE('',#375,#367,#377,.T.);
#375 = VERTEX_POINT('',#376);
#376 = CARTESIAN_POINT('',(1.15,-0.64,0.4));
#377 = LINE('',#378,#379);
#378 = CARTESIAN_POINT('',(1.15,0.91,0.4));
#379 = VECTOR('',#380,1.);
#380 = DIRECTION('',(1.110223024625E-16,-1.,0.));
#381 = ORIENTED_EDGE('',*,*,#382,.F.);
#382 = EDGE_CURVE('',#383,#375,#385,.T.);
#383 = VERTEX_POINT('',#384);
#384 = CARTESIAN_POINT('',(1.15,-0.36,0.4));
#385 = LINE('',#386,#387);
#386 = CARTESIAN_POINT('',(1.15,0.91,0.4));
#387 = VECTOR('',#388,1.);
#388 = DIRECTION('',(1.110223024625E-16,-1.,0.));
#389 = ORIENTED_EDGE('',*,*,#390,.F.);
#390 = EDGE_CURVE('',#391,#383,#393,.T.);
#391 = VERTEX_POINT('',#392);
#392 = CARTESIAN_POINT('',(1.15,-0.14,0.4));
#393 = LINE('',#394,#395);
#394 = CARTESIAN_POINT('',(1.15,0.91,0.4));
#395 = VECTOR('',#396,1.);
#396 = DIRECTION('',(1.110223024625E-16,-1.,0.));
#397 = ORIENTED_EDGE('',*,*,#398,.F.);
#398 = EDGE_CURVE('',#399,#391,#401,.T.);
#399 = VERTEX_POINT('',#400);
#400 = CARTESIAN_POINT('',(1.15,0.14,0.4));
#401 = LINE('',#402,#403);
#402 = CARTESIAN_POINT('',(1.15,0.91,0.4));
#403 = VECTOR('',#404,1.);
#404 = DIRECTION('',(1.110223024625E-16,-1.,0.));
#405 = ORIENTED_EDGE('',*,*,#406,.F.);
#406 = EDGE_CURVE('',#407,#399,#409,.T.);
#407 = VERTEX_POINT('',#408);
#408 = CARTESIAN_POINT('',(1.15,0.36,0.4));
#409 = LINE('',#410,#411);
#410 = CARTESIAN_POINT('',(1.15,0.91,0.4));
#411 = VECTOR('',#412,1.);
#412 = DIRECTION('',(1.110223024625E-16,-1.,0.));
#413 = ORIENTED_EDGE('',*,*,#414,.F.);
#414 = EDGE_CURVE('',#415,#407,#417,.T.);
#415 = VERTEX_POINT('',#416);
#416 = CARTESIAN_POINT('',(1.15,0.64,0.4));
#417 = LINE('',#418,#419);
#418 = CARTESIAN_POINT('',(1.15,0.91,0.4));
#419 = VECTOR('',#420,1.);
#420 = DIRECTION('',(1.110223024625E-16,-1.,0.));
#421 = ORIENTED_EDGE('',*,*,#422,.F.);
#422 = EDGE_CURVE('',#423,#415,#425,.T.);
#423 = VERTEX_POINT('',#424);
#424 = CARTESIAN_POINT('',(1.15,0.86,0.4));
#425 = LINE('',#426,#427);
#426 = CARTESIAN_POINT('',(1.15,0.91,0.4));
#427 = VECTOR('',#428,1.);
#428 = DIRECTION('',(1.110223024625E-16,-1.,0.));
#429 = ORIENTED_EDGE('',*,*,#430,.F.);
#430 = EDGE_CURVE('',#198,#423,#431,.T.);
#431 = LINE('',#432,#433);
#432 = CARTESIAN_POINT('',(1.15,0.91,0.4));
#433 = VECTOR('',#434,1.);
#434 = DIRECTION('',(1.110223024625E-16,-1.,0.));
#435 = ORIENTED_EDGE('',*,*,#197,.F.);
#436 = B_SPLINE_SURFACE_WITH_KNOTS('',1,1,(
    (#437,#438)
    ,(#439,#440
    )),.UNSPECIFIED.,.F.,.F.,.F.,(2,2),(2,2),(0.,1.82),(0.,1.),
  .PIECEWISE_BEZIER_KNOTS.);
#437 = CARTESIAN_POINT('',(1.086233031499,0.878116515749,0.1));
#438 = CARTESIAN_POINT('',(1.15,0.91,0.4));
#439 = CARTESIAN_POINT('',(1.086233031499,-0.878116515749,0.1));
#440 = CARTESIAN_POINT('',(1.15,-0.91,0.4));
#441 = ADVANCED_FACE('',(#442),#459,.F.);
#442 = FACE_BOUND('',#443,.F.);
#443 = EDGE_LOOP('',(#444,#445,#446,#454));
#444 = ORIENTED_EDGE('',*,*,#166,.T.);
#445 = ORIENTED_EDGE('',*,*,#345,.T.);
#446 = ORIENTED_EDGE('',*,*,#447,.F.);
#447 = EDGE_CURVE('',#448,#338,#450,.T.);
#448 = VERTEX_POINT('',#449);
#449 = CARTESIAN_POINT('',(-1.06,-1.,0.4));
#450 = LINE('',#451,#452);
#451 = CARTESIAN_POINT('',(-1.06,-1.,0.4));
#452 = VECTOR('',#453,1.);
#453 = DIRECTION('',(-0.707106781187,0.707106781187,0.));
#454 = ORIENTED_EDGE('',*,*,#455,.F.);
#455 = EDGE_CURVE('',#159,#448,#456,.T.);
#456 = B_SPLINE_CURVE_WITH_KNOTS('',1,(#457,#458),.UNSPECIFIED.,.F.,.F.,
  (2,2),(0.,1.),.PIECEWISE_BEZIER_KNOTS.);
#457 = CARTESIAN_POINT('',(-1.028116515749,-0.936233031499,0.1));
#458 = CARTESIAN_POINT('',(-1.06,-1.,0.4));
#459 = B_SPLINE_SURFACE_WITH_KNOTS('',1,1,(
    (#460,#461)
    ,(#462,#463
    )),.UNSPECIFIED.,.F.,.F.,.F.,(2,2),(2,2),(0.,0.127279220614),(0.,1.)
  ,.PIECEWISE_BEZIER_KNOTS.);
#460 = CARTESIAN_POINT('',(-1.028116515749,-0.936233031499,0.1));
#461 = CARTESIAN_POINT('',(-1.06,-1.,0.4));
#462 = CARTESIAN_POINT('',(-1.086233031499,-0.878116515749,0.1));
#463 = CARTESIAN_POINT('',(-1.15,-0.91,0.4));
#464 = ADVANCED_FACE('',(#465),#482,.F.);
#465 = FACE_BOUND('',#466,.F.);
#466 = EDGE_LOOP('',(#467,#468,#475,#481));
#467 = ORIENTED_EDGE('',*,*,#150,.T.);
#468 = ORIENTED_EDGE('',*,*,#469,.T.);
#469 = EDGE_CURVE('',#151,#470,#472,.T.);
#470 = VERTEX_POINT('',#471);
#471 = CARTESIAN_POINT('',(1.06,-1.,0.4));
#472 = B_SPLINE_CURVE_WITH_KNOTS('',1,(#473,#474),.UNSPECIFIED.,.F.,.F.,
  (2,2),(0.,1.),.PIECEWISE_BEZIER_KNOTS.);
#473 = CARTESIAN_POINT('',(1.028116515749,-0.936233031499,0.1));
#474 = CARTESIAN_POINT('',(1.06,-1.,0.4));
#475 = ORIENTED_EDGE('',*,*,#476,.F.);
#476 = EDGE_CURVE('',#360,#470,#477,.T.);
#477 = LINE('',#478,#479);
#478 = CARTESIAN_POINT('',(1.15,-0.91,0.4));
#479 = VECTOR('',#480,1.);
#480 = DIRECTION('',(-0.707106781187,-0.707106781187,0.));
#481 = ORIENTED_EDGE('',*,*,#359,.F.);
#482 = B_SPLINE_SURFACE_WITH_KNOTS('',1,1,(
    (#483,#484)
    ,(#485,#486
    )),.UNSPECIFIED.,.F.,.F.,.F.,(2,2),(2,2),(0.,0.127279220614),(0.,1.)
  ,.PIECEWISE_BEZIER_KNOTS.);
#483 = CARTESIAN_POINT('',(1.086233031499,-0.878116515749,0.1));
#484 = CARTESIAN_POINT('',(1.15,-0.91,0.4));
#485 = CARTESIAN_POINT('',(1.028116515749,-0.936233031499,0.1));
#486 = CARTESIAN_POINT('',(1.06,-1.,0.4));
#487 = ADVANCED_FACE('',(#488),#499,.F.);
#488 = FACE_BOUND('',#489,.F.);
#489 = EDGE_LOOP('',(#490,#491,#492,#498));
#490 = ORIENTED_EDGE('',*,*,#158,.T.);
#491 = ORIENTED_EDGE('',*,*,#455,.T.);
#492 = ORIENTED_EDGE('',*,*,#493,.F.);
#493 = EDGE_CURVE('',#470,#448,#494,.T.);
#494 = LINE('',#495,#496);
#495 = CARTESIAN_POINT('',(1.06,-1.,0.4));
#496 = VECTOR('',#497,1.);
#497 = DIRECTION('',(-1.,-1.110223024625E-16,0.));
#498 = ORIENTED_EDGE('',*,*,#469,.F.);
#499 = B_SPLINE_SURFACE_WITH_KNOTS('',1,1,(
    (#500,#501)
    ,(#502,#503
    )),.UNSPECIFIED.,.F.,.F.,.F.,(2,2),(2,2),(0.,2.12),(0.,1.),
  .PIECEWISE_BEZIER_KNOTS.);
#500 = CARTESIAN_POINT('',(1.028116515749,-0.936233031499,0.1));
#501 = CARTESIAN_POINT('',(1.06,-1.,0.4));
#502 = CARTESIAN_POINT('',(-1.028116515749,-0.936233031499,0.1));
#503 = CARTESIAN_POINT('',(-1.06,-1.,0.4));
#504 = ADVANCED_FACE('',(#505),#522,.F.);
#505 = FACE_BOUND('',#506,.F.);
#506 = EDGE_LOOP('',(#507,#508,#515,#521));
#507 = ORIENTED_EDGE('',*,*,#204,.T.);
#508 = ORIENTED_EDGE('',*,*,#509,.T.);
#509 = EDGE_CURVE('',#198,#510,#512,.T.);
#510 = VERTEX_POINT('',#511);
#511 = CARTESIAN_POINT('',(1.15,0.91,0.55));
#512 = B_SPLINE_CURVE_WITH_KNOTS('',1,(#513,#514),.UNSPECIFIED.,.F.,.F.,
  (2,2),(0.,1.),.PIECEWISE_BEZIER_KNOTS.);
#513 = CARTESIAN_POINT('',(1.15,0.91,0.4));
#514 = CARTESIAN_POINT('',(1.15,0.91,0.55));
#515 = ORIENTED_EDGE('',*,*,#516,.F.);
#516 = EDGE_CURVE('',#221,#510,#517,.T.);
#517 = LINE('',#518,#519);
#518 = CARTESIAN_POINT('',(1.06,1.,0.55));
#519 = VECTOR('',#520,1.);
#520 = DIRECTION('',(0.707106781187,-0.707106781187,0.));
#521 = ORIENTED_EDGE('',*,*,#220,.F.);
#522 = PLANE('',#523);
#523 = AXIS2_PLACEMENT_3D('',#524,#525,#526);
#524 = CARTESIAN_POINT('',(1.06,1.,0.55));
#525 = DIRECTION('',(-0.707106781187,-0.707106781187,0.));
#526 = DIRECTION('',(0.707106781187,-0.707106781187,0.));
#527 = ADVANCED_FACE('',(#528),#610,.F.);
#528 = FACE_BOUND('',#529,.F.);
#529 = EDGE_LOOP('',(#530,#538,#539,#540,#548,#556,#564,#572,#580,#588,
    #596,#604));
#530 = ORIENTED_EDGE('',*,*,#531,.T.);
#531 = EDGE_CURVE('',#532,#228,#534,.T.);
#532 = VERTEX_POINT('',#533);
#533 = CARTESIAN_POINT('',(-1.15,0.91,0.55));
#534 = LINE('',#535,#536);
#535 = CARTESIAN_POINT('',(-1.15,0.91,0.55));
#536 = VECTOR('',#537,1.);
#537 = DIRECTION('',(0.707106781187,0.707106781187,0.));
#538 = ORIENTED_EDGE('',*,*,#227,.T.);
#539 = ORIENTED_EDGE('',*,*,#516,.T.);
#540 = ORIENTED_EDGE('',*,*,#541,.T.);
#541 = EDGE_CURVE('',#510,#542,#544,.T.);
#542 = VERTEX_POINT('',#543);
#543 = CARTESIAN_POINT('',(1.15,0.86,0.55));
#544 = LINE('',#545,#546);
#545 = CARTESIAN_POINT('',(1.15,0.91,0.55));
#546 = VECTOR('',#547,1.);
#547 = DIRECTION('',(1.110223024625E-16,-1.,0.));
#548 = ORIENTED_EDGE('',*,*,#549,.T.);
#549 = EDGE_CURVE('',#542,#550,#552,.T.);
#550 = VERTEX_POINT('',#551);
#551 = CARTESIAN_POINT('',(1.1,0.86,0.55));
#552 = LINE('',#553,#554);
#553 = CARTESIAN_POINT('',(1.2,0.86,0.55));
#554 = VECTOR('',#555,1.);
#555 = DIRECTION('',(-1.,-1.110223024625E-16,0.));
#556 = ORIENTED_EDGE('',*,*,#557,.F.);
#557 = EDGE_CURVE('',#558,#550,#560,.T.);
#558 = VERTEX_POINT('',#559);
#559 = CARTESIAN_POINT('',(1.1,0.885,0.55));
#560 = LINE('',#561,#562);
#561 = CARTESIAN_POINT('',(1.1,0.885,0.55));
#562 = VECTOR('',#563,1.);
#563 = DIRECTION('',(1.110223024625E-16,-1.,0.));
#564 = ORIENTED_EDGE('',*,*,#565,.F.);
#565 = EDGE_CURVE('',#566,#558,#568,.T.);
#566 = VERTEX_POINT('',#567);
#567 = CARTESIAN_POINT('',(1.035,0.95,0.55));
#568 = LINE('',#569,#570);
#569 = CARTESIAN_POINT('',(1.035,0.95,0.55));
#570 = VECTOR('',#571,1.);
#571 = DIRECTION('',(0.707106781187,-0.707106781187,0.));
#572 = ORIENTED_EDGE('',*,*,#573,.F.);
#573 = EDGE_CURVE('',#574,#566,#576,.T.);
#574 = VERTEX_POINT('',#575);
#575 = CARTESIAN_POINT('',(-1.035,0.95,0.55));
#576 = LINE('',#577,#578);
#577 = CARTESIAN_POINT('',(-1.035,0.95,0.55));
#578 = VECTOR('',#579,1.);
#579 = DIRECTION('',(1.,1.110223024625E-16,0.));
#580 = ORIENTED_EDGE('',*,*,#581,.F.);
#581 = EDGE_CURVE('',#582,#574,#584,.T.);
#582 = VERTEX_POINT('',#583);
#583 = CARTESIAN_POINT('',(-1.1,0.885,0.55));
#584 = LINE('',#585,#586);
#585 = CARTESIAN_POINT('',(-1.1,0.885,0.55));
#586 = VECTOR('',#587,1.);
#587 = DIRECTION('',(0.707106781187,0.707106781187,0.));
#588 = ORIENTED_EDGE('',*,*,#589,.F.);
#589 = EDGE_CURVE('',#590,#582,#592,.T.);
#590 = VERTEX_POINT('',#591);
#591 = CARTESIAN_POINT('',(-1.1,0.86,0.55));
#592 = LINE('',#593,#594);
#593 = CARTESIAN_POINT('',(-1.1,-0.885,0.55));
#594 = VECTOR('',#595,1.);
#595 = DIRECTION('',(-1.110223024625E-16,1.,0.));
#596 = ORIENTED_EDGE('',*,*,#597,.F.);
#597 = EDGE_CURVE('',#598,#590,#600,.T.);
#598 = VERTEX_POINT('',#599);
#599 = CARTESIAN_POINT('',(-1.15,0.86,0.55));
#600 = LINE('',#601,#602);
#601 = CARTESIAN_POINT('',(-1.2,0.86,0.55));
#602 = VECTOR('',#603,1.);
#603 = DIRECTION('',(1.,-1.144237745222E-17,0.));
#604 = ORIENTED_EDGE('',*,*,#605,.T.);
#605 = EDGE_CURVE('',#598,#532,#606,.T.);
#606 = LINE('',#607,#608);
#607 = CARTESIAN_POINT('',(-1.15,-0.91,0.55));
#608 = VECTOR('',#609,1.);
#609 = DIRECTION('',(-1.110223024625E-16,1.,0.));
#610 = PLANE('',#611);
#611 = AXIS2_PLACEMENT_3D('',#612,#613,#614);
#612 = CARTESIAN_POINT('',(-5.319436351458E-17,0.975,0.55));
#613 = DIRECTION('',(-1.336794903956E-31,1.084683744679E-27,-1.));
#614 = DIRECTION('',(1.,1.11414478245E-16,-1.336794903955E-31));
#615 = ADVANCED_FACE('',(#616),#626,.F.);
#616 = FACE_BOUND('',#617,.F.);
#617 = EDGE_LOOP('',(#618,#619,#620,#621));
#618 = ORIENTED_EDGE('',*,*,#250,.T.);
#619 = ORIENTED_EDGE('',*,*,#235,.T.);
#620 = ORIENTED_EDGE('',*,*,#531,.F.);
#621 = ORIENTED_EDGE('',*,*,#622,.F.);
#622 = EDGE_CURVE('',#251,#532,#623,.T.);
#623 = B_SPLINE_CURVE_WITH_KNOTS('',1,(#624,#625),.UNSPECIFIED.,.F.,.F.,
  (2,2),(0.,1.),.PIECEWISE_BEZIER_KNOTS.);
#624 = CARTESIAN_POINT('',(-1.15,0.91,0.4));
#625 = CARTESIAN_POINT('',(-1.15,0.91,0.55));
#626 = PLANE('',#627);
#627 = AXIS2_PLACEMENT_3D('',#628,#629,#630);
#628 = CARTESIAN_POINT('',(-1.15,0.91,0.55));
#629 = DIRECTION('',(0.707106781187,-0.707106781187,0.));
#630 = DIRECTION('',(0.707106781187,0.707106781187,0.));
#631 = ADVANCED_FACE('',(#632),#656,.F.);
#632 = FACE_BOUND('',#633,.F.);
#633 = EDGE_LOOP('',(#634,#641,#642,#650));
#634 = ORIENTED_EDGE('',*,*,#635,.F.);
#635 = EDGE_CURVE('',#338,#636,#638,.T.);
#636 = VERTEX_POINT('',#637);
#637 = CARTESIAN_POINT('',(-1.15,-0.91,0.55));
#638 = B_SPLINE_CURVE_WITH_KNOTS('',1,(#639,#640),.UNSPECIFIED.,.F.,.F.,
  (2,2),(0.,1.),.PIECEWISE_BEZIER_KNOTS.);
#639 = CARTESIAN_POINT('',(-1.15,-0.91,0.4));
#640 = CARTESIAN_POINT('',(-1.15,-0.91,0.55));
#641 = ORIENTED_EDGE('',*,*,#337,.T.);
#642 = ORIENTED_EDGE('',*,*,#643,.T.);
#643 = EDGE_CURVE('',#330,#644,#646,.T.);
#644 = VERTEX_POINT('',#645);
#645 = CARTESIAN_POINT('',(-1.15,-0.86,0.55));
#646 = LINE('',#647,#648);
#647 = CARTESIAN_POINT('',(-1.15,-0.86,0.420852917708));
#648 = VECTOR('',#649,1.);
#649 = DIRECTION('',(0.,0.,1.));
#650 = ORIENTED_EDGE('',*,*,#651,.F.);
#651 = EDGE_CURVE('',#636,#644,#652,.T.);
#652 = LINE('',#653,#654);
#653 = CARTESIAN_POINT('',(-1.15,-0.91,0.55));
#654 = VECTOR('',#655,1.);
#655 = DIRECTION('',(-1.110223024625E-16,1.,0.));
#656 = PLANE('',#657);
#657 = AXIS2_PLACEMENT_3D('',#658,#659,#660);
#658 = CARTESIAN_POINT('',(-1.15,-0.91,0.55));
#659 = DIRECTION('',(1.,1.110223024625E-16,0.));
#660 = DIRECTION('',(-1.110223024625E-16,1.,0.));
#661 = ADVANCED_FACE('',(#662),#687,.F.);
#662 = FACE_BOUND('',#663,.F.);
#663 = EDGE_LOOP('',(#664,#672,#673,#681));
#664 = ORIENTED_EDGE('',*,*,#665,.F.);
#665 = EDGE_CURVE('',#330,#666,#668,.T.);
#666 = VERTEX_POINT('',#667);
#667 = CARTESIAN_POINT('',(-1.2,-0.86,0.4));
#668 = LINE('',#669,#670);
#669 = CARTESIAN_POINT('',(-1.05,-0.86,0.4));
#670 = VECTOR('',#671,1.);
#671 = DIRECTION('',(-1.,1.144237745222E-17,0.));
#672 = ORIENTED_EDGE('',*,*,#329,.T.);
#673 = ORIENTED_EDGE('',*,*,#674,.T.);
#674 = EDGE_CURVE('',#322,#675,#677,.T.);
#675 = VERTEX_POINT('',#676);
#676 = CARTESIAN_POINT('',(-1.2,-0.64,0.4));
#677 = LINE('',#678,#679);
#678 = CARTESIAN_POINT('',(-1.05,-0.64,0.4));
#679 = VECTOR('',#680,1.);
#680 = DIRECTION('',(-1.,1.144237745222E-17,0.));
#681 = ORIENTED_EDGE('',*,*,#682,.F.);
#682 = EDGE_CURVE('',#666,#675,#683,.T.);
#683 = LINE('',#684,#685);
#684 = CARTESIAN_POINT('',(-1.2,-0.86,0.4));
#685 = VECTOR('',#686,1.);
#686 = DIRECTION('',(1.144237745222E-17,1.,0.));
#687 = PLANE('',#688);
#688 = AXIS2_PLACEMENT_3D('',#689,#690,#691);
#689 = CARTESIAN_POINT('',(-1.05,-0.86,0.4));
#690 = DIRECTION('',(0.,0.,1.));
#691 = DIRECTION('',(-1.,1.144237745222E-17,0.));
#692 = ADVANCED_FACE('',(#693),#718,.F.);
#693 = FACE_BOUND('',#694,.F.);
#694 = EDGE_LOOP('',(#695,#703,#704,#712));
#695 = ORIENTED_EDGE('',*,*,#696,.F.);
#696 = EDGE_CURVE('',#322,#697,#699,.T.);
#697 = VERTEX_POINT('',#698);
#698 = CARTESIAN_POINT('',(-1.15,-0.64,0.55));
#699 = LINE('',#700,#701);
#700 = CARTESIAN_POINT('',(-1.15,-0.64,0.420852917708));
#701 = VECTOR('',#702,1.);
#702 = DIRECTION('',(0.,0.,1.));
#703 = ORIENTED_EDGE('',*,*,#321,.T.);
#704 = ORIENTED_EDGE('',*,*,#705,.T.);
#705 = EDGE_CURVE('',#314,#706,#708,.T.);
#706 = VERTEX_POINT('',#707);
#707 = CARTESIAN_POINT('',(-1.15,-0.36,0.55));
#708 = LINE('',#709,#710);
#709 = CARTESIAN_POINT('',(-1.15,-0.36,0.420852917708));
#710 = VECTOR('',#711,1.);
#711 = DIRECTION('',(0.,0.,1.));
#712 = ORIENTED_EDGE('',*,*,#713,.F.);
#713 = EDGE_CURVE('',#697,#706,#714,.T.);
#714 = LINE('',#715,#716);
#715 = CARTESIAN_POINT('',(-1.15,-0.91,0.55));
#716 = VECTOR('',#717,1.);
#717 = DIRECTION('',(-1.110223024625E-16,1.,0.));
#718 = PLANE('',#719);
#719 = AXIS2_PLACEMENT_3D('',#720,#721,#722);
#720 = CARTESIAN_POINT('',(-1.15,-0.91,0.55));
#721 = DIRECTION('',(1.,1.110223024625E-16,0.));
#722 = DIRECTION('',(-1.110223024625E-16,1.,0.));
#723 = ADVANCED_FACE('',(#724),#749,.F.);
#724 = FACE_BOUND('',#725,.F.);
#725 = EDGE_LOOP('',(#726,#734,#735,#743));
#726 = ORIENTED_EDGE('',*,*,#727,.F.);
#727 = EDGE_CURVE('',#314,#728,#730,.T.);
#728 = VERTEX_POINT('',#729);
#729 = CARTESIAN_POINT('',(-1.2,-0.36,0.4));
#730 = LINE('',#731,#732);
#731 = CARTESIAN_POINT('',(-1.05,-0.36,0.4));
#732 = VECTOR('',#733,1.);
#733 = DIRECTION('',(-1.,1.144237745222E-17,0.));
#734 = ORIENTED_EDGE('',*,*,#313,.T.);
#735 = ORIENTED_EDGE('',*,*,#736,.T.);
#736 = EDGE_CURVE('',#306,#737,#739,.T.);
#737 = VERTEX_POINT('',#738);
#738 = CARTESIAN_POINT('',(-1.2,-0.14,0.4));
#739 = LINE('',#740,#741);
#740 = CARTESIAN_POINT('',(-1.05,-0.14,0.4));
#741 = VECTOR('',#742,1.);
#742 = DIRECTION('',(-1.,1.144237745222E-17,0.));
#743 = ORIENTED_EDGE('',*,*,#744,.F.);
#744 = EDGE_CURVE('',#728,#737,#745,.T.);
#745 = LINE('',#746,#747);
#746 = CARTESIAN_POINT('',(-1.2,-0.36,0.4));
#747 = VECTOR('',#748,1.);
#748 = DIRECTION('',(1.144237745222E-17,1.,0.));
#749 = PLANE('',#750);
#750 = AXIS2_PLACEMENT_3D('',#751,#752,#753);
#751 = CARTESIAN_POINT('',(-1.05,-0.36,0.4));
#752 = DIRECTION('',(0.,0.,1.));
#753 = DIRECTION('',(-1.,1.144237745222E-17,0.));
#754 = ADVANCED_FACE('',(#755),#780,.F.);
#755 = FACE_BOUND('',#756,.F.);
#756 = EDGE_LOOP('',(#757,#765,#766,#774));
#757 = ORIENTED_EDGE('',*,*,#758,.F.);
#758 = EDGE_CURVE('',#306,#759,#761,.T.);
#759 = VERTEX_POINT('',#760);
#760 = CARTESIAN_POINT('',(-1.15,-0.14,0.55));
#761 = LINE('',#762,#763);
#762 = CARTESIAN_POINT('',(-1.15,-0.14,0.420852917708));
#763 = VECTOR('',#764,1.);
#764 = DIRECTION('',(0.,0.,1.));
#765 = ORIENTED_EDGE('',*,*,#305,.T.);
#766 = ORIENTED_EDGE('',*,*,#767,.T.);
#767 = EDGE_CURVE('',#298,#768,#770,.T.);
#768 = VERTEX_POINT('',#769);
#769 = CARTESIAN_POINT('',(-1.15,0.14,0.55));
#770 = LINE('',#771,#772);
#771 = CARTESIAN_POINT('',(-1.15,0.14,0.420852917708));
#772 = VECTOR('',#773,1.);
#773 = DIRECTION('',(0.,0.,1.));
#774 = ORIENTED_EDGE('',*,*,#775,.F.);
#775 = EDGE_CURVE('',#759,#768,#776,.T.);
#776 = LINE('',#777,#778);
#777 = CARTESIAN_POINT('',(-1.15,-0.91,0.55));
#778 = VECTOR('',#779,1.);
#779 = DIRECTION('',(-1.110223024625E-16,1.,0.));
#780 = PLANE('',#781);
#781 = AXIS2_PLACEMENT_3D('',#782,#783,#784);
#782 = CARTESIAN_POINT('',(-1.15,-0.91,0.55));
#783 = DIRECTION('',(1.,1.110223024625E-16,0.));
#784 = DIRECTION('',(-1.110223024625E-16,1.,0.));
#785 = ADVANCED_FACE('',(#786),#811,.F.);
#786 = FACE_BOUND('',#787,.F.);
#787 = EDGE_LOOP('',(#788,#796,#797,#805));
#788 = ORIENTED_EDGE('',*,*,#789,.F.);
#789 = EDGE_CURVE('',#298,#790,#792,.T.);
#790 = VERTEX_POINT('',#791);
#791 = CARTESIAN_POINT('',(-1.2,0.14,0.4));
#792 = LINE('',#793,#794);
#793 = CARTESIAN_POINT('',(-1.05,0.14,0.4));
#794 = VECTOR('',#795,1.);
#795 = DIRECTION('',(-1.,1.144237745222E-17,0.));
#796 = ORIENTED_EDGE('',*,*,#297,.T.);
#797 = ORIENTED_EDGE('',*,*,#798,.T.);
#798 = EDGE_CURVE('',#290,#799,#801,.T.);
#799 = VERTEX_POINT('',#800);
#800 = CARTESIAN_POINT('',(-1.2,0.36,0.4));
#801 = LINE('',#802,#803);
#802 = CARTESIAN_POINT('',(-1.05,0.36,0.4));
#803 = VECTOR('',#804,1.);
#804 = DIRECTION('',(-1.,1.144237745222E-17,0.));
#805 = ORIENTED_EDGE('',*,*,#806,.F.);
#806 = EDGE_CURVE('',#790,#799,#807,.T.);
#807 = LINE('',#808,#809);
#808 = CARTESIAN_POINT('',(-1.2,0.14,0.4));
#809 = VECTOR('',#810,1.);
#810 = DIRECTION('',(1.144237745222E-17,1.,0.));
#811 = PLANE('',#812);
#812 = AXIS2_PLACEMENT_3D('',#813,#814,#815);
#813 = CARTESIAN_POINT('',(-1.05,0.14,0.4));
#814 = DIRECTION('',(0.,0.,1.));
#815 = DIRECTION('',(-1.,1.144237745222E-17,0.));
#816 = ADVANCED_FACE('',(#817),#842,.F.);
#817 = FACE_BOUND('',#818,.F.);
#818 = EDGE_LOOP('',(#819,#827,#828,#836));
#819 = ORIENTED_EDGE('',*,*,#820,.F.);
#820 = EDGE_CURVE('',#290,#821,#823,.T.);
#821 = VERTEX_POINT('',#822);
#822 = CARTESIAN_POINT('',(-1.15,0.36,0.55));
#823 = LINE('',#824,#825);
#824 = CARTESIAN_POINT('',(-1.15,0.36,0.420852917708));
#825 = VECTOR('',#826,1.);
#826 = DIRECTION('',(0.,0.,1.));
#827 = ORIENTED_EDGE('',*,*,#289,.T.);
#828 = ORIENTED_EDGE('',*,*,#829,.T.);
#829 = EDGE_CURVE('',#282,#830,#832,.T.);
#830 = VERTEX_POINT('',#831);
#831 = CARTESIAN_POINT('',(-1.15,0.64,0.55));
#832 = LINE('',#833,#834);
#833 = CARTESIAN_POINT('',(-1.15,0.64,0.420852917708));
#834 = VECTOR('',#835,1.);
#835 = DIRECTION('',(0.,0.,1.));
#836 = ORIENTED_EDGE('',*,*,#837,.F.);
#837 = EDGE_CURVE('',#821,#830,#838,.T.);
#838 = LINE('',#839,#840);
#839 = CARTESIAN_POINT('',(-1.15,-0.91,0.55));
#840 = VECTOR('',#841,1.);
#841 = DIRECTION('',(-1.110223024625E-16,1.,0.));
#842 = PLANE('',#843);
#843 = AXIS2_PLACEMENT_3D('',#844,#845,#846);
#844 = CARTESIAN_POINT('',(-1.15,-0.91,0.55));
#845 = DIRECTION('',(1.,1.110223024625E-16,0.));
#846 = DIRECTION('',(-1.110223024625E-16,1.,0.));
#847 = ADVANCED_FACE('',(#848),#873,.F.);
#848 = FACE_BOUND('',#849,.F.);
#849 = EDGE_LOOP('',(#850,#858,#859,#867));
#850 = ORIENTED_EDGE('',*,*,#851,.F.);
#851 = EDGE_CURVE('',#282,#852,#854,.T.);
#852 = VERTEX_POINT('',#853);
#853 = CARTESIAN_POINT('',(-1.2,0.64,0.4));
#854 = LINE('',#855,#856);
#855 = CARTESIAN_POINT('',(-1.05,0.64,0.4));
#856 = VECTOR('',#857,1.);
#857 = DIRECTION('',(-1.,1.144237745222E-17,0.));
#858 = ORIENTED_EDGE('',*,*,#281,.T.);
#859 = ORIENTED_EDGE('',*,*,#860,.T.);
#860 = EDGE_CURVE('',#274,#861,#863,.T.);
#861 = VERTEX_POINT('',#862);
#862 = CARTESIAN_POINT('',(-1.2,0.86,0.4));
#863 = LINE('',#864,#865);
#864 = CARTESIAN_POINT('',(-1.05,0.86,0.4));
#865 = VECTOR('',#866,1.);
#866 = DIRECTION('',(-1.,1.144237745222E-17,0.));
#867 = ORIENTED_EDGE('',*,*,#868,.F.);
#868 = EDGE_CURVE('',#852,#861,#869,.T.);
#869 = LINE('',#870,#871);
#870 = CARTESIAN_POINT('',(-1.2,0.64,0.4));
#871 = VECTOR('',#872,1.);
#872 = DIRECTION('',(1.144237745222E-17,1.,0.));
#873 = PLANE('',#874);
#874 = AXIS2_PLACEMENT_3D('',#875,#876,#877);
#875 = CARTESIAN_POINT('',(-1.05,0.64,0.4));
#876 = DIRECTION('',(0.,0.,1.));
#877 = DIRECTION('',(-1.,1.144237745222E-17,0.));
#878 = ADVANCED_FACE('',(#879),#890,.F.);
#879 = FACE_BOUND('',#880,.F.);
#880 = EDGE_LOOP('',(#881,#887,#888,#889));
#881 = ORIENTED_EDGE('',*,*,#882,.F.);
#882 = EDGE_CURVE('',#274,#598,#883,.T.);
#883 = LINE('',#884,#885);
#884 = CARTESIAN_POINT('',(-1.15,0.86,0.420852917708));
#885 = VECTOR('',#886,1.);
#886 = DIRECTION('',(0.,0.,1.));
#887 = ORIENTED_EDGE('',*,*,#273,.T.);
#888 = ORIENTED_EDGE('',*,*,#622,.T.);
#889 = ORIENTED_EDGE('',*,*,#605,.F.);
#890 = PLANE('',#891);
#891 = AXIS2_PLACEMENT_3D('',#892,#893,#894);
#892 = CARTESIAN_POINT('',(-1.15,-0.91,0.55));
#893 = DIRECTION('',(1.,1.110223024625E-16,0.));
#894 = DIRECTION('',(-1.110223024625E-16,1.,0.));
#895 = ADVANCED_FACE('',(#896),#907,.F.);
#896 = FACE_BOUND('',#897,.F.);
#897 = EDGE_LOOP('',(#898,#899,#900,#906));
#898 = ORIENTED_EDGE('',*,*,#509,.F.);
#899 = ORIENTED_EDGE('',*,*,#430,.T.);
#900 = ORIENTED_EDGE('',*,*,#901,.T.);
#901 = EDGE_CURVE('',#423,#542,#902,.T.);
#902 = LINE('',#903,#904);
#903 = CARTESIAN_POINT('',(1.15,0.86,0.420852917708));
#904 = VECTOR('',#905,1.);
#905 = DIRECTION('',(0.,0.,1.));
#906 = ORIENTED_EDGE('',*,*,#541,.F.);
#907 = PLANE('',#908);
#908 = AXIS2_PLACEMENT_3D('',#909,#910,#911);
#909 = CARTESIAN_POINT('',(1.15,0.91,0.55));
#910 = DIRECTION('',(-1.,-1.110223024625E-16,0.));
#911 = DIRECTION('',(1.110223024625E-16,-1.,0.));
#912 = ADVANCED_FACE('',(#913),#938,.F.);
#913 = FACE_BOUND('',#914,.F.);
#914 = EDGE_LOOP('',(#915,#923,#924,#932));
#915 = ORIENTED_EDGE('',*,*,#916,.F.);
#916 = EDGE_CURVE('',#423,#917,#919,.T.);
#917 = VERTEX_POINT('',#918);
#918 = CARTESIAN_POINT('',(1.2,0.86,0.4));
#919 = LINE('',#920,#921);
#920 = CARTESIAN_POINT('',(1.05,0.86,0.4));
#921 = VECTOR('',#922,1.);
#922 = DIRECTION('',(1.,1.110223024625E-16,0.));
#923 = ORIENTED_EDGE('',*,*,#422,.T.);
#924 = ORIENTED_EDGE('',*,*,#925,.T.);
#925 = EDGE_CURVE('',#415,#926,#928,.T.);
#926 = VERTEX_POINT('',#927);
#927 = CARTESIAN_POINT('',(1.2,0.64,0.4));
#928 = LINE('',#929,#930);
#929 = CARTESIAN_POINT('',(1.05,0.64,0.4));
#930 = VECTOR('',#931,1.);
#931 = DIRECTION('',(1.,1.110223024625E-16,0.));
#932 = ORIENTED_EDGE('',*,*,#933,.F.);
#933 = EDGE_CURVE('',#917,#926,#934,.T.);
#934 = LINE('',#935,#936);
#935 = CARTESIAN_POINT('',(1.2,0.86,0.4));
#936 = VECTOR('',#937,1.);
#937 = DIRECTION('',(1.110223024625E-16,-1.,0.));
#938 = PLANE('',#939);
#939 = AXIS2_PLACEMENT_3D('',#940,#941,#942);
#940 = CARTESIAN_POINT('',(1.05,0.86,0.4));
#941 = DIRECTION('',(0.,0.,1.));
#942 = DIRECTION('',(1.,1.110223024625E-16,-0.));
#943 = ADVANCED_FACE('',(#944),#969,.F.);
#944 = FACE_BOUND('',#945,.F.);
#945 = EDGE_LOOP('',(#946,#954,#955,#963));
#946 = ORIENTED_EDGE('',*,*,#947,.F.);
#947 = EDGE_CURVE('',#415,#948,#950,.T.);
#948 = VERTEX_POINT('',#949);
#949 = CARTESIAN_POINT('',(1.15,0.64,0.55));
#950 = LINE('',#951,#952);
#951 = CARTESIAN_POINT('',(1.15,0.64,0.420852917708));
#952 = VECTOR('',#953,1.);
#953 = DIRECTION('',(0.,0.,1.));
#954 = ORIENTED_EDGE('',*,*,#414,.T.);
#955 = ORIENTED_EDGE('',*,*,#956,.T.);
#956 = EDGE_CURVE('',#407,#957,#959,.T.);
#957 = VERTEX_POINT('',#958);
#958 = CARTESIAN_POINT('',(1.15,0.36,0.55));
#959 = LINE('',#960,#961);
#960 = CARTESIAN_POINT('',(1.15,0.36,0.420852917708));
#961 = VECTOR('',#962,1.);
#962 = DIRECTION('',(0.,0.,1.));
#963 = ORIENTED_EDGE('',*,*,#964,.F.);
#964 = EDGE_CURVE('',#948,#957,#965,.T.);
#965 = LINE('',#966,#967);
#966 = CARTESIAN_POINT('',(1.15,0.91,0.55));
#967 = VECTOR('',#968,1.);
#968 = DIRECTION('',(1.110223024625E-16,-1.,0.));
#969 = PLANE('',#970);
#970 = AXIS2_PLACEMENT_3D('',#971,#972,#973);
#971 = CARTESIAN_POINT('',(1.15,0.91,0.55));
#972 = DIRECTION('',(-1.,-1.110223024625E-16,0.));
#973 = DIRECTION('',(1.110223024625E-16,-1.,0.));
#974 = ADVANCED_FACE('',(#975),#1000,.F.);
#975 = FACE_BOUND('',#976,.F.);
#976 = EDGE_LOOP('',(#977,#985,#986,#994));
#977 = ORIENTED_EDGE('',*,*,#978,.F.);
#978 = EDGE_CURVE('',#407,#979,#981,.T.);
#979 = VERTEX_POINT('',#980);
#980 = CARTESIAN_POINT('',(1.2,0.36,0.4));
#981 = LINE('',#982,#983);
#982 = CARTESIAN_POINT('',(1.05,0.36,0.4));
#983 = VECTOR('',#984,1.);
#984 = DIRECTION('',(1.,1.110223024625E-16,0.));
#985 = ORIENTED_EDGE('',*,*,#406,.T.);
#986 = ORIENTED_EDGE('',*,*,#987,.T.);
#987 = EDGE_CURVE('',#399,#988,#990,.T.);
#988 = VERTEX_POINT('',#989);
#989 = CARTESIAN_POINT('',(1.2,0.14,0.4));
#990 = LINE('',#991,#992);
#991 = CARTESIAN_POINT('',(1.05,0.14,0.4));
#992 = VECTOR('',#993,1.);
#993 = DIRECTION('',(1.,1.110223024625E-16,0.));
#994 = ORIENTED_EDGE('',*,*,#995,.F.);
#995 = EDGE_CURVE('',#979,#988,#996,.T.);
#996 = LINE('',#997,#998);
#997 = CARTESIAN_POINT('',(1.2,0.36,0.4));
#998 = VECTOR('',#999,1.);
#999 = DIRECTION('',(1.110223024625E-16,-1.,0.));
#1000 = PLANE('',#1001);
#1001 = AXIS2_PLACEMENT_3D('',#1002,#1003,#1004);
#1002 = CARTESIAN_POINT('',(1.05,0.36,0.4));
#1003 = DIRECTION('',(0.,0.,1.));
#1004 = DIRECTION('',(1.,1.110223024625E-16,-0.));
#1005 = ADVANCED_FACE('',(#1006),#1031,.F.);
#1006 = FACE_BOUND('',#1007,.F.);
#1007 = EDGE_LOOP('',(#1008,#1016,#1017,#1025));
#1008 = ORIENTED_EDGE('',*,*,#1009,.F.);
#1009 = EDGE_CURVE('',#399,#1010,#1012,.T.);
#1010 = VERTEX_POINT('',#1011);
#1011 = CARTESIAN_POINT('',(1.15,0.14,0.55));
#1012 = LINE('',#1013,#1014);
#1013 = CARTESIAN_POINT('',(1.15,0.14,0.420852917708));
#1014 = VECTOR('',#1015,1.);
#1015 = DIRECTION('',(0.,0.,1.));
#1016 = ORIENTED_EDGE('',*,*,#398,.T.);
#1017 = ORIENTED_EDGE('',*,*,#1018,.T.);
#1018 = EDGE_CURVE('',#391,#1019,#1021,.T.);
#1019 = VERTEX_POINT('',#1020);
#1020 = CARTESIAN_POINT('',(1.15,-0.14,0.55));
#1021 = LINE('',#1022,#1023);
#1022 = CARTESIAN_POINT('',(1.15,-0.14,0.420852917708));
#1023 = VECTOR('',#1024,1.);
#1024 = DIRECTION('',(0.,0.,1.));
#1025 = ORIENTED_EDGE('',*,*,#1026,.F.);
#1026 = EDGE_CURVE('',#1010,#1019,#1027,.T.);
#1027 = LINE('',#1028,#1029);
#1028 = CARTESIAN_POINT('',(1.15,0.91,0.55));
#1029 = VECTOR('',#1030,1.);
#1030 = DIRECTION('',(1.110223024625E-16,-1.,0.));
#1031 = PLANE('',#1032);
#1032 = AXIS2_PLACEMENT_3D('',#1033,#1034,#1035);
#1033 = CARTESIAN_POINT('',(1.15,0.91,0.55));
#1034 = DIRECTION('',(-1.,-1.110223024625E-16,0.));
#1035 = DIRECTION('',(1.110223024625E-16,-1.,0.));
#1036 = ADVANCED_FACE('',(#1037),#1062,.F.);
#1037 = FACE_BOUND('',#1038,.F.);
#1038 = EDGE_LOOP('',(#1039,#1047,#1048,#1056));
#1039 = ORIENTED_EDGE('',*,*,#1040,.F.);
#1040 = EDGE_CURVE('',#391,#1041,#1043,.T.);
#1041 = VERTEX_POINT('',#1042);
#1042 = CARTESIAN_POINT('',(1.2,-0.14,0.4));
#1043 = LINE('',#1044,#1045);
#1044 = CARTESIAN_POINT('',(1.05,-0.14,0.4));
#1045 = VECTOR('',#1046,1.);
#1046 = DIRECTION('',(1.,1.110223024625E-16,0.));
#1047 = ORIENTED_EDGE('',*,*,#390,.T.);
#1048 = ORIENTED_EDGE('',*,*,#1049,.T.);
#1049 = EDGE_CURVE('',#383,#1050,#1052,.T.);
#1050 = VERTEX_POINT('',#1051);
#1051 = CARTESIAN_POINT('',(1.2,-0.36,0.4));
#1052 = LINE('',#1053,#1054);
#1053 = CARTESIAN_POINT('',(1.05,-0.36,0.4));
#1054 = VECTOR('',#1055,1.);
#1055 = DIRECTION('',(1.,1.110223024625E-16,0.));
#1056 = ORIENTED_EDGE('',*,*,#1057,.F.);
#1057 = EDGE_CURVE('',#1041,#1050,#1058,.T.);
#1058 = LINE('',#1059,#1060);
#1059 = CARTESIAN_POINT('',(1.2,-0.14,0.4));
#1060 = VECTOR('',#1061,1.);
#1061 = DIRECTION('',(1.110223024625E-16,-1.,0.));
#1062 = PLANE('',#1063);
#1063 = AXIS2_PLACEMENT_3D('',#1064,#1065,#1066);
#1064 = CARTESIAN_POINT('',(1.05,-0.14,0.4));
#1065 = DIRECTION('',(0.,0.,1.));
#1066 = DIRECTION('',(1.,1.110223024625E-16,-0.));
#1067 = ADVANCED_FACE('',(#1068),#1093,.F.);
#1068 = FACE_BOUND('',#1069,.F.);
#1069 = EDGE_LOOP('',(#1070,#1078,#1079,#1087));
#1070 = ORIENTED_EDGE('',*,*,#1071,.F.);
#1071 = EDGE_CURVE('',#383,#1072,#1074,.T.);
#1072 = VERTEX_POINT('',#1073);
#1073 = CARTESIAN_POINT('',(1.15,-0.36,0.55));
#1074 = LINE('',#1075,#1076);
#1075 = CARTESIAN_POINT('',(1.15,-0.36,0.420852917708));
#1076 = VECTOR('',#1077,1.);
#1077 = DIRECTION('',(0.,0.,1.));
#1078 = ORIENTED_EDGE('',*,*,#382,.T.);
#1079 = ORIENTED_EDGE('',*,*,#1080,.T.);
#1080 = EDGE_CURVE('',#375,#1081,#1083,.T.);
#1081 = VERTEX_POINT('',#1082);
#1082 = CARTESIAN_POINT('',(1.15,-0.64,0.55));
#1083 = LINE('',#1084,#1085);
#1084 = CARTESIAN_POINT('',(1.15,-0.64,0.420852917708));
#1085 = VECTOR('',#1086,1.);
#1086 = DIRECTION('',(0.,0.,1.));
#1087 = ORIENTED_EDGE('',*,*,#1088,.F.);
#1088 = EDGE_CURVE('',#1072,#1081,#1089,.T.);
#1089 = LINE('',#1090,#1091);
#1090 = CARTESIAN_POINT('',(1.15,0.91,0.55));
#1091 = VECTOR('',#1092,1.);
#1092 = DIRECTION('',(1.110223024625E-16,-1.,0.));
#1093 = PLANE('',#1094);
#1094 = AXIS2_PLACEMENT_3D('',#1095,#1096,#1097);
#1095 = CARTESIAN_POINT('',(1.15,0.91,0.55));
#1096 = DIRECTION('',(-1.,-1.110223024625E-16,0.));
#1097 = DIRECTION('',(1.110223024625E-16,-1.,0.));
#1098 = ADVANCED_FACE('',(#1099),#1124,.F.);
#1099 = FACE_BOUND('',#1100,.F.);
#1100 = EDGE_LOOP('',(#1101,#1109,#1110,#1118));
#1101 = ORIENTED_EDGE('',*,*,#1102,.F.);
#1102 = EDGE_CURVE('',#375,#1103,#1105,.T.);
#1103 = VERTEX_POINT('',#1104);
#1104 = CARTESIAN_POINT('',(1.2,-0.64,0.4));
#1105 = LINE('',#1106,#1107);
#1106 = CARTESIAN_POINT('',(1.05,-0.64,0.4));
#1107 = VECTOR('',#1108,1.);
#1108 = DIRECTION('',(1.,1.110223024625E-16,0.));
#1109 = ORIENTED_EDGE('',*,*,#374,.T.);
#1110 = ORIENTED_EDGE('',*,*,#1111,.T.);
#1111 = EDGE_CURVE('',#367,#1112,#1114,.T.);
#1112 = VERTEX_POINT('',#1113);
#1113 = CARTESIAN_POINT('',(1.2,-0.86,0.4));
#1114 = LINE('',#1115,#1116);
#1115 = CARTESIAN_POINT('',(1.05,-0.86,0.4));
#1116 = VECTOR('',#1117,1.);
#1117 = DIRECTION('',(1.,1.110223024625E-16,0.));
#1118 = ORIENTED_EDGE('',*,*,#1119,.F.);
#1119 = EDGE_CURVE('',#1103,#1112,#1120,.T.);
#1120 = LINE('',#1121,#1122);
#1121 = CARTESIAN_POINT('',(1.2,-0.64,0.4));
#1122 = VECTOR('',#1123,1.);
#1123 = DIRECTION('',(1.110223024625E-16,-1.,0.));
#1124 = PLANE('',#1125);
#1125 = AXIS2_PLACEMENT_3D('',#1126,#1127,#1128);
#1126 = CARTESIAN_POINT('',(1.05,-0.64,0.4));
#1127 = DIRECTION('',(0.,0.,1.));
#1128 = DIRECTION('',(1.,1.110223024625E-16,-0.));
#1129 = ADVANCED_FACE('',(#1130),#1154,.F.);
#1130 = FACE_BOUND('',#1131,.F.);
#1131 = EDGE_LOOP('',(#1132,#1140,#1141,#1148));
#1132 = ORIENTED_EDGE('',*,*,#1133,.F.);
#1133 = EDGE_CURVE('',#367,#1134,#1136,.T.);
#1134 = VERTEX_POINT('',#1135);
#1135 = CARTESIAN_POINT('',(1.15,-0.86,0.55));
#1136 = LINE('',#1137,#1138);
#1137 = CARTESIAN_POINT('',(1.15,-0.86,0.420852917708));
#1138 = VECTOR('',#1139,1.);
#1139 = DIRECTION('',(0.,0.,1.));
#1140 = ORIENTED_EDGE('',*,*,#366,.T.);
#1141 = ORIENTED_EDGE('',*,*,#1142,.T.);
#1142 = EDGE_CURVE('',#360,#1143,#1145,.T.);
#1143 = VERTEX_POINT('',#1144);
#1144 = CARTESIAN_POINT('',(1.15,-0.91,0.55));
#1145 = B_SPLINE_CURVE_WITH_KNOTS('',1,(#1146,#1147),.UNSPECIFIED.,.F.,
  .F.,(2,2),(0.,1.),.PIECEWISE_BEZIER_KNOTS.);
#1146 = CARTESIAN_POINT('',(1.15,-0.91,0.4));
#1147 = CARTESIAN_POINT('',(1.15,-0.91,0.55));
#1148 = ORIENTED_EDGE('',*,*,#1149,.F.);
#1149 = EDGE_CURVE('',#1134,#1143,#1150,.T.);
#1150 = LINE('',#1151,#1152);
#1151 = CARTESIAN_POINT('',(1.15,0.91,0.55));
#1152 = VECTOR('',#1153,1.);
#1153 = DIRECTION('',(1.110223024625E-16,-1.,0.));
#1154 = PLANE('',#1155);
#1155 = AXIS2_PLACEMENT_3D('',#1156,#1157,#1158);
#1156 = CARTESIAN_POINT('',(1.15,0.91,0.55));
#1157 = DIRECTION('',(-1.,-1.110223024625E-16,0.));
#1158 = DIRECTION('',(1.110223024625E-16,-1.,0.));
#1159 = ADVANCED_FACE('',(#1160),#1177,.F.);
#1160 = FACE_BOUND('',#1161,.F.);
#1161 = EDGE_LOOP('',(#1162,#1163,#1164,#1172));
#1162 = ORIENTED_EDGE('',*,*,#447,.T.);
#1163 = ORIENTED_EDGE('',*,*,#635,.T.);
#1164 = ORIENTED_EDGE('',*,*,#1165,.F.);
#1165 = EDGE_CURVE('',#1166,#636,#1168,.T.);
#1166 = VERTEX_POINT('',#1167);
#1167 = CARTESIAN_POINT('',(-1.06,-1.,0.55));
#1168 = LINE('',#1169,#1170);
#1169 = CARTESIAN_POINT('',(-1.06,-1.,0.55));
#1170 = VECTOR('',#1171,1.);
#1171 = DIRECTION('',(-0.707106781187,0.707106781187,0.));
#1172 = ORIENTED_EDGE('',*,*,#1173,.F.);
#1173 = EDGE_CURVE('',#448,#1166,#1174,.T.);
#1174 = B_SPLINE_CURVE_WITH_KNOTS('',1,(#1175,#1176),.UNSPECIFIED.,.F.,
  .F.,(2,2),(0.,1.),.PIECEWISE_BEZIER_KNOTS.);
#1175 = CARTESIAN_POINT('',(-1.06,-1.,0.4));
#1176 = CARTESIAN_POINT('',(-1.06,-1.,0.55));
#1177 = PLANE('',#1178);
#1178 = AXIS2_PLACEMENT_3D('',#1179,#1180,#1181);
#1179 = CARTESIAN_POINT('',(-1.06,-1.,0.55));
#1180 = DIRECTION('',(0.707106781187,0.707106781187,0.));
#1181 = DIRECTION('',(-0.707106781187,0.707106781187,0.));
#1182 = ADVANCED_FACE('',(#1183),#1200,.F.);
#1183 = FACE_BOUND('',#1184,.F.);
#1184 = EDGE_LOOP('',(#1185,#1186,#1193,#1199));
#1185 = ORIENTED_EDGE('',*,*,#476,.T.);
#1186 = ORIENTED_EDGE('',*,*,#1187,.T.);
#1187 = EDGE_CURVE('',#470,#1188,#1190,.T.);
#1188 = VERTEX_POINT('',#1189);
#1189 = CARTESIAN_POINT('',(1.06,-1.,0.55));
#1190 = B_SPLINE_CURVE_WITH_KNOTS('',1,(#1191,#1192),.UNSPECIFIED.,.F.,
  .F.,(2,2),(0.,1.),.PIECEWISE_BEZIER_KNOTS.);
#1191 = CARTESIAN_POINT('',(1.06,-1.,0.4));
#1192 = CARTESIAN_POINT('',(1.06,-1.,0.55));
#1193 = ORIENTED_EDGE('',*,*,#1194,.F.);
#1194 = EDGE_CURVE('',#1143,#1188,#1195,.T.);
#1195 = LINE('',#1196,#1197);
#1196 = CARTESIAN_POINT('',(1.15,-0.91,0.55));
#1197 = VECTOR('',#1198,1.);
#1198 = DIRECTION('',(-0.707106781187,-0.707106781187,0.));
#1199 = ORIENTED_EDGE('',*,*,#1142,.F.);
#1200 = PLANE('',#1201);
#1201 = AXIS2_PLACEMENT_3D('',#1202,#1203,#1204);
#1202 = CARTESIAN_POINT('',(1.15,-0.91,0.55));
#1203 = DIRECTION('',(-0.707106781187,0.707106781187,0.));
#1204 = DIRECTION('',(-0.707106781187,-0.707106781187,0.));
#1205 = ADVANCED_FACE('',(#1206),#1217,.F.);
#1206 = FACE_BOUND('',#1207,.F.);
#1207 = EDGE_LOOP('',(#1208,#1209,#1210,#1216));
#1208 = ORIENTED_EDGE('',*,*,#493,.T.);
#1209 = ORIENTED_EDGE('',*,*,#1173,.T.);
#1210 = ORIENTED_EDGE('',*,*,#1211,.F.);
#1211 = EDGE_CURVE('',#1188,#1166,#1212,.T.);
#1212 = LINE('',#1213,#1214);
#1213 = CARTESIAN_POINT('',(1.06,-1.,0.55));
#1214 = VECTOR('',#1215,1.);
#1215 = DIRECTION('',(-1.,-1.110223024625E-16,0.));
#1216 = ORIENTED_EDGE('',*,*,#1187,.F.);
#1217 = PLANE('',#1218);
#1218 = AXIS2_PLACEMENT_3D('',#1219,#1220,#1221);
#1219 = CARTESIAN_POINT('',(1.06,-1.,0.55));
#1220 = DIRECTION('',(-1.110223024625E-16,1.,0.));
#1221 = DIRECTION('',(-1.,-1.110223024625E-16,0.));
#1222 = ADVANCED_FACE('',(#1223),#1262,.F.);
#1223 = FACE_BOUND('',#1224,.F.);
#1224 = EDGE_LOOP('',(#1225,#1233,#1241,#1247,#1248,#1256));
#1225 = ORIENTED_EDGE('',*,*,#1226,.F.);
#1226 = EDGE_CURVE('',#1227,#830,#1229,.T.);
#1227 = VERTEX_POINT('',#1228);
#1228 = CARTESIAN_POINT('',(-1.2,0.64,0.55));
#1229 = LINE('',#1230,#1231);
#1230 = CARTESIAN_POINT('',(-1.2,0.64,0.55));
#1231 = VECTOR('',#1232,1.);
#1232 = DIRECTION('',(1.,-1.144237745222E-17,0.));
#1233 = ORIENTED_EDGE('',*,*,#1234,.T.);
#1234 = EDGE_CURVE('',#1227,#1235,#1237,.T.);
#1235 = VERTEX_POINT('',#1236);
#1236 = CARTESIAN_POINT('',(-1.2,0.86,0.55));
#1237 = LINE('',#1238,#1239);
#1238 = CARTESIAN_POINT('',(-1.2,0.64,0.55));
#1239 = VECTOR('',#1240,1.);
#1240 = DIRECTION('',(1.144237745222E-17,1.,0.));
#1241 = ORIENTED_EDGE('',*,*,#1242,.T.);
#1242 = EDGE_CURVE('',#1235,#598,#1243,.T.);
#1243 = LINE('',#1244,#1245);
#1244 = CARTESIAN_POINT('',(-1.2,0.86,0.55));
#1245 = VECTOR('',#1246,1.);
#1246 = DIRECTION('',(1.,-1.144237745222E-17,0.));
#1247 = ORIENTED_EDGE('',*,*,#597,.T.);
#1248 = ORIENTED_EDGE('',*,*,#1249,.F.);
#1249 = EDGE_CURVE('',#1250,#590,#1252,.T.);
#1250 = VERTEX_POINT('',#1251);
#1251 = CARTESIAN_POINT('',(-1.1,0.64,0.55));
#1252 = LINE('',#1253,#1254);
#1253 = CARTESIAN_POINT('',(-1.1,-0.885,0.55));
#1254 = VECTOR('',#1255,1.);
#1255 = DIRECTION('',(-1.110223024625E-16,1.,0.));
#1256 = ORIENTED_EDGE('',*,*,#1257,.F.);
#1257 = EDGE_CURVE('',#830,#1250,#1258,.T.);
#1258 = LINE('',#1259,#1260);
#1259 = CARTESIAN_POINT('',(-1.2,0.64,0.55));
#1260 = VECTOR('',#1261,1.);
#1261 = DIRECTION('',(1.,-1.144237745222E-17,0.));
#1262 = PLANE('',#1263);
#1263 = AXIS2_PLACEMENT_3D('',#1264,#1265,#1266);
#1264 = CARTESIAN_POINT('',(-1.2,0.64,0.55));
#1265 = DIRECTION('',(0.,0.,-1.));
#1266 = DIRECTION('',(1.,-1.144237745222E-17,0.));
#1267 = ADVANCED_FACE('',(#1268),#1348,.F.);
#1268 = FACE_BOUND('',#1269,.F.);
#1269 = EDGE_LOOP('',(#1270,#1280,#1288,#1296,#1304,#1312,#1320,#1326,
    #1327,#1328,#1335,#1343));
#1270 = ORIENTED_EDGE('',*,*,#1271,.T.);
#1271 = EDGE_CURVE('',#1272,#1274,#1276,.T.);
#1272 = VERTEX_POINT('',#1273);
#1273 = CARTESIAN_POINT('',(-1.1,-0.885,0.55));
#1274 = VERTEX_POINT('',#1275);
#1275 = CARTESIAN_POINT('',(-1.1,-0.86,0.55));
#1276 = LINE('',#1277,#1278);
#1277 = CARTESIAN_POINT('',(-1.1,-0.885,0.55));
#1278 = VECTOR('',#1279,1.);
#1279 = DIRECTION('',(-1.110223024625E-16,1.,0.));
#1280 = ORIENTED_EDGE('',*,*,#1281,.T.);
#1281 = EDGE_CURVE('',#1274,#1282,#1284,.T.);
#1282 = VERTEX_POINT('',#1283);
#1283 = CARTESIAN_POINT('',(-1.1,-0.64,0.55));
#1284 = LINE('',#1285,#1286);
#1285 = CARTESIAN_POINT('',(-1.1,-0.885,0.55));
#1286 = VECTOR('',#1287,1.);
#1287 = DIRECTION('',(-1.110223024625E-16,1.,0.));
#1288 = ORIENTED_EDGE('',*,*,#1289,.T.);
#1289 = EDGE_CURVE('',#1282,#1290,#1292,.T.);
#1290 = VERTEX_POINT('',#1291);
#1291 = CARTESIAN_POINT('',(-1.1,-0.36,0.55));
#1292 = LINE('',#1293,#1294);
#1293 = CARTESIAN_POINT('',(-1.1,-0.885,0.55));
#1294 = VECTOR('',#1295,1.);
#1295 = DIRECTION('',(-1.110223024625E-16,1.,0.));
#1296 = ORIENTED_EDGE('',*,*,#1297,.T.);
#1297 = EDGE_CURVE('',#1290,#1298,#1300,.T.);
#1298 = VERTEX_POINT('',#1299);
#1299 = CARTESIAN_POINT('',(-1.1,-0.14,0.55));
#1300 = LINE('',#1301,#1302);
#1301 = CARTESIAN_POINT('',(-1.1,-0.885,0.55));
#1302 = VECTOR('',#1303,1.);
#1303 = DIRECTION('',(-1.110223024625E-16,1.,0.));
#1304 = ORIENTED_EDGE('',*,*,#1305,.T.);
#1305 = EDGE_CURVE('',#1298,#1306,#1308,.T.);
#1306 = VERTEX_POINT('',#1307);
#1307 = CARTESIAN_POINT('',(-1.1,0.14,0.55));
#1308 = LINE('',#1309,#1310);
#1309 = CARTESIAN_POINT('',(-1.1,-0.885,0.55));
#1310 = VECTOR('',#1311,1.);
#1311 = DIRECTION('',(-1.110223024625E-16,1.,0.));
#1312 = ORIENTED_EDGE('',*,*,#1313,.T.);
#1313 = EDGE_CURVE('',#1306,#1314,#1316,.T.);
#1314 = VERTEX_POINT('',#1315);
#1315 = CARTESIAN_POINT('',(-1.1,0.36,0.55));
#1316 = LINE('',#1317,#1318);
#1317 = CARTESIAN_POINT('',(-1.1,-0.885,0.55));
#1318 = VECTOR('',#1319,1.);
#1319 = DIRECTION('',(-1.110223024625E-16,1.,0.));
#1320 = ORIENTED_EDGE('',*,*,#1321,.T.);
#1321 = EDGE_CURVE('',#1314,#1250,#1322,.T.);
#1322 = LINE('',#1323,#1324);
#1323 = CARTESIAN_POINT('',(-1.1,-0.885,0.55));
#1324 = VECTOR('',#1325,1.);
#1325 = DIRECTION('',(-1.110223024625E-16,1.,0.));
#1326 = ORIENTED_EDGE('',*,*,#1249,.T.);
#1327 = ORIENTED_EDGE('',*,*,#589,.T.);
#1328 = ORIENTED_EDGE('',*,*,#1329,.T.);
#1329 = EDGE_CURVE('',#582,#1330,#1332,.T.);
#1330 = VERTEX_POINT('',#1331);
#1331 = CARTESIAN_POINT('',(-1.036233031499,0.853116515749,0.85));
#1332 = B_SPLINE_CURVE_WITH_KNOTS('',1,(#1333,#1334),.UNSPECIFIED.,.F.,
  .F.,(2,2),(0.,1.),.PIECEWISE_BEZIER_KNOTS.);
#1333 = CARTESIAN_POINT('',(-1.1,0.885,0.55));
#1334 = CARTESIAN_POINT('',(-1.036233031499,0.853116515749,0.85));
#1335 = ORIENTED_EDGE('',*,*,#1336,.F.);
#1336 = EDGE_CURVE('',#1337,#1330,#1339,.T.);
#1337 = VERTEX_POINT('',#1338);
#1338 = CARTESIAN_POINT('',(-1.036233031499,-0.853116515749,0.85));
#1339 = LINE('',#1340,#1341);
#1340 = CARTESIAN_POINT('',(-1.036233031499,-0.853116515749,0.85));
#1341 = VECTOR('',#1342,1.);
#1342 = DIRECTION('',(-1.110223024625E-16,1.,0.));
#1343 = ORIENTED_EDGE('',*,*,#1344,.F.);
#1344 = EDGE_CURVE('',#1272,#1337,#1345,.T.);
#1345 = B_SPLINE_CURVE_WITH_KNOTS('',1,(#1346,#1347),.UNSPECIFIED.,.F.,
  .F.,(2,2),(0.,1.),.PIECEWISE_BEZIER_KNOTS.);
#1346 = CARTESIAN_POINT('',(-1.1,-0.885,0.55));
#1347 = CARTESIAN_POINT('',(-1.036233031499,-0.853116515749,0.85));
#1348 = B_SPLINE_SURFACE_WITH_KNOTS('',1,1,(
    (#1349,#1350)
    ,(#1351,#1352
    )),.UNSPECIFIED.,.F.,.F.,.F.,(2,2),(2,2),(0.,1.77),(0.,1.),
  .PIECEWISE_BEZIER_KNOTS.);
#1349 = CARTESIAN_POINT('',(-1.1,-0.885,0.55));
#1350 = CARTESIAN_POINT('',(-1.036233031499,-0.853116515749,0.85));
#1351 = CARTESIAN_POINT('',(-1.1,0.885,0.55));
#1352 = CARTESIAN_POINT('',(-1.036233031499,0.853116515749,0.85));
#1353 = ADVANCED_FACE('',(#1354),#1371,.F.);
#1354 = FACE_BOUND('',#1355,.F.);
#1355 = EDGE_LOOP('',(#1356,#1357,#1364,#1370));
#1356 = ORIENTED_EDGE('',*,*,#581,.T.);
#1357 = ORIENTED_EDGE('',*,*,#1358,.T.);
#1358 = EDGE_CURVE('',#574,#1359,#1361,.T.);
#1359 = VERTEX_POINT('',#1360);
#1360 = CARTESIAN_POINT('',(-1.003116515749,0.886233031499,0.85));
#1361 = B_SPLINE_CURVE_WITH_KNOTS('',1,(#1362,#1363),.UNSPECIFIED.,.F.,
  .F.,(2,2),(0.,1.),.PIECEWISE_BEZIER_KNOTS.);
#1362 = CARTESIAN_POINT('',(-1.035,0.95,0.55));
#1363 = CARTESIAN_POINT('',(-1.003116515749,0.886233031499,0.85));
#1364 = ORIENTED_EDGE('',*,*,#1365,.F.);
#1365 = EDGE_CURVE('',#1330,#1359,#1366,.T.);
#1366 = LINE('',#1367,#1368);
#1367 = CARTESIAN_POINT('',(-1.036233031499,0.853116515749,0.85));
#1368 = VECTOR('',#1369,1.);
#1369 = DIRECTION('',(0.707106781187,0.707106781187,0.));
#1370 = ORIENTED_EDGE('',*,*,#1329,.F.);
#1371 = B_SPLINE_SURFACE_WITH_KNOTS('',1,1,(
    (#1372,#1373)
    ,(#1374,#1375
    )),.UNSPECIFIED.,.F.,.F.,.F.,(2,2),(2,2),(0.,9.192388155425E-02),(0.
    ,1.),.PIECEWISE_BEZIER_KNOTS.);
#1372 = CARTESIAN_POINT('',(-1.1,0.885,0.55));
#1373 = CARTESIAN_POINT('',(-1.036233031499,0.853116515749,0.85));
#1374 = CARTESIAN_POINT('',(-1.035,0.95,0.55));
#1375 = CARTESIAN_POINT('',(-1.003116515749,0.886233031499,0.85));
#1376 = ADVANCED_FACE('',(#1377),#1394,.F.);
#1377 = FACE_BOUND('',#1378,.F.);
#1378 = EDGE_LOOP('',(#1379,#1380,#1387,#1393));
#1379 = ORIENTED_EDGE('',*,*,#573,.T.);
#1380 = ORIENTED_EDGE('',*,*,#1381,.T.);
#1381 = EDGE_CURVE('',#566,#1382,#1384,.T.);
#1382 = VERTEX_POINT('',#1383);
#1383 = CARTESIAN_POINT('',(1.003116515749,0.886233031499,0.85));
#1384 = B_SPLINE_CURVE_WITH_KNOTS('',1,(#1385,#1386),.UNSPECIFIED.,.F.,
  .F.,(2,2),(0.,1.),.PIECEWISE_BEZIER_KNOTS.);
#1385 = CARTESIAN_POINT('',(1.035,0.95,0.55));
#1386 = CARTESIAN_POINT('',(1.003116515749,0.886233031499,0.85));
#1387 = ORIENTED_EDGE('',*,*,#1388,.F.);
#1388 = EDGE_CURVE('',#1359,#1382,#1389,.T.);
#1389 = LINE('',#1390,#1391);
#1390 = CARTESIAN_POINT('',(-1.003116515749,0.886233031499,0.85));
#1391 = VECTOR('',#1392,1.);
#1392 = DIRECTION('',(1.,1.110223024625E-16,0.));
#1393 = ORIENTED_EDGE('',*,*,#1358,.F.);
#1394 = B_SPLINE_SURFACE_WITH_KNOTS('',1,1,(
    (#1395,#1396)
    ,(#1397,#1398
    )),.UNSPECIFIED.,.F.,.F.,.F.,(2,2),(2,2),(0.,2.07),(0.,1.),
  .PIECEWISE_BEZIER_KNOTS.);
#1395 = CARTESIAN_POINT('',(-1.035,0.95,0.55));
#1396 = CARTESIAN_POINT('',(-1.003116515749,0.886233031499,0.85));
#1397 = CARTESIAN_POINT('',(1.035,0.95,0.55));
#1398 = CARTESIAN_POINT('',(1.003116515749,0.886233031499,0.85));
#1399 = ADVANCED_FACE('',(#1400),#1417,.F.);
#1400 = FACE_BOUND('',#1401,.F.);
#1401 = EDGE_LOOP('',(#1402,#1403,#1410,#1416));
#1402 = ORIENTED_EDGE('',*,*,#565,.T.);
#1403 = ORIENTED_EDGE('',*,*,#1404,.T.);
#1404 = EDGE_CURVE('',#558,#1405,#1407,.T.);
#1405 = VERTEX_POINT('',#1406);
#1406 = CARTESIAN_POINT('',(1.036233031499,0.853116515749,0.85));
#1407 = B_SPLINE_CURVE_WITH_KNOTS('',1,(#1408,#1409),.UNSPECIFIED.,.F.,
  .F.,(2,2),(0.,1.),.PIECEWISE_BEZIER_KNOTS.);
#1408 = CARTESIAN_POINT('',(1.1,0.885,0.55));
#1409 = CARTESIAN_POINT('',(1.036233031499,0.853116515749,0.85));
#1410 = ORIENTED_EDGE('',*,*,#1411,.F.);
#1411 = EDGE_CURVE('',#1382,#1405,#1412,.T.);
#1412 = LINE('',#1413,#1414);
#1413 = CARTESIAN_POINT('',(1.003116515749,0.886233031499,0.85));
#1414 = VECTOR('',#1415,1.);
#1415 = DIRECTION('',(0.707106781187,-0.707106781187,0.));
#1416 = ORIENTED_EDGE('',*,*,#1381,.F.);
#1417 = B_SPLINE_SURFACE_WITH_KNOTS('',1,1,(
    (#1418,#1419)
    ,(#1420,#1421
    )),.UNSPECIFIED.,.F.,.F.,.F.,(2,2),(2,2),(0.,9.192388155425E-02),(0.
    ,1.),.PIECEWISE_BEZIER_KNOTS.);
#1418 = CARTESIAN_POINT('',(1.035,0.95,0.55));
#1419 = CARTESIAN_POINT('',(1.003116515749,0.886233031499,0.85));
#1420 = CARTESIAN_POINT('',(1.1,0.885,0.55));
#1421 = CARTESIAN_POINT('',(1.036233031499,0.853116515749,0.85));
#1422 = ADVANCED_FACE('',(#1423),#1504,.F.);
#1423 = FACE_BOUND('',#1424,.F.);
#1424 = EDGE_LOOP('',(#1425,#1426,#1434,#1442,#1450,#1458,#1466,#1474,
    #1482,#1490,#1497,#1503));
#1425 = ORIENTED_EDGE('',*,*,#557,.T.);
#1426 = ORIENTED_EDGE('',*,*,#1427,.T.);
#1427 = EDGE_CURVE('',#550,#1428,#1430,.T.);
#1428 = VERTEX_POINT('',#1429);
#1429 = CARTESIAN_POINT('',(1.1,0.64,0.55));
#1430 = LINE('',#1431,#1432);
#1431 = CARTESIAN_POINT('',(1.1,0.885,0.55));
#1432 = VECTOR('',#1433,1.);
#1433 = DIRECTION('',(1.110223024625E-16,-1.,0.));
#1434 = ORIENTED_EDGE('',*,*,#1435,.T.);
#1435 = EDGE_CURVE('',#1428,#1436,#1438,.T.);
#1436 = VERTEX_POINT('',#1437);
#1437 = CARTESIAN_POINT('',(1.1,0.36,0.55));
#1438 = LINE('',#1439,#1440);
#1439 = CARTESIAN_POINT('',(1.1,0.885,0.55));
#1440 = VECTOR('',#1441,1.);
#1441 = DIRECTION('',(1.110223024625E-16,-1.,0.));
#1442 = ORIENTED_EDGE('',*,*,#1443,.T.);
#1443 = EDGE_CURVE('',#1436,#1444,#1446,.T.);
#1444 = VERTEX_POINT('',#1445);
#1445 = CARTESIAN_POINT('',(1.1,0.14,0.55));
#1446 = LINE('',#1447,#1448);
#1447 = CARTESIAN_POINT('',(1.1,0.885,0.55));
#1448 = VECTOR('',#1449,1.);
#1449 = DIRECTION('',(1.110223024625E-16,-1.,0.));
#1450 = ORIENTED_EDGE('',*,*,#1451,.T.);
#1451 = EDGE_CURVE('',#1444,#1452,#1454,.T.);
#1452 = VERTEX_POINT('',#1453);
#1453 = CARTESIAN_POINT('',(1.1,-0.14,0.55));
#1454 = LINE('',#1455,#1456);
#1455 = CARTESIAN_POINT('',(1.1,0.885,0.55));
#1456 = VECTOR('',#1457,1.);
#1457 = DIRECTION('',(1.110223024625E-16,-1.,0.));
#1458 = ORIENTED_EDGE('',*,*,#1459,.T.);
#1459 = EDGE_CURVE('',#1452,#1460,#1462,.T.);
#1460 = VERTEX_POINT('',#1461);
#1461 = CARTESIAN_POINT('',(1.1,-0.36,0.55));
#1462 = LINE('',#1463,#1464);
#1463 = CARTESIAN_POINT('',(1.1,0.885,0.55));
#1464 = VECTOR('',#1465,1.);
#1465 = DIRECTION('',(1.110223024625E-16,-1.,0.));
#1466 = ORIENTED_EDGE('',*,*,#1467,.T.);
#1467 = EDGE_CURVE('',#1460,#1468,#1470,.T.);
#1468 = VERTEX_POINT('',#1469);
#1469 = CARTESIAN_POINT('',(1.1,-0.64,0.55));
#1470 = LINE('',#1471,#1472);
#1471 = CARTESIAN_POINT('',(1.1,0.885,0.55));
#1472 = VECTOR('',#1473,1.);
#1473 = DIRECTION('',(1.110223024625E-16,-1.,0.));
#1474 = ORIENTED_EDGE('',*,*,#1475,.T.);
#1475 = EDGE_CURVE('',#1468,#1476,#1478,.T.);
#1476 = VERTEX_POINT('',#1477);
#1477 = CARTESIAN_POINT('',(1.1,-0.86,0.55));
#1478 = LINE('',#1479,#1480);
#1479 = CARTESIAN_POINT('',(1.1,0.885,0.55));
#1480 = VECTOR('',#1481,1.);
#1481 = DIRECTION('',(1.110223024625E-16,-1.,0.));
#1482 = ORIENTED_EDGE('',*,*,#1483,.T.);
#1483 = EDGE_CURVE('',#1476,#1484,#1486,.T.);
#1484 = VERTEX_POINT('',#1485);
#1485 = CARTESIAN_POINT('',(1.1,-0.885,0.55));
#1486 = LINE('',#1487,#1488);
#1487 = CARTESIAN_POINT('',(1.1,0.885,0.55));
#1488 = VECTOR('',#1489,1.);
#1489 = DIRECTION('',(1.110223024625E-16,-1.,0.));
#1490 = ORIENTED_EDGE('',*,*,#1491,.T.);
#1491 = EDGE_CURVE('',#1484,#1492,#1494,.T.);
#1492 = VERTEX_POINT('',#1493);
#1493 = CARTESIAN_POINT('',(1.036233031499,-0.853116515749,0.85));
#1494 = B_SPLINE_CURVE_WITH_KNOTS('',1,(#1495,#1496),.UNSPECIFIED.,.F.,
  .F.,(2,2),(0.,1.),.PIECEWISE_BEZIER_KNOTS.);
#1495 = CARTESIAN_POINT('',(1.1,-0.885,0.55));
#1496 = CARTESIAN_POINT('',(1.036233031499,-0.853116515749,0.85));
#1497 = ORIENTED_EDGE('',*,*,#1498,.F.);
#1498 = EDGE_CURVE('',#1405,#1492,#1499,.T.);
#1499 = LINE('',#1500,#1501);
#1500 = CARTESIAN_POINT('',(1.036233031499,0.853116515749,0.85));
#1501 = VECTOR('',#1502,1.);
#1502 = DIRECTION('',(1.110223024625E-16,-1.,0.));
#1503 = ORIENTED_EDGE('',*,*,#1404,.F.);
#1504 = B_SPLINE_SURFACE_WITH_KNOTS('',1,1,(
    (#1505,#1506)
    ,(#1507,#1508
    )),.UNSPECIFIED.,.F.,.F.,.F.,(2,2),(2,2),(0.,1.77),(0.,1.),
  .PIECEWISE_BEZIER_KNOTS.);
#1505 = CARTESIAN_POINT('',(1.1,0.885,0.55));
#1506 = CARTESIAN_POINT('',(1.036233031499,0.853116515749,0.85));
#1507 = CARTESIAN_POINT('',(1.1,-0.885,0.55));
#1508 = CARTESIAN_POINT('',(1.036233031499,-0.853116515749,0.85));
#1509 = ADVANCED_FACE('',(#1510),#1542,.F.);
#1510 = FACE_BOUND('',#1511,.F.);
#1511 = EDGE_LOOP('',(#1512,#1520,#1528,#1534,#1540,#1541));
#1512 = ORIENTED_EDGE('',*,*,#1513,.F.);
#1513 = EDGE_CURVE('',#1514,#542,#1516,.T.);
#1514 = VERTEX_POINT('',#1515);
#1515 = CARTESIAN_POINT('',(1.2,0.86,0.55));
#1516 = LINE('',#1517,#1518);
#1517 = CARTESIAN_POINT('',(1.2,0.86,0.55));
#1518 = VECTOR('',#1519,1.);
#1519 = DIRECTION('',(-1.,-1.110223024625E-16,0.));
#1520 = ORIENTED_EDGE('',*,*,#1521,.T.);
#1521 = EDGE_CURVE('',#1514,#1522,#1524,.T.);
#1522 = VERTEX_POINT('',#1523);
#1523 = CARTESIAN_POINT('',(1.2,0.64,0.55));
#1524 = LINE('',#1525,#1526);
#1525 = CARTESIAN_POINT('',(1.2,0.86,0.55));
#1526 = VECTOR('',#1527,1.);
#1527 = DIRECTION('',(1.110223024625E-16,-1.,0.));
#1528 = ORIENTED_EDGE('',*,*,#1529,.T.);
#1529 = EDGE_CURVE('',#1522,#948,#1530,.T.);
#1530 = LINE('',#1531,#1532);
#1531 = CARTESIAN_POINT('',(1.2,0.64,0.55));
#1532 = VECTOR('',#1533,1.);
#1533 = DIRECTION('',(-1.,-1.110223024625E-16,0.));
#1534 = ORIENTED_EDGE('',*,*,#1535,.T.);
#1535 = EDGE_CURVE('',#948,#1428,#1536,.T.);
#1536 = LINE('',#1537,#1538);
#1537 = CARTESIAN_POINT('',(1.2,0.64,0.55));
#1538 = VECTOR('',#1539,1.);
#1539 = DIRECTION('',(-1.,-1.110223024625E-16,0.));
#1540 = ORIENTED_EDGE('',*,*,#1427,.F.);
#1541 = ORIENTED_EDGE('',*,*,#549,.F.);
#1542 = PLANE('',#1543);
#1543 = AXIS2_PLACEMENT_3D('',#1544,#1545,#1546);
#1544 = CARTESIAN_POINT('',(1.2,0.86,0.55));
#1545 = DIRECTION('',(0.,0.,-1.));
#1546 = DIRECTION('',(-1.,-1.110223024625E-16,-0.));
#1547 = ADVANCED_FACE('',(#1548),#1591,.F.);
#1548 = FACE_BOUND('',#1549,.F.);
#1549 = EDGE_LOOP('',(#1550,#1551,#1557,#1558,#1566,#1574,#1580,#1581,
    #1587,#1588,#1589,#1590));
#1550 = ORIENTED_EDGE('',*,*,#651,.T.);
#1551 = ORIENTED_EDGE('',*,*,#1552,.T.);
#1552 = EDGE_CURVE('',#644,#1274,#1553,.T.);
#1553 = LINE('',#1554,#1555);
#1554 = CARTESIAN_POINT('',(-1.2,-0.86,0.55));
#1555 = VECTOR('',#1556,1.);
#1556 = DIRECTION('',(1.,-1.144237745222E-17,0.));
#1557 = ORIENTED_EDGE('',*,*,#1271,.F.);
#1558 = ORIENTED_EDGE('',*,*,#1559,.F.);
#1559 = EDGE_CURVE('',#1560,#1272,#1562,.T.);
#1560 = VERTEX_POINT('',#1561);
#1561 = CARTESIAN_POINT('',(-1.035,-0.95,0.55));
#1562 = LINE('',#1563,#1564);
#1563 = CARTESIAN_POINT('',(-1.035,-0.95,0.55));
#1564 = VECTOR('',#1565,1.);
#1565 = DIRECTION('',(-0.707106781187,0.707106781187,0.));
#1566 = ORIENTED_EDGE('',*,*,#1567,.F.);
#1567 = EDGE_CURVE('',#1568,#1560,#1570,.T.);
#1568 = VERTEX_POINT('',#1569);
#1569 = CARTESIAN_POINT('',(1.035,-0.95,0.55));
#1570 = LINE('',#1571,#1572);
#1571 = CARTESIAN_POINT('',(1.035,-0.95,0.55));
#1572 = VECTOR('',#1573,1.);
#1573 = DIRECTION('',(-1.,-1.110223024625E-16,0.));
#1574 = ORIENTED_EDGE('',*,*,#1575,.F.);
#1575 = EDGE_CURVE('',#1484,#1568,#1576,.T.);
#1576 = LINE('',#1577,#1578);
#1577 = CARTESIAN_POINT('',(1.1,-0.885,0.55));
#1578 = VECTOR('',#1579,1.);
#1579 = DIRECTION('',(-0.707106781187,-0.707106781187,0.));
#1580 = ORIENTED_EDGE('',*,*,#1483,.F.);
#1581 = ORIENTED_EDGE('',*,*,#1582,.F.);
#1582 = EDGE_CURVE('',#1134,#1476,#1583,.T.);
#1583 = LINE('',#1584,#1585);
#1584 = CARTESIAN_POINT('',(1.2,-0.86,0.55));
#1585 = VECTOR('',#1586,1.);
#1586 = DIRECTION('',(-1.,-1.110223024625E-16,0.));
#1587 = ORIENTED_EDGE('',*,*,#1149,.T.);
#1588 = ORIENTED_EDGE('',*,*,#1194,.T.);
#1589 = ORIENTED_EDGE('',*,*,#1211,.T.);
#1590 = ORIENTED_EDGE('',*,*,#1165,.T.);
#1591 = PLANE('',#1592);
#1592 = AXIS2_PLACEMENT_3D('',#1593,#1594,#1595);
#1593 = CARTESIAN_POINT('',(-5.319436351458E-17,0.975,0.55));
#1594 = DIRECTION('',(-1.336794903956E-31,1.084683744679E-27,-1.));
#1595 = DIRECTION('',(1.,1.11414478245E-16,-1.336794903955E-31));
#1596 = ADVANCED_FACE('',(#1597),#1683,.F.);
#1597 = FACE_BOUND('',#1598,.F.);
#1598 = EDGE_LOOP('',(#1599,#1600,#1601,#1610,#1618,#1627,#1635,#1643,
    #1651,#1660,#1668,#1677));
#1599 = ORIENTED_EDGE('',*,*,#643,.F.);
#1600 = ORIENTED_EDGE('',*,*,#665,.T.);
#1601 = ORIENTED_EDGE('',*,*,#1602,.T.);
#1602 = EDGE_CURVE('',#666,#1603,#1605,.T.);
#1603 = VERTEX_POINT('',#1604);
#1604 = CARTESIAN_POINT('',(-1.249240387651,-0.86,0.358682408883));
#1605 = CIRCLE('',#1606,5.E-02);
#1606 = AXIS2_PLACEMENT_3D('',#1607,#1608,#1609);
#1607 = CARTESIAN_POINT('',(-1.2,-0.86,0.35));
#1608 = DIRECTION('',(-1.144237745222E-17,-1.,0.));
#1609 = DIRECTION('',(0.,0.,1.));
#1610 = ORIENTED_EDGE('',*,*,#1611,.T.);
#1611 = EDGE_CURVE('',#1603,#1612,#1614,.T.);
#1612 = VERTEX_POINT('',#1613);
#1613 = CARTESIAN_POINT('',(-1.279487496504,-0.86,0.165270364467));
#1614 = LINE('',#1615,#1616);
#1615 = CARTESIAN_POINT('',(-1.249240387651,-0.86,0.358682408883));
#1616 = VECTOR('',#1617,1.);
#1617 = DIRECTION('',(-0.154508905503,1.767949216498E-18,-0.987991395772
    ));
#1618 = ORIENTED_EDGE('',*,*,#1619,.T.);
#1619 = EDGE_CURVE('',#1612,#1620,#1622,.T.);
#1620 = VERTEX_POINT('',#1621);
#1621 = CARTESIAN_POINT('',(-1.476449047106,-0.86,-2.775557561563E-17));
#1622 = CIRCLE('',#1623,0.2);
#1623 = AXIS2_PLACEMENT_3D('',#1624,#1625,#1626);
#1624 = CARTESIAN_POINT('',(-1.476449047106,-0.86,0.2));
#1625 = DIRECTION('',(1.144237745222E-17,1.,1.155557966632E-33));
#1626 = DIRECTION('',(0.984807753012,-1.126854202784E-17,-0.173648177667
    ));
#1627 = ORIENTED_EDGE('',*,*,#1628,.T.);
#1628 = EDGE_CURVE('',#1620,#1629,#1631,.T.);
#1629 = VERTEX_POINT('',#1630);
#1630 = CARTESIAN_POINT('',(-1.55,-0.86,-2.775557561563E-17));
#1631 = LINE('',#1632,#1633);
#1632 = CARTESIAN_POINT('',(-1.476449047106,-0.86,-2.775557561563E-17));
#1633 = VECTOR('',#1634,1.);
#1634 = DIRECTION('',(-1.,1.144237745222E-17,0.));
#1635 = ORIENTED_EDGE('',*,*,#1636,.T.);
#1636 = EDGE_CURVE('',#1629,#1637,#1639,.T.);
#1637 = VERTEX_POINT('',#1638);
#1638 = CARTESIAN_POINT('',(-1.55,-0.86,0.15));
#1639 = LINE('',#1640,#1641);
#1640 = CARTESIAN_POINT('',(-1.55,-0.86,-2.775557561563E-17));
#1641 = VECTOR('',#1642,1.);
#1642 = DIRECTION('',(0.,0.,1.));
#1643 = ORIENTED_EDGE('',*,*,#1644,.T.);
#1644 = EDGE_CURVE('',#1637,#1645,#1647,.T.);
#1645 = VERTEX_POINT('',#1646);
#1646 = CARTESIAN_POINT('',(-1.476449047106,-0.86,0.15));
#1647 = LINE('',#1648,#1649);
#1648 = CARTESIAN_POINT('',(-1.55,-0.86,0.15));
#1649 = VECTOR('',#1650,1.);
#1650 = DIRECTION('',(1.,-1.144237745222E-17,0.));
#1651 = ORIENTED_EDGE('',*,*,#1652,.T.);
#1652 = EDGE_CURVE('',#1645,#1653,#1655,.T.);
#1653 = VERTEX_POINT('',#1654);
#1654 = CARTESIAN_POINT('',(-1.427208659456,-0.86,0.191317591117));
#1655 = CIRCLE('',#1656,5.E-02);
#1656 = AXIS2_PLACEMENT_3D('',#1657,#1658,#1659);
#1657 = CARTESIAN_POINT('',(-1.476449047106,-0.86,0.2));
#1658 = DIRECTION('',(-1.144237745222E-17,-1.,-0.));
#1659 = DIRECTION('',(0.,0.,-1.));
#1660 = ORIENTED_EDGE('',*,*,#1661,.T.);
#1661 = EDGE_CURVE('',#1653,#1662,#1664,.T.);
#1662 = VERTEX_POINT('',#1663);
#1663 = CARTESIAN_POINT('',(-1.396961550602,-0.86,0.384729635533));
#1664 = LINE('',#1665,#1666);
#1665 = CARTESIAN_POINT('',(-1.427208659456,-0.86,0.191317591117));
#1666 = VECTOR('',#1667,1.);
#1667 = DIRECTION('',(0.154508905503,-1.767949216498E-18,0.987991395772)
  );
#1668 = ORIENTED_EDGE('',*,*,#1669,.T.);
#1669 = EDGE_CURVE('',#1662,#1670,#1672,.T.);
#1670 = VERTEX_POINT('',#1671);
#1671 = CARTESIAN_POINT('',(-1.2,-0.86,0.55));
#1672 = CIRCLE('',#1673,0.2);
#1673 = AXIS2_PLACEMENT_3D('',#1674,#1675,#1676);
#1674 = CARTESIAN_POINT('',(-1.2,-0.86,0.35));
#1675 = DIRECTION('',(1.144237745222E-17,1.,2.696301922142E-33));
#1676 = DIRECTION('',(-0.984807753012,1.126854202784E-17,0.173648177667)
  );
#1677 = ORIENTED_EDGE('',*,*,#1678,.T.);
#1678 = EDGE_CURVE('',#1670,#644,#1679,.T.);
#1679 = LINE('',#1680,#1681);
#1680 = CARTESIAN_POINT('',(-1.2,-0.86,0.55));
#1681 = VECTOR('',#1682,1.);
#1682 = DIRECTION('',(1.,-1.144237745222E-17,0.));
#1683 = PLANE('',#1684);
#1684 = AXIS2_PLACEMENT_3D('',#1685,#1686,#1687);
#1685 = CARTESIAN_POINT('',(-1.311077541001,-0.86,0.291705835417));
#1686 = DIRECTION('',(1.144237745222E-17,1.,0.));
#1687 = DIRECTION('',(0.,-0.,1.));
#1688 = ADVANCED_FACE('',(#1689),#1708,.F.);
#1689 = FACE_BOUND('',#1690,.F.);
#1690 = EDGE_LOOP('',(#1691,#1692,#1701,#1707));
#1691 = ORIENTED_EDGE('',*,*,#682,.T.);
#1692 = ORIENTED_EDGE('',*,*,#1693,.T.);
#1693 = EDGE_CURVE('',#675,#1694,#1696,.T.);
#1694 = VERTEX_POINT('',#1695);
#1695 = CARTESIAN_POINT('',(-1.249240387651,-0.64,0.358682408883));
#1696 = CIRCLE('',#1697,5.E-02);
#1697 = AXIS2_PLACEMENT_3D('',#1698,#1699,#1700);
#1698 = CARTESIAN_POINT('',(-1.2,-0.64,0.35));
#1699 = DIRECTION('',(-1.144237745222E-17,-1.,0.));
#1700 = DIRECTION('',(0.,0.,1.));
#1701 = ORIENTED_EDGE('',*,*,#1702,.F.);
#1702 = EDGE_CURVE('',#1603,#1694,#1703,.T.);
#1703 = LINE('',#1704,#1705);
#1704 = CARTESIAN_POINT('',(-1.249240387651,-0.86,0.358682408883));
#1705 = VECTOR('',#1706,1.);
#1706 = DIRECTION('',(1.144237745222E-17,1.,0.));
#1707 = ORIENTED_EDGE('',*,*,#1602,.F.);
#1708 = CYLINDRICAL_SURFACE('',#1709,5.E-02);
#1709 = AXIS2_PLACEMENT_3D('',#1710,#1711,#1712);
#1710 = CARTESIAN_POINT('',(-1.2,-0.86,0.35));
#1711 = DIRECTION('',(-1.144237745222E-17,-1.,0.));
#1712 = DIRECTION('',(0.,0.,1.));
#1713 = ADVANCED_FACE('',(#1714),#1792,.T.);
#1714 = FACE_BOUND('',#1715,.T.);
#1715 = EDGE_LOOP('',(#1716,#1717,#1718,#1719,#1727,#1736,#1744,#1752,
    #1760,#1769,#1777,#1786));
#1716 = ORIENTED_EDGE('',*,*,#696,.F.);
#1717 = ORIENTED_EDGE('',*,*,#674,.T.);
#1718 = ORIENTED_EDGE('',*,*,#1693,.T.);
#1719 = ORIENTED_EDGE('',*,*,#1720,.T.);
#1720 = EDGE_CURVE('',#1694,#1721,#1723,.T.);
#1721 = VERTEX_POINT('',#1722);
#1722 = CARTESIAN_POINT('',(-1.279487496504,-0.64,0.165270364467));
#1723 = LINE('',#1724,#1725);
#1724 = CARTESIAN_POINT('',(-1.249240387651,-0.64,0.358682408883));
#1725 = VECTOR('',#1726,1.);
#1726 = DIRECTION('',(-0.154508905503,1.767949216498E-18,-0.987991395772
    ));
#1727 = ORIENTED_EDGE('',*,*,#1728,.T.);
#1728 = EDGE_CURVE('',#1721,#1729,#1731,.T.);
#1729 = VERTEX_POINT('',#1730);
#1730 = CARTESIAN_POINT('',(-1.476449047106,-0.64,-2.775557561563E-17));
#1731 = CIRCLE('',#1732,0.2);
#1732 = AXIS2_PLACEMENT_3D('',#1733,#1734,#1735);
#1733 = CARTESIAN_POINT('',(-1.476449047106,-0.64,0.2));
#1734 = DIRECTION('',(1.144237745222E-17,1.,1.155557966632E-33));
#1735 = DIRECTION('',(0.984807753012,-1.126854202784E-17,-0.173648177667
    ));
#1736 = ORIENTED_EDGE('',*,*,#1737,.T.);
#1737 = EDGE_CURVE('',#1729,#1738,#1740,.T.);
#1738 = VERTEX_POINT('',#1739);
#1739 = CARTESIAN_POINT('',(-1.55,-0.64,-2.775557561563E-17));
#1740 = LINE('',#1741,#1742);
#1741 = CARTESIAN_POINT('',(-1.476449047106,-0.64,-2.775557561563E-17));
#1742 = VECTOR('',#1743,1.);
#1743 = DIRECTION('',(-1.,1.144237745222E-17,0.));
#1744 = ORIENTED_EDGE('',*,*,#1745,.T.);
#1745 = EDGE_CURVE('',#1738,#1746,#1748,.T.);
#1746 = VERTEX_POINT('',#1747);
#1747 = CARTESIAN_POINT('',(-1.55,-0.64,0.15));
#1748 = LINE('',#1749,#1750);
#1749 = CARTESIAN_POINT('',(-1.55,-0.64,-2.775557561563E-17));
#1750 = VECTOR('',#1751,1.);
#1751 = DIRECTION('',(0.,0.,1.));
#1752 = ORIENTED_EDGE('',*,*,#1753,.T.);
#1753 = EDGE_CURVE('',#1746,#1754,#1756,.T.);
#1754 = VERTEX_POINT('',#1755);
#1755 = CARTESIAN_POINT('',(-1.476449047106,-0.64,0.15));
#1756 = LINE('',#1757,#1758);
#1757 = CARTESIAN_POINT('',(-1.55,-0.64,0.15));
#1758 = VECTOR('',#1759,1.);
#1759 = DIRECTION('',(1.,-1.144237745222E-17,0.));
#1760 = ORIENTED_EDGE('',*,*,#1761,.T.);
#1761 = EDGE_CURVE('',#1754,#1762,#1764,.T.);
#1762 = VERTEX_POINT('',#1763);
#1763 = CARTESIAN_POINT('',(-1.427208659456,-0.64,0.191317591117));
#1764 = CIRCLE('',#1765,5.E-02);
#1765 = AXIS2_PLACEMENT_3D('',#1766,#1767,#1768);
#1766 = CARTESIAN_POINT('',(-1.476449047106,-0.64,0.2));
#1767 = DIRECTION('',(-1.144237745222E-17,-1.,-0.));
#1768 = DIRECTION('',(0.,0.,-1.));
#1769 = ORIENTED_EDGE('',*,*,#1770,.T.);
#1770 = EDGE_CURVE('',#1762,#1771,#1773,.T.);
#1771 = VERTEX_POINT('',#1772);
#1772 = CARTESIAN_POINT('',(-1.396961550602,-0.64,0.384729635533));
#1773 = LINE('',#1774,#1775);
#1774 = CARTESIAN_POINT('',(-1.427208659456,-0.64,0.191317591117));
#1775 = VECTOR('',#1776,1.);
#1776 = DIRECTION('',(0.154508905503,-1.767949216498E-18,0.987991395772)
  );
#1777 = ORIENTED_EDGE('',*,*,#1778,.T.);
#1778 = EDGE_CURVE('',#1771,#1779,#1781,.T.);
#1779 = VERTEX_POINT('',#1780);
#1780 = CARTESIAN_POINT('',(-1.2,-0.64,0.55));
#1781 = CIRCLE('',#1782,0.2);
#1782 = AXIS2_PLACEMENT_3D('',#1783,#1784,#1785);
#1783 = CARTESIAN_POINT('',(-1.2,-0.64,0.35));
#1784 = DIRECTION('',(1.144237745222E-17,1.,2.696301922142E-33));
#1785 = DIRECTION('',(-0.984807753012,1.126854202784E-17,0.173648177667)
  );
#1786 = ORIENTED_EDGE('',*,*,#1787,.T.);
#1787 = EDGE_CURVE('',#1779,#697,#1788,.T.);
#1788 = LINE('',#1789,#1790);
#1789 = CARTESIAN_POINT('',(-1.2,-0.64,0.55));
#1790 = VECTOR('',#1791,1.);
#1791 = DIRECTION('',(1.,-1.144237745222E-17,0.));
#1792 = PLANE('',#1793);
#1793 = AXIS2_PLACEMENT_3D('',#1794,#1795,#1796);
#1794 = CARTESIAN_POINT('',(-1.311077541001,-0.64,0.291705835417));
#1795 = DIRECTION('',(1.144237745222E-17,1.,0.));
#1796 = DIRECTION('',(0.,-0.,1.));
#1797 = ADVANCED_FACE('',(#1798),#1814,.F.);
#1798 = FACE_BOUND('',#1799,.F.);
#1799 = EDGE_LOOP('',(#1800,#1801,#1807,#1808));
#1800 = ORIENTED_EDGE('',*,*,#713,.T.);
#1801 = ORIENTED_EDGE('',*,*,#1802,.T.);
#1802 = EDGE_CURVE('',#706,#1290,#1803,.T.);
#1803 = LINE('',#1804,#1805);
#1804 = CARTESIAN_POINT('',(-1.2,-0.36,0.55));
#1805 = VECTOR('',#1806,1.);
#1806 = DIRECTION('',(1.,-1.144237745222E-17,0.));
#1807 = ORIENTED_EDGE('',*,*,#1289,.F.);
#1808 = ORIENTED_EDGE('',*,*,#1809,.F.);
#1809 = EDGE_CURVE('',#697,#1282,#1810,.T.);
#1810 = LINE('',#1811,#1812);
#1811 = CARTESIAN_POINT('',(-1.2,-0.64,0.55));
#1812 = VECTOR('',#1813,1.);
#1813 = DIRECTION('',(1.,-1.144237745222E-17,0.));
#1814 = PLANE('',#1815);
#1815 = AXIS2_PLACEMENT_3D('',#1816,#1817,#1818);
#1816 = CARTESIAN_POINT('',(-5.319436351458E-17,0.975,0.55));
#1817 = DIRECTION('',(-1.336794903956E-31,1.084683744679E-27,-1.));
#1818 = DIRECTION('',(1.,1.11414478245E-16,-1.336794903955E-31));
#1819 = ADVANCED_FACE('',(#1820),#1906,.F.);
#1820 = FACE_BOUND('',#1821,.F.);
#1821 = EDGE_LOOP('',(#1822,#1823,#1824,#1833,#1841,#1850,#1858,#1866,
    #1874,#1883,#1891,#1900));
#1822 = ORIENTED_EDGE('',*,*,#705,.F.);
#1823 = ORIENTED_EDGE('',*,*,#727,.T.);
#1824 = ORIENTED_EDGE('',*,*,#1825,.T.);
#1825 = EDGE_CURVE('',#728,#1826,#1828,.T.);
#1826 = VERTEX_POINT('',#1827);
#1827 = CARTESIAN_POINT('',(-1.249240387651,-0.36,0.358682408883));
#1828 = CIRCLE('',#1829,5.E-02);
#1829 = AXIS2_PLACEMENT_3D('',#1830,#1831,#1832);
#1830 = CARTESIAN_POINT('',(-1.2,-0.36,0.35));
#1831 = DIRECTION('',(-1.144237745222E-17,-1.,0.));
#1832 = DIRECTION('',(0.,0.,1.));
#1833 = ORIENTED_EDGE('',*,*,#1834,.T.);
#1834 = EDGE_CURVE('',#1826,#1835,#1837,.T.);
#1835 = VERTEX_POINT('',#1836);
#1836 = CARTESIAN_POINT('',(-1.279487496504,-0.36,0.165270364467));
#1837 = LINE('',#1838,#1839);
#1838 = CARTESIAN_POINT('',(-1.249240387651,-0.36,0.358682408883));
#1839 = VECTOR('',#1840,1.);
#1840 = DIRECTION('',(-0.154508905503,1.767949216498E-18,-0.987991395772
    ));
#1841 = ORIENTED_EDGE('',*,*,#1842,.T.);
#1842 = EDGE_CURVE('',#1835,#1843,#1845,.T.);
#1843 = VERTEX_POINT('',#1844);
#1844 = CARTESIAN_POINT('',(-1.476449047106,-0.36,-2.775557561563E-17));
#1845 = CIRCLE('',#1846,0.2);
#1846 = AXIS2_PLACEMENT_3D('',#1847,#1848,#1849);
#1847 = CARTESIAN_POINT('',(-1.476449047106,-0.36,0.2));
#1848 = DIRECTION('',(1.144237745222E-17,1.,1.155557966632E-33));
#1849 = DIRECTION('',(0.984807753012,-1.126854202784E-17,-0.173648177667
    ));
#1850 = ORIENTED_EDGE('',*,*,#1851,.T.);
#1851 = EDGE_CURVE('',#1843,#1852,#1854,.T.);
#1852 = VERTEX_POINT('',#1853);
#1853 = CARTESIAN_POINT('',(-1.55,-0.36,-2.775557561563E-17));
#1854 = LINE('',#1855,#1856);
#1855 = CARTESIAN_POINT('',(-1.476449047106,-0.36,-2.775557561563E-17));
#1856 = VECTOR('',#1857,1.);
#1857 = DIRECTION('',(-1.,1.144237745222E-17,0.));
#1858 = ORIENTED_EDGE('',*,*,#1859,.T.);
#1859 = EDGE_CURVE('',#1852,#1860,#1862,.T.);
#1860 = VERTEX_POINT('',#1861);
#1861 = CARTESIAN_POINT('',(-1.55,-0.36,0.15));
#1862 = LINE('',#1863,#1864);
#1863 = CARTESIAN_POINT('',(-1.55,-0.36,-2.775557561563E-17));
#1864 = VECTOR('',#1865,1.);
#1865 = DIRECTION('',(0.,0.,1.));
#1866 = ORIENTED_EDGE('',*,*,#1867,.T.);
#1867 = EDGE_CURVE('',#1860,#1868,#1870,.T.);
#1868 = VERTEX_POINT('',#1869);
#1869 = CARTESIAN_POINT('',(-1.476449047106,-0.36,0.15));
#1870 = LINE('',#1871,#1872);
#1871 = CARTESIAN_POINT('',(-1.55,-0.36,0.15));
#1872 = VECTOR('',#1873,1.);
#1873 = DIRECTION('',(1.,-1.144237745222E-17,0.));
#1874 = ORIENTED_EDGE('',*,*,#1875,.T.);
#1875 = EDGE_CURVE('',#1868,#1876,#1878,.T.);
#1876 = VERTEX_POINT('',#1877);
#1877 = CARTESIAN_POINT('',(-1.427208659456,-0.36,0.191317591117));
#1878 = CIRCLE('',#1879,5.E-02);
#1879 = AXIS2_PLACEMENT_3D('',#1880,#1881,#1882);
#1880 = CARTESIAN_POINT('',(-1.476449047106,-0.36,0.2));
#1881 = DIRECTION('',(-1.144237745222E-17,-1.,-0.));
#1882 = DIRECTION('',(0.,0.,-1.));
#1883 = ORIENTED_EDGE('',*,*,#1884,.T.);
#1884 = EDGE_CURVE('',#1876,#1885,#1887,.T.);
#1885 = VERTEX_POINT('',#1886);
#1886 = CARTESIAN_POINT('',(-1.396961550602,-0.36,0.384729635533));
#1887 = LINE('',#1888,#1889);
#1888 = CARTESIAN_POINT('',(-1.427208659456,-0.36,0.191317591117));
#1889 = VECTOR('',#1890,1.);
#1890 = DIRECTION('',(0.154508905503,-1.767949216498E-18,0.987991395772)
  );
#1891 = ORIENTED_EDGE('',*,*,#1892,.T.);
#1892 = EDGE_CURVE('',#1885,#1893,#1895,.T.);
#1893 = VERTEX_POINT('',#1894);
#1894 = CARTESIAN_POINT('',(-1.2,-0.36,0.55));
#1895 = CIRCLE('',#1896,0.2);
#1896 = AXIS2_PLACEMENT_3D('',#1897,#1898,#1899);
#1897 = CARTESIAN_POINT('',(-1.2,-0.36,0.35));
#1898 = DIRECTION('',(1.144237745222E-17,1.,2.696301922142E-33));
#1899 = DIRECTION('',(-0.984807753012,1.126854202784E-17,0.173648177667)
  );
#1900 = ORIENTED_EDGE('',*,*,#1901,.T.);
#1901 = EDGE_CURVE('',#1893,#706,#1902,.T.);
#1902 = LINE('',#1903,#1904);
#1903 = CARTESIAN_POINT('',(-1.2,-0.36,0.55));
#1904 = VECTOR('',#1905,1.);
#1905 = DIRECTION('',(1.,-1.144237745222E-17,0.));
#1906 = PLANE('',#1907);
#1907 = AXIS2_PLACEMENT_3D('',#1908,#1909,#1910);
#1908 = CARTESIAN_POINT('',(-1.311077541001,-0.36,0.291705835417));
#1909 = DIRECTION('',(1.144237745222E-17,1.,0.));
#1910 = DIRECTION('',(0.,-0.,1.));
#1911 = ADVANCED_FACE('',(#1912),#1931,.F.);
#1912 = FACE_BOUND('',#1913,.F.);
#1913 = EDGE_LOOP('',(#1914,#1915,#1924,#1930));
#1914 = ORIENTED_EDGE('',*,*,#744,.T.);
#1915 = ORIENTED_EDGE('',*,*,#1916,.T.);
#1916 = EDGE_CURVE('',#737,#1917,#1919,.T.);
#1917 = VERTEX_POINT('',#1918);
#1918 = CARTESIAN_POINT('',(-1.249240387651,-0.14,0.358682408883));
#1919 = CIRCLE('',#1920,5.E-02);
#1920 = AXIS2_PLACEMENT_3D('',#1921,#1922,#1923);
#1921 = CARTESIAN_POINT('',(-1.2,-0.14,0.35));
#1922 = DIRECTION('',(-1.144237745222E-17,-1.,0.));
#1923 = DIRECTION('',(0.,0.,1.));
#1924 = ORIENTED_EDGE('',*,*,#1925,.F.);
#1925 = EDGE_CURVE('',#1826,#1917,#1926,.T.);
#1926 = LINE('',#1927,#1928);
#1927 = CARTESIAN_POINT('',(-1.249240387651,-0.36,0.358682408883));
#1928 = VECTOR('',#1929,1.);
#1929 = DIRECTION('',(1.144237745222E-17,1.,0.));
#1930 = ORIENTED_EDGE('',*,*,#1825,.F.);
#1931 = CYLINDRICAL_SURFACE('',#1932,5.E-02);
#1932 = AXIS2_PLACEMENT_3D('',#1933,#1934,#1935);
#1933 = CARTESIAN_POINT('',(-1.2,-0.36,0.35));
#1934 = DIRECTION('',(-1.144237745222E-17,-1.,0.));
#1935 = DIRECTION('',(0.,0.,1.));
#1936 = ADVANCED_FACE('',(#1937),#2015,.T.);
#1937 = FACE_BOUND('',#1938,.T.);
#1938 = EDGE_LOOP('',(#1939,#1940,#1941,#1942,#1950,#1959,#1967,#1975,
    #1983,#1992,#2000,#2009));
#1939 = ORIENTED_EDGE('',*,*,#758,.F.);
#1940 = ORIENTED_EDGE('',*,*,#736,.T.);
#1941 = ORIENTED_EDGE('',*,*,#1916,.T.);
#1942 = ORIENTED_EDGE('',*,*,#1943,.T.);
#1943 = EDGE_CURVE('',#1917,#1944,#1946,.T.);
#1944 = VERTEX_POINT('',#1945);
#1945 = CARTESIAN_POINT('',(-1.279487496504,-0.14,0.165270364467));
#1946 = LINE('',#1947,#1948);
#1947 = CARTESIAN_POINT('',(-1.249240387651,-0.14,0.358682408883));
#1948 = VECTOR('',#1949,1.);
#1949 = DIRECTION('',(-0.154508905503,1.767949216498E-18,-0.987991395772
    ));
#1950 = ORIENTED_EDGE('',*,*,#1951,.T.);
#1951 = EDGE_CURVE('',#1944,#1952,#1954,.T.);
#1952 = VERTEX_POINT('',#1953);
#1953 = CARTESIAN_POINT('',(-1.476449047106,-0.14,-2.775557561563E-17));
#1954 = CIRCLE('',#1955,0.2);
#1955 = AXIS2_PLACEMENT_3D('',#1956,#1957,#1958);
#1956 = CARTESIAN_POINT('',(-1.476449047106,-0.14,0.2));
#1957 = DIRECTION('',(1.144237745222E-17,1.,1.155557966632E-33));
#1958 = DIRECTION('',(0.984807753012,-1.126854202784E-17,-0.173648177667
    ));
#1959 = ORIENTED_EDGE('',*,*,#1960,.T.);
#1960 = EDGE_CURVE('',#1952,#1961,#1963,.T.);
#1961 = VERTEX_POINT('',#1962);
#1962 = CARTESIAN_POINT('',(-1.55,-0.14,-2.775557561563E-17));
#1963 = LINE('',#1964,#1965);
#1964 = CARTESIAN_POINT('',(-1.476449047106,-0.14,-2.775557561563E-17));
#1965 = VECTOR('',#1966,1.);
#1966 = DIRECTION('',(-1.,1.144237745222E-17,0.));
#1967 = ORIENTED_EDGE('',*,*,#1968,.T.);
#1968 = EDGE_CURVE('',#1961,#1969,#1971,.T.);
#1969 = VERTEX_POINT('',#1970);
#1970 = CARTESIAN_POINT('',(-1.55,-0.14,0.15));
#1971 = LINE('',#1972,#1973);
#1972 = CARTESIAN_POINT('',(-1.55,-0.14,-2.775557561563E-17));
#1973 = VECTOR('',#1974,1.);
#1974 = DIRECTION('',(0.,0.,1.));
#1975 = ORIENTED_EDGE('',*,*,#1976,.T.);
#1976 = EDGE_CURVE('',#1969,#1977,#1979,.T.);
#1977 = VERTEX_POINT('',#1978);
#1978 = CARTESIAN_POINT('',(-1.476449047106,-0.14,0.15));
#1979 = LINE('',#1980,#1981);
#1980 = CARTESIAN_POINT('',(-1.55,-0.14,0.15));
#1981 = VECTOR('',#1982,1.);
#1982 = DIRECTION('',(1.,-1.144237745222E-17,0.));
#1983 = ORIENTED_EDGE('',*,*,#1984,.T.);
#1984 = EDGE_CURVE('',#1977,#1985,#1987,.T.);
#1985 = VERTEX_POINT('',#1986);
#1986 = CARTESIAN_POINT('',(-1.427208659456,-0.14,0.191317591117));
#1987 = CIRCLE('',#1988,5.E-02);
#1988 = AXIS2_PLACEMENT_3D('',#1989,#1990,#1991);
#1989 = CARTESIAN_POINT('',(-1.476449047106,-0.14,0.2));
#1990 = DIRECTION('',(-1.144237745222E-17,-1.,-0.));
#1991 = DIRECTION('',(0.,0.,-1.));
#1992 = ORIENTED_EDGE('',*,*,#1993,.T.);
#1993 = EDGE_CURVE('',#1985,#1994,#1996,.T.);
#1994 = VERTEX_POINT('',#1995);
#1995 = CARTESIAN_POINT('',(-1.396961550602,-0.14,0.384729635533));
#1996 = LINE('',#1997,#1998);
#1997 = CARTESIAN_POINT('',(-1.427208659456,-0.14,0.191317591117));
#1998 = VECTOR('',#1999,1.);
#1999 = DIRECTION('',(0.154508905503,-1.767949216498E-18,0.987991395772)
  );
#2000 = ORIENTED_EDGE('',*,*,#2001,.T.);
#2001 = EDGE_CURVE('',#1994,#2002,#2004,.T.);
#2002 = VERTEX_POINT('',#2003);
#2003 = CARTESIAN_POINT('',(-1.2,-0.14,0.55));
#2004 = CIRCLE('',#2005,0.2);
#2005 = AXIS2_PLACEMENT_3D('',#2006,#2007,#2008);
#2006 = CARTESIAN_POINT('',(-1.2,-0.14,0.35));
#2007 = DIRECTION('',(1.144237745222E-17,1.,2.696301922142E-33));
#2008 = DIRECTION('',(-0.984807753012,1.126854202784E-17,0.173648177667)
  );
#2009 = ORIENTED_EDGE('',*,*,#2010,.T.);
#2010 = EDGE_CURVE('',#2002,#759,#2011,.T.);
#2011 = LINE('',#2012,#2013);
#2012 = CARTESIAN_POINT('',(-1.2,-0.14,0.55));
#2013 = VECTOR('',#2014,1.);
#2014 = DIRECTION('',(1.,-1.144237745222E-17,0.));
#2015 = PLANE('',#2016);
#2016 = AXIS2_PLACEMENT_3D('',#2017,#2018,#2019);
#2017 = CARTESIAN_POINT('',(-1.311077541001,-0.14,0.291705835417));
#2018 = DIRECTION('',(1.144237745222E-17,1.,0.));
#2019 = DIRECTION('',(0.,-0.,1.));
#2020 = ADVANCED_FACE('',(#2021),#2037,.F.);
#2021 = FACE_BOUND('',#2022,.F.);
#2022 = EDGE_LOOP('',(#2023,#2024,#2030,#2031));
#2023 = ORIENTED_EDGE('',*,*,#775,.T.);
#2024 = ORIENTED_EDGE('',*,*,#2025,.T.);
#2025 = EDGE_CURVE('',#768,#1306,#2026,.T.);
#2026 = LINE('',#2027,#2028);
#2027 = CARTESIAN_POINT('',(-1.2,0.14,0.55));
#2028 = VECTOR('',#2029,1.);
#2029 = DIRECTION('',(1.,-1.144237745222E-17,0.));
#2030 = ORIENTED_EDGE('',*,*,#1305,.F.);
#2031 = ORIENTED_EDGE('',*,*,#2032,.F.);
#2032 = EDGE_CURVE('',#759,#1298,#2033,.T.);
#2033 = LINE('',#2034,#2035);
#2034 = CARTESIAN_POINT('',(-1.2,-0.14,0.55));
#2035 = VECTOR('',#2036,1.);
#2036 = DIRECTION('',(1.,-1.144237745222E-17,0.));
#2037 = PLANE('',#2038);
#2038 = AXIS2_PLACEMENT_3D('',#2039,#2040,#2041);
#2039 = CARTESIAN_POINT('',(-5.319436351458E-17,0.975,0.55));
#2040 = DIRECTION('',(-1.336794903956E-31,1.084683744679E-27,-1.));
#2041 = DIRECTION('',(1.,1.11414478245E-16,-1.336794903955E-31));
#2042 = ADVANCED_FACE('',(#2043),#2129,.F.);
#2043 = FACE_BOUND('',#2044,.F.);
#2044 = EDGE_LOOP('',(#2045,#2046,#2047,#2056,#2064,#2073,#2081,#2089,
    #2097,#2106,#2114,#2123));
#2045 = ORIENTED_EDGE('',*,*,#767,.F.);
#2046 = ORIENTED_EDGE('',*,*,#789,.T.);
#2047 = ORIENTED_EDGE('',*,*,#2048,.T.);
#2048 = EDGE_CURVE('',#790,#2049,#2051,.T.);
#2049 = VERTEX_POINT('',#2050);
#2050 = CARTESIAN_POINT('',(-1.249240387651,0.14,0.358682408883));
#2051 = CIRCLE('',#2052,5.E-02);
#2052 = AXIS2_PLACEMENT_3D('',#2053,#2054,#2055);
#2053 = CARTESIAN_POINT('',(-1.2,0.14,0.35));
#2054 = DIRECTION('',(-1.144237745222E-17,-1.,0.));
#2055 = DIRECTION('',(0.,0.,1.));
#2056 = ORIENTED_EDGE('',*,*,#2057,.T.);
#2057 = EDGE_CURVE('',#2049,#2058,#2060,.T.);
#2058 = VERTEX_POINT('',#2059);
#2059 = CARTESIAN_POINT('',(-1.279487496504,0.14,0.165270364467));
#2060 = LINE('',#2061,#2062);
#2061 = CARTESIAN_POINT('',(-1.249240387651,0.14,0.358682408883));
#2062 = VECTOR('',#2063,1.);
#2063 = DIRECTION('',(-0.154508905503,1.767949216498E-18,-0.987991395772
    ));
#2064 = ORIENTED_EDGE('',*,*,#2065,.T.);
#2065 = EDGE_CURVE('',#2058,#2066,#2068,.T.);
#2066 = VERTEX_POINT('',#2067);
#2067 = CARTESIAN_POINT('',(-1.476449047106,0.14,-2.775557561563E-17));
#2068 = CIRCLE('',#2069,0.2);
#2069 = AXIS2_PLACEMENT_3D('',#2070,#2071,#2072);
#2070 = CARTESIAN_POINT('',(-1.476449047106,0.14,0.2));
#2071 = DIRECTION('',(1.144237745222E-17,1.,1.155557966632E-33));
#2072 = DIRECTION('',(0.984807753012,-1.126854202784E-17,-0.173648177667
    ));
#2073 = ORIENTED_EDGE('',*,*,#2074,.T.);
#2074 = EDGE_CURVE('',#2066,#2075,#2077,.T.);
#2075 = VERTEX_POINT('',#2076);
#2076 = CARTESIAN_POINT('',(-1.55,0.14,-2.775557561563E-17));
#2077 = LINE('',#2078,#2079);
#2078 = CARTESIAN_POINT('',(-1.476449047106,0.14,-2.775557561563E-17));
#2079 = VECTOR('',#2080,1.);
#2080 = DIRECTION('',(-1.,1.144237745222E-17,0.));
#2081 = ORIENTED_EDGE('',*,*,#2082,.T.);
#2082 = EDGE_CURVE('',#2075,#2083,#2085,.T.);
#2083 = VERTEX_POINT('',#2084);
#2084 = CARTESIAN_POINT('',(-1.55,0.14,0.15));
#2085 = LINE('',#2086,#2087);
#2086 = CARTESIAN_POINT('',(-1.55,0.14,-2.775557561563E-17));
#2087 = VECTOR('',#2088,1.);
#2088 = DIRECTION('',(0.,0.,1.));
#2089 = ORIENTED_EDGE('',*,*,#2090,.T.);
#2090 = EDGE_CURVE('',#2083,#2091,#2093,.T.);
#2091 = VERTEX_POINT('',#2092);
#2092 = CARTESIAN_POINT('',(-1.476449047106,0.14,0.15));
#2093 = LINE('',#2094,#2095);
#2094 = CARTESIAN_POINT('',(-1.55,0.14,0.15));
#2095 = VECTOR('',#2096,1.);
#2096 = DIRECTION('',(1.,-1.144237745222E-17,0.));
#2097 = ORIENTED_EDGE('',*,*,#2098,.T.);
#2098 = EDGE_CURVE('',#2091,#2099,#2101,.T.);
#2099 = VERTEX_POINT('',#2100);
#2100 = CARTESIAN_POINT('',(-1.427208659456,0.14,0.191317591117));
#2101 = CIRCLE('',#2102,5.E-02);
#2102 = AXIS2_PLACEMENT_3D('',#2103,#2104,#2105);
#2103 = CARTESIAN_POINT('',(-1.476449047106,0.14,0.2));
#2104 = DIRECTION('',(-1.144237745222E-17,-1.,-0.));
#2105 = DIRECTION('',(0.,0.,-1.));
#2106 = ORIENTED_EDGE('',*,*,#2107,.T.);
#2107 = EDGE_CURVE('',#2099,#2108,#2110,.T.);
#2108 = VERTEX_POINT('',#2109);
#2109 = CARTESIAN_POINT('',(-1.396961550602,0.14,0.384729635533));
#2110 = LINE('',#2111,#2112);
#2111 = CARTESIAN_POINT('',(-1.427208659456,0.14,0.191317591117));
#2112 = VECTOR('',#2113,1.);
#2113 = DIRECTION('',(0.154508905503,-1.767949216498E-18,0.987991395772)
  );
#2114 = ORIENTED_EDGE('',*,*,#2115,.T.);
#2115 = EDGE_CURVE('',#2108,#2116,#2118,.T.);
#2116 = VERTEX_POINT('',#2117);
#2117 = CARTESIAN_POINT('',(-1.2,0.14,0.55));
#2118 = CIRCLE('',#2119,0.2);
#2119 = AXIS2_PLACEMENT_3D('',#2120,#2121,#2122);
#2120 = CARTESIAN_POINT('',(-1.2,0.14,0.35));
#2121 = DIRECTION('',(1.144237745222E-17,1.,2.696301922142E-33));
#2122 = DIRECTION('',(-0.984807753012,1.126854202784E-17,0.173648177667)
  );
#2123 = ORIENTED_EDGE('',*,*,#2124,.T.);
#2124 = EDGE_CURVE('',#2116,#768,#2125,.T.);
#2125 = LINE('',#2126,#2127);
#2126 = CARTESIAN_POINT('',(-1.2,0.14,0.55));
#2127 = VECTOR('',#2128,1.);
#2128 = DIRECTION('',(1.,-1.144237745222E-17,0.));
#2129 = PLANE('',#2130);
#2130 = AXIS2_PLACEMENT_3D('',#2131,#2132,#2133);
#2131 = CARTESIAN_POINT('',(-1.311077541001,0.14,0.291705835417));
#2132 = DIRECTION('',(1.144237745222E-17,1.,0.));
#2133 = DIRECTION('',(0.,-0.,1.));
#2134 = ADVANCED_FACE('',(#2135),#2154,.F.);
#2135 = FACE_BOUND('',#2136,.F.);
#2136 = EDGE_LOOP('',(#2137,#2138,#2147,#2153));
#2137 = ORIENTED_EDGE('',*,*,#806,.T.);
#2138 = ORIENTED_EDGE('',*,*,#2139,.T.);
#2139 = EDGE_CURVE('',#799,#2140,#2142,.T.);
#2140 = VERTEX_POINT('',#2141);
#2141 = CARTESIAN_POINT('',(-1.249240387651,0.36,0.358682408883));
#2142 = CIRCLE('',#2143,5.E-02);
#2143 = AXIS2_PLACEMENT_3D('',#2144,#2145,#2146);
#2144 = CARTESIAN_POINT('',(-1.2,0.36,0.35));
#2145 = DIRECTION('',(-1.144237745222E-17,-1.,0.));
#2146 = DIRECTION('',(0.,0.,1.));
#2147 = ORIENTED_EDGE('',*,*,#2148,.F.);
#2148 = EDGE_CURVE('',#2049,#2140,#2149,.T.);
#2149 = LINE('',#2150,#2151);
#2150 = CARTESIAN_POINT('',(-1.249240387651,0.14,0.358682408883));
#2151 = VECTOR('',#2152,1.);
#2152 = DIRECTION('',(1.144237745222E-17,1.,0.));
#2153 = ORIENTED_EDGE('',*,*,#2048,.F.);
#2154 = CYLINDRICAL_SURFACE('',#2155,5.E-02);
#2155 = AXIS2_PLACEMENT_3D('',#2156,#2157,#2158);
#2156 = CARTESIAN_POINT('',(-1.2,0.14,0.35));
#2157 = DIRECTION('',(-1.144237745222E-17,-1.,0.));
#2158 = DIRECTION('',(0.,0.,1.));
#2159 = ADVANCED_FACE('',(#2160),#2238,.T.);
#2160 = FACE_BOUND('',#2161,.T.);
#2161 = EDGE_LOOP('',(#2162,#2163,#2164,#2165,#2173,#2182,#2190,#2198,
    #2206,#2215,#2223,#2232));
#2162 = ORIENTED_EDGE('',*,*,#820,.F.);
#2163 = ORIENTED_EDGE('',*,*,#798,.T.);
#2164 = ORIENTED_EDGE('',*,*,#2139,.T.);
#2165 = ORIENTED_EDGE('',*,*,#2166,.T.);
#2166 = EDGE_CURVE('',#2140,#2167,#2169,.T.);
#2167 = VERTEX_POINT('',#2168);
#2168 = CARTESIAN_POINT('',(-1.279487496504,0.36,0.165270364467));
#2169 = LINE('',#2170,#2171);
#2170 = CARTESIAN_POINT('',(-1.249240387651,0.36,0.358682408883));
#2171 = VECTOR('',#2172,1.);
#2172 = DIRECTION('',(-0.154508905503,1.767949216498E-18,-0.987991395772
    ));
#2173 = ORIENTED_EDGE('',*,*,#2174,.T.);
#2174 = EDGE_CURVE('',#2167,#2175,#2177,.T.);
#2175 = VERTEX_POINT('',#2176);
#2176 = CARTESIAN_POINT('',(-1.476449047106,0.36,-2.775557561563E-17));
#2177 = CIRCLE('',#2178,0.2);
#2178 = AXIS2_PLACEMENT_3D('',#2179,#2180,#2181);
#2179 = CARTESIAN_POINT('',(-1.476449047106,0.36,0.2));
#2180 = DIRECTION('',(1.144237745222E-17,1.,1.155557966632E-33));
#2181 = DIRECTION('',(0.984807753012,-1.126854202784E-17,-0.173648177667
    ));
#2182 = ORIENTED_EDGE('',*,*,#2183,.T.);
#2183 = EDGE_CURVE('',#2175,#2184,#2186,.T.);
#2184 = VERTEX_POINT('',#2185);
#2185 = CARTESIAN_POINT('',(-1.55,0.36,-2.775557561563E-17));
#2186 = LINE('',#2187,#2188);
#2187 = CARTESIAN_POINT('',(-1.476449047106,0.36,-2.775557561563E-17));
#2188 = VECTOR('',#2189,1.);
#2189 = DIRECTION('',(-1.,1.144237745222E-17,0.));
#2190 = ORIENTED_EDGE('',*,*,#2191,.T.);
#2191 = EDGE_CURVE('',#2184,#2192,#2194,.T.);
#2192 = VERTEX_POINT('',#2193);
#2193 = CARTESIAN_POINT('',(-1.55,0.36,0.15));
#2194 = LINE('',#2195,#2196);
#2195 = CARTESIAN_POINT('',(-1.55,0.36,-2.775557561563E-17));
#2196 = VECTOR('',#2197,1.);
#2197 = DIRECTION('',(0.,0.,1.));
#2198 = ORIENTED_EDGE('',*,*,#2199,.T.);
#2199 = EDGE_CURVE('',#2192,#2200,#2202,.T.);
#2200 = VERTEX_POINT('',#2201);
#2201 = CARTESIAN_POINT('',(-1.476449047106,0.36,0.15));
#2202 = LINE('',#2203,#2204);
#2203 = CARTESIAN_POINT('',(-1.55,0.36,0.15));
#2204 = VECTOR('',#2205,1.);
#2205 = DIRECTION('',(1.,-1.144237745222E-17,0.));
#2206 = ORIENTED_EDGE('',*,*,#2207,.T.);
#2207 = EDGE_CURVE('',#2200,#2208,#2210,.T.);
#2208 = VERTEX_POINT('',#2209);
#2209 = CARTESIAN_POINT('',(-1.427208659456,0.36,0.191317591117));
#2210 = CIRCLE('',#2211,5.E-02);
#2211 = AXIS2_PLACEMENT_3D('',#2212,#2213,#2214);
#2212 = CARTESIAN_POINT('',(-1.476449047106,0.36,0.2));
#2213 = DIRECTION('',(-1.144237745222E-17,-1.,-0.));
#2214 = DIRECTION('',(0.,0.,-1.));
#2215 = ORIENTED_EDGE('',*,*,#2216,.T.);
#2216 = EDGE_CURVE('',#2208,#2217,#2219,.T.);
#2217 = VERTEX_POINT('',#2218);
#2218 = CARTESIAN_POINT('',(-1.396961550602,0.36,0.384729635533));
#2219 = LINE('',#2220,#2221);
#2220 = CARTESIAN_POINT('',(-1.427208659456,0.36,0.191317591117));
#2221 = VECTOR('',#2222,1.);
#2222 = DIRECTION('',(0.154508905503,-1.767949216498E-18,0.987991395772)
  );
#2223 = ORIENTED_EDGE('',*,*,#2224,.T.);
#2224 = EDGE_CURVE('',#2217,#2225,#2227,.T.);
#2225 = VERTEX_POINT('',#2226);
#2226 = CARTESIAN_POINT('',(-1.2,0.36,0.55));
#2227 = CIRCLE('',#2228,0.2);
#2228 = AXIS2_PLACEMENT_3D('',#2229,#2230,#2231);
#2229 = CARTESIAN_POINT('',(-1.2,0.36,0.35));
#2230 = DIRECTION('',(1.144237745222E-17,1.,2.696301922142E-33));
#2231 = DIRECTION('',(-0.984807753012,1.126854202784E-17,0.173648177667)
  );
#2232 = ORIENTED_EDGE('',*,*,#2233,.T.);
#2233 = EDGE_CURVE('',#2225,#821,#2234,.T.);
#2234 = LINE('',#2235,#2236);
#2235 = CARTESIAN_POINT('',(-1.2,0.36,0.55));
#2236 = VECTOR('',#2237,1.);
#2237 = DIRECTION('',(1.,-1.144237745222E-17,0.));
#2238 = PLANE('',#2239);
#2239 = AXIS2_PLACEMENT_3D('',#2240,#2241,#2242);
#2240 = CARTESIAN_POINT('',(-1.311077541001,0.36,0.291705835417));
#2241 = DIRECTION('',(1.144237745222E-17,1.,0.));
#2242 = DIRECTION('',(0.,-0.,1.));
#2243 = ADVANCED_FACE('',(#2244),#2255,.F.);
#2244 = FACE_BOUND('',#2245,.F.);
#2245 = EDGE_LOOP('',(#2246,#2247,#2248,#2249));
#2246 = ORIENTED_EDGE('',*,*,#837,.T.);
#2247 = ORIENTED_EDGE('',*,*,#1257,.T.);
#2248 = ORIENTED_EDGE('',*,*,#1321,.F.);
#2249 = ORIENTED_EDGE('',*,*,#2250,.F.);
#2250 = EDGE_CURVE('',#821,#1314,#2251,.T.);
#2251 = LINE('',#2252,#2253);
#2252 = CARTESIAN_POINT('',(-1.2,0.36,0.55));
#2253 = VECTOR('',#2254,1.);
#2254 = DIRECTION('',(1.,-1.144237745222E-17,0.));
#2255 = PLANE('',#2256);
#2256 = AXIS2_PLACEMENT_3D('',#2257,#2258,#2259);
#2257 = CARTESIAN_POINT('',(-5.319436351458E-17,0.975,0.55));
#2258 = DIRECTION('',(-1.336794903956E-31,1.084683744679E-27,-1.));
#2259 = DIRECTION('',(1.,1.11414478245E-16,-1.336794903955E-31));
#2260 = ADVANCED_FACE('',(#2261),#2340,.F.);
#2261 = FACE_BOUND('',#2262,.F.);
#2262 = EDGE_LOOP('',(#2263,#2264,#2265,#2274,#2282,#2291,#2299,#2307,
    #2315,#2324,#2332,#2339));
#2263 = ORIENTED_EDGE('',*,*,#829,.F.);
#2264 = ORIENTED_EDGE('',*,*,#851,.T.);
#2265 = ORIENTED_EDGE('',*,*,#2266,.T.);
#2266 = EDGE_CURVE('',#852,#2267,#2269,.T.);
#2267 = VERTEX_POINT('',#2268);
#2268 = CARTESIAN_POINT('',(-1.249240387651,0.64,0.358682408883));
#2269 = CIRCLE('',#2270,5.E-02);
#2270 = AXIS2_PLACEMENT_3D('',#2271,#2272,#2273);
#2271 = CARTESIAN_POINT('',(-1.2,0.64,0.35));
#2272 = DIRECTION('',(-1.144237745222E-17,-1.,0.));
#2273 = DIRECTION('',(0.,0.,1.));
#2274 = ORIENTED_EDGE('',*,*,#2275,.T.);
#2275 = EDGE_CURVE('',#2267,#2276,#2278,.T.);
#2276 = VERTEX_POINT('',#2277);
#2277 = CARTESIAN_POINT('',(-1.279487496504,0.64,0.165270364467));
#2278 = LINE('',#2279,#2280);
#2279 = CARTESIAN_POINT('',(-1.249240387651,0.64,0.358682408883));
#2280 = VECTOR('',#2281,1.);
#2281 = DIRECTION('',(-0.154508905503,1.767949216498E-18,-0.987991395772
    ));
#2282 = ORIENTED_EDGE('',*,*,#2283,.T.);
#2283 = EDGE_CURVE('',#2276,#2284,#2286,.T.);
#2284 = VERTEX_POINT('',#2285);
#2285 = CARTESIAN_POINT('',(-1.476449047106,0.64,-2.775557561563E-17));
#2286 = CIRCLE('',#2287,0.2);
#2287 = AXIS2_PLACEMENT_3D('',#2288,#2289,#2290);
#2288 = CARTESIAN_POINT('',(-1.476449047106,0.64,0.2));
#2289 = DIRECTION('',(1.144237745222E-17,1.,1.155557966632E-33));
#2290 = DIRECTION('',(0.984807753012,-1.126854202784E-17,-0.173648177667
    ));
#2291 = ORIENTED_EDGE('',*,*,#2292,.T.);
#2292 = EDGE_CURVE('',#2284,#2293,#2295,.T.);
#2293 = VERTEX_POINT('',#2294);
#2294 = CARTESIAN_POINT('',(-1.55,0.64,-2.775557561563E-17));
#2295 = LINE('',#2296,#2297);
#2296 = CARTESIAN_POINT('',(-1.476449047106,0.64,-2.775557561563E-17));
#2297 = VECTOR('',#2298,1.);
#2298 = DIRECTION('',(-1.,1.144237745222E-17,0.));
#2299 = ORIENTED_EDGE('',*,*,#2300,.T.);
#2300 = EDGE_CURVE('',#2293,#2301,#2303,.T.);
#2301 = VERTEX_POINT('',#2302);
#2302 = CARTESIAN_POINT('',(-1.55,0.64,0.15));
#2303 = LINE('',#2304,#2305);
#2304 = CARTESIAN_POINT('',(-1.55,0.64,-2.775557561563E-17));
#2305 = VECTOR('',#2306,1.);
#2306 = DIRECTION('',(0.,0.,1.));
#2307 = ORIENTED_EDGE('',*,*,#2308,.T.);
#2308 = EDGE_CURVE('',#2301,#2309,#2311,.T.);
#2309 = VERTEX_POINT('',#2310);
#2310 = CARTESIAN_POINT('',(-1.476449047106,0.64,0.15));
#2311 = LINE('',#2312,#2313);
#2312 = CARTESIAN_POINT('',(-1.55,0.64,0.15));
#2313 = VECTOR('',#2314,1.);
#2314 = DIRECTION('',(1.,-1.144237745222E-17,0.));
#2315 = ORIENTED_EDGE('',*,*,#2316,.T.);
#2316 = EDGE_CURVE('',#2309,#2317,#2319,.T.);
#2317 = VERTEX_POINT('',#2318);
#2318 = CARTESIAN_POINT('',(-1.427208659456,0.64,0.191317591117));
#2319 = CIRCLE('',#2320,5.E-02);
#2320 = AXIS2_PLACEMENT_3D('',#2321,#2322,#2323);
#2321 = CARTESIAN_POINT('',(-1.476449047106,0.64,0.2));
#2322 = DIRECTION('',(-1.144237745222E-17,-1.,-0.));
#2323 = DIRECTION('',(0.,0.,-1.));
#2324 = ORIENTED_EDGE('',*,*,#2325,.T.);
#2325 = EDGE_CURVE('',#2317,#2326,#2328,.T.);
#2326 = VERTEX_POINT('',#2327);
#2327 = CARTESIAN_POINT('',(-1.396961550602,0.64,0.384729635533));
#2328 = LINE('',#2329,#2330);
#2329 = CARTESIAN_POINT('',(-1.427208659456,0.64,0.191317591117));
#2330 = VECTOR('',#2331,1.);
#2331 = DIRECTION('',(0.154508905503,-1.767949216498E-18,0.987991395772)
  );
#2332 = ORIENTED_EDGE('',*,*,#2333,.T.);
#2333 = EDGE_CURVE('',#2326,#1227,#2334,.T.);
#2334 = CIRCLE('',#2335,0.2);
#2335 = AXIS2_PLACEMENT_3D('',#2336,#2337,#2338);
#2336 = CARTESIAN_POINT('',(-1.2,0.64,0.35));
#2337 = DIRECTION('',(1.144237745222E-17,1.,2.696301922142E-33));
#2338 = DIRECTION('',(-0.984807753012,1.126854202784E-17,0.173648177667)
  );
#2339 = ORIENTED_EDGE('',*,*,#1226,.T.);
#2340 = PLANE('',#2341);
#2341 = AXIS2_PLACEMENT_3D('',#2342,#2343,#2344);
#2342 = CARTESIAN_POINT('',(-1.311077541001,0.64,0.291705835417));
#2343 = DIRECTION('',(1.144237745222E-17,1.,0.));
#2344 = DIRECTION('',(0.,-0.,1.));
#2345 = ADVANCED_FACE('',(#2346),#2365,.F.);
#2346 = FACE_BOUND('',#2347,.F.);
#2347 = EDGE_LOOP('',(#2348,#2349,#2358,#2364));
#2348 = ORIENTED_EDGE('',*,*,#868,.T.);
#2349 = ORIENTED_EDGE('',*,*,#2350,.T.);
#2350 = EDGE_CURVE('',#861,#2351,#2353,.T.);
#2351 = VERTEX_POINT('',#2352);
#2352 = CARTESIAN_POINT('',(-1.249240387651,0.86,0.358682408883));
#2353 = CIRCLE('',#2354,5.E-02);
#2354 = AXIS2_PLACEMENT_3D('',#2355,#2356,#2357);
#2355 = CARTESIAN_POINT('',(-1.2,0.86,0.35));
#2356 = DIRECTION('',(-1.144237745222E-17,-1.,0.));
#2357 = DIRECTION('',(0.,0.,1.));
#2358 = ORIENTED_EDGE('',*,*,#2359,.F.);
#2359 = EDGE_CURVE('',#2267,#2351,#2360,.T.);
#2360 = LINE('',#2361,#2362);
#2361 = CARTESIAN_POINT('',(-1.249240387651,0.64,0.358682408883));
#2362 = VECTOR('',#2363,1.);
#2363 = DIRECTION('',(1.144237745222E-17,1.,0.));
#2364 = ORIENTED_EDGE('',*,*,#2266,.F.);
#2365 = CYLINDRICAL_SURFACE('',#2366,5.E-02);
#2366 = AXIS2_PLACEMENT_3D('',#2367,#2368,#2369);
#2367 = CARTESIAN_POINT('',(-1.2,0.64,0.35));
#2368 = DIRECTION('',(-1.144237745222E-17,-1.,0.));
#2369 = DIRECTION('',(0.,0.,1.));
#2370 = ADVANCED_FACE('',(#2371),#2442,.T.);
#2371 = FACE_BOUND('',#2372,.T.);
#2372 = EDGE_LOOP('',(#2373,#2374,#2375,#2376,#2384,#2393,#2401,#2409,
    #2417,#2426,#2434,#2441));
#2373 = ORIENTED_EDGE('',*,*,#882,.F.);
#2374 = ORIENTED_EDGE('',*,*,#860,.T.);
#2375 = ORIENTED_EDGE('',*,*,#2350,.T.);
#2376 = ORIENTED_EDGE('',*,*,#2377,.T.);
#2377 = EDGE_CURVE('',#2351,#2378,#2380,.T.);
#2378 = VERTEX_POINT('',#2379);
#2379 = CARTESIAN_POINT('',(-1.279487496504,0.86,0.165270364467));
#2380 = LINE('',#2381,#2382);
#2381 = CARTESIAN_POINT('',(-1.249240387651,0.86,0.358682408883));
#2382 = VECTOR('',#2383,1.);
#2383 = DIRECTION('',(-0.154508905503,1.767949216498E-18,-0.987991395772
    ));
#2384 = ORIENTED_EDGE('',*,*,#2385,.T.);
#2385 = EDGE_CURVE('',#2378,#2386,#2388,.T.);
#2386 = VERTEX_POINT('',#2387);
#2387 = CARTESIAN_POINT('',(-1.476449047106,0.86,-2.775557561563E-17));
#2388 = CIRCLE('',#2389,0.2);
#2389 = AXIS2_PLACEMENT_3D('',#2390,#2391,#2392);
#2390 = CARTESIAN_POINT('',(-1.476449047106,0.86,0.2));
#2391 = DIRECTION('',(1.144237745222E-17,1.,1.155557966632E-33));
#2392 = DIRECTION('',(0.984807753012,-1.126854202784E-17,-0.173648177667
    ));
#2393 = ORIENTED_EDGE('',*,*,#2394,.T.);
#2394 = EDGE_CURVE('',#2386,#2395,#2397,.T.);
#2395 = VERTEX_POINT('',#2396);
#2396 = CARTESIAN_POINT('',(-1.55,0.86,-2.775557561563E-17));
#2397 = LINE('',#2398,#2399);
#2398 = CARTESIAN_POINT('',(-1.476449047106,0.86,-2.775557561563E-17));
#2399 = VECTOR('',#2400,1.);
#2400 = DIRECTION('',(-1.,1.144237745222E-17,0.));
#2401 = ORIENTED_EDGE('',*,*,#2402,.T.);
#2402 = EDGE_CURVE('',#2395,#2403,#2405,.T.);
#2403 = VERTEX_POINT('',#2404);
#2404 = CARTESIAN_POINT('',(-1.55,0.86,0.15));
#2405 = LINE('',#2406,#2407);
#2406 = CARTESIAN_POINT('',(-1.55,0.86,-2.775557561563E-17));
#2407 = VECTOR('',#2408,1.);
#2408 = DIRECTION('',(0.,0.,1.));
#2409 = ORIENTED_EDGE('',*,*,#2410,.T.);
#2410 = EDGE_CURVE('',#2403,#2411,#2413,.T.);
#2411 = VERTEX_POINT('',#2412);
#2412 = CARTESIAN_POINT('',(-1.476449047106,0.86,0.15));
#2413 = LINE('',#2414,#2415);
#2414 = CARTESIAN_POINT('',(-1.55,0.86,0.15));
#2415 = VECTOR('',#2416,1.);
#2416 = DIRECTION('',(1.,-1.144237745222E-17,0.));
#2417 = ORIENTED_EDGE('',*,*,#2418,.T.);
#2418 = EDGE_CURVE('',#2411,#2419,#2421,.T.);
#2419 = VERTEX_POINT('',#2420);
#2420 = CARTESIAN_POINT('',(-1.427208659456,0.86,0.191317591117));
#2421 = CIRCLE('',#2422,5.E-02);
#2422 = AXIS2_PLACEMENT_3D('',#2423,#2424,#2425);
#2423 = CARTESIAN_POINT('',(-1.476449047106,0.86,0.2));
#2424 = DIRECTION('',(-1.144237745222E-17,-1.,-0.));
#2425 = DIRECTION('',(0.,0.,-1.));
#2426 = ORIENTED_EDGE('',*,*,#2427,.T.);
#2427 = EDGE_CURVE('',#2419,#2428,#2430,.T.);
#2428 = VERTEX_POINT('',#2429);
#2429 = CARTESIAN_POINT('',(-1.396961550602,0.86,0.384729635533));
#2430 = LINE('',#2431,#2432);
#2431 = CARTESIAN_POINT('',(-1.427208659456,0.86,0.191317591117));
#2432 = VECTOR('',#2433,1.);
#2433 = DIRECTION('',(0.154508905503,-1.767949216498E-18,0.987991395772)
  );
#2434 = ORIENTED_EDGE('',*,*,#2435,.T.);
#2435 = EDGE_CURVE('',#2428,#1235,#2436,.T.);
#2436 = CIRCLE('',#2437,0.2);
#2437 = AXIS2_PLACEMENT_3D('',#2438,#2439,#2440);
#2438 = CARTESIAN_POINT('',(-1.2,0.86,0.35));
#2439 = DIRECTION('',(1.144237745222E-17,1.,2.696301922142E-33));
#2440 = DIRECTION('',(-0.984807753012,1.126854202784E-17,0.173648177667)
  );
#2441 = ORIENTED_EDGE('',*,*,#1242,.T.);
#2442 = PLANE('',#2443);
#2443 = AXIS2_PLACEMENT_3D('',#2444,#2445,#2446);
#2444 = CARTESIAN_POINT('',(-1.311077541001,0.86,0.291705835417));
#2445 = DIRECTION('',(1.144237745222E-17,1.,0.));
#2446 = DIRECTION('',(0.,-0.,1.));
#2447 = ADVANCED_FACE('',(#2448),#2527,.F.);
#2448 = FACE_BOUND('',#2449,.F.);
#2449 = EDGE_LOOP('',(#2450,#2451,#2452,#2461,#2469,#2478,#2486,#2494,
    #2502,#2511,#2519,#2526));
#2450 = ORIENTED_EDGE('',*,*,#901,.F.);
#2451 = ORIENTED_EDGE('',*,*,#916,.T.);
#2452 = ORIENTED_EDGE('',*,*,#2453,.T.);
#2453 = EDGE_CURVE('',#917,#2454,#2456,.T.);
#2454 = VERTEX_POINT('',#2455);
#2455 = CARTESIAN_POINT('',(1.249240387651,0.86,0.358682408883));
#2456 = CIRCLE('',#2457,5.E-02);
#2457 = AXIS2_PLACEMENT_3D('',#2458,#2459,#2460);
#2458 = CARTESIAN_POINT('',(1.2,0.86,0.35));
#2459 = DIRECTION('',(-1.110223024625E-16,1.,0.));
#2460 = DIRECTION('',(0.,0.,1.));
#2461 = ORIENTED_EDGE('',*,*,#2462,.T.);
#2462 = EDGE_CURVE('',#2454,#2463,#2465,.T.);
#2463 = VERTEX_POINT('',#2464);
#2464 = CARTESIAN_POINT('',(1.279487496504,0.86,0.165270364467));
#2465 = LINE('',#2466,#2467);
#2466 = CARTESIAN_POINT('',(1.249240387651,0.86,0.358682408883));
#2467 = VECTOR('',#2468,1.);
#2468 = DIRECTION('',(0.154508905503,1.715393443994E-17,-0.987991395772)
  );
#2469 = ORIENTED_EDGE('',*,*,#2470,.T.);
#2470 = EDGE_CURVE('',#2463,#2471,#2473,.T.);
#2471 = VERTEX_POINT('',#2472);
#2472 = CARTESIAN_POINT('',(1.476449047106,0.86,-2.775557561563E-17));
#2473 = CIRCLE('',#2474,0.2);
#2474 = AXIS2_PLACEMENT_3D('',#2475,#2476,#2477);
#2475 = CARTESIAN_POINT('',(1.476449047106,0.86,0.2));
#2476 = DIRECTION('',(1.110223024625E-16,-1.,0.));
#2477 = DIRECTION('',(-0.984807753012,-1.093356242223E-16,
    -0.173648177667));
#2478 = ORIENTED_EDGE('',*,*,#2479,.T.);
#2479 = EDGE_CURVE('',#2471,#2480,#2482,.T.);
#2480 = VERTEX_POINT('',#2481);
#2481 = CARTESIAN_POINT('',(1.55,0.86,-2.775557561563E-17));
#2482 = LINE('',#2483,#2484);
#2483 = CARTESIAN_POINT('',(1.476449047106,0.86,-2.775557561563E-17));
#2484 = VECTOR('',#2485,1.);
#2485 = DIRECTION('',(1.,1.110223024625E-16,0.));
#2486 = ORIENTED_EDGE('',*,*,#2487,.T.);
#2487 = EDGE_CURVE('',#2480,#2488,#2490,.T.);
#2488 = VERTEX_POINT('',#2489);
#2489 = CARTESIAN_POINT('',(1.55,0.86,0.15));
#2490 = LINE('',#2491,#2492);
#2491 = CARTESIAN_POINT('',(1.55,0.86,-2.775557561563E-17));
#2492 = VECTOR('',#2493,1.);
#2493 = DIRECTION('',(0.,0.,1.));
#2494 = ORIENTED_EDGE('',*,*,#2495,.T.);
#2495 = EDGE_CURVE('',#2488,#2496,#2498,.T.);
#2496 = VERTEX_POINT('',#2497);
#2497 = CARTESIAN_POINT('',(1.476449047106,0.86,0.15));
#2498 = LINE('',#2499,#2500);
#2499 = CARTESIAN_POINT('',(1.55,0.86,0.15));
#2500 = VECTOR('',#2501,1.);
#2501 = DIRECTION('',(-1.,-1.110223024625E-16,0.));
#2502 = ORIENTED_EDGE('',*,*,#2503,.T.);
#2503 = EDGE_CURVE('',#2496,#2504,#2506,.T.);
#2504 = VERTEX_POINT('',#2505);
#2505 = CARTESIAN_POINT('',(1.427208659456,0.86,0.191317591117));
#2506 = CIRCLE('',#2507,5.E-02);
#2507 = AXIS2_PLACEMENT_3D('',#2508,#2509,#2510);
#2508 = CARTESIAN_POINT('',(1.476449047106,0.86,0.2));
#2509 = DIRECTION('',(-1.110223024625E-16,1.,0.));
#2510 = DIRECTION('',(0.,0.,-1.));
#2511 = ORIENTED_EDGE('',*,*,#2512,.T.);
#2512 = EDGE_CURVE('',#2504,#2513,#2515,.T.);
#2513 = VERTEX_POINT('',#2514);
#2514 = CARTESIAN_POINT('',(1.396961550602,0.86,0.384729635533));
#2515 = LINE('',#2516,#2517);
#2516 = CARTESIAN_POINT('',(1.427208659456,0.86,0.191317591117));
#2517 = VECTOR('',#2518,1.);
#2518 = DIRECTION('',(-0.154508905503,-1.715393443994E-17,0.987991395772
    ));
#2519 = ORIENTED_EDGE('',*,*,#2520,.T.);
#2520 = EDGE_CURVE('',#2513,#1514,#2521,.T.);
#2521 = CIRCLE('',#2522,0.2);
#2522 = AXIS2_PLACEMENT_3D('',#2523,#2524,#2525);
#2523 = CARTESIAN_POINT('',(1.2,0.86,0.35));
#2524 = DIRECTION('',(1.110223024625E-16,-1.,0.));
#2525 = DIRECTION('',(0.984807753012,1.093356242223E-16,0.173648177667)
  );
#2526 = ORIENTED_EDGE('',*,*,#1513,.T.);
#2527 = PLANE('',#2528);
#2528 = AXIS2_PLACEMENT_3D('',#2529,#2530,#2531);
#2529 = CARTESIAN_POINT('',(1.311077541001,0.86,0.291705835417));
#2530 = DIRECTION('',(1.110223024625E-16,-1.,0.));
#2531 = DIRECTION('',(0.,0.,1.));
#2532 = ADVANCED_FACE('',(#2533),#2552,.F.);
#2533 = FACE_BOUND('',#2534,.F.);
#2534 = EDGE_LOOP('',(#2535,#2536,#2545,#2551));
#2535 = ORIENTED_EDGE('',*,*,#933,.T.);
#2536 = ORIENTED_EDGE('',*,*,#2537,.T.);
#2537 = EDGE_CURVE('',#926,#2538,#2540,.T.);
#2538 = VERTEX_POINT('',#2539);
#2539 = CARTESIAN_POINT('',(1.249240387651,0.64,0.358682408883));
#2540 = CIRCLE('',#2541,5.E-02);
#2541 = AXIS2_PLACEMENT_3D('',#2542,#2543,#2544);
#2542 = CARTESIAN_POINT('',(1.2,0.64,0.35));
#2543 = DIRECTION('',(-1.110223024625E-16,1.,0.));
#2544 = DIRECTION('',(0.,0.,1.));
#2545 = ORIENTED_EDGE('',*,*,#2546,.F.);
#2546 = EDGE_CURVE('',#2454,#2538,#2547,.T.);
#2547 = LINE('',#2548,#2549);
#2548 = CARTESIAN_POINT('',(1.249240387651,0.86,0.358682408883));
#2549 = VECTOR('',#2550,1.);
#2550 = DIRECTION('',(1.110223024625E-16,-1.,0.));
#2551 = ORIENTED_EDGE('',*,*,#2453,.F.);
#2552 = CYLINDRICAL_SURFACE('',#2553,5.E-02);
#2553 = AXIS2_PLACEMENT_3D('',#2554,#2555,#2556);
#2554 = CARTESIAN_POINT('',(1.2,0.86,0.35));
#2555 = DIRECTION('',(-1.110223024625E-16,1.,0.));
#2556 = DIRECTION('',(0.,0.,1.));
#2557 = ADVANCED_FACE('',(#2558),#2629,.T.);
#2558 = FACE_BOUND('',#2559,.T.);
#2559 = EDGE_LOOP('',(#2560,#2561,#2562,#2563,#2571,#2580,#2588,#2596,
    #2604,#2613,#2621,#2628));
#2560 = ORIENTED_EDGE('',*,*,#947,.F.);
#2561 = ORIENTED_EDGE('',*,*,#925,.T.);
#2562 = ORIENTED_EDGE('',*,*,#2537,.T.);
#2563 = ORIENTED_EDGE('',*,*,#2564,.T.);
#2564 = EDGE_CURVE('',#2538,#2565,#2567,.T.);
#2565 = VERTEX_POINT('',#2566);
#2566 = CARTESIAN_POINT('',(1.279487496504,0.64,0.165270364467));
#2567 = LINE('',#2568,#2569);
#2568 = CARTESIAN_POINT('',(1.249240387651,0.64,0.358682408883));
#2569 = VECTOR('',#2570,1.);
#2570 = DIRECTION('',(0.154508905503,1.715393443994E-17,-0.987991395772)
  );
#2571 = ORIENTED_EDGE('',*,*,#2572,.T.);
#2572 = EDGE_CURVE('',#2565,#2573,#2575,.T.);
#2573 = VERTEX_POINT('',#2574);
#2574 = CARTESIAN_POINT('',(1.476449047106,0.64,-2.775557561563E-17));
#2575 = CIRCLE('',#2576,0.2);
#2576 = AXIS2_PLACEMENT_3D('',#2577,#2578,#2579);
#2577 = CARTESIAN_POINT('',(1.476449047106,0.64,0.2));
#2578 = DIRECTION('',(1.110223024625E-16,-1.,0.));
#2579 = DIRECTION('',(-0.984807753012,-1.093356242223E-16,
    -0.173648177667));
#2580 = ORIENTED_EDGE('',*,*,#2581,.T.);
#2581 = EDGE_CURVE('',#2573,#2582,#2584,.T.);
#2582 = VERTEX_POINT('',#2583);
#2583 = CARTESIAN_POINT('',(1.55,0.64,-2.775557561563E-17));
#2584 = LINE('',#2585,#2586);
#2585 = CARTESIAN_POINT('',(1.476449047106,0.64,-2.775557561563E-17));
#2586 = VECTOR('',#2587,1.);
#2587 = DIRECTION('',(1.,1.110223024625E-16,0.));
#2588 = ORIENTED_EDGE('',*,*,#2589,.T.);
#2589 = EDGE_CURVE('',#2582,#2590,#2592,.T.);
#2590 = VERTEX_POINT('',#2591);
#2591 = CARTESIAN_POINT('',(1.55,0.64,0.15));
#2592 = LINE('',#2593,#2594);
#2593 = CARTESIAN_POINT('',(1.55,0.64,-2.775557561563E-17));
#2594 = VECTOR('',#2595,1.);
#2595 = DIRECTION('',(0.,0.,1.));
#2596 = ORIENTED_EDGE('',*,*,#2597,.T.);
#2597 = EDGE_CURVE('',#2590,#2598,#2600,.T.);
#2598 = VERTEX_POINT('',#2599);
#2599 = CARTESIAN_POINT('',(1.476449047106,0.64,0.15));
#2600 = LINE('',#2601,#2602);
#2601 = CARTESIAN_POINT('',(1.55,0.64,0.15));
#2602 = VECTOR('',#2603,1.);
#2603 = DIRECTION('',(-1.,-1.110223024625E-16,0.));
#2604 = ORIENTED_EDGE('',*,*,#2605,.T.);
#2605 = EDGE_CURVE('',#2598,#2606,#2608,.T.);
#2606 = VERTEX_POINT('',#2607);
#2607 = CARTESIAN_POINT('',(1.427208659456,0.64,0.191317591117));
#2608 = CIRCLE('',#2609,5.E-02);
#2609 = AXIS2_PLACEMENT_3D('',#2610,#2611,#2612);
#2610 = CARTESIAN_POINT('',(1.476449047106,0.64,0.2));
#2611 = DIRECTION('',(-1.110223024625E-16,1.,0.));
#2612 = DIRECTION('',(0.,0.,-1.));
#2613 = ORIENTED_EDGE('',*,*,#2614,.T.);
#2614 = EDGE_CURVE('',#2606,#2615,#2617,.T.);
#2615 = VERTEX_POINT('',#2616);
#2616 = CARTESIAN_POINT('',(1.396961550602,0.64,0.384729635533));
#2617 = LINE('',#2618,#2619);
#2618 = CARTESIAN_POINT('',(1.427208659456,0.64,0.191317591117));
#2619 = VECTOR('',#2620,1.);
#2620 = DIRECTION('',(-0.154508905503,-1.715393443994E-17,0.987991395772
    ));
#2621 = ORIENTED_EDGE('',*,*,#2622,.T.);
#2622 = EDGE_CURVE('',#2615,#1522,#2623,.T.);
#2623 = CIRCLE('',#2624,0.2);
#2624 = AXIS2_PLACEMENT_3D('',#2625,#2626,#2627);
#2625 = CARTESIAN_POINT('',(1.2,0.64,0.35));
#2626 = DIRECTION('',(1.110223024625E-16,-1.,0.));
#2627 = DIRECTION('',(0.984807753012,1.093356242223E-16,0.173648177667)
  );
#2628 = ORIENTED_EDGE('',*,*,#1529,.T.);
#2629 = PLANE('',#2630);
#2630 = AXIS2_PLACEMENT_3D('',#2631,#2632,#2633);
#2631 = CARTESIAN_POINT('',(1.311077541001,0.64,0.291705835417));
#2632 = DIRECTION('',(1.110223024625E-16,-1.,0.));
#2633 = DIRECTION('',(0.,0.,1.));
#2634 = ADVANCED_FACE('',(#2635),#2646,.F.);
#2635 = FACE_BOUND('',#2636,.F.);
#2636 = EDGE_LOOP('',(#2637,#2638,#2639,#2645));
#2637 = ORIENTED_EDGE('',*,*,#1535,.F.);
#2638 = ORIENTED_EDGE('',*,*,#964,.T.);
#2639 = ORIENTED_EDGE('',*,*,#2640,.T.);
#2640 = EDGE_CURVE('',#957,#1436,#2641,.T.);
#2641 = LINE('',#2642,#2643);
#2642 = CARTESIAN_POINT('',(1.2,0.36,0.55));
#2643 = VECTOR('',#2644,1.);
#2644 = DIRECTION('',(-1.,-1.110223024625E-16,0.));
#2645 = ORIENTED_EDGE('',*,*,#1435,.F.);
#2646 = PLANE('',#2647);
#2647 = AXIS2_PLACEMENT_3D('',#2648,#2649,#2650);
#2648 = CARTESIAN_POINT('',(-5.319436351458E-17,0.975,0.55));
#2649 = DIRECTION('',(-1.336794903956E-31,1.084683744679E-27,-1.));
#2650 = DIRECTION('',(1.,1.11414478245E-16,-1.336794903955E-31));
#2651 = ADVANCED_FACE('',(#2652),#2738,.F.);
#2652 = FACE_BOUND('',#2653,.F.);
#2653 = EDGE_LOOP('',(#2654,#2655,#2656,#2665,#2673,#2682,#2690,#2698,
    #2706,#2715,#2723,#2732));
#2654 = ORIENTED_EDGE('',*,*,#956,.F.);
#2655 = ORIENTED_EDGE('',*,*,#978,.T.);
#2656 = ORIENTED_EDGE('',*,*,#2657,.T.);
#2657 = EDGE_CURVE('',#979,#2658,#2660,.T.);
#2658 = VERTEX_POINT('',#2659);
#2659 = CARTESIAN_POINT('',(1.249240387651,0.36,0.358682408883));
#2660 = CIRCLE('',#2661,5.E-02);
#2661 = AXIS2_PLACEMENT_3D('',#2662,#2663,#2664);
#2662 = CARTESIAN_POINT('',(1.2,0.36,0.35));
#2663 = DIRECTION('',(-1.110223024625E-16,1.,0.));
#2664 = DIRECTION('',(0.,0.,1.));
#2665 = ORIENTED_EDGE('',*,*,#2666,.T.);
#2666 = EDGE_CURVE('',#2658,#2667,#2669,.T.);
#2667 = VERTEX_POINT('',#2668);
#2668 = CARTESIAN_POINT('',(1.279487496504,0.36,0.165270364467));
#2669 = LINE('',#2670,#2671);
#2670 = CARTESIAN_POINT('',(1.249240387651,0.36,0.358682408883));
#2671 = VECTOR('',#2672,1.);
#2672 = DIRECTION('',(0.154508905503,1.715393443994E-17,-0.987991395772)
  );
#2673 = ORIENTED_EDGE('',*,*,#2674,.T.);
#2674 = EDGE_CURVE('',#2667,#2675,#2677,.T.);
#2675 = VERTEX_POINT('',#2676);
#2676 = CARTESIAN_POINT('',(1.476449047106,0.36,-2.775557561563E-17));
#2677 = CIRCLE('',#2678,0.2);
#2678 = AXIS2_PLACEMENT_3D('',#2679,#2680,#2681);
#2679 = CARTESIAN_POINT('',(1.476449047106,0.36,0.2));
#2680 = DIRECTION('',(1.110223024625E-16,-1.,0.));
#2681 = DIRECTION('',(-0.984807753012,-1.093356242223E-16,
    -0.173648177667));
#2682 = ORIENTED_EDGE('',*,*,#2683,.T.);
#2683 = EDGE_CURVE('',#2675,#2684,#2686,.T.);
#2684 = VERTEX_POINT('',#2685);
#2685 = CARTESIAN_POINT('',(1.55,0.36,-2.775557561563E-17));
#2686 = LINE('',#2687,#2688);
#2687 = CARTESIAN_POINT('',(1.476449047106,0.36,-2.775557561563E-17));
#2688 = VECTOR('',#2689,1.);
#2689 = DIRECTION('',(1.,1.110223024625E-16,0.));
#2690 = ORIENTED_EDGE('',*,*,#2691,.T.);
#2691 = EDGE_CURVE('',#2684,#2692,#2694,.T.);
#2692 = VERTEX_POINT('',#2693);
#2693 = CARTESIAN_POINT('',(1.55,0.36,0.15));
#2694 = LINE('',#2695,#2696);
#2695 = CARTESIAN_POINT('',(1.55,0.36,-2.775557561563E-17));
#2696 = VECTOR('',#2697,1.);
#2697 = DIRECTION('',(0.,0.,1.));
#2698 = ORIENTED_EDGE('',*,*,#2699,.T.);
#2699 = EDGE_CURVE('',#2692,#2700,#2702,.T.);
#2700 = VERTEX_POINT('',#2701);
#2701 = CARTESIAN_POINT('',(1.476449047106,0.36,0.15));
#2702 = LINE('',#2703,#2704);
#2703 = CARTESIAN_POINT('',(1.55,0.36,0.15));
#2704 = VECTOR('',#2705,1.);
#2705 = DIRECTION('',(-1.,-1.110223024625E-16,0.));
#2706 = ORIENTED_EDGE('',*,*,#2707,.T.);
#2707 = EDGE_CURVE('',#2700,#2708,#2710,.T.);
#2708 = VERTEX_POINT('',#2709);
#2709 = CARTESIAN_POINT('',(1.427208659456,0.36,0.191317591117));
#2710 = CIRCLE('',#2711,5.E-02);
#2711 = AXIS2_PLACEMENT_3D('',#2712,#2713,#2714);
#2712 = CARTESIAN_POINT('',(1.476449047106,0.36,0.2));
#2713 = DIRECTION('',(-1.110223024625E-16,1.,0.));
#2714 = DIRECTION('',(0.,0.,-1.));
#2715 = ORIENTED_EDGE('',*,*,#2716,.T.);
#2716 = EDGE_CURVE('',#2708,#2717,#2719,.T.);
#2717 = VERTEX_POINT('',#2718);
#2718 = CARTESIAN_POINT('',(1.396961550602,0.36,0.384729635533));
#2719 = LINE('',#2720,#2721);
#2720 = CARTESIAN_POINT('',(1.427208659456,0.36,0.191317591117));
#2721 = VECTOR('',#2722,1.);
#2722 = DIRECTION('',(-0.154508905503,-1.715393443994E-17,0.987991395772
    ));
#2723 = ORIENTED_EDGE('',*,*,#2724,.T.);
#2724 = EDGE_CURVE('',#2717,#2725,#2727,.T.);
#2725 = VERTEX_POINT('',#2726);
#2726 = CARTESIAN_POINT('',(1.2,0.36,0.55));
#2727 = CIRCLE('',#2728,0.2);
#2728 = AXIS2_PLACEMENT_3D('',#2729,#2730,#2731);
#2729 = CARTESIAN_POINT('',(1.2,0.36,0.35));
#2730 = DIRECTION('',(1.110223024625E-16,-1.,0.));
#2731 = DIRECTION('',(0.984807753012,1.093356242223E-16,0.173648177667)
  );
#2732 = ORIENTED_EDGE('',*,*,#2733,.T.);
#2733 = EDGE_CURVE('',#2725,#957,#2734,.T.);
#2734 = LINE('',#2735,#2736);
#2735 = CARTESIAN_POINT('',(1.2,0.36,0.55));
#2736 = VECTOR('',#2737,1.);
#2737 = DIRECTION('',(-1.,-1.110223024625E-16,0.));
#2738 = PLANE('',#2739);
#2739 = AXIS2_PLACEMENT_3D('',#2740,#2741,#2742);
#2740 = CARTESIAN_POINT('',(1.311077541001,0.36,0.291705835417));
#2741 = DIRECTION('',(1.110223024625E-16,-1.,0.));
#2742 = DIRECTION('',(0.,0.,1.));
#2743 = ADVANCED_FACE('',(#2744),#2763,.F.);
#2744 = FACE_BOUND('',#2745,.F.);
#2745 = EDGE_LOOP('',(#2746,#2747,#2756,#2762));
#2746 = ORIENTED_EDGE('',*,*,#995,.T.);
#2747 = ORIENTED_EDGE('',*,*,#2748,.T.);
#2748 = EDGE_CURVE('',#988,#2749,#2751,.T.);
#2749 = VERTEX_POINT('',#2750);
#2750 = CARTESIAN_POINT('',(1.249240387651,0.14,0.358682408883));
#2751 = CIRCLE('',#2752,5.E-02);
#2752 = AXIS2_PLACEMENT_3D('',#2753,#2754,#2755);
#2753 = CARTESIAN_POINT('',(1.2,0.14,0.35));
#2754 = DIRECTION('',(-1.110223024625E-16,1.,0.));
#2755 = DIRECTION('',(0.,0.,1.));
#2756 = ORIENTED_EDGE('',*,*,#2757,.F.);
#2757 = EDGE_CURVE('',#2658,#2749,#2758,.T.);
#2758 = LINE('',#2759,#2760);
#2759 = CARTESIAN_POINT('',(1.249240387651,0.36,0.358682408883));
#2760 = VECTOR('',#2761,1.);
#2761 = DIRECTION('',(1.110223024625E-16,-1.,0.));
#2762 = ORIENTED_EDGE('',*,*,#2657,.F.);
#2763 = CYLINDRICAL_SURFACE('',#2764,5.E-02);
#2764 = AXIS2_PLACEMENT_3D('',#2765,#2766,#2767);
#2765 = CARTESIAN_POINT('',(1.2,0.36,0.35));
#2766 = DIRECTION('',(-1.110223024625E-16,1.,0.));
#2767 = DIRECTION('',(0.,0.,1.));
#2768 = ADVANCED_FACE('',(#2769),#2847,.T.);
#2769 = FACE_BOUND('',#2770,.T.);
#2770 = EDGE_LOOP('',(#2771,#2772,#2773,#2774,#2782,#2791,#2799,#2807,
    #2815,#2824,#2832,#2841));
#2771 = ORIENTED_EDGE('',*,*,#1009,.F.);
#2772 = ORIENTED_EDGE('',*,*,#987,.T.);
#2773 = ORIENTED_EDGE('',*,*,#2748,.T.);
#2774 = ORIENTED_EDGE('',*,*,#2775,.T.);
#2775 = EDGE_CURVE('',#2749,#2776,#2778,.T.);
#2776 = VERTEX_POINT('',#2777);
#2777 = CARTESIAN_POINT('',(1.279487496504,0.14,0.165270364467));
#2778 = LINE('',#2779,#2780);
#2779 = CARTESIAN_POINT('',(1.249240387651,0.14,0.358682408883));
#2780 = VECTOR('',#2781,1.);
#2781 = DIRECTION('',(0.154508905503,1.715393443994E-17,-0.987991395772)
  );
#2782 = ORIENTED_EDGE('',*,*,#2783,.T.);
#2783 = EDGE_CURVE('',#2776,#2784,#2786,.T.);
#2784 = VERTEX_POINT('',#2785);
#2785 = CARTESIAN_POINT('',(1.476449047106,0.14,-2.775557561563E-17));
#2786 = CIRCLE('',#2787,0.2);
#2787 = AXIS2_PLACEMENT_3D('',#2788,#2789,#2790);
#2788 = CARTESIAN_POINT('',(1.476449047106,0.14,0.2));
#2789 = DIRECTION('',(1.110223024625E-16,-1.,0.));
#2790 = DIRECTION('',(-0.984807753012,-1.093356242223E-16,
    -0.173648177667));
#2791 = ORIENTED_EDGE('',*,*,#2792,.T.);
#2792 = EDGE_CURVE('',#2784,#2793,#2795,.T.);
#2793 = VERTEX_POINT('',#2794);
#2794 = CARTESIAN_POINT('',(1.55,0.14,-2.775557561563E-17));
#2795 = LINE('',#2796,#2797);
#2796 = CARTESIAN_POINT('',(1.476449047106,0.14,-2.775557561563E-17));
#2797 = VECTOR('',#2798,1.);
#2798 = DIRECTION('',(1.,1.110223024625E-16,0.));
#2799 = ORIENTED_EDGE('',*,*,#2800,.T.);
#2800 = EDGE_CURVE('',#2793,#2801,#2803,.T.);
#2801 = VERTEX_POINT('',#2802);
#2802 = CARTESIAN_POINT('',(1.55,0.14,0.15));
#2803 = LINE('',#2804,#2805);
#2804 = CARTESIAN_POINT('',(1.55,0.14,-2.775557561563E-17));
#2805 = VECTOR('',#2806,1.);
#2806 = DIRECTION('',(0.,0.,1.));
#2807 = ORIENTED_EDGE('',*,*,#2808,.T.);
#2808 = EDGE_CURVE('',#2801,#2809,#2811,.T.);
#2809 = VERTEX_POINT('',#2810);
#2810 = CARTESIAN_POINT('',(1.476449047106,0.14,0.15));
#2811 = LINE('',#2812,#2813);
#2812 = CARTESIAN_POINT('',(1.55,0.14,0.15));
#2813 = VECTOR('',#2814,1.);
#2814 = DIRECTION('',(-1.,-1.110223024625E-16,0.));
#2815 = ORIENTED_EDGE('',*,*,#2816,.T.);
#2816 = EDGE_CURVE('',#2809,#2817,#2819,.T.);
#2817 = VERTEX_POINT('',#2818);
#2818 = CARTESIAN_POINT('',(1.427208659456,0.14,0.191317591117));
#2819 = CIRCLE('',#2820,5.E-02);
#2820 = AXIS2_PLACEMENT_3D('',#2821,#2822,#2823);
#2821 = CARTESIAN_POINT('',(1.476449047106,0.14,0.2));
#2822 = DIRECTION('',(-1.110223024625E-16,1.,0.));
#2823 = DIRECTION('',(0.,0.,-1.));
#2824 = ORIENTED_EDGE('',*,*,#2825,.T.);
#2825 = EDGE_CURVE('',#2817,#2826,#2828,.T.);
#2826 = VERTEX_POINT('',#2827);
#2827 = CARTESIAN_POINT('',(1.396961550602,0.14,0.384729635533));
#2828 = LINE('',#2829,#2830);
#2829 = CARTESIAN_POINT('',(1.427208659456,0.14,0.191317591117));
#2830 = VECTOR('',#2831,1.);
#2831 = DIRECTION('',(-0.154508905503,-1.715393443994E-17,0.987991395772
    ));
#2832 = ORIENTED_EDGE('',*,*,#2833,.T.);
#2833 = EDGE_CURVE('',#2826,#2834,#2836,.T.);
#2834 = VERTEX_POINT('',#2835);
#2835 = CARTESIAN_POINT('',(1.2,0.14,0.55));
#2836 = CIRCLE('',#2837,0.2);
#2837 = AXIS2_PLACEMENT_3D('',#2838,#2839,#2840);
#2838 = CARTESIAN_POINT('',(1.2,0.14,0.35));
#2839 = DIRECTION('',(1.110223024625E-16,-1.,0.));
#2840 = DIRECTION('',(0.984807753012,1.093356242223E-16,0.173648177667)
  );
#2841 = ORIENTED_EDGE('',*,*,#2842,.T.);
#2842 = EDGE_CURVE('',#2834,#1010,#2843,.T.);
#2843 = LINE('',#2844,#2845);
#2844 = CARTESIAN_POINT('',(1.2,0.14,0.55));
#2845 = VECTOR('',#2846,1.);
#2846 = DIRECTION('',(-1.,-1.110223024625E-16,0.));
#2847 = PLANE('',#2848);
#2848 = AXIS2_PLACEMENT_3D('',#2849,#2850,#2851);
#2849 = CARTESIAN_POINT('',(1.311077541001,0.14,0.291705835417));
#2850 = DIRECTION('',(1.110223024625E-16,-1.,0.));
#2851 = DIRECTION('',(0.,0.,1.));
#2852 = ADVANCED_FACE('',(#2853),#2869,.F.);
#2853 = FACE_BOUND('',#2854,.F.);
#2854 = EDGE_LOOP('',(#2855,#2861,#2862,#2868));
#2855 = ORIENTED_EDGE('',*,*,#2856,.F.);
#2856 = EDGE_CURVE('',#1010,#1444,#2857,.T.);
#2857 = LINE('',#2858,#2859);
#2858 = CARTESIAN_POINT('',(1.2,0.14,0.55));
#2859 = VECTOR('',#2860,1.);
#2860 = DIRECTION('',(-1.,-1.110223024625E-16,0.));
#2861 = ORIENTED_EDGE('',*,*,#1026,.T.);
#2862 = ORIENTED_EDGE('',*,*,#2863,.T.);
#2863 = EDGE_CURVE('',#1019,#1452,#2864,.T.);
#2864 = LINE('',#2865,#2866);
#2865 = CARTESIAN_POINT('',(1.2,-0.14,0.55));
#2866 = VECTOR('',#2867,1.);
#2867 = DIRECTION('',(-1.,-1.110223024625E-16,0.));
#2868 = ORIENTED_EDGE('',*,*,#1451,.F.);
#2869 = PLANE('',#2870);
#2870 = AXIS2_PLACEMENT_3D('',#2871,#2872,#2873);
#2871 = CARTESIAN_POINT('',(-5.319436351458E-17,0.975,0.55));
#2872 = DIRECTION('',(-1.336794903956E-31,1.084683744679E-27,-1.));
#2873 = DIRECTION('',(1.,1.11414478245E-16,-1.336794903955E-31));
#2874 = ADVANCED_FACE('',(#2875),#2961,.F.);
#2875 = FACE_BOUND('',#2876,.F.);
#2876 = EDGE_LOOP('',(#2877,#2878,#2879,#2888,#2896,#2905,#2913,#2921,
    #2929,#2938,#2946,#2955));
#2877 = ORIENTED_EDGE('',*,*,#1018,.F.);
#2878 = ORIENTED_EDGE('',*,*,#1040,.T.);
#2879 = ORIENTED_EDGE('',*,*,#2880,.T.);
#2880 = EDGE_CURVE('',#1041,#2881,#2883,.T.);
#2881 = VERTEX_POINT('',#2882);
#2882 = CARTESIAN_POINT('',(1.249240387651,-0.14,0.358682408883));
#2883 = CIRCLE('',#2884,5.E-02);
#2884 = AXIS2_PLACEMENT_3D('',#2885,#2886,#2887);
#2885 = CARTESIAN_POINT('',(1.2,-0.14,0.35));
#2886 = DIRECTION('',(-1.110223024625E-16,1.,0.));
#2887 = DIRECTION('',(0.,0.,1.));
#2888 = ORIENTED_EDGE('',*,*,#2889,.T.);
#2889 = EDGE_CURVE('',#2881,#2890,#2892,.T.);
#2890 = VERTEX_POINT('',#2891);
#2891 = CARTESIAN_POINT('',(1.279487496504,-0.14,0.165270364467));
#2892 = LINE('',#2893,#2894);
#2893 = CARTESIAN_POINT('',(1.249240387651,-0.14,0.358682408883));
#2894 = VECTOR('',#2895,1.);
#2895 = DIRECTION('',(0.154508905503,1.715393443994E-17,-0.987991395772)
  );
#2896 = ORIENTED_EDGE('',*,*,#2897,.T.);
#2897 = EDGE_CURVE('',#2890,#2898,#2900,.T.);
#2898 = VERTEX_POINT('',#2899);
#2899 = CARTESIAN_POINT('',(1.476449047106,-0.14,-2.775557561563E-17));
#2900 = CIRCLE('',#2901,0.2);
#2901 = AXIS2_PLACEMENT_3D('',#2902,#2903,#2904);
#2902 = CARTESIAN_POINT('',(1.476449047106,-0.14,0.2));
#2903 = DIRECTION('',(1.110223024625E-16,-1.,0.));
#2904 = DIRECTION('',(-0.984807753012,-1.093356242223E-16,
    -0.173648177667));
#2905 = ORIENTED_EDGE('',*,*,#2906,.T.);
#2906 = EDGE_CURVE('',#2898,#2907,#2909,.T.);
#2907 = VERTEX_POINT('',#2908);
#2908 = CARTESIAN_POINT('',(1.55,-0.14,-2.775557561563E-17));
#2909 = LINE('',#2910,#2911);
#2910 = CARTESIAN_POINT('',(1.476449047106,-0.14,-2.775557561563E-17));
#2911 = VECTOR('',#2912,1.);
#2912 = DIRECTION('',(1.,1.110223024625E-16,0.));
#2913 = ORIENTED_EDGE('',*,*,#2914,.T.);
#2914 = EDGE_CURVE('',#2907,#2915,#2917,.T.);
#2915 = VERTEX_POINT('',#2916);
#2916 = CARTESIAN_POINT('',(1.55,-0.14,0.15));
#2917 = LINE('',#2918,#2919);
#2918 = CARTESIAN_POINT('',(1.55,-0.14,-2.775557561563E-17));
#2919 = VECTOR('',#2920,1.);
#2920 = DIRECTION('',(0.,0.,1.));
#2921 = ORIENTED_EDGE('',*,*,#2922,.T.);
#2922 = EDGE_CURVE('',#2915,#2923,#2925,.T.);
#2923 = VERTEX_POINT('',#2924);
#2924 = CARTESIAN_POINT('',(1.476449047106,-0.14,0.15));
#2925 = LINE('',#2926,#2927);
#2926 = CARTESIAN_POINT('',(1.55,-0.14,0.15));
#2927 = VECTOR('',#2928,1.);
#2928 = DIRECTION('',(-1.,-1.110223024625E-16,0.));
#2929 = ORIENTED_EDGE('',*,*,#2930,.T.);
#2930 = EDGE_CURVE('',#2923,#2931,#2933,.T.);
#2931 = VERTEX_POINT('',#2932);
#2932 = CARTESIAN_POINT('',(1.427208659456,-0.14,0.191317591117));
#2933 = CIRCLE('',#2934,5.E-02);
#2934 = AXIS2_PLACEMENT_3D('',#2935,#2936,#2937);
#2935 = CARTESIAN_POINT('',(1.476449047106,-0.14,0.2));
#2936 = DIRECTION('',(-1.110223024625E-16,1.,0.));
#2937 = DIRECTION('',(0.,0.,-1.));
#2938 = ORIENTED_EDGE('',*,*,#2939,.T.);
#2939 = EDGE_CURVE('',#2931,#2940,#2942,.T.);
#2940 = VERTEX_POINT('',#2941);
#2941 = CARTESIAN_POINT('',(1.396961550602,-0.14,0.384729635533));
#2942 = LINE('',#2943,#2944);
#2943 = CARTESIAN_POINT('',(1.427208659456,-0.14,0.191317591117));
#2944 = VECTOR('',#2945,1.);
#2945 = DIRECTION('',(-0.154508905503,-1.715393443994E-17,0.987991395772
    ));
#2946 = ORIENTED_EDGE('',*,*,#2947,.T.);
#2947 = EDGE_CURVE('',#2940,#2948,#2950,.T.);
#2948 = VERTEX_POINT('',#2949);
#2949 = CARTESIAN_POINT('',(1.2,-0.14,0.55));
#2950 = CIRCLE('',#2951,0.2);
#2951 = AXIS2_PLACEMENT_3D('',#2952,#2953,#2954);
#2952 = CARTESIAN_POINT('',(1.2,-0.14,0.35));
#2953 = DIRECTION('',(1.110223024625E-16,-1.,0.));
#2954 = DIRECTION('',(0.984807753012,1.093356242223E-16,0.173648177667)
  );
#2955 = ORIENTED_EDGE('',*,*,#2956,.T.);
#2956 = EDGE_CURVE('',#2948,#1019,#2957,.T.);
#2957 = LINE('',#2958,#2959);
#2958 = CARTESIAN_POINT('',(1.2,-0.14,0.55));
#2959 = VECTOR('',#2960,1.);
#2960 = DIRECTION('',(-1.,-1.110223024625E-16,0.));
#2961 = PLANE('',#2962);
#2962 = AXIS2_PLACEMENT_3D('',#2963,#2964,#2965);
#2963 = CARTESIAN_POINT('',(1.311077541001,-0.14,0.291705835417));
#2964 = DIRECTION('',(1.110223024625E-16,-1.,0.));
#2965 = DIRECTION('',(0.,0.,1.));
#2966 = ADVANCED_FACE('',(#2967),#2986,.F.);
#2967 = FACE_BOUND('',#2968,.F.);
#2968 = EDGE_LOOP('',(#2969,#2970,#2979,#2985));
#2969 = ORIENTED_EDGE('',*,*,#1057,.T.);
#2970 = ORIENTED_EDGE('',*,*,#2971,.T.);
#2971 = EDGE_CURVE('',#1050,#2972,#2974,.T.);
#2972 = VERTEX_POINT('',#2973);
#2973 = CARTESIAN_POINT('',(1.249240387651,-0.36,0.358682408883));
#2974 = CIRCLE('',#2975,5.E-02);
#2975 = AXIS2_PLACEMENT_3D('',#2976,#2977,#2978);
#2976 = CARTESIAN_POINT('',(1.2,-0.36,0.35));
#2977 = DIRECTION('',(-1.110223024625E-16,1.,0.));
#2978 = DIRECTION('',(0.,0.,1.));
#2979 = ORIENTED_EDGE('',*,*,#2980,.F.);
#2980 = EDGE_CURVE('',#2881,#2972,#2981,.T.);
#2981 = LINE('',#2982,#2983);
#2982 = CARTESIAN_POINT('',(1.249240387651,-0.14,0.358682408883));
#2983 = VECTOR('',#2984,1.);
#2984 = DIRECTION('',(1.110223024625E-16,-1.,0.));
#2985 = ORIENTED_EDGE('',*,*,#2880,.F.);
#2986 = CYLINDRICAL_SURFACE('',#2987,5.E-02);
#2987 = AXIS2_PLACEMENT_3D('',#2988,#2989,#2990);
#2988 = CARTESIAN_POINT('',(1.2,-0.14,0.35));
#2989 = DIRECTION('',(-1.110223024625E-16,1.,0.));
#2990 = DIRECTION('',(0.,0.,1.));
#2991 = ADVANCED_FACE('',(#2992),#3070,.T.);
#2992 = FACE_BOUND('',#2993,.T.);
#2993 = EDGE_LOOP('',(#2994,#2995,#2996,#2997,#3005,#3014,#3022,#3030,
    #3038,#3047,#3055,#3064));
#2994 = ORIENTED_EDGE('',*,*,#1071,.F.);
#2995 = ORIENTED_EDGE('',*,*,#1049,.T.);
#2996 = ORIENTED_EDGE('',*,*,#2971,.T.);
#2997 = ORIENTED_EDGE('',*,*,#2998,.T.);
#2998 = EDGE_CURVE('',#2972,#2999,#3001,.T.);
#2999 = VERTEX_POINT('',#3000);
#3000 = CARTESIAN_POINT('',(1.279487496504,-0.36,0.165270364467));
#3001 = LINE('',#3002,#3003);
#3002 = CARTESIAN_POINT('',(1.249240387651,-0.36,0.358682408883));
#3003 = VECTOR('',#3004,1.);
#3004 = DIRECTION('',(0.154508905503,1.715393443994E-17,-0.987991395772)
  );
#3005 = ORIENTED_EDGE('',*,*,#3006,.T.);
#3006 = EDGE_CURVE('',#2999,#3007,#3009,.T.);
#3007 = VERTEX_POINT('',#3008);
#3008 = CARTESIAN_POINT('',(1.476449047106,-0.36,-2.775557561563E-17));
#3009 = CIRCLE('',#3010,0.2);
#3010 = AXIS2_PLACEMENT_3D('',#3011,#3012,#3013);
#3011 = CARTESIAN_POINT('',(1.476449047106,-0.36,0.2));
#3012 = DIRECTION('',(1.110223024625E-16,-1.,0.));
#3013 = DIRECTION('',(-0.984807753012,-1.093356242223E-16,
    -0.173648177667));
#3014 = ORIENTED_EDGE('',*,*,#3015,.T.);
#3015 = EDGE_CURVE('',#3007,#3016,#3018,.T.);
#3016 = VERTEX_POINT('',#3017);
#3017 = CARTESIAN_POINT('',(1.55,-0.36,-2.775557561563E-17));
#3018 = LINE('',#3019,#3020);
#3019 = CARTESIAN_POINT('',(1.476449047106,-0.36,-2.775557561563E-17));
#3020 = VECTOR('',#3021,1.);
#3021 = DIRECTION('',(1.,1.110223024625E-16,0.));
#3022 = ORIENTED_EDGE('',*,*,#3023,.T.);
#3023 = EDGE_CURVE('',#3016,#3024,#3026,.T.);
#3024 = VERTEX_POINT('',#3025);
#3025 = CARTESIAN_POINT('',(1.55,-0.36,0.15));
#3026 = LINE('',#3027,#3028);
#3027 = CARTESIAN_POINT('',(1.55,-0.36,-2.775557561563E-17));
#3028 = VECTOR('',#3029,1.);
#3029 = DIRECTION('',(0.,0.,1.));
#3030 = ORIENTED_EDGE('',*,*,#3031,.T.);
#3031 = EDGE_CURVE('',#3024,#3032,#3034,.T.);
#3032 = VERTEX_POINT('',#3033);
#3033 = CARTESIAN_POINT('',(1.476449047106,-0.36,0.15));
#3034 = LINE('',#3035,#3036);
#3035 = CARTESIAN_POINT('',(1.55,-0.36,0.15));
#3036 = VECTOR('',#3037,1.);
#3037 = DIRECTION('',(-1.,-1.110223024625E-16,0.));
#3038 = ORIENTED_EDGE('',*,*,#3039,.T.);
#3039 = EDGE_CURVE('',#3032,#3040,#3042,.T.);
#3040 = VERTEX_POINT('',#3041);
#3041 = CARTESIAN_POINT('',(1.427208659456,-0.36,0.191317591117));
#3042 = CIRCLE('',#3043,5.E-02);
#3043 = AXIS2_PLACEMENT_3D('',#3044,#3045,#3046);
#3044 = CARTESIAN_POINT('',(1.476449047106,-0.36,0.2));
#3045 = DIRECTION('',(-1.110223024625E-16,1.,0.));
#3046 = DIRECTION('',(0.,0.,-1.));
#3047 = ORIENTED_EDGE('',*,*,#3048,.T.);
#3048 = EDGE_CURVE('',#3040,#3049,#3051,.T.);
#3049 = VERTEX_POINT('',#3050);
#3050 = CARTESIAN_POINT('',(1.396961550602,-0.36,0.384729635533));
#3051 = LINE('',#3052,#3053);
#3052 = CARTESIAN_POINT('',(1.427208659456,-0.36,0.191317591117));
#3053 = VECTOR('',#3054,1.);
#3054 = DIRECTION('',(-0.154508905503,-1.715393443994E-17,0.987991395772
    ));
#3055 = ORIENTED_EDGE('',*,*,#3056,.T.);
#3056 = EDGE_CURVE('',#3049,#3057,#3059,.T.);
#3057 = VERTEX_POINT('',#3058);
#3058 = CARTESIAN_POINT('',(1.2,-0.36,0.55));
#3059 = CIRCLE('',#3060,0.2);
#3060 = AXIS2_PLACEMENT_3D('',#3061,#3062,#3063);
#3061 = CARTESIAN_POINT('',(1.2,-0.36,0.35));
#3062 = DIRECTION('',(1.110223024625E-16,-1.,0.));
#3063 = DIRECTION('',(0.984807753012,1.093356242223E-16,0.173648177667)
  );
#3064 = ORIENTED_EDGE('',*,*,#3065,.T.);
#3065 = EDGE_CURVE('',#3057,#1072,#3066,.T.);
#3066 = LINE('',#3067,#3068);
#3067 = CARTESIAN_POINT('',(1.2,-0.36,0.55));
#3068 = VECTOR('',#3069,1.);
#3069 = DIRECTION('',(-1.,-1.110223024625E-16,0.));
#3070 = PLANE('',#3071);
#3071 = AXIS2_PLACEMENT_3D('',#3072,#3073,#3074);
#3072 = CARTESIAN_POINT('',(1.311077541001,-0.36,0.291705835417));
#3073 = DIRECTION('',(1.110223024625E-16,-1.,0.));
#3074 = DIRECTION('',(0.,0.,1.));
#3075 = ADVANCED_FACE('',(#3076),#3092,.F.);
#3076 = FACE_BOUND('',#3077,.F.);
#3077 = EDGE_LOOP('',(#3078,#3084,#3085,#3091));
#3078 = ORIENTED_EDGE('',*,*,#3079,.F.);
#3079 = EDGE_CURVE('',#1072,#1460,#3080,.T.);
#3080 = LINE('',#3081,#3082);
#3081 = CARTESIAN_POINT('',(1.2,-0.36,0.55));
#3082 = VECTOR('',#3083,1.);
#3083 = DIRECTION('',(-1.,-1.110223024625E-16,0.));
#3084 = ORIENTED_EDGE('',*,*,#1088,.T.);
#3085 = ORIENTED_EDGE('',*,*,#3086,.T.);
#3086 = EDGE_CURVE('',#1081,#1468,#3087,.T.);
#3087 = LINE('',#3088,#3089);
#3088 = CARTESIAN_POINT('',(1.2,-0.64,0.55));
#3089 = VECTOR('',#3090,1.);
#3090 = DIRECTION('',(-1.,-1.110223024625E-16,0.));
#3091 = ORIENTED_EDGE('',*,*,#1467,.F.);
#3092 = PLANE('',#3093);
#3093 = AXIS2_PLACEMENT_3D('',#3094,#3095,#3096);
#3094 = CARTESIAN_POINT('',(-5.319436351458E-17,0.975,0.55));
#3095 = DIRECTION('',(-1.336794903956E-31,1.084683744679E-27,-1.));
#3096 = DIRECTION('',(1.,1.11414478245E-16,-1.336794903955E-31));
#3097 = ADVANCED_FACE('',(#3098),#3184,.F.);
#3098 = FACE_BOUND('',#3099,.F.);
#3099 = EDGE_LOOP('',(#3100,#3101,#3102,#3111,#3119,#3128,#3136,#3144,
    #3152,#3161,#3169,#3178));
#3100 = ORIENTED_EDGE('',*,*,#1080,.F.);
#3101 = ORIENTED_EDGE('',*,*,#1102,.T.);
#3102 = ORIENTED_EDGE('',*,*,#3103,.T.);
#3103 = EDGE_CURVE('',#1103,#3104,#3106,.T.);
#3104 = VERTEX_POINT('',#3105);
#3105 = CARTESIAN_POINT('',(1.249240387651,-0.64,0.358682408883));
#3106 = CIRCLE('',#3107,5.E-02);
#3107 = AXIS2_PLACEMENT_3D('',#3108,#3109,#3110);
#3108 = CARTESIAN_POINT('',(1.2,-0.64,0.35));
#3109 = DIRECTION('',(-1.110223024625E-16,1.,0.));
#3110 = DIRECTION('',(0.,0.,1.));
#3111 = ORIENTED_EDGE('',*,*,#3112,.T.);
#3112 = EDGE_CURVE('',#3104,#3113,#3115,.T.);
#3113 = VERTEX_POINT('',#3114);
#3114 = CARTESIAN_POINT('',(1.279487496504,-0.64,0.165270364467));
#3115 = LINE('',#3116,#3117);
#3116 = CARTESIAN_POINT('',(1.249240387651,-0.64,0.358682408883));
#3117 = VECTOR('',#3118,1.);
#3118 = DIRECTION('',(0.154508905503,1.715393443994E-17,-0.987991395772)
  );
#3119 = ORIENTED_EDGE('',*,*,#3120,.T.);
#3120 = EDGE_CURVE('',#3113,#3121,#3123,.T.);
#3121 = VERTEX_POINT('',#3122);
#3122 = CARTESIAN_POINT('',(1.476449047106,-0.64,-2.775557561563E-17));
#3123 = CIRCLE('',#3124,0.2);
#3124 = AXIS2_PLACEMENT_3D('',#3125,#3126,#3127);
#3125 = CARTESIAN_POINT('',(1.476449047106,-0.64,0.2));
#3126 = DIRECTION('',(1.110223024625E-16,-1.,0.));
#3127 = DIRECTION('',(-0.984807753012,-1.093356242223E-16,
    -0.173648177667));
#3128 = ORIENTED_EDGE('',*,*,#3129,.T.);
#3129 = EDGE_CURVE('',#3121,#3130,#3132,.T.);
#3130 = VERTEX_POINT('',#3131);
#3131 = CARTESIAN_POINT('',(1.55,-0.64,-2.775557561563E-17));
#3132 = LINE('',#3133,#3134);
#3133 = CARTESIAN_POINT('',(1.476449047106,-0.64,-2.775557561563E-17));
#3134 = VECTOR('',#3135,1.);
#3135 = DIRECTION('',(1.,1.110223024625E-16,0.));
#3136 = ORIENTED_EDGE('',*,*,#3137,.T.);
#3137 = EDGE_CURVE('',#3130,#3138,#3140,.T.);
#3138 = VERTEX_POINT('',#3139);
#3139 = CARTESIAN_POINT('',(1.55,-0.64,0.15));
#3140 = LINE('',#3141,#3142);
#3141 = CARTESIAN_POINT('',(1.55,-0.64,-2.775557561563E-17));
#3142 = VECTOR('',#3143,1.);
#3143 = DIRECTION('',(0.,0.,1.));
#3144 = ORIENTED_EDGE('',*,*,#3145,.T.);
#3145 = EDGE_CURVE('',#3138,#3146,#3148,.T.);
#3146 = VERTEX_POINT('',#3147);
#3147 = CARTESIAN_POINT('',(1.476449047106,-0.64,0.15));
#3148 = LINE('',#3149,#3150);
#3149 = CARTESIAN_POINT('',(1.55,-0.64,0.15));
#3150 = VECTOR('',#3151,1.);
#3151 = DIRECTION('',(-1.,-1.110223024625E-16,0.));
#3152 = ORIENTED_EDGE('',*,*,#3153,.T.);
#3153 = EDGE_CURVE('',#3146,#3154,#3156,.T.);
#3154 = VERTEX_POINT('',#3155);
#3155 = CARTESIAN_POINT('',(1.427208659456,-0.64,0.191317591117));
#3156 = CIRCLE('',#3157,5.E-02);
#3157 = AXIS2_PLACEMENT_3D('',#3158,#3159,#3160);
#3158 = CARTESIAN_POINT('',(1.476449047106,-0.64,0.2));
#3159 = DIRECTION('',(-1.110223024625E-16,1.,0.));
#3160 = DIRECTION('',(0.,0.,-1.));
#3161 = ORIENTED_EDGE('',*,*,#3162,.T.);
#3162 = EDGE_CURVE('',#3154,#3163,#3165,.T.);
#3163 = VERTEX_POINT('',#3164);
#3164 = CARTESIAN_POINT('',(1.396961550602,-0.64,0.384729635533));
#3165 = LINE('',#3166,#3167);
#3166 = CARTESIAN_POINT('',(1.427208659456,-0.64,0.191317591117));
#3167 = VECTOR('',#3168,1.);
#3168 = DIRECTION('',(-0.154508905503,-1.715393443994E-17,0.987991395772
    ));
#3169 = ORIENTED_EDGE('',*,*,#3170,.T.);
#3170 = EDGE_CURVE('',#3163,#3171,#3173,.T.);
#3171 = VERTEX_POINT('',#3172);
#3172 = CARTESIAN_POINT('',(1.2,-0.64,0.55));
#3173 = CIRCLE('',#3174,0.2);
#3174 = AXIS2_PLACEMENT_3D('',#3175,#3176,#3177);
#3175 = CARTESIAN_POINT('',(1.2,-0.64,0.35));
#3176 = DIRECTION('',(1.110223024625E-16,-1.,0.));
#3177 = DIRECTION('',(0.984807753012,1.093356242223E-16,0.173648177667)
  );
#3178 = ORIENTED_EDGE('',*,*,#3179,.T.);
#3179 = EDGE_CURVE('',#3171,#1081,#3180,.T.);
#3180 = LINE('',#3181,#3182);
#3181 = CARTESIAN_POINT('',(1.2,-0.64,0.55));
#3182 = VECTOR('',#3183,1.);
#3183 = DIRECTION('',(-1.,-1.110223024625E-16,0.));
#3184 = PLANE('',#3185);
#3185 = AXIS2_PLACEMENT_3D('',#3186,#3187,#3188);
#3186 = CARTESIAN_POINT('',(1.311077541001,-0.64,0.291705835417));
#3187 = DIRECTION('',(1.110223024625E-16,-1.,0.));
#3188 = DIRECTION('',(0.,0.,1.));
#3189 = ADVANCED_FACE('',(#3190),#3209,.F.);
#3190 = FACE_BOUND('',#3191,.F.);
#3191 = EDGE_LOOP('',(#3192,#3193,#3202,#3208));
#3192 = ORIENTED_EDGE('',*,*,#1119,.T.);
#3193 = ORIENTED_EDGE('',*,*,#3194,.T.);
#3194 = EDGE_CURVE('',#1112,#3195,#3197,.T.);
#3195 = VERTEX_POINT('',#3196);
#3196 = CARTESIAN_POINT('',(1.249240387651,-0.86,0.358682408883));
#3197 = CIRCLE('',#3198,5.E-02);
#3198 = AXIS2_PLACEMENT_3D('',#3199,#3200,#3201);
#3199 = CARTESIAN_POINT('',(1.2,-0.86,0.35));
#3200 = DIRECTION('',(-1.110223024625E-16,1.,0.));
#3201 = DIRECTION('',(0.,0.,1.));
#3202 = ORIENTED_EDGE('',*,*,#3203,.F.);
#3203 = EDGE_CURVE('',#3104,#3195,#3204,.T.);
#3204 = LINE('',#3205,#3206);
#3205 = CARTESIAN_POINT('',(1.249240387651,-0.64,0.358682408883));
#3206 = VECTOR('',#3207,1.);
#3207 = DIRECTION('',(1.110223024625E-16,-1.,0.));
#3208 = ORIENTED_EDGE('',*,*,#3103,.F.);
#3209 = CYLINDRICAL_SURFACE('',#3210,5.E-02);
#3210 = AXIS2_PLACEMENT_3D('',#3211,#3212,#3213);
#3211 = CARTESIAN_POINT('',(1.2,-0.64,0.35));
#3212 = DIRECTION('',(-1.110223024625E-16,1.,0.));
#3213 = DIRECTION('',(0.,0.,1.));
#3214 = ADVANCED_FACE('',(#3215),#3293,.T.);
#3215 = FACE_BOUND('',#3216,.T.);
#3216 = EDGE_LOOP('',(#3217,#3218,#3219,#3220,#3228,#3237,#3245,#3253,
    #3261,#3270,#3278,#3287));
#3217 = ORIENTED_EDGE('',*,*,#1133,.F.);
#3218 = ORIENTED_EDGE('',*,*,#1111,.T.);
#3219 = ORIENTED_EDGE('',*,*,#3194,.T.);
#3220 = ORIENTED_EDGE('',*,*,#3221,.T.);
#3221 = EDGE_CURVE('',#3195,#3222,#3224,.T.);
#3222 = VERTEX_POINT('',#3223);
#3223 = CARTESIAN_POINT('',(1.279487496504,-0.86,0.165270364467));
#3224 = LINE('',#3225,#3226);
#3225 = CARTESIAN_POINT('',(1.249240387651,-0.86,0.358682408883));
#3226 = VECTOR('',#3227,1.);
#3227 = DIRECTION('',(0.154508905503,1.715393443994E-17,-0.987991395772)
  );
#3228 = ORIENTED_EDGE('',*,*,#3229,.T.);
#3229 = EDGE_CURVE('',#3222,#3230,#3232,.T.);
#3230 = VERTEX_POINT('',#3231);
#3231 = CARTESIAN_POINT('',(1.476449047106,-0.86,-2.775557561563E-17));
#3232 = CIRCLE('',#3233,0.2);
#3233 = AXIS2_PLACEMENT_3D('',#3234,#3235,#3236);
#3234 = CARTESIAN_POINT('',(1.476449047106,-0.86,0.2));
#3235 = DIRECTION('',(1.110223024625E-16,-1.,0.));
#3236 = DIRECTION('',(-0.984807753012,-1.093356242223E-16,
    -0.173648177667));
#3237 = ORIENTED_EDGE('',*,*,#3238,.T.);
#3238 = EDGE_CURVE('',#3230,#3239,#3241,.T.);
#3239 = VERTEX_POINT('',#3240);
#3240 = CARTESIAN_POINT('',(1.55,-0.86,-2.775557561563E-17));
#3241 = LINE('',#3242,#3243);
#3242 = CARTESIAN_POINT('',(1.476449047106,-0.86,-2.775557561563E-17));
#3243 = VECTOR('',#3244,1.);
#3244 = DIRECTION('',(1.,1.110223024625E-16,0.));
#3245 = ORIENTED_EDGE('',*,*,#3246,.T.);
#3246 = EDGE_CURVE('',#3239,#3247,#3249,.T.);
#3247 = VERTEX_POINT('',#3248);
#3248 = CARTESIAN_POINT('',(1.55,-0.86,0.15));
#3249 = LINE('',#3250,#3251);
#3250 = CARTESIAN_POINT('',(1.55,-0.86,-2.775557561563E-17));
#3251 = VECTOR('',#3252,1.);
#3252 = DIRECTION('',(0.,0.,1.));
#3253 = ORIENTED_EDGE('',*,*,#3254,.T.);
#3254 = EDGE_CURVE('',#3247,#3255,#3257,.T.);
#3255 = VERTEX_POINT('',#3256);
#3256 = CARTESIAN_POINT('',(1.476449047106,-0.86,0.15));
#3257 = LINE('',#3258,#3259);
#3258 = CARTESIAN_POINT('',(1.55,-0.86,0.15));
#3259 = VECTOR('',#3260,1.);
#3260 = DIRECTION('',(-1.,-1.110223024625E-16,0.));
#3261 = ORIENTED_EDGE('',*,*,#3262,.T.);
#3262 = EDGE_CURVE('',#3255,#3263,#3265,.T.);
#3263 = VERTEX_POINT('',#3264);
#3264 = CARTESIAN_POINT('',(1.427208659456,-0.86,0.191317591117));
#3265 = CIRCLE('',#3266,5.E-02);
#3266 = AXIS2_PLACEMENT_3D('',#3267,#3268,#3269);
#3267 = CARTESIAN_POINT('',(1.476449047106,-0.86,0.2));
#3268 = DIRECTION('',(-1.110223024625E-16,1.,0.));
#3269 = DIRECTION('',(0.,0.,-1.));
#3270 = ORIENTED_EDGE('',*,*,#3271,.T.);
#3271 = EDGE_CURVE('',#3263,#3272,#3274,.T.);
#3272 = VERTEX_POINT('',#3273);
#3273 = CARTESIAN_POINT('',(1.396961550602,-0.86,0.384729635533));
#3274 = LINE('',#3275,#3276);
#3275 = CARTESIAN_POINT('',(1.427208659456,-0.86,0.191317591117));
#3276 = VECTOR('',#3277,1.);
#3277 = DIRECTION('',(-0.154508905503,-1.715393443994E-17,0.987991395772
    ));
#3278 = ORIENTED_EDGE('',*,*,#3279,.T.);
#3279 = EDGE_CURVE('',#3272,#3280,#3282,.T.);
#3280 = VERTEX_POINT('',#3281);
#3281 = CARTESIAN_POINT('',(1.2,-0.86,0.55));
#3282 = CIRCLE('',#3283,0.2);
#3283 = AXIS2_PLACEMENT_3D('',#3284,#3285,#3286);
#3284 = CARTESIAN_POINT('',(1.2,-0.86,0.35));
#3285 = DIRECTION('',(1.110223024625E-16,-1.,0.));
#3286 = DIRECTION('',(0.984807753012,1.093356242223E-16,0.173648177667)
  );
#3287 = ORIENTED_EDGE('',*,*,#3288,.T.);
#3288 = EDGE_CURVE('',#3280,#1134,#3289,.T.);
#3289 = LINE('',#3290,#3291);
#3290 = CARTESIAN_POINT('',(1.2,-0.86,0.55));
#3291 = VECTOR('',#3292,1.);
#3292 = DIRECTION('',(-1.,-1.110223024625E-16,0.));
#3293 = PLANE('',#3294);
#3294 = AXIS2_PLACEMENT_3D('',#3295,#3296,#3297);
#3295 = CARTESIAN_POINT('',(1.311077541001,-0.86,0.291705835417));
#3296 = DIRECTION('',(1.110223024625E-16,-1.,0.));
#3297 = DIRECTION('',(0.,0.,1.));
#3298 = ADVANCED_FACE('',(#3299),#3310,.T.);
#3299 = FACE_BOUND('',#3300,.T.);
#3300 = EDGE_LOOP('',(#3301,#3302,#3303,#3304));
#3301 = ORIENTED_EDGE('',*,*,#2333,.T.);
#3302 = ORIENTED_EDGE('',*,*,#1234,.T.);
#3303 = ORIENTED_EDGE('',*,*,#2435,.F.);
#3304 = ORIENTED_EDGE('',*,*,#3305,.F.);
#3305 = EDGE_CURVE('',#2326,#2428,#3306,.T.);
#3306 = LINE('',#3307,#3308);
#3307 = CARTESIAN_POINT('',(-1.396961550602,0.64,0.384729635533));
#3308 = VECTOR('',#3309,1.);
#3309 = DIRECTION('',(1.144237745222E-17,1.,0.));
#3310 = CYLINDRICAL_SURFACE('',#3311,0.2);
#3311 = AXIS2_PLACEMENT_3D('',#3312,#3313,#3314);
#3312 = CARTESIAN_POINT('',(-1.2,0.64,0.35));
#3313 = DIRECTION('',(-1.144237745222E-17,-1.,0.));
#3314 = DIRECTION('',(-0.984807753012,1.126854202784E-17,0.173648177667)
  );
#3315 = ADVANCED_FACE('',(#3316),#3329,.F.);
#3316 = FACE_BOUND('',#3317,.F.);
#3317 = EDGE_LOOP('',(#3318,#3319,#3325,#3326,#3327,#3328));
#3318 = ORIENTED_EDGE('',*,*,#1678,.F.);
#3319 = ORIENTED_EDGE('',*,*,#3320,.T.);
#3320 = EDGE_CURVE('',#1670,#1779,#3321,.T.);
#3321 = LINE('',#3322,#3323);
#3322 = CARTESIAN_POINT('',(-1.2,-0.86,0.55));
#3323 = VECTOR('',#3324,1.);
#3324 = DIRECTION('',(1.144237745222E-17,1.,0.));
#3325 = ORIENTED_EDGE('',*,*,#1787,.T.);
#3326 = ORIENTED_EDGE('',*,*,#1809,.T.);
#3327 = ORIENTED_EDGE('',*,*,#1281,.F.);
#3328 = ORIENTED_EDGE('',*,*,#1552,.F.);
#3329 = PLANE('',#3330);
#3330 = AXIS2_PLACEMENT_3D('',#3331,#3332,#3333);
#3331 = CARTESIAN_POINT('',(-1.2,-0.86,0.55));
#3332 = DIRECTION('',(0.,0.,-1.));
#3333 = DIRECTION('',(1.,-1.144237745222E-17,0.));
#3334 = ADVANCED_FACE('',(#3335),#3348,.F.);
#3335 = FACE_BOUND('',#3336,.F.);
#3336 = EDGE_LOOP('',(#3337,#3338,#3344,#3345,#3346,#3347));
#3337 = ORIENTED_EDGE('',*,*,#1901,.F.);
#3338 = ORIENTED_EDGE('',*,*,#3339,.T.);
#3339 = EDGE_CURVE('',#1893,#2002,#3340,.T.);
#3340 = LINE('',#3341,#3342);
#3341 = CARTESIAN_POINT('',(-1.2,-0.36,0.55));
#3342 = VECTOR('',#3343,1.);
#3343 = DIRECTION('',(1.144237745222E-17,1.,0.));
#3344 = ORIENTED_EDGE('',*,*,#2010,.T.);
#3345 = ORIENTED_EDGE('',*,*,#2032,.T.);
#3346 = ORIENTED_EDGE('',*,*,#1297,.F.);
#3347 = ORIENTED_EDGE('',*,*,#1802,.F.);
#3348 = PLANE('',#3349);
#3349 = AXIS2_PLACEMENT_3D('',#3350,#3351,#3352);
#3350 = CARTESIAN_POINT('',(-1.2,-0.36,0.55));
#3351 = DIRECTION('',(0.,0.,-1.));
#3352 = DIRECTION('',(1.,-1.144237745222E-17,0.));
#3353 = ADVANCED_FACE('',(#3354),#3367,.F.);
#3354 = FACE_BOUND('',#3355,.F.);
#3355 = EDGE_LOOP('',(#3356,#3357,#3363,#3364,#3365,#3366));
#3356 = ORIENTED_EDGE('',*,*,#2124,.F.);
#3357 = ORIENTED_EDGE('',*,*,#3358,.T.);
#3358 = EDGE_CURVE('',#2116,#2225,#3359,.T.);
#3359 = LINE('',#3360,#3361);
#3360 = CARTESIAN_POINT('',(-1.2,0.14,0.55));
#3361 = VECTOR('',#3362,1.);
#3362 = DIRECTION('',(1.144237745222E-17,1.,0.));
#3363 = ORIENTED_EDGE('',*,*,#2233,.T.);
#3364 = ORIENTED_EDGE('',*,*,#2250,.T.);
#3365 = ORIENTED_EDGE('',*,*,#1313,.F.);
#3366 = ORIENTED_EDGE('',*,*,#2025,.F.);
#3367 = PLANE('',#3368);
#3368 = AXIS2_PLACEMENT_3D('',#3369,#3370,#3371);
#3369 = CARTESIAN_POINT('',(-1.2,0.14,0.55));
#3370 = DIRECTION('',(0.,0.,-1.));
#3371 = DIRECTION('',(1.,-1.144237745222E-17,0.));
#3372 = ADVANCED_FACE('',(#3373,#3402),#3413,.F.);
#3373 = FACE_BOUND('',#3374,.F.);
#3374 = EDGE_LOOP('',(#3375,#3376,#3377,#3378,#3386,#3394,#3400,#3401));
#3375 = ORIENTED_EDGE('',*,*,#1388,.T.);
#3376 = ORIENTED_EDGE('',*,*,#1411,.T.);
#3377 = ORIENTED_EDGE('',*,*,#1498,.T.);
#3378 = ORIENTED_EDGE('',*,*,#3379,.T.);
#3379 = EDGE_CURVE('',#1492,#3380,#3382,.T.);
#3380 = VERTEX_POINT('',#3381);
#3381 = CARTESIAN_POINT('',(1.003116515749,-0.886233031499,0.85));
#3382 = LINE('',#3383,#3384);
#3383 = CARTESIAN_POINT('',(1.036233031499,-0.853116515749,0.85));
#3384 = VECTOR('',#3385,1.);
#3385 = DIRECTION('',(-0.707106781187,-0.707106781187,0.));
#3386 = ORIENTED_EDGE('',*,*,#3387,.T.);
#3387 = EDGE_CURVE('',#3380,#3388,#3390,.T.);
#3388 = VERTEX_POINT('',#3389);
#3389 = CARTESIAN_POINT('',(-1.003116515749,-0.886233031499,0.85));
#3390 = LINE('',#3391,#3392);
#3391 = CARTESIAN_POINT('',(1.003116515749,-0.886233031499,0.85));
#3392 = VECTOR('',#3393,1.);
#3393 = DIRECTION('',(-1.,-1.110223024625E-16,0.));
#3394 = ORIENTED_EDGE('',*,*,#3395,.T.);
#3395 = EDGE_CURVE('',#3388,#1337,#3396,.T.);
#3396 = LINE('',#3397,#3398);
#3397 = CARTESIAN_POINT('',(-1.003116515749,-0.886233031499,0.85));
#3398 = VECTOR('',#3399,1.);
#3399 = DIRECTION('',(-0.707106781187,0.707106781187,0.));
#3400 = ORIENTED_EDGE('',*,*,#1336,.T.);
#3401 = ORIENTED_EDGE('',*,*,#1365,.T.);
#3402 = FACE_BOUND('',#3403,.F.);
#3403 = EDGE_LOOP('',(#3404));
#3404 = ORIENTED_EDGE('',*,*,#3405,.F.);
#3405 = EDGE_CURVE('',#3406,#3406,#3408,.T.);
#3406 = VERTEX_POINT('',#3407);
#3407 = CARTESIAN_POINT('',(-0.736233031499,0.461233031499,0.85));
#3408 = CIRCLE('',#3409,0.125);
#3409 = AXIS2_PLACEMENT_3D('',#3410,#3411,#3412);
#3410 = CARTESIAN_POINT('',(-0.736233031499,0.586233031499,0.85));
#3411 = DIRECTION('',(0.,-0.,-1.));
#3412 = DIRECTION('',(1.110223024625E-16,-1.,0.));
#3413 = PLANE('',#3414);
#3414 = AXIS2_PLACEMENT_3D('',#3415,#3416,#3417);
#3415 = CARTESIAN_POINT('',(-1.003116515749,0.886233031499,0.85));
#3416 = DIRECTION('',(0.,0.,-1.));
#3417 = DIRECTION('',(0.760851572006,-0.648925947529,0.));
#3418 = ADVANCED_FACE('',(#3419),#3429,.F.);
#3419 = FACE_BOUND('',#3420,.F.);
#3420 = EDGE_LOOP('',(#3421,#3422,#3423,#3424));
#3421 = ORIENTED_EDGE('',*,*,#1559,.T.);
#3422 = ORIENTED_EDGE('',*,*,#1344,.T.);
#3423 = ORIENTED_EDGE('',*,*,#3395,.F.);
#3424 = ORIENTED_EDGE('',*,*,#3425,.F.);
#3425 = EDGE_CURVE('',#1560,#3388,#3426,.T.);
#3426 = B_SPLINE_CURVE_WITH_KNOTS('',1,(#3427,#3428),.UNSPECIFIED.,.F.,
  .F.,(2,2),(0.,1.),.PIECEWISE_BEZIER_KNOTS.);
#3427 = CARTESIAN_POINT('',(-1.035,-0.95,0.55));
#3428 = CARTESIAN_POINT('',(-1.003116515749,-0.886233031499,0.85));
#3429 = B_SPLINE_SURFACE_WITH_KNOTS('',1,1,(
    (#3430,#3431)
    ,(#3432,#3433
    )),.UNSPECIFIED.,.F.,.F.,.F.,(2,2),(2,2),(0.,9.192388155425E-02),(0.
    ,1.),.PIECEWISE_BEZIER_KNOTS.);
#3430 = CARTESIAN_POINT('',(-1.035,-0.95,0.55));
#3431 = CARTESIAN_POINT('',(-1.003116515749,-0.886233031499,0.85));
#3432 = CARTESIAN_POINT('',(-1.1,-0.885,0.55));
#3433 = CARTESIAN_POINT('',(-1.036233031499,-0.853116515749,0.85));
#3434 = ADVANCED_FACE('',(#3435),#3448,.F.);
#3435 = FACE_BOUND('',#3436,.F.);
#3436 = EDGE_LOOP('',(#3437,#3438,#3444,#3445,#3446,#3447));
#3437 = ORIENTED_EDGE('',*,*,#2733,.F.);
#3438 = ORIENTED_EDGE('',*,*,#3439,.T.);
#3439 = EDGE_CURVE('',#2725,#2834,#3440,.T.);
#3440 = LINE('',#3441,#3442);
#3441 = CARTESIAN_POINT('',(1.2,0.36,0.55));
#3442 = VECTOR('',#3443,1.);
#3443 = DIRECTION('',(1.110223024625E-16,-1.,0.));
#3444 = ORIENTED_EDGE('',*,*,#2842,.T.);
#3445 = ORIENTED_EDGE('',*,*,#2856,.T.);
#3446 = ORIENTED_EDGE('',*,*,#1443,.F.);
#3447 = ORIENTED_EDGE('',*,*,#2640,.F.);
#3448 = PLANE('',#3449);
#3449 = AXIS2_PLACEMENT_3D('',#3450,#3451,#3452);
#3450 = CARTESIAN_POINT('',(1.2,0.36,0.55));
#3451 = DIRECTION('',(0.,0.,-1.));
#3452 = DIRECTION('',(-1.,-1.110223024625E-16,-0.));
#3453 = ADVANCED_FACE('',(#3454),#3467,.F.);
#3454 = FACE_BOUND('',#3455,.F.);
#3455 = EDGE_LOOP('',(#3456,#3457,#3463,#3464,#3465,#3466));
#3456 = ORIENTED_EDGE('',*,*,#2956,.F.);
#3457 = ORIENTED_EDGE('',*,*,#3458,.T.);
#3458 = EDGE_CURVE('',#2948,#3057,#3459,.T.);
#3459 = LINE('',#3460,#3461);
#3460 = CARTESIAN_POINT('',(1.2,-0.14,0.55));
#3461 = VECTOR('',#3462,1.);
#3462 = DIRECTION('',(1.110223024625E-16,-1.,0.));
#3463 = ORIENTED_EDGE('',*,*,#3065,.T.);
#3464 = ORIENTED_EDGE('',*,*,#3079,.T.);
#3465 = ORIENTED_EDGE('',*,*,#1459,.F.);
#3466 = ORIENTED_EDGE('',*,*,#2863,.F.);
#3467 = PLANE('',#3468);
#3468 = AXIS2_PLACEMENT_3D('',#3469,#3470,#3471);
#3469 = CARTESIAN_POINT('',(1.2,-0.14,0.55));
#3470 = DIRECTION('',(0.,0.,-1.));
#3471 = DIRECTION('',(-1.,-1.110223024625E-16,-0.));
#3472 = ADVANCED_FACE('',(#3473),#3486,.F.);
#3473 = FACE_BOUND('',#3474,.F.);
#3474 = EDGE_LOOP('',(#3475,#3476,#3482,#3483,#3484,#3485));
#3475 = ORIENTED_EDGE('',*,*,#3179,.F.);
#3476 = ORIENTED_EDGE('',*,*,#3477,.T.);
#3477 = EDGE_CURVE('',#3171,#3280,#3478,.T.);
#3478 = LINE('',#3479,#3480);
#3479 = CARTESIAN_POINT('',(1.2,-0.64,0.55));
#3480 = VECTOR('',#3481,1.);
#3481 = DIRECTION('',(1.110223024625E-16,-1.,0.));
#3482 = ORIENTED_EDGE('',*,*,#3288,.T.);
#3483 = ORIENTED_EDGE('',*,*,#1582,.T.);
#3484 = ORIENTED_EDGE('',*,*,#1475,.F.);
#3485 = ORIENTED_EDGE('',*,*,#3086,.F.);
#3486 = PLANE('',#3487);
#3487 = AXIS2_PLACEMENT_3D('',#3488,#3489,#3490);
#3488 = CARTESIAN_POINT('',(1.2,-0.64,0.55));
#3489 = DIRECTION('',(0.,0.,-1.));
#3490 = DIRECTION('',(-1.,-1.110223024625E-16,-0.));
#3491 = ADVANCED_FACE('',(#3492),#3502,.F.);
#3492 = FACE_BOUND('',#3493,.F.);
#3493 = EDGE_LOOP('',(#3494,#3495,#3500,#3501));
#3494 = ORIENTED_EDGE('',*,*,#1575,.T.);
#3495 = ORIENTED_EDGE('',*,*,#3496,.T.);
#3496 = EDGE_CURVE('',#1568,#3380,#3497,.T.);
#3497 = B_SPLINE_CURVE_WITH_KNOTS('',1,(#3498,#3499),.UNSPECIFIED.,.F.,
  .F.,(2,2),(0.,1.),.PIECEWISE_BEZIER_KNOTS.);
#3498 = CARTESIAN_POINT('',(1.035,-0.95,0.55));
#3499 = CARTESIAN_POINT('',(1.003116515749,-0.886233031499,0.85));
#3500 = ORIENTED_EDGE('',*,*,#3379,.F.);
#3501 = ORIENTED_EDGE('',*,*,#1491,.F.);
#3502 = B_SPLINE_SURFACE_WITH_KNOTS('',1,1,(
    (#3503,#3504)
    ,(#3505,#3506
    )),.UNSPECIFIED.,.F.,.F.,.F.,(2,2),(2,2),(0.,9.192388155425E-02),(0.
    ,1.),.PIECEWISE_BEZIER_KNOTS.);
#3503 = CARTESIAN_POINT('',(1.1,-0.885,0.55));
#3504 = CARTESIAN_POINT('',(1.036233031499,-0.853116515749,0.85));
#3505 = CARTESIAN_POINT('',(1.035,-0.95,0.55));
#3506 = CARTESIAN_POINT('',(1.003116515749,-0.886233031499,0.85));
#3507 = ADVANCED_FACE('',(#3508),#3519,.T.);
#3508 = FACE_BOUND('',#3509,.T.);
#3509 = EDGE_LOOP('',(#3510,#3511,#3512,#3513));
#3510 = ORIENTED_EDGE('',*,*,#2520,.T.);
#3511 = ORIENTED_EDGE('',*,*,#1521,.T.);
#3512 = ORIENTED_EDGE('',*,*,#2622,.F.);
#3513 = ORIENTED_EDGE('',*,*,#3514,.F.);
#3514 = EDGE_CURVE('',#2513,#2615,#3515,.T.);
#3515 = LINE('',#3516,#3517);
#3516 = CARTESIAN_POINT('',(1.396961550602,0.86,0.384729635533));
#3517 = VECTOR('',#3518,1.);
#3518 = DIRECTION('',(1.110223024625E-16,-1.,0.));
#3519 = CYLINDRICAL_SURFACE('',#3520,0.2);
#3520 = AXIS2_PLACEMENT_3D('',#3521,#3522,#3523);
#3521 = CARTESIAN_POINT('',(1.2,0.86,0.35));
#3522 = DIRECTION('',(-1.110223024625E-16,1.,0.));
#3523 = DIRECTION('',(0.984807753012,1.093356242223E-16,0.173648177667)
  );
#3524 = ADVANCED_FACE('',(#3525),#3531,.F.);
#3525 = FACE_BOUND('',#3526,.F.);
#3526 = EDGE_LOOP('',(#3527,#3528,#3529,#3530));
#3527 = ORIENTED_EDGE('',*,*,#1567,.T.);
#3528 = ORIENTED_EDGE('',*,*,#3425,.T.);
#3529 = ORIENTED_EDGE('',*,*,#3387,.F.);
#3530 = ORIENTED_EDGE('',*,*,#3496,.F.);
#3531 = B_SPLINE_SURFACE_WITH_KNOTS('',1,1,(
    (#3532,#3533)
    ,(#3534,#3535
    )),.UNSPECIFIED.,.F.,.F.,.F.,(2,2),(2,2),(0.,2.07),(0.,1.),
  .PIECEWISE_BEZIER_KNOTS.);
#3532 = CARTESIAN_POINT('',(1.035,-0.95,0.55));
#3533 = CARTESIAN_POINT('',(1.003116515749,-0.886233031499,0.85));
#3534 = CARTESIAN_POINT('',(-1.035,-0.95,0.55));
#3535 = CARTESIAN_POINT('',(-1.003116515749,-0.886233031499,0.85));
#3536 = ADVANCED_FACE('',(#3537),#3548,.T.);
#3537 = FACE_BOUND('',#3538,.T.);
#3538 = EDGE_LOOP('',(#3539,#3540,#3541,#3542));
#3539 = ORIENTED_EDGE('',*,*,#1669,.T.);
#3540 = ORIENTED_EDGE('',*,*,#3320,.T.);
#3541 = ORIENTED_EDGE('',*,*,#1778,.F.);
#3542 = ORIENTED_EDGE('',*,*,#3543,.F.);
#3543 = EDGE_CURVE('',#1662,#1771,#3544,.T.);
#3544 = LINE('',#3545,#3546);
#3545 = CARTESIAN_POINT('',(-1.396961550602,-0.86,0.384729635533));
#3546 = VECTOR('',#3547,1.);
#3547 = DIRECTION('',(1.144237745222E-17,1.,0.));
#3548 = CYLINDRICAL_SURFACE('',#3549,0.2);
#3549 = AXIS2_PLACEMENT_3D('',#3550,#3551,#3552);
#3550 = CARTESIAN_POINT('',(-1.2,-0.86,0.35));
#3551 = DIRECTION('',(-1.144237745222E-17,-1.,0.));
#3552 = DIRECTION('',(-0.984807753012,1.126854202784E-17,0.173648177667)
  );
#3553 = ADVANCED_FACE('',(#3554),#3565,.F.);
#3554 = FACE_BOUND('',#3555,.F.);
#3555 = EDGE_LOOP('',(#3556,#3562,#3563,#3564));
#3556 = ORIENTED_EDGE('',*,*,#3557,.T.);
#3557 = EDGE_CURVE('',#1653,#1762,#3558,.T.);
#3558 = LINE('',#3559,#3560);
#3559 = CARTESIAN_POINT('',(-1.427208659456,-0.86,0.191317591117));
#3560 = VECTOR('',#3561,1.);
#3561 = DIRECTION('',(1.144237745222E-17,1.,0.));
#3562 = ORIENTED_EDGE('',*,*,#1770,.T.);
#3563 = ORIENTED_EDGE('',*,*,#3543,.F.);
#3564 = ORIENTED_EDGE('',*,*,#1661,.F.);
#3565 = PLANE('',#3566);
#3566 = AXIS2_PLACEMENT_3D('',#3567,#3568,#3569);
#3567 = CARTESIAN_POINT('',(-1.427208659456,-0.86,0.191317591117));
#3568 = DIRECTION('',(0.987991395772,-1.130497046997E-17,-0.154508905503
    ));
#3569 = DIRECTION('',(0.154508905503,-1.767949216498E-18,0.987991395772)
  );
#3570 = ADVANCED_FACE('',(#3571),#3582,.F.);
#3571 = FACE_BOUND('',#3572,.F.);
#3572 = EDGE_LOOP('',(#3573,#3579,#3580,#3581));
#3573 = ORIENTED_EDGE('',*,*,#3574,.T.);
#3574 = EDGE_CURVE('',#1645,#1754,#3575,.T.);
#3575 = LINE('',#3576,#3577);
#3576 = CARTESIAN_POINT('',(-1.476449047106,-0.86,0.15));
#3577 = VECTOR('',#3578,1.);
#3578 = DIRECTION('',(1.144237745222E-17,1.,0.));
#3579 = ORIENTED_EDGE('',*,*,#1761,.T.);
#3580 = ORIENTED_EDGE('',*,*,#3557,.F.);
#3581 = ORIENTED_EDGE('',*,*,#1652,.F.);
#3582 = CYLINDRICAL_SURFACE('',#3583,5.E-02);
#3583 = AXIS2_PLACEMENT_3D('',#3584,#3585,#3586);
#3584 = CARTESIAN_POINT('',(-1.476449047106,-0.86,0.2));
#3585 = DIRECTION('',(-1.144237745222E-17,-1.,0.));
#3586 = DIRECTION('',(-0.,0.,-1.));
#3587 = ADVANCED_FACE('',(#3588),#3599,.F.);
#3588 = FACE_BOUND('',#3589,.F.);
#3589 = EDGE_LOOP('',(#3590,#3596,#3597,#3598));
#3590 = ORIENTED_EDGE('',*,*,#3591,.T.);
#3591 = EDGE_CURVE('',#1637,#1746,#3592,.T.);
#3592 = LINE('',#3593,#3594);
#3593 = CARTESIAN_POINT('',(-1.55,-0.86,0.15));
#3594 = VECTOR('',#3595,1.);
#3595 = DIRECTION('',(1.144237745222E-17,1.,0.));
#3596 = ORIENTED_EDGE('',*,*,#1753,.T.);
#3597 = ORIENTED_EDGE('',*,*,#3574,.F.);
#3598 = ORIENTED_EDGE('',*,*,#1644,.F.);
#3599 = PLANE('',#3600);
#3600 = AXIS2_PLACEMENT_3D('',#3601,#3602,#3603);
#3601 = CARTESIAN_POINT('',(-1.55,-0.86,0.15));
#3602 = DIRECTION('',(0.,0.,-1.));
#3603 = DIRECTION('',(1.,-1.144237745222E-17,0.));
#3604 = ADVANCED_FACE('',(#3605),#3616,.F.);
#3605 = FACE_BOUND('',#3606,.F.);
#3606 = EDGE_LOOP('',(#3607,#3613,#3614,#3615));
#3607 = ORIENTED_EDGE('',*,*,#3608,.T.);
#3608 = EDGE_CURVE('',#1629,#1738,#3609,.T.);
#3609 = LINE('',#3610,#3611);
#3610 = CARTESIAN_POINT('',(-1.55,-0.86,-2.775557561563E-17));
#3611 = VECTOR('',#3612,1.);
#3612 = DIRECTION('',(1.144237745222E-17,1.,0.));
#3613 = ORIENTED_EDGE('',*,*,#1745,.T.);
#3614 = ORIENTED_EDGE('',*,*,#3591,.F.);
#3615 = ORIENTED_EDGE('',*,*,#1636,.F.);
#3616 = PLANE('',#3617);
#3617 = AXIS2_PLACEMENT_3D('',#3618,#3619,#3620);
#3618 = CARTESIAN_POINT('',(-1.55,-0.86,-2.775557561563E-17));
#3619 = DIRECTION('',(1.,-1.144237745222E-17,0.));
#3620 = DIRECTION('',(0.,0.,1.));
#3621 = ADVANCED_FACE('',(#3622),#3633,.F.);
#3622 = FACE_BOUND('',#3623,.F.);
#3623 = EDGE_LOOP('',(#3624,#3630,#3631,#3632));
#3624 = ORIENTED_EDGE('',*,*,#3625,.T.);
#3625 = EDGE_CURVE('',#1620,#1729,#3626,.T.);
#3626 = LINE('',#3627,#3628);
#3627 = CARTESIAN_POINT('',(-1.476449047106,-0.86,-2.775557561563E-17));
#3628 = VECTOR('',#3629,1.);
#3629 = DIRECTION('',(1.144237745222E-17,1.,0.));
#3630 = ORIENTED_EDGE('',*,*,#1737,.T.);
#3631 = ORIENTED_EDGE('',*,*,#3608,.F.);
#3632 = ORIENTED_EDGE('',*,*,#1628,.F.);
#3633 = PLANE('',#3634);
#3634 = AXIS2_PLACEMENT_3D('',#3635,#3636,#3637);
#3635 = CARTESIAN_POINT('',(-1.476449047106,-0.86,-2.775557561563E-17));
#3636 = DIRECTION('',(0.,0.,1.));
#3637 = DIRECTION('',(-1.,1.144237745222E-17,0.));
#3638 = ADVANCED_FACE('',(#3639),#3650,.T.);
#3639 = FACE_BOUND('',#3640,.T.);
#3640 = EDGE_LOOP('',(#3641,#3642,#3643,#3644));
#3641 = ORIENTED_EDGE('',*,*,#1619,.T.);
#3642 = ORIENTED_EDGE('',*,*,#3625,.T.);
#3643 = ORIENTED_EDGE('',*,*,#1728,.F.);
#3644 = ORIENTED_EDGE('',*,*,#3645,.F.);
#3645 = EDGE_CURVE('',#1612,#1721,#3646,.T.);
#3646 = LINE('',#3647,#3648);
#3647 = CARTESIAN_POINT('',(-1.279487496504,-0.86,0.165270364467));
#3648 = VECTOR('',#3649,1.);
#3649 = DIRECTION('',(1.144237745222E-17,1.,0.));
#3650 = CYLINDRICAL_SURFACE('',#3651,0.2);
#3651 = AXIS2_PLACEMENT_3D('',#3652,#3653,#3654);
#3652 = CARTESIAN_POINT('',(-1.476449047106,-0.86,0.2));
#3653 = DIRECTION('',(-1.144237745222E-17,-1.,0.));
#3654 = DIRECTION('',(0.984807753012,-1.126854202784E-17,-0.173648177667
    ));
#3655 = ADVANCED_FACE('',(#3656),#3662,.F.);
#3656 = FACE_BOUND('',#3657,.F.);
#3657 = EDGE_LOOP('',(#3658,#3659,#3660,#3661));
#3658 = ORIENTED_EDGE('',*,*,#1702,.T.);
#3659 = ORIENTED_EDGE('',*,*,#1720,.T.);
#3660 = ORIENTED_EDGE('',*,*,#3645,.F.);
#3661 = ORIENTED_EDGE('',*,*,#1611,.F.);
#3662 = PLANE('',#3663);
#3663 = AXIS2_PLACEMENT_3D('',#3664,#3665,#3666);
#3664 = CARTESIAN_POINT('',(-1.249240387651,-0.86,0.358682408883));
#3665 = DIRECTION('',(-0.987991395772,1.130497046997E-17,0.154508905503)
  );
#3666 = DIRECTION('',(-0.154508905503,1.767949216498E-18,-0.987991395772
    ));
#3667 = ADVANCED_FACE('',(#3668),#3679,.T.);
#3668 = FACE_BOUND('',#3669,.T.);
#3669 = EDGE_LOOP('',(#3670,#3671,#3672,#3673));
#3670 = ORIENTED_EDGE('',*,*,#1892,.T.);
#3671 = ORIENTED_EDGE('',*,*,#3339,.T.);
#3672 = ORIENTED_EDGE('',*,*,#2001,.F.);
#3673 = ORIENTED_EDGE('',*,*,#3674,.F.);
#3674 = EDGE_CURVE('',#1885,#1994,#3675,.T.);
#3675 = LINE('',#3676,#3677);
#3676 = CARTESIAN_POINT('',(-1.396961550602,-0.36,0.384729635533));
#3677 = VECTOR('',#3678,1.);
#3678 = DIRECTION('',(1.144237745222E-17,1.,0.));
#3679 = CYLINDRICAL_SURFACE('',#3680,0.2);
#3680 = AXIS2_PLACEMENT_3D('',#3681,#3682,#3683);
#3681 = CARTESIAN_POINT('',(-1.2,-0.36,0.35));
#3682 = DIRECTION('',(-1.144237745222E-17,-1.,0.));
#3683 = DIRECTION('',(-0.984807753012,1.126854202784E-17,0.173648177667)
  );
#3684 = ADVANCED_FACE('',(#3685),#3696,.F.);
#3685 = FACE_BOUND('',#3686,.F.);
#3686 = EDGE_LOOP('',(#3687,#3693,#3694,#3695));
#3687 = ORIENTED_EDGE('',*,*,#3688,.T.);
#3688 = EDGE_CURVE('',#1876,#1985,#3689,.T.);
#3689 = LINE('',#3690,#3691);
#3690 = CARTESIAN_POINT('',(-1.427208659456,-0.36,0.191317591117));
#3691 = VECTOR('',#3692,1.);
#3692 = DIRECTION('',(1.144237745222E-17,1.,0.));
#3693 = ORIENTED_EDGE('',*,*,#1993,.T.);
#3694 = ORIENTED_EDGE('',*,*,#3674,.F.);
#3695 = ORIENTED_EDGE('',*,*,#1884,.F.);
#3696 = PLANE('',#3697);
#3697 = AXIS2_PLACEMENT_3D('',#3698,#3699,#3700);
#3698 = CARTESIAN_POINT('',(-1.427208659456,-0.36,0.191317591117));
#3699 = DIRECTION('',(0.987991395772,-1.130497046997E-17,-0.154508905503
    ));
#3700 = DIRECTION('',(0.154508905503,-1.767949216498E-18,0.987991395772)
  );
#3701 = ADVANCED_FACE('',(#3702),#3713,.F.);
#3702 = FACE_BOUND('',#3703,.F.);
#3703 = EDGE_LOOP('',(#3704,#3710,#3711,#3712));
#3704 = ORIENTED_EDGE('',*,*,#3705,.T.);
#3705 = EDGE_CURVE('',#1868,#1977,#3706,.T.);
#3706 = LINE('',#3707,#3708);
#3707 = CARTESIAN_POINT('',(-1.476449047106,-0.36,0.15));
#3708 = VECTOR('',#3709,1.);
#3709 = DIRECTION('',(1.144237745222E-17,1.,0.));
#3710 = ORIENTED_EDGE('',*,*,#1984,.T.);
#3711 = ORIENTED_EDGE('',*,*,#3688,.F.);
#3712 = ORIENTED_EDGE('',*,*,#1875,.F.);
#3713 = CYLINDRICAL_SURFACE('',#3714,5.E-02);
#3714 = AXIS2_PLACEMENT_3D('',#3715,#3716,#3717);
#3715 = CARTESIAN_POINT('',(-1.476449047106,-0.36,0.2));
#3716 = DIRECTION('',(-1.144237745222E-17,-1.,0.));
#3717 = DIRECTION('',(-0.,0.,-1.));
#3718 = ADVANCED_FACE('',(#3719),#3730,.F.);
#3719 = FACE_BOUND('',#3720,.F.);
#3720 = EDGE_LOOP('',(#3721,#3727,#3728,#3729));
#3721 = ORIENTED_EDGE('',*,*,#3722,.T.);
#3722 = EDGE_CURVE('',#1860,#1969,#3723,.T.);
#3723 = LINE('',#3724,#3725);
#3724 = CARTESIAN_POINT('',(-1.55,-0.36,0.15));
#3725 = VECTOR('',#3726,1.);
#3726 = DIRECTION('',(1.144237745222E-17,1.,0.));
#3727 = ORIENTED_EDGE('',*,*,#1976,.T.);
#3728 = ORIENTED_EDGE('',*,*,#3705,.F.);
#3729 = ORIENTED_EDGE('',*,*,#1867,.F.);
#3730 = PLANE('',#3731);
#3731 = AXIS2_PLACEMENT_3D('',#3732,#3733,#3734);
#3732 = CARTESIAN_POINT('',(-1.55,-0.36,0.15));
#3733 = DIRECTION('',(0.,0.,-1.));
#3734 = DIRECTION('',(1.,-1.144237745222E-17,0.));
#3735 = ADVANCED_FACE('',(#3736),#3747,.F.);
#3736 = FACE_BOUND('',#3737,.F.);
#3737 = EDGE_LOOP('',(#3738,#3744,#3745,#3746));
#3738 = ORIENTED_EDGE('',*,*,#3739,.T.);
#3739 = EDGE_CURVE('',#1852,#1961,#3740,.T.);
#3740 = LINE('',#3741,#3742);
#3741 = CARTESIAN_POINT('',(-1.55,-0.36,-2.775557561563E-17));
#3742 = VECTOR('',#3743,1.);
#3743 = DIRECTION('',(1.144237745222E-17,1.,0.));
#3744 = ORIENTED_EDGE('',*,*,#1968,.T.);
#3745 = ORIENTED_EDGE('',*,*,#3722,.F.);
#3746 = ORIENTED_EDGE('',*,*,#1859,.F.);
#3747 = PLANE('',#3748);
#3748 = AXIS2_PLACEMENT_3D('',#3749,#3750,#3751);
#3749 = CARTESIAN_POINT('',(-1.55,-0.36,-2.775557561563E-17));
#3750 = DIRECTION('',(1.,-1.144237745222E-17,0.));
#3751 = DIRECTION('',(0.,0.,1.));
#3752 = ADVANCED_FACE('',(#3753),#3764,.F.);
#3753 = FACE_BOUND('',#3754,.F.);
#3754 = EDGE_LOOP('',(#3755,#3761,#3762,#3763));
#3755 = ORIENTED_EDGE('',*,*,#3756,.T.);
#3756 = EDGE_CURVE('',#1843,#1952,#3757,.T.);
#3757 = LINE('',#3758,#3759);
#3758 = CARTESIAN_POINT('',(-1.476449047106,-0.36,-2.775557561563E-17));
#3759 = VECTOR('',#3760,1.);
#3760 = DIRECTION('',(1.144237745222E-17,1.,0.));
#3761 = ORIENTED_EDGE('',*,*,#1960,.T.);
#3762 = ORIENTED_EDGE('',*,*,#3739,.F.);
#3763 = ORIENTED_EDGE('',*,*,#1851,.F.);
#3764 = PLANE('',#3765);
#3765 = AXIS2_PLACEMENT_3D('',#3766,#3767,#3768);
#3766 = CARTESIAN_POINT('',(-1.476449047106,-0.36,-2.775557561563E-17));
#3767 = DIRECTION('',(0.,0.,1.));
#3768 = DIRECTION('',(-1.,1.144237745222E-17,0.));
#3769 = ADVANCED_FACE('',(#3770),#3781,.T.);
#3770 = FACE_BOUND('',#3771,.T.);
#3771 = EDGE_LOOP('',(#3772,#3773,#3774,#3775));
#3772 = ORIENTED_EDGE('',*,*,#1842,.T.);
#3773 = ORIENTED_EDGE('',*,*,#3756,.T.);
#3774 = ORIENTED_EDGE('',*,*,#1951,.F.);
#3775 = ORIENTED_EDGE('',*,*,#3776,.F.);
#3776 = EDGE_CURVE('',#1835,#1944,#3777,.T.);
#3777 = LINE('',#3778,#3779);
#3778 = CARTESIAN_POINT('',(-1.279487496504,-0.36,0.165270364467));
#3779 = VECTOR('',#3780,1.);
#3780 = DIRECTION('',(1.144237745222E-17,1.,0.));
#3781 = CYLINDRICAL_SURFACE('',#3782,0.2);
#3782 = AXIS2_PLACEMENT_3D('',#3783,#3784,#3785);
#3783 = CARTESIAN_POINT('',(-1.476449047106,-0.36,0.2));
#3784 = DIRECTION('',(-1.144237745222E-17,-1.,0.));
#3785 = DIRECTION('',(0.984807753012,-1.126854202784E-17,-0.173648177667
    ));
#3786 = ADVANCED_FACE('',(#3787),#3793,.F.);
#3787 = FACE_BOUND('',#3788,.F.);
#3788 = EDGE_LOOP('',(#3789,#3790,#3791,#3792));
#3789 = ORIENTED_EDGE('',*,*,#1925,.T.);
#3790 = ORIENTED_EDGE('',*,*,#1943,.T.);
#3791 = ORIENTED_EDGE('',*,*,#3776,.F.);
#3792 = ORIENTED_EDGE('',*,*,#1834,.F.);
#3793 = PLANE('',#3794);
#3794 = AXIS2_PLACEMENT_3D('',#3795,#3796,#3797);
#3795 = CARTESIAN_POINT('',(-1.249240387651,-0.36,0.358682408883));
#3796 = DIRECTION('',(-0.987991395772,1.130497046997E-17,0.154508905503)
  );
#3797 = DIRECTION('',(-0.154508905503,1.767949216498E-18,-0.987991395772
    ));
#3798 = ADVANCED_FACE('',(#3799),#3810,.T.);
#3799 = FACE_BOUND('',#3800,.T.);
#3800 = EDGE_LOOP('',(#3801,#3802,#3803,#3804));
#3801 = ORIENTED_EDGE('',*,*,#2115,.T.);
#3802 = ORIENTED_EDGE('',*,*,#3358,.T.);
#3803 = ORIENTED_EDGE('',*,*,#2224,.F.);
#3804 = ORIENTED_EDGE('',*,*,#3805,.F.);
#3805 = EDGE_CURVE('',#2108,#2217,#3806,.T.);
#3806 = LINE('',#3807,#3808);
#3807 = CARTESIAN_POINT('',(-1.396961550602,0.14,0.384729635533));
#3808 = VECTOR('',#3809,1.);
#3809 = DIRECTION('',(1.144237745222E-17,1.,0.));
#3810 = CYLINDRICAL_SURFACE('',#3811,0.2);
#3811 = AXIS2_PLACEMENT_3D('',#3812,#3813,#3814);
#3812 = CARTESIAN_POINT('',(-1.2,0.14,0.35));
#3813 = DIRECTION('',(-1.144237745222E-17,-1.,0.));
#3814 = DIRECTION('',(-0.984807753012,1.126854202784E-17,0.173648177667)
  );
#3815 = ADVANCED_FACE('',(#3816),#3827,.F.);
#3816 = FACE_BOUND('',#3817,.F.);
#3817 = EDGE_LOOP('',(#3818,#3824,#3825,#3826));
#3818 = ORIENTED_EDGE('',*,*,#3819,.T.);
#3819 = EDGE_CURVE('',#2099,#2208,#3820,.T.);
#3820 = LINE('',#3821,#3822);
#3821 = CARTESIAN_POINT('',(-1.427208659456,0.14,0.191317591117));
#3822 = VECTOR('',#3823,1.);
#3823 = DIRECTION('',(1.144237745222E-17,1.,0.));
#3824 = ORIENTED_EDGE('',*,*,#2216,.T.);
#3825 = ORIENTED_EDGE('',*,*,#3805,.F.);
#3826 = ORIENTED_EDGE('',*,*,#2107,.F.);
#3827 = PLANE('',#3828);
#3828 = AXIS2_PLACEMENT_3D('',#3829,#3830,#3831);
#3829 = CARTESIAN_POINT('',(-1.427208659456,0.14,0.191317591117));
#3830 = DIRECTION('',(0.987991395772,-1.130497046997E-17,-0.154508905503
    ));
#3831 = DIRECTION('',(0.154508905503,-1.767949216498E-18,0.987991395772)
  );
#3832 = ADVANCED_FACE('',(#3833),#3844,.F.);
#3833 = FACE_BOUND('',#3834,.F.);
#3834 = EDGE_LOOP('',(#3835,#3841,#3842,#3843));
#3835 = ORIENTED_EDGE('',*,*,#3836,.T.);
#3836 = EDGE_CURVE('',#2091,#2200,#3837,.T.);
#3837 = LINE('',#3838,#3839);
#3838 = CARTESIAN_POINT('',(-1.476449047106,0.14,0.15));
#3839 = VECTOR('',#3840,1.);
#3840 = DIRECTION('',(1.144237745222E-17,1.,0.));
#3841 = ORIENTED_EDGE('',*,*,#2207,.T.);
#3842 = ORIENTED_EDGE('',*,*,#3819,.F.);
#3843 = ORIENTED_EDGE('',*,*,#2098,.F.);
#3844 = CYLINDRICAL_SURFACE('',#3845,5.E-02);
#3845 = AXIS2_PLACEMENT_3D('',#3846,#3847,#3848);
#3846 = CARTESIAN_POINT('',(-1.476449047106,0.14,0.2));
#3847 = DIRECTION('',(-1.144237745222E-17,-1.,0.));
#3848 = DIRECTION('',(-0.,0.,-1.));
#3849 = ADVANCED_FACE('',(#3850),#3861,.F.);
#3850 = FACE_BOUND('',#3851,.F.);
#3851 = EDGE_LOOP('',(#3852,#3858,#3859,#3860));
#3852 = ORIENTED_EDGE('',*,*,#3853,.T.);
#3853 = EDGE_CURVE('',#2083,#2192,#3854,.T.);
#3854 = LINE('',#3855,#3856);
#3855 = CARTESIAN_POINT('',(-1.55,0.14,0.15));
#3856 = VECTOR('',#3857,1.);
#3857 = DIRECTION('',(1.144237745222E-17,1.,0.));
#3858 = ORIENTED_EDGE('',*,*,#2199,.T.);
#3859 = ORIENTED_EDGE('',*,*,#3836,.F.);
#3860 = ORIENTED_EDGE('',*,*,#2090,.F.);
#3861 = PLANE('',#3862);
#3862 = AXIS2_PLACEMENT_3D('',#3863,#3864,#3865);
#3863 = CARTESIAN_POINT('',(-1.55,0.14,0.15));
#3864 = DIRECTION('',(0.,0.,-1.));
#3865 = DIRECTION('',(1.,-1.144237745222E-17,0.));
#3866 = ADVANCED_FACE('',(#3867),#3878,.F.);
#3867 = FACE_BOUND('',#3868,.F.);
#3868 = EDGE_LOOP('',(#3869,#3875,#3876,#3877));
#3869 = ORIENTED_EDGE('',*,*,#3870,.T.);
#3870 = EDGE_CURVE('',#2075,#2184,#3871,.T.);
#3871 = LINE('',#3872,#3873);
#3872 = CARTESIAN_POINT('',(-1.55,0.14,-2.775557561563E-17));
#3873 = VECTOR('',#3874,1.);
#3874 = DIRECTION('',(1.144237745222E-17,1.,0.));
#3875 = ORIENTED_EDGE('',*,*,#2191,.T.);
#3876 = ORIENTED_EDGE('',*,*,#3853,.F.);
#3877 = ORIENTED_EDGE('',*,*,#2082,.F.);
#3878 = PLANE('',#3879);
#3879 = AXIS2_PLACEMENT_3D('',#3880,#3881,#3882);
#3880 = CARTESIAN_POINT('',(-1.55,0.14,-2.775557561563E-17));
#3881 = DIRECTION('',(1.,-1.144237745222E-17,0.));
#3882 = DIRECTION('',(0.,0.,1.));
#3883 = ADVANCED_FACE('',(#3884),#3895,.F.);
#3884 = FACE_BOUND('',#3885,.F.);
#3885 = EDGE_LOOP('',(#3886,#3892,#3893,#3894));
#3886 = ORIENTED_EDGE('',*,*,#3887,.T.);
#3887 = EDGE_CURVE('',#2066,#2175,#3888,.T.);
#3888 = LINE('',#3889,#3890);
#3889 = CARTESIAN_POINT('',(-1.476449047106,0.14,-2.775557561563E-17));
#3890 = VECTOR('',#3891,1.);
#3891 = DIRECTION('',(1.144237745222E-17,1.,0.));
#3892 = ORIENTED_EDGE('',*,*,#2183,.T.);
#3893 = ORIENTED_EDGE('',*,*,#3870,.F.);
#3894 = ORIENTED_EDGE('',*,*,#2074,.F.);
#3895 = PLANE('',#3896);
#3896 = AXIS2_PLACEMENT_3D('',#3897,#3898,#3899);
#3897 = CARTESIAN_POINT('',(-1.476449047106,0.14,-2.775557561563E-17));
#3898 = DIRECTION('',(0.,0.,1.));
#3899 = DIRECTION('',(-1.,1.144237745222E-17,0.));
#3900 = ADVANCED_FACE('',(#3901),#3912,.T.);
#3901 = FACE_BOUND('',#3902,.T.);
#3902 = EDGE_LOOP('',(#3903,#3904,#3905,#3906));
#3903 = ORIENTED_EDGE('',*,*,#2065,.T.);
#3904 = ORIENTED_EDGE('',*,*,#3887,.T.);
#3905 = ORIENTED_EDGE('',*,*,#2174,.F.);
#3906 = ORIENTED_EDGE('',*,*,#3907,.F.);
#3907 = EDGE_CURVE('',#2058,#2167,#3908,.T.);
#3908 = LINE('',#3909,#3910);
#3909 = CARTESIAN_POINT('',(-1.279487496504,0.14,0.165270364467));
#3910 = VECTOR('',#3911,1.);
#3911 = DIRECTION('',(1.144237745222E-17,1.,0.));
#3912 = CYLINDRICAL_SURFACE('',#3913,0.2);
#3913 = AXIS2_PLACEMENT_3D('',#3914,#3915,#3916);
#3914 = CARTESIAN_POINT('',(-1.476449047106,0.14,0.2));
#3915 = DIRECTION('',(-1.144237745222E-17,-1.,0.));
#3916 = DIRECTION('',(0.984807753012,-1.126854202784E-17,-0.173648177667
    ));
#3917 = ADVANCED_FACE('',(#3918),#3924,.F.);
#3918 = FACE_BOUND('',#3919,.F.);
#3919 = EDGE_LOOP('',(#3920,#3921,#3922,#3923));
#3920 = ORIENTED_EDGE('',*,*,#2148,.T.);
#3921 = ORIENTED_EDGE('',*,*,#2166,.T.);
#3922 = ORIENTED_EDGE('',*,*,#3907,.F.);
#3923 = ORIENTED_EDGE('',*,*,#2057,.F.);
#3924 = PLANE('',#3925);
#3925 = AXIS2_PLACEMENT_3D('',#3926,#3927,#3928);
#3926 = CARTESIAN_POINT('',(-1.249240387651,0.14,0.358682408883));
#3927 = DIRECTION('',(-0.987991395772,1.130497046997E-17,0.154508905503)
  );
#3928 = DIRECTION('',(-0.154508905503,1.767949216498E-18,-0.987991395772
    ));
#3929 = ADVANCED_FACE('',(#3930),#3941,.F.);
#3930 = FACE_BOUND('',#3931,.F.);
#3931 = EDGE_LOOP('',(#3932,#3938,#3939,#3940));
#3932 = ORIENTED_EDGE('',*,*,#3933,.T.);
#3933 = EDGE_CURVE('',#2317,#2419,#3934,.T.);
#3934 = LINE('',#3935,#3936);
#3935 = CARTESIAN_POINT('',(-1.427208659456,0.64,0.191317591117));
#3936 = VECTOR('',#3937,1.);
#3937 = DIRECTION('',(1.144237745222E-17,1.,0.));
#3938 = ORIENTED_EDGE('',*,*,#2427,.T.);
#3939 = ORIENTED_EDGE('',*,*,#3305,.F.);
#3940 = ORIENTED_EDGE('',*,*,#2325,.F.);
#3941 = PLANE('',#3942);
#3942 = AXIS2_PLACEMENT_3D('',#3943,#3944,#3945);
#3943 = CARTESIAN_POINT('',(-1.427208659456,0.64,0.191317591117));
#3944 = DIRECTION('',(0.987991395772,-1.130497046997E-17,-0.154508905503
    ));
#3945 = DIRECTION('',(0.154508905503,-1.767949216498E-18,0.987991395772)
  );
#3946 = ADVANCED_FACE('',(#3947),#3958,.F.);
#3947 = FACE_BOUND('',#3948,.F.);
#3948 = EDGE_LOOP('',(#3949,#3955,#3956,#3957));
#3949 = ORIENTED_EDGE('',*,*,#3950,.T.);
#3950 = EDGE_CURVE('',#2309,#2411,#3951,.T.);
#3951 = LINE('',#3952,#3953);
#3952 = CARTESIAN_POINT('',(-1.476449047106,0.64,0.15));
#3953 = VECTOR('',#3954,1.);
#3954 = DIRECTION('',(1.144237745222E-17,1.,0.));
#3955 = ORIENTED_EDGE('',*,*,#2418,.T.);
#3956 = ORIENTED_EDGE('',*,*,#3933,.F.);
#3957 = ORIENTED_EDGE('',*,*,#2316,.F.);
#3958 = CYLINDRICAL_SURFACE('',#3959,5.E-02);
#3959 = AXIS2_PLACEMENT_3D('',#3960,#3961,#3962);
#3960 = CARTESIAN_POINT('',(-1.476449047106,0.64,0.2));
#3961 = DIRECTION('',(-1.144237745222E-17,-1.,0.));
#3962 = DIRECTION('',(-0.,0.,-1.));
#3963 = ADVANCED_FACE('',(#3964),#3975,.F.);
#3964 = FACE_BOUND('',#3965,.F.);
#3965 = EDGE_LOOP('',(#3966,#3972,#3973,#3974));
#3966 = ORIENTED_EDGE('',*,*,#3967,.T.);
#3967 = EDGE_CURVE('',#2301,#2403,#3968,.T.);
#3968 = LINE('',#3969,#3970);
#3969 = CARTESIAN_POINT('',(-1.55,0.64,0.15));
#3970 = VECTOR('',#3971,1.);
#3971 = DIRECTION('',(1.144237745222E-17,1.,0.));
#3972 = ORIENTED_EDGE('',*,*,#2410,.T.);
#3973 = ORIENTED_EDGE('',*,*,#3950,.F.);
#3974 = ORIENTED_EDGE('',*,*,#2308,.F.);
#3975 = PLANE('',#3976);
#3976 = AXIS2_PLACEMENT_3D('',#3977,#3978,#3979);
#3977 = CARTESIAN_POINT('',(-1.55,0.64,0.15));
#3978 = DIRECTION('',(0.,0.,-1.));
#3979 = DIRECTION('',(1.,-1.144237745222E-17,0.));
#3980 = ADVANCED_FACE('',(#3981),#3992,.F.);
#3981 = FACE_BOUND('',#3982,.F.);
#3982 = EDGE_LOOP('',(#3983,#3989,#3990,#3991));
#3983 = ORIENTED_EDGE('',*,*,#3984,.T.);
#3984 = EDGE_CURVE('',#2293,#2395,#3985,.T.);
#3985 = LINE('',#3986,#3987);
#3986 = CARTESIAN_POINT('',(-1.55,0.64,-2.775557561563E-17));
#3987 = VECTOR('',#3988,1.);
#3988 = DIRECTION('',(1.144237745222E-17,1.,0.));
#3989 = ORIENTED_EDGE('',*,*,#2402,.T.);
#3990 = ORIENTED_EDGE('',*,*,#3967,.F.);
#3991 = ORIENTED_EDGE('',*,*,#2300,.F.);
#3992 = PLANE('',#3993);
#3993 = AXIS2_PLACEMENT_3D('',#3994,#3995,#3996);
#3994 = CARTESIAN_POINT('',(-1.55,0.64,-2.775557561563E-17));
#3995 = DIRECTION('',(1.,-1.144237745222E-17,0.));
#3996 = DIRECTION('',(0.,0.,1.));
#3997 = ADVANCED_FACE('',(#3998),#4009,.F.);
#3998 = FACE_BOUND('',#3999,.F.);
#3999 = EDGE_LOOP('',(#4000,#4006,#4007,#4008));
#4000 = ORIENTED_EDGE('',*,*,#4001,.T.);
#4001 = EDGE_CURVE('',#2284,#2386,#4002,.T.);
#4002 = LINE('',#4003,#4004);
#4003 = CARTESIAN_POINT('',(-1.476449047106,0.64,-2.775557561563E-17));
#4004 = VECTOR('',#4005,1.);
#4005 = DIRECTION('',(1.144237745222E-17,1.,0.));
#4006 = ORIENTED_EDGE('',*,*,#2394,.T.);
#4007 = ORIENTED_EDGE('',*,*,#3984,.F.);
#4008 = ORIENTED_EDGE('',*,*,#2292,.F.);
#4009 = PLANE('',#4010);
#4010 = AXIS2_PLACEMENT_3D('',#4011,#4012,#4013);
#4011 = CARTESIAN_POINT('',(-1.476449047106,0.64,-2.775557561563E-17));
#4012 = DIRECTION('',(0.,0.,1.));
#4013 = DIRECTION('',(-1.,1.144237745222E-17,0.));
#4014 = ADVANCED_FACE('',(#4015),#4026,.T.);
#4015 = FACE_BOUND('',#4016,.T.);
#4016 = EDGE_LOOP('',(#4017,#4018,#4019,#4020));
#4017 = ORIENTED_EDGE('',*,*,#2283,.T.);
#4018 = ORIENTED_EDGE('',*,*,#4001,.T.);
#4019 = ORIENTED_EDGE('',*,*,#2385,.F.);
#4020 = ORIENTED_EDGE('',*,*,#4021,.F.);
#4021 = EDGE_CURVE('',#2276,#2378,#4022,.T.);
#4022 = LINE('',#4023,#4024);
#4023 = CARTESIAN_POINT('',(-1.279487496504,0.64,0.165270364467));
#4024 = VECTOR('',#4025,1.);
#4025 = DIRECTION('',(1.144237745222E-17,1.,0.));
#4026 = CYLINDRICAL_SURFACE('',#4027,0.2);
#4027 = AXIS2_PLACEMENT_3D('',#4028,#4029,#4030);
#4028 = CARTESIAN_POINT('',(-1.476449047106,0.64,0.2));
#4029 = DIRECTION('',(-1.144237745222E-17,-1.,0.));
#4030 = DIRECTION('',(0.984807753012,-1.126854202784E-17,-0.173648177667
    ));
#4031 = ADVANCED_FACE('',(#4032),#4038,.F.);
#4032 = FACE_BOUND('',#4033,.F.);
#4033 = EDGE_LOOP('',(#4034,#4035,#4036,#4037));
#4034 = ORIENTED_EDGE('',*,*,#2359,.T.);
#4035 = ORIENTED_EDGE('',*,*,#2377,.T.);
#4036 = ORIENTED_EDGE('',*,*,#4021,.F.);
#4037 = ORIENTED_EDGE('',*,*,#2275,.F.);
#4038 = PLANE('',#4039);
#4039 = AXIS2_PLACEMENT_3D('',#4040,#4041,#4042);
#4040 = CARTESIAN_POINT('',(-1.249240387651,0.64,0.358682408883));
#4041 = DIRECTION('',(-0.987991395772,1.130497046997E-17,0.154508905503)
  );
#4042 = DIRECTION('',(-0.154508905503,1.767949216498E-18,-0.987991395772
    ));
#4043 = ADVANCED_FACE('',(#4044),#4055,.F.);
#4044 = FACE_BOUND('',#4045,.F.);
#4045 = EDGE_LOOP('',(#4046,#4052,#4053,#4054));
#4046 = ORIENTED_EDGE('',*,*,#4047,.T.);
#4047 = EDGE_CURVE('',#2504,#2606,#4048,.T.);
#4048 = LINE('',#4049,#4050);
#4049 = CARTESIAN_POINT('',(1.427208659456,0.86,0.191317591117));
#4050 = VECTOR('',#4051,1.);
#4051 = DIRECTION('',(1.110223024625E-16,-1.,0.));
#4052 = ORIENTED_EDGE('',*,*,#2614,.T.);
#4053 = ORIENTED_EDGE('',*,*,#3514,.F.);
#4054 = ORIENTED_EDGE('',*,*,#2512,.F.);
#4055 = PLANE('',#4056);
#4056 = AXIS2_PLACEMENT_3D('',#4057,#4058,#4059);
#4057 = CARTESIAN_POINT('',(1.427208659456,0.86,0.191317591117));
#4058 = DIRECTION('',(-0.987991395772,-1.096890795718E-16,
    -0.154508905503));
#4059 = DIRECTION('',(-0.154508905503,-1.715393443994E-17,0.987991395772
    ));
#4060 = ADVANCED_FACE('',(#4061),#4072,.F.);
#4061 = FACE_BOUND('',#4062,.F.);
#4062 = EDGE_LOOP('',(#4063,#4069,#4070,#4071));
#4063 = ORIENTED_EDGE('',*,*,#4064,.T.);
#4064 = EDGE_CURVE('',#2496,#2598,#4065,.T.);
#4065 = LINE('',#4066,#4067);
#4066 = CARTESIAN_POINT('',(1.476449047106,0.86,0.15));
#4067 = VECTOR('',#4068,1.);
#4068 = DIRECTION('',(1.110223024625E-16,-1.,0.));
#4069 = ORIENTED_EDGE('',*,*,#2605,.T.);
#4070 = ORIENTED_EDGE('',*,*,#4047,.F.);
#4071 = ORIENTED_EDGE('',*,*,#2503,.F.);
#4072 = CYLINDRICAL_SURFACE('',#4073,5.E-02);
#4073 = AXIS2_PLACEMENT_3D('',#4074,#4075,#4076);
#4074 = CARTESIAN_POINT('',(1.476449047106,0.86,0.2));
#4075 = DIRECTION('',(-1.110223024625E-16,1.,0.));
#4076 = DIRECTION('',(0.,0.,-1.));
#4077 = ADVANCED_FACE('',(#4078),#4089,.F.);
#4078 = FACE_BOUND('',#4079,.F.);
#4079 = EDGE_LOOP('',(#4080,#4086,#4087,#4088));
#4080 = ORIENTED_EDGE('',*,*,#4081,.T.);
#4081 = EDGE_CURVE('',#2488,#2590,#4082,.T.);
#4082 = LINE('',#4083,#4084);
#4083 = CARTESIAN_POINT('',(1.55,0.86,0.15));
#4084 = VECTOR('',#4085,1.);
#4085 = DIRECTION('',(1.110223024625E-16,-1.,0.));
#4086 = ORIENTED_EDGE('',*,*,#2597,.T.);
#4087 = ORIENTED_EDGE('',*,*,#4064,.F.);
#4088 = ORIENTED_EDGE('',*,*,#2495,.F.);
#4089 = PLANE('',#4090);
#4090 = AXIS2_PLACEMENT_3D('',#4091,#4092,#4093);
#4091 = CARTESIAN_POINT('',(1.55,0.86,0.15));
#4092 = DIRECTION('',(0.,0.,-1.));
#4093 = DIRECTION('',(-1.,-1.110223024625E-16,-0.));
#4094 = ADVANCED_FACE('',(#4095),#4106,.F.);
#4095 = FACE_BOUND('',#4096,.F.);
#4096 = EDGE_LOOP('',(#4097,#4103,#4104,#4105));
#4097 = ORIENTED_EDGE('',*,*,#4098,.T.);
#4098 = EDGE_CURVE('',#2480,#2582,#4099,.T.);
#4099 = LINE('',#4100,#4101);
#4100 = CARTESIAN_POINT('',(1.55,0.86,-2.775557561563E-17));
#4101 = VECTOR('',#4102,1.);
#4102 = DIRECTION('',(1.110223024625E-16,-1.,0.));
#4103 = ORIENTED_EDGE('',*,*,#2589,.T.);
#4104 = ORIENTED_EDGE('',*,*,#4081,.F.);
#4105 = ORIENTED_EDGE('',*,*,#2487,.F.);
#4106 = PLANE('',#4107);
#4107 = AXIS2_PLACEMENT_3D('',#4108,#4109,#4110);
#4108 = CARTESIAN_POINT('',(1.55,0.86,-2.775557561563E-17));
#4109 = DIRECTION('',(-1.,-1.110223024625E-16,0.));
#4110 = DIRECTION('',(0.,0.,1.));
#4111 = ADVANCED_FACE('',(#4112),#4123,.F.);
#4112 = FACE_BOUND('',#4113,.F.);
#4113 = EDGE_LOOP('',(#4114,#4120,#4121,#4122));
#4114 = ORIENTED_EDGE('',*,*,#4115,.T.);
#4115 = EDGE_CURVE('',#2471,#2573,#4116,.T.);
#4116 = LINE('',#4117,#4118);
#4117 = CARTESIAN_POINT('',(1.476449047106,0.86,-2.775557561563E-17));
#4118 = VECTOR('',#4119,1.);
#4119 = DIRECTION('',(1.110223024625E-16,-1.,0.));
#4120 = ORIENTED_EDGE('',*,*,#2581,.T.);
#4121 = ORIENTED_EDGE('',*,*,#4098,.F.);
#4122 = ORIENTED_EDGE('',*,*,#2479,.F.);
#4123 = PLANE('',#4124);
#4124 = AXIS2_PLACEMENT_3D('',#4125,#4126,#4127);
#4125 = CARTESIAN_POINT('',(1.476449047106,0.86,-2.775557561563E-17));
#4126 = DIRECTION('',(0.,0.,1.));
#4127 = DIRECTION('',(1.,1.110223024625E-16,-0.));
#4128 = ADVANCED_FACE('',(#4129),#4140,.T.);
#4129 = FACE_BOUND('',#4130,.T.);
#4130 = EDGE_LOOP('',(#4131,#4132,#4133,#4134));
#4131 = ORIENTED_EDGE('',*,*,#2470,.T.);
#4132 = ORIENTED_EDGE('',*,*,#4115,.T.);
#4133 = ORIENTED_EDGE('',*,*,#2572,.F.);
#4134 = ORIENTED_EDGE('',*,*,#4135,.F.);
#4135 = EDGE_CURVE('',#2463,#2565,#4136,.T.);
#4136 = LINE('',#4137,#4138);
#4137 = CARTESIAN_POINT('',(1.279487496504,0.86,0.165270364467));
#4138 = VECTOR('',#4139,1.);
#4139 = DIRECTION('',(1.110223024625E-16,-1.,0.));
#4140 = CYLINDRICAL_SURFACE('',#4141,0.2);
#4141 = AXIS2_PLACEMENT_3D('',#4142,#4143,#4144);
#4142 = CARTESIAN_POINT('',(1.476449047106,0.86,0.2));
#4143 = DIRECTION('',(-1.110223024625E-16,1.,0.));
#4144 = DIRECTION('',(-0.984807753012,-1.093356242223E-16,
    -0.173648177667));
#4145 = ADVANCED_FACE('',(#4146),#4152,.F.);
#4146 = FACE_BOUND('',#4147,.F.);
#4147 = EDGE_LOOP('',(#4148,#4149,#4150,#4151));
#4148 = ORIENTED_EDGE('',*,*,#2546,.T.);
#4149 = ORIENTED_EDGE('',*,*,#2564,.T.);
#4150 = ORIENTED_EDGE('',*,*,#4135,.F.);
#4151 = ORIENTED_EDGE('',*,*,#2462,.F.);
#4152 = PLANE('',#4153);
#4153 = AXIS2_PLACEMENT_3D('',#4154,#4155,#4156);
#4154 = CARTESIAN_POINT('',(1.249240387651,0.86,0.358682408883));
#4155 = DIRECTION('',(0.987991395772,1.096890795718E-16,0.154508905503)
  );
#4156 = DIRECTION('',(0.154508905503,1.715393443994E-17,-0.987991395772)
  );
#4157 = ADVANCED_FACE('',(#4158),#4169,.T.);
#4158 = FACE_BOUND('',#4159,.T.);
#4159 = EDGE_LOOP('',(#4160,#4161,#4162,#4163));
#4160 = ORIENTED_EDGE('',*,*,#2724,.T.);
#4161 = ORIENTED_EDGE('',*,*,#3439,.T.);
#4162 = ORIENTED_EDGE('',*,*,#2833,.F.);
#4163 = ORIENTED_EDGE('',*,*,#4164,.F.);
#4164 = EDGE_CURVE('',#2717,#2826,#4165,.T.);
#4165 = LINE('',#4166,#4167);
#4166 = CARTESIAN_POINT('',(1.396961550602,0.36,0.384729635533));
#4167 = VECTOR('',#4168,1.);
#4168 = DIRECTION('',(1.110223024625E-16,-1.,0.));
#4169 = CYLINDRICAL_SURFACE('',#4170,0.2);
#4170 = AXIS2_PLACEMENT_3D('',#4171,#4172,#4173);
#4171 = CARTESIAN_POINT('',(1.2,0.36,0.35));
#4172 = DIRECTION('',(-1.110223024625E-16,1.,0.));
#4173 = DIRECTION('',(0.984807753012,1.093356242223E-16,0.173648177667)
  );
#4174 = ADVANCED_FACE('',(#4175),#4186,.F.);
#4175 = FACE_BOUND('',#4176,.F.);
#4176 = EDGE_LOOP('',(#4177,#4183,#4184,#4185));
#4177 = ORIENTED_EDGE('',*,*,#4178,.T.);
#4178 = EDGE_CURVE('',#2708,#2817,#4179,.T.);
#4179 = LINE('',#4180,#4181);
#4180 = CARTESIAN_POINT('',(1.427208659456,0.36,0.191317591117));
#4181 = VECTOR('',#4182,1.);
#4182 = DIRECTION('',(1.110223024625E-16,-1.,0.));
#4183 = ORIENTED_EDGE('',*,*,#2825,.T.);
#4184 = ORIENTED_EDGE('',*,*,#4164,.F.);
#4185 = ORIENTED_EDGE('',*,*,#2716,.F.);
#4186 = PLANE('',#4187);
#4187 = AXIS2_PLACEMENT_3D('',#4188,#4189,#4190);
#4188 = CARTESIAN_POINT('',(1.427208659456,0.36,0.191317591117));
#4189 = DIRECTION('',(-0.987991395772,-1.096890795718E-16,
    -0.154508905503));
#4190 = DIRECTION('',(-0.154508905503,-1.715393443994E-17,0.987991395772
    ));
#4191 = ADVANCED_FACE('',(#4192),#4203,.F.);
#4192 = FACE_BOUND('',#4193,.F.);
#4193 = EDGE_LOOP('',(#4194,#4200,#4201,#4202));
#4194 = ORIENTED_EDGE('',*,*,#4195,.T.);
#4195 = EDGE_CURVE('',#2700,#2809,#4196,.T.);
#4196 = LINE('',#4197,#4198);
#4197 = CARTESIAN_POINT('',(1.476449047106,0.36,0.15));
#4198 = VECTOR('',#4199,1.);
#4199 = DIRECTION('',(1.110223024625E-16,-1.,0.));
#4200 = ORIENTED_EDGE('',*,*,#2816,.T.);
#4201 = ORIENTED_EDGE('',*,*,#4178,.F.);
#4202 = ORIENTED_EDGE('',*,*,#2707,.F.);
#4203 = CYLINDRICAL_SURFACE('',#4204,5.E-02);
#4204 = AXIS2_PLACEMENT_3D('',#4205,#4206,#4207);
#4205 = CARTESIAN_POINT('',(1.476449047106,0.36,0.2));
#4206 = DIRECTION('',(-1.110223024625E-16,1.,0.));
#4207 = DIRECTION('',(0.,0.,-1.));
#4208 = ADVANCED_FACE('',(#4209),#4220,.F.);
#4209 = FACE_BOUND('',#4210,.F.);
#4210 = EDGE_LOOP('',(#4211,#4217,#4218,#4219));
#4211 = ORIENTED_EDGE('',*,*,#4212,.T.);
#4212 = EDGE_CURVE('',#2692,#2801,#4213,.T.);
#4213 = LINE('',#4214,#4215);
#4214 = CARTESIAN_POINT('',(1.55,0.36,0.15));
#4215 = VECTOR('',#4216,1.);
#4216 = DIRECTION('',(1.110223024625E-16,-1.,0.));
#4217 = ORIENTED_EDGE('',*,*,#2808,.T.);
#4218 = ORIENTED_EDGE('',*,*,#4195,.F.);
#4219 = ORIENTED_EDGE('',*,*,#2699,.F.);
#4220 = PLANE('',#4221);
#4221 = AXIS2_PLACEMENT_3D('',#4222,#4223,#4224);
#4222 = CARTESIAN_POINT('',(1.55,0.36,0.15));
#4223 = DIRECTION('',(0.,0.,-1.));
#4224 = DIRECTION('',(-1.,-1.110223024625E-16,-0.));
#4225 = ADVANCED_FACE('',(#4226),#4237,.F.);
#4226 = FACE_BOUND('',#4227,.F.);
#4227 = EDGE_LOOP('',(#4228,#4234,#4235,#4236));
#4228 = ORIENTED_EDGE('',*,*,#4229,.T.);
#4229 = EDGE_CURVE('',#2684,#2793,#4230,.T.);
#4230 = LINE('',#4231,#4232);
#4231 = CARTESIAN_POINT('',(1.55,0.36,-2.775557561563E-17));
#4232 = VECTOR('',#4233,1.);
#4233 = DIRECTION('',(1.110223024625E-16,-1.,0.));
#4234 = ORIENTED_EDGE('',*,*,#2800,.T.);
#4235 = ORIENTED_EDGE('',*,*,#4212,.F.);
#4236 = ORIENTED_EDGE('',*,*,#2691,.F.);
#4237 = PLANE('',#4238);
#4238 = AXIS2_PLACEMENT_3D('',#4239,#4240,#4241);
#4239 = CARTESIAN_POINT('',(1.55,0.36,-2.775557561563E-17));
#4240 = DIRECTION('',(-1.,-1.110223024625E-16,0.));
#4241 = DIRECTION('',(0.,0.,1.));
#4242 = ADVANCED_FACE('',(#4243),#4254,.F.);
#4243 = FACE_BOUND('',#4244,.F.);
#4244 = EDGE_LOOP('',(#4245,#4251,#4252,#4253));
#4245 = ORIENTED_EDGE('',*,*,#4246,.T.);
#4246 = EDGE_CURVE('',#2675,#2784,#4247,.T.);
#4247 = LINE('',#4248,#4249);
#4248 = CARTESIAN_POINT('',(1.476449047106,0.36,-2.775557561563E-17));
#4249 = VECTOR('',#4250,1.);
#4250 = DIRECTION('',(1.110223024625E-16,-1.,0.));
#4251 = ORIENTED_EDGE('',*,*,#2792,.T.);
#4252 = ORIENTED_EDGE('',*,*,#4229,.F.);
#4253 = ORIENTED_EDGE('',*,*,#2683,.F.);
#4254 = PLANE('',#4255);
#4255 = AXIS2_PLACEMENT_3D('',#4256,#4257,#4258);
#4256 = CARTESIAN_POINT('',(1.476449047106,0.36,-2.775557561563E-17));
#4257 = DIRECTION('',(0.,0.,1.));
#4258 = DIRECTION('',(1.,1.110223024625E-16,-0.));
#4259 = ADVANCED_FACE('',(#4260),#4271,.T.);
#4260 = FACE_BOUND('',#4261,.T.);
#4261 = EDGE_LOOP('',(#4262,#4263,#4264,#4265));
#4262 = ORIENTED_EDGE('',*,*,#2674,.T.);
#4263 = ORIENTED_EDGE('',*,*,#4246,.T.);
#4264 = ORIENTED_EDGE('',*,*,#2783,.F.);
#4265 = ORIENTED_EDGE('',*,*,#4266,.F.);
#4266 = EDGE_CURVE('',#2667,#2776,#4267,.T.);
#4267 = LINE('',#4268,#4269);
#4268 = CARTESIAN_POINT('',(1.279487496504,0.36,0.165270364467));
#4269 = VECTOR('',#4270,1.);
#4270 = DIRECTION('',(1.110223024625E-16,-1.,0.));
#4271 = CYLINDRICAL_SURFACE('',#4272,0.2);
#4272 = AXIS2_PLACEMENT_3D('',#4273,#4274,#4275);
#4273 = CARTESIAN_POINT('',(1.476449047106,0.36,0.2));
#4274 = DIRECTION('',(-1.110223024625E-16,1.,0.));
#4275 = DIRECTION('',(-0.984807753012,-1.093356242223E-16,
    -0.173648177667));
#4276 = ADVANCED_FACE('',(#4277),#4283,.F.);
#4277 = FACE_BOUND('',#4278,.F.);
#4278 = EDGE_LOOP('',(#4279,#4280,#4281,#4282));
#4279 = ORIENTED_EDGE('',*,*,#2757,.T.);
#4280 = ORIENTED_EDGE('',*,*,#2775,.T.);
#4281 = ORIENTED_EDGE('',*,*,#4266,.F.);
#4282 = ORIENTED_EDGE('',*,*,#2666,.F.);
#4283 = PLANE('',#4284);
#4284 = AXIS2_PLACEMENT_3D('',#4285,#4286,#4287);
#4285 = CARTESIAN_POINT('',(1.249240387651,0.36,0.358682408883));
#4286 = DIRECTION('',(0.987991395772,1.096890795718E-16,0.154508905503)
  );
#4287 = DIRECTION('',(0.154508905503,1.715393443994E-17,-0.987991395772)
  );
#4288 = ADVANCED_FACE('',(#4289),#4300,.T.);
#4289 = FACE_BOUND('',#4290,.T.);
#4290 = EDGE_LOOP('',(#4291,#4292,#4293,#4294));
#4291 = ORIENTED_EDGE('',*,*,#2947,.T.);
#4292 = ORIENTED_EDGE('',*,*,#3458,.T.);
#4293 = ORIENTED_EDGE('',*,*,#3056,.F.);
#4294 = ORIENTED_EDGE('',*,*,#4295,.F.);
#4295 = EDGE_CURVE('',#2940,#3049,#4296,.T.);
#4296 = LINE('',#4297,#4298);
#4297 = CARTESIAN_POINT('',(1.396961550602,-0.14,0.384729635533));
#4298 = VECTOR('',#4299,1.);
#4299 = DIRECTION('',(1.110223024625E-16,-1.,0.));
#4300 = CYLINDRICAL_SURFACE('',#4301,0.2);
#4301 = AXIS2_PLACEMENT_3D('',#4302,#4303,#4304);
#4302 = CARTESIAN_POINT('',(1.2,-0.14,0.35));
#4303 = DIRECTION('',(-1.110223024625E-16,1.,0.));
#4304 = DIRECTION('',(0.984807753012,1.093356242223E-16,0.173648177667)
  );
#4305 = ADVANCED_FACE('',(#4306),#4317,.F.);
#4306 = FACE_BOUND('',#4307,.F.);
#4307 = EDGE_LOOP('',(#4308,#4314,#4315,#4316));
#4308 = ORIENTED_EDGE('',*,*,#4309,.T.);
#4309 = EDGE_CURVE('',#2931,#3040,#4310,.T.);
#4310 = LINE('',#4311,#4312);
#4311 = CARTESIAN_POINT('',(1.427208659456,-0.14,0.191317591117));
#4312 = VECTOR('',#4313,1.);
#4313 = DIRECTION('',(1.110223024625E-16,-1.,0.));
#4314 = ORIENTED_EDGE('',*,*,#3048,.T.);
#4315 = ORIENTED_EDGE('',*,*,#4295,.F.);
#4316 = ORIENTED_EDGE('',*,*,#2939,.F.);
#4317 = PLANE('',#4318);
#4318 = AXIS2_PLACEMENT_3D('',#4319,#4320,#4321);
#4319 = CARTESIAN_POINT('',(1.427208659456,-0.14,0.191317591117));
#4320 = DIRECTION('',(-0.987991395772,-1.096890795718E-16,
    -0.154508905503));
#4321 = DIRECTION('',(-0.154508905503,-1.715393443994E-17,0.987991395772
    ));
#4322 = ADVANCED_FACE('',(#4323),#4334,.F.);
#4323 = FACE_BOUND('',#4324,.F.);
#4324 = EDGE_LOOP('',(#4325,#4331,#4332,#4333));
#4325 = ORIENTED_EDGE('',*,*,#4326,.T.);
#4326 = EDGE_CURVE('',#2923,#3032,#4327,.T.);
#4327 = LINE('',#4328,#4329);
#4328 = CARTESIAN_POINT('',(1.476449047106,-0.14,0.15));
#4329 = VECTOR('',#4330,1.);
#4330 = DIRECTION('',(1.110223024625E-16,-1.,0.));
#4331 = ORIENTED_EDGE('',*,*,#3039,.T.);
#4332 = ORIENTED_EDGE('',*,*,#4309,.F.);
#4333 = ORIENTED_EDGE('',*,*,#2930,.F.);
#4334 = CYLINDRICAL_SURFACE('',#4335,5.E-02);
#4335 = AXIS2_PLACEMENT_3D('',#4336,#4337,#4338);
#4336 = CARTESIAN_POINT('',(1.476449047106,-0.14,0.2));
#4337 = DIRECTION('',(-1.110223024625E-16,1.,0.));
#4338 = DIRECTION('',(0.,0.,-1.));
#4339 = ADVANCED_FACE('',(#4340),#4351,.F.);
#4340 = FACE_BOUND('',#4341,.F.);
#4341 = EDGE_LOOP('',(#4342,#4348,#4349,#4350));
#4342 = ORIENTED_EDGE('',*,*,#4343,.T.);
#4343 = EDGE_CURVE('',#2915,#3024,#4344,.T.);
#4344 = LINE('',#4345,#4346);
#4345 = CARTESIAN_POINT('',(1.55,-0.14,0.15));
#4346 = VECTOR('',#4347,1.);
#4347 = DIRECTION('',(1.110223024625E-16,-1.,0.));
#4348 = ORIENTED_EDGE('',*,*,#3031,.T.);
#4349 = ORIENTED_EDGE('',*,*,#4326,.F.);
#4350 = ORIENTED_EDGE('',*,*,#2922,.F.);
#4351 = PLANE('',#4352);
#4352 = AXIS2_PLACEMENT_3D('',#4353,#4354,#4355);
#4353 = CARTESIAN_POINT('',(1.55,-0.14,0.15));
#4354 = DIRECTION('',(0.,0.,-1.));
#4355 = DIRECTION('',(-1.,-1.110223024625E-16,-0.));
#4356 = ADVANCED_FACE('',(#4357),#4368,.F.);
#4357 = FACE_BOUND('',#4358,.F.);
#4358 = EDGE_LOOP('',(#4359,#4365,#4366,#4367));
#4359 = ORIENTED_EDGE('',*,*,#4360,.T.);
#4360 = EDGE_CURVE('',#2907,#3016,#4361,.T.);
#4361 = LINE('',#4362,#4363);
#4362 = CARTESIAN_POINT('',(1.55,-0.14,-2.775557561563E-17));
#4363 = VECTOR('',#4364,1.);
#4364 = DIRECTION('',(1.110223024625E-16,-1.,0.));
#4365 = ORIENTED_EDGE('',*,*,#3023,.T.);
#4366 = ORIENTED_EDGE('',*,*,#4343,.F.);
#4367 = ORIENTED_EDGE('',*,*,#2914,.F.);
#4368 = PLANE('',#4369);
#4369 = AXIS2_PLACEMENT_3D('',#4370,#4371,#4372);
#4370 = CARTESIAN_POINT('',(1.55,-0.14,-2.775557561563E-17));
#4371 = DIRECTION('',(-1.,-1.110223024625E-16,0.));
#4372 = DIRECTION('',(0.,0.,1.));
#4373 = ADVANCED_FACE('',(#4374),#4385,.F.);
#4374 = FACE_BOUND('',#4375,.F.);
#4375 = EDGE_LOOP('',(#4376,#4382,#4383,#4384));
#4376 = ORIENTED_EDGE('',*,*,#4377,.T.);
#4377 = EDGE_CURVE('',#2898,#3007,#4378,.T.);
#4378 = LINE('',#4379,#4380);
#4379 = CARTESIAN_POINT('',(1.476449047106,-0.14,-2.775557561563E-17));
#4380 = VECTOR('',#4381,1.);
#4381 = DIRECTION('',(1.110223024625E-16,-1.,0.));
#4382 = ORIENTED_EDGE('',*,*,#3015,.T.);
#4383 = ORIENTED_EDGE('',*,*,#4360,.F.);
#4384 = ORIENTED_EDGE('',*,*,#2906,.F.);
#4385 = PLANE('',#4386);
#4386 = AXIS2_PLACEMENT_3D('',#4387,#4388,#4389);
#4387 = CARTESIAN_POINT('',(1.476449047106,-0.14,-2.775557561563E-17));
#4388 = DIRECTION('',(0.,0.,1.));
#4389 = DIRECTION('',(1.,1.110223024625E-16,-0.));
#4390 = ADVANCED_FACE('',(#4391),#4402,.T.);
#4391 = FACE_BOUND('',#4392,.T.);
#4392 = EDGE_LOOP('',(#4393,#4394,#4395,#4396));
#4393 = ORIENTED_EDGE('',*,*,#2897,.T.);
#4394 = ORIENTED_EDGE('',*,*,#4377,.T.);
#4395 = ORIENTED_EDGE('',*,*,#3006,.F.);
#4396 = ORIENTED_EDGE('',*,*,#4397,.F.);
#4397 = EDGE_CURVE('',#2890,#2999,#4398,.T.);
#4398 = LINE('',#4399,#4400);
#4399 = CARTESIAN_POINT('',(1.279487496504,-0.14,0.165270364467));
#4400 = VECTOR('',#4401,1.);
#4401 = DIRECTION('',(1.110223024625E-16,-1.,0.));
#4402 = CYLINDRICAL_SURFACE('',#4403,0.2);
#4403 = AXIS2_PLACEMENT_3D('',#4404,#4405,#4406);
#4404 = CARTESIAN_POINT('',(1.476449047106,-0.14,0.2));
#4405 = DIRECTION('',(-1.110223024625E-16,1.,0.));
#4406 = DIRECTION('',(-0.984807753012,-1.093356242223E-16,
    -0.173648177667));
#4407 = ADVANCED_FACE('',(#4408),#4414,.F.);
#4408 = FACE_BOUND('',#4409,.F.);
#4409 = EDGE_LOOP('',(#4410,#4411,#4412,#4413));
#4410 = ORIENTED_EDGE('',*,*,#2980,.T.);
#4411 = ORIENTED_EDGE('',*,*,#2998,.T.);
#4412 = ORIENTED_EDGE('',*,*,#4397,.F.);
#4413 = ORIENTED_EDGE('',*,*,#2889,.F.);
#4414 = PLANE('',#4415);
#4415 = AXIS2_PLACEMENT_3D('',#4416,#4417,#4418);
#4416 = CARTESIAN_POINT('',(1.249240387651,-0.14,0.358682408883));
#4417 = DIRECTION('',(0.987991395772,1.096890795718E-16,0.154508905503)
  );
#4418 = DIRECTION('',(0.154508905503,1.715393443994E-17,-0.987991395772)
  );
#4419 = ADVANCED_FACE('',(#4420),#4431,.T.);
#4420 = FACE_BOUND('',#4421,.T.);
#4421 = EDGE_LOOP('',(#4422,#4423,#4424,#4425));
#4422 = ORIENTED_EDGE('',*,*,#3170,.T.);
#4423 = ORIENTED_EDGE('',*,*,#3477,.T.);
#4424 = ORIENTED_EDGE('',*,*,#3279,.F.);
#4425 = ORIENTED_EDGE('',*,*,#4426,.F.);
#4426 = EDGE_CURVE('',#3163,#3272,#4427,.T.);
#4427 = LINE('',#4428,#4429);
#4428 = CARTESIAN_POINT('',(1.396961550602,-0.64,0.384729635533));
#4429 = VECTOR('',#4430,1.);
#4430 = DIRECTION('',(1.110223024625E-16,-1.,0.));
#4431 = CYLINDRICAL_SURFACE('',#4432,0.2);
#4432 = AXIS2_PLACEMENT_3D('',#4433,#4434,#4435);
#4433 = CARTESIAN_POINT('',(1.2,-0.64,0.35));
#4434 = DIRECTION('',(-1.110223024625E-16,1.,0.));
#4435 = DIRECTION('',(0.984807753012,1.093356242223E-16,0.173648177667)
  );
#4436 = ADVANCED_FACE('',(#4437),#4448,.F.);
#4437 = FACE_BOUND('',#4438,.F.);
#4438 = EDGE_LOOP('',(#4439,#4445,#4446,#4447));
#4439 = ORIENTED_EDGE('',*,*,#4440,.T.);
#4440 = EDGE_CURVE('',#3154,#3263,#4441,.T.);
#4441 = LINE('',#4442,#4443);
#4442 = CARTESIAN_POINT('',(1.427208659456,-0.64,0.191317591117));
#4443 = VECTOR('',#4444,1.);
#4444 = DIRECTION('',(1.110223024625E-16,-1.,0.));
#4445 = ORIENTED_EDGE('',*,*,#3271,.T.);
#4446 = ORIENTED_EDGE('',*,*,#4426,.F.);
#4447 = ORIENTED_EDGE('',*,*,#3162,.F.);
#4448 = PLANE('',#4449);
#4449 = AXIS2_PLACEMENT_3D('',#4450,#4451,#4452);
#4450 = CARTESIAN_POINT('',(1.427208659456,-0.64,0.191317591117));
#4451 = DIRECTION('',(-0.987991395772,-1.096890795718E-16,
    -0.154508905503));
#4452 = DIRECTION('',(-0.154508905503,-1.715393443994E-17,0.987991395772
    ));
#4453 = ADVANCED_FACE('',(#4454),#4465,.F.);
#4454 = FACE_BOUND('',#4455,.F.);
#4455 = EDGE_LOOP('',(#4456,#4462,#4463,#4464));
#4456 = ORIENTED_EDGE('',*,*,#4457,.T.);
#4457 = EDGE_CURVE('',#3146,#3255,#4458,.T.);
#4458 = LINE('',#4459,#4460);
#4459 = CARTESIAN_POINT('',(1.476449047106,-0.64,0.15));
#4460 = VECTOR('',#4461,1.);
#4461 = DIRECTION('',(1.110223024625E-16,-1.,0.));
#4462 = ORIENTED_EDGE('',*,*,#3262,.T.);
#4463 = ORIENTED_EDGE('',*,*,#4440,.F.);
#4464 = ORIENTED_EDGE('',*,*,#3153,.F.);
#4465 = CYLINDRICAL_SURFACE('',#4466,5.E-02);
#4466 = AXIS2_PLACEMENT_3D('',#4467,#4468,#4469);
#4467 = CARTESIAN_POINT('',(1.476449047106,-0.64,0.2));
#4468 = DIRECTION('',(-1.110223024625E-16,1.,0.));
#4469 = DIRECTION('',(0.,0.,-1.));
#4470 = ADVANCED_FACE('',(#4471),#4482,.F.);
#4471 = FACE_BOUND('',#4472,.F.);
#4472 = EDGE_LOOP('',(#4473,#4479,#4480,#4481));
#4473 = ORIENTED_EDGE('',*,*,#4474,.T.);
#4474 = EDGE_CURVE('',#3138,#3247,#4475,.T.);
#4475 = LINE('',#4476,#4477);
#4476 = CARTESIAN_POINT('',(1.55,-0.64,0.15));
#4477 = VECTOR('',#4478,1.);
#4478 = DIRECTION('',(1.110223024625E-16,-1.,0.));
#4479 = ORIENTED_EDGE('',*,*,#3254,.T.);
#4480 = ORIENTED_EDGE('',*,*,#4457,.F.);
#4481 = ORIENTED_EDGE('',*,*,#3145,.F.);
#4482 = PLANE('',#4483);
#4483 = AXIS2_PLACEMENT_3D('',#4484,#4485,#4486);
#4484 = CARTESIAN_POINT('',(1.55,-0.64,0.15));
#4485 = DIRECTION('',(0.,0.,-1.));
#4486 = DIRECTION('',(-1.,-1.110223024625E-16,-0.));
#4487 = ADVANCED_FACE('',(#4488),#4499,.F.);
#4488 = FACE_BOUND('',#4489,.F.);
#4489 = EDGE_LOOP('',(#4490,#4496,#4497,#4498));
#4490 = ORIENTED_EDGE('',*,*,#4491,.T.);
#4491 = EDGE_CURVE('',#3130,#3239,#4492,.T.);
#4492 = LINE('',#4493,#4494);
#4493 = CARTESIAN_POINT('',(1.55,-0.64,-2.775557561563E-17));
#4494 = VECTOR('',#4495,1.);
#4495 = DIRECTION('',(1.110223024625E-16,-1.,0.));
#4496 = ORIENTED_EDGE('',*,*,#3246,.T.);
#4497 = ORIENTED_EDGE('',*,*,#4474,.F.);
#4498 = ORIENTED_EDGE('',*,*,#3137,.F.);
#4499 = PLANE('',#4500);
#4500 = AXIS2_PLACEMENT_3D('',#4501,#4502,#4503);
#4501 = CARTESIAN_POINT('',(1.55,-0.64,-2.775557561563E-17));
#4502 = DIRECTION('',(-1.,-1.110223024625E-16,0.));
#4503 = DIRECTION('',(0.,0.,1.));
#4504 = ADVANCED_FACE('',(#4505),#4516,.F.);
#4505 = FACE_BOUND('',#4506,.F.);
#4506 = EDGE_LOOP('',(#4507,#4513,#4514,#4515));
#4507 = ORIENTED_EDGE('',*,*,#4508,.T.);
#4508 = EDGE_CURVE('',#3121,#3230,#4509,.T.);
#4509 = LINE('',#4510,#4511);
#4510 = CARTESIAN_POINT('',(1.476449047106,-0.64,-2.775557561563E-17));
#4511 = VECTOR('',#4512,1.);
#4512 = DIRECTION('',(1.110223024625E-16,-1.,0.));
#4513 = ORIENTED_EDGE('',*,*,#3238,.T.);
#4514 = ORIENTED_EDGE('',*,*,#4491,.F.);
#4515 = ORIENTED_EDGE('',*,*,#3129,.F.);
#4516 = PLANE('',#4517);
#4517 = AXIS2_PLACEMENT_3D('',#4518,#4519,#4520);
#4518 = CARTESIAN_POINT('',(1.476449047106,-0.64,-2.775557561563E-17));
#4519 = DIRECTION('',(0.,0.,1.));
#4520 = DIRECTION('',(1.,1.110223024625E-16,-0.));
#4521 = ADVANCED_FACE('',(#4522),#4533,.T.);
#4522 = FACE_BOUND('',#4523,.T.);
#4523 = EDGE_LOOP('',(#4524,#4525,#4526,#4527));
#4524 = ORIENTED_EDGE('',*,*,#3120,.T.);
#4525 = ORIENTED_EDGE('',*,*,#4508,.T.);
#4526 = ORIENTED_EDGE('',*,*,#3229,.F.);
#4527 = ORIENTED_EDGE('',*,*,#4528,.F.);
#4528 = EDGE_CURVE('',#3113,#3222,#4529,.T.);
#4529 = LINE('',#4530,#4531);
#4530 = CARTESIAN_POINT('',(1.279487496504,-0.64,0.165270364467));
#4531 = VECTOR('',#4532,1.);
#4532 = DIRECTION('',(1.110223024625E-16,-1.,0.));
#4533 = CYLINDRICAL_SURFACE('',#4534,0.2);
#4534 = AXIS2_PLACEMENT_3D('',#4535,#4536,#4537);
#4535 = CARTESIAN_POINT('',(1.476449047106,-0.64,0.2));
#4536 = DIRECTION('',(-1.110223024625E-16,1.,0.));
#4537 = DIRECTION('',(-0.984807753012,-1.093356242223E-16,
    -0.173648177667));
#4538 = ADVANCED_FACE('',(#4539),#4545,.F.);
#4539 = FACE_BOUND('',#4540,.F.);
#4540 = EDGE_LOOP('',(#4541,#4542,#4543,#4544));
#4541 = ORIENTED_EDGE('',*,*,#3203,.T.);
#4542 = ORIENTED_EDGE('',*,*,#3221,.T.);
#4543 = ORIENTED_EDGE('',*,*,#4528,.F.);
#4544 = ORIENTED_EDGE('',*,*,#3112,.F.);
#4545 = PLANE('',#4546);
#4546 = AXIS2_PLACEMENT_3D('',#4547,#4548,#4549);
#4547 = CARTESIAN_POINT('',(1.249240387651,-0.64,0.358682408883));
#4548 = DIRECTION('',(0.987991395772,1.096890795718E-16,0.154508905503)
  );
#4549 = DIRECTION('',(0.154508905503,1.715393443994E-17,-0.987991395772)
  );
#4550 = ADVANCED_FACE('',(#4551),#4552,.F.);
#4551 = FACE_BOUND('',#3403,.T.);
#4552 = PLANE('',#4553);
#4553 = AXIS2_PLACEMENT_3D('',#4554,#4555,#4556);
#4554 = CARTESIAN_POINT('',(-0.736233031499,0.586233031499,0.85));
#4555 = DIRECTION('',(0.,0.,-1.));
#4556 = DIRECTION('',(1.110223024625E-16,-1.,0.));
#4557 = ( GEOMETRIC_REPRESENTATION_CONTEXT(3) 
GLOBAL_UNCERTAINTY_ASSIGNED_CONTEXT((#4561)) 
GLOBAL_UNIT_ASSIGNED_CONTEXT((#4558,#4559,#4560)) REPRESENTATION_CONTEXT
('Context #1','3D Context with UNIT and UNCERTAINTY') );
#4558 = ( LENGTH_UNIT() NAMED_UNIT(*) SI_UNIT(.MILLI.,.METRE.) );
#4559 = ( NAMED_UNIT(*) PLANE_ANGLE_UNIT() SI_UNIT($,.RADIAN.) );
#4560 = ( NAMED_UNIT(*) SI_UNIT($,.STERADIAN.) SOLID_ANGLE_UNIT() );
#4561 = UNCERTAINTY_MEASURE_WITH_UNIT(LENGTH_MEASURE(1.E-07),#4558,
  'distance_accuracy_value','confusion accuracy');
#4562 = CONTEXT_DEPENDENT_SHAPE_REPRESENTATION(#4563,#4565);
#4563 = ( REPRESENTATION_RELATIONSHIP('','',#88,#10) 
REPRESENTATION_RELATIONSHIP_WITH_TRANSFORMATION(#4564) 
SHAPE_REPRESENTATION_RELATIONSHIP() );
#4564 = ITEM_DEFINED_TRANSFORMATION('','',#11,#15);
#4565 = PRODUCT_DEFINITION_SHAPE('Placement','Placement of an item',
  #4566);
#4566 = NEXT_ASSEMBLY_USAGE_OCCURRENCE('1','U3','',#5,#83,$);
#4567 = PRODUCT_RELATED_PRODUCT_CATEGORY('part',$,(#85));
#4568 = SHAPE_DEFINITION_REPRESENTATION(#4569,#4575);
#4569 = PRODUCT_DEFINITION_SHAPE('','',#4570);
#4570 = PRODUCT_DEFINITION('design','',#4571,#4574);
#4571 = PRODUCT_DEFINITION_FORMATION('','',#4572);
#4572 = PRODUCT('R_0402_1005Metric','R_0402_1005Metric','',(#4573));
#4573 = PRODUCT_CONTEXT('',#2,'mechanical');
#4574 = PRODUCT_DEFINITION_CONTEXT('part definition',#2,'design');
#4575 = ADVANCED_BREP_SHAPE_REPRESENTATION('',(#11,#4576),#5366);
#4576 = MANIFOLD_SOLID_BREP('',#4577);
#4577 = CLOSED_SHELL('',(#4578,#4618,#4701,#4726,#4751,#4818,#4835,#4852
    ,#4901,#4918,#4935,#4984,#5001,#5070,#5101,#5125,#5194,#5218,#5235,
    #5252,#5269,#5286,#5303,#5320,#5337,#5354));
#4578 = ADVANCED_FACE('',(#4579),#4613,.F.);
#4579 = FACE_BOUND('',#4580,.F.);
#4580 = EDGE_LOOP('',(#4581,#4591,#4599,#4607));
#4581 = ORIENTED_EDGE('',*,*,#4582,.F.);
#4582 = EDGE_CURVE('',#4583,#4585,#4587,.T.);
#4583 = VERTEX_POINT('',#4584);
#4584 = CARTESIAN_POINT('',(-0.5,-0.25,3.5E-02));
#4585 = VERTEX_POINT('',#4586);
#4586 = CARTESIAN_POINT('',(-0.5,-0.25,0.315));
#4587 = LINE('',#4588,#4589);
#4588 = CARTESIAN_POINT('',(-0.5,-0.25,0.));
#4589 = VECTOR('',#4590,1.);
#4590 = DIRECTION('',(0.,0.,1.));
#4591 = ORIENTED_EDGE('',*,*,#4592,.T.);
#4592 = EDGE_CURVE('',#4583,#4593,#4595,.T.);
#4593 = VERTEX_POINT('',#4594);
#4594 = CARTESIAN_POINT('',(-0.5,0.25,3.5E-02));
#4595 = LINE('',#4596,#4597);
#4596 = CARTESIAN_POINT('',(-0.5,-0.25,3.5E-02));
#4597 = VECTOR('',#4598,1.);
#4598 = DIRECTION('',(0.,1.,0.));
#4599 = ORIENTED_EDGE('',*,*,#4600,.T.);
#4600 = EDGE_CURVE('',#4593,#4601,#4603,.T.);
#4601 = VERTEX_POINT('',#4602);
#4602 = CARTESIAN_POINT('',(-0.5,0.25,0.315));
#4603 = LINE('',#4604,#4605);
#4604 = CARTESIAN_POINT('',(-0.5,0.25,0.));
#4605 = VECTOR('',#4606,1.);
#4606 = DIRECTION('',(0.,0.,1.));
#4607 = ORIENTED_EDGE('',*,*,#4608,.F.);
#4608 = EDGE_CURVE('',#4585,#4601,#4609,.T.);
#4609 = LINE('',#4610,#4611);
#4610 = CARTESIAN_POINT('',(-0.5,-0.25,0.315));
#4611 = VECTOR('',#4612,1.);
#4612 = DIRECTION('',(0.,1.,0.));
#4613 = PLANE('',#4614);
#4614 = AXIS2_PLACEMENT_3D('',#4615,#4616,#4617);
#4615 = CARTESIAN_POINT('',(-0.5,-0.25,0.));
#4616 = DIRECTION('',(1.,0.,0.));
#4617 = DIRECTION('',(0.,0.,1.));
#4618 = ADVANCED_FACE('',(#4619),#4696,.F.);
#4619 = FACE_BOUND('',#4620,.F.);
#4620 = EDGE_LOOP('',(#4621,#4631,#4638,#4639,#4648,#4656,#4665,#4673,
    #4681,#4689));
#4621 = ORIENTED_EDGE('',*,*,#4622,.F.);
#4622 = EDGE_CURVE('',#4623,#4625,#4627,.T.);
#4623 = VERTEX_POINT('',#4624);
#4624 = CARTESIAN_POINT('',(-0.465,-0.25,-2.775557561563E-17));
#4625 = VERTEX_POINT('',#4626);
#4626 = CARTESIAN_POINT('',(-0.335,-0.25,-2.775557561563E-17));
#4627 = LINE('',#4628,#4629);
#4628 = CARTESIAN_POINT('',(-0.5,-0.25,0.));
#4629 = VECTOR('',#4630,1.);
#4630 = DIRECTION('',(1.,0.,0.));
#4631 = ORIENTED_EDGE('',*,*,#4632,.F.);
#4632 = EDGE_CURVE('',#4583,#4623,#4633,.T.);
#4633 = CIRCLE('',#4634,3.5E-02);
#4634 = AXIS2_PLACEMENT_3D('',#4635,#4636,#4637);
#4635 = CARTESIAN_POINT('',(-0.465,-0.25,3.5E-02));
#4636 = DIRECTION('',(0.,-1.,0.));
#4637 = DIRECTION('',(0.,0.,1.));
#4638 = ORIENTED_EDGE('',*,*,#4582,.T.);
#4639 = ORIENTED_EDGE('',*,*,#4640,.T.);
#4640 = EDGE_CURVE('',#4585,#4641,#4643,.T.);
#4641 = VERTEX_POINT('',#4642);
#4642 = CARTESIAN_POINT('',(-0.465,-0.25,0.35));
#4643 = CIRCLE('',#4644,3.5E-02);
#4644 = AXIS2_PLACEMENT_3D('',#4645,#4646,#4647);
#4645 = CARTESIAN_POINT('',(-0.465,-0.25,0.315));
#4646 = DIRECTION('',(0.,1.,0.));
#4647 = DIRECTION('',(0.,-0.,1.));
#4648 = ORIENTED_EDGE('',*,*,#4649,.T.);
#4649 = EDGE_CURVE('',#4641,#4650,#4652,.T.);
#4650 = VERTEX_POINT('',#4651);
#4651 = CARTESIAN_POINT('',(-0.335,-0.25,0.35));
#4652 = LINE('',#4653,#4654);
#4653 = CARTESIAN_POINT('',(-0.5,-0.25,0.35));
#4654 = VECTOR('',#4655,1.);
#4655 = DIRECTION('',(1.,0.,0.));
#4656 = ORIENTED_EDGE('',*,*,#4657,.F.);
#4657 = EDGE_CURVE('',#4658,#4650,#4660,.T.);
#4658 = VERTEX_POINT('',#4659);
#4659 = CARTESIAN_POINT('',(-0.3,-0.25,0.315));
#4660 = CIRCLE('',#4661,3.5E-02);
#4661 = AXIS2_PLACEMENT_3D('',#4662,#4663,#4664);
#4662 = CARTESIAN_POINT('',(-0.335,-0.25,0.315));
#4663 = DIRECTION('',(0.,-1.,0.));
#4664 = DIRECTION('',(0.,0.,1.));
#4665 = ORIENTED_EDGE('',*,*,#4666,.F.);
#4666 = EDGE_CURVE('',#4667,#4658,#4669,.T.);
#4667 = VERTEX_POINT('',#4668);
#4668 = CARTESIAN_POINT('',(-0.465,-0.25,0.315));
#4669 = LINE('',#4670,#4671);
#4670 = CARTESIAN_POINT('',(-0.465,-0.25,0.315));
#4671 = VECTOR('',#4672,1.);
#4672 = DIRECTION('',(1.,0.,0.));
#4673 = ORIENTED_EDGE('',*,*,#4674,.F.);
#4674 = EDGE_CURVE('',#4675,#4667,#4677,.T.);
#4675 = VERTEX_POINT('',#4676);
#4676 = CARTESIAN_POINT('',(-0.465,-0.25,3.5E-02));
#4677 = LINE('',#4678,#4679);
#4678 = CARTESIAN_POINT('',(-0.465,-0.25,3.5E-02));
#4679 = VECTOR('',#4680,1.);
#4680 = DIRECTION('',(0.,0.,1.));
#4681 = ORIENTED_EDGE('',*,*,#4682,.T.);
#4682 = EDGE_CURVE('',#4675,#4683,#4685,.T.);
#4683 = VERTEX_POINT('',#4684);
#4684 = CARTESIAN_POINT('',(-0.3,-0.25,3.5E-02));
#4685 = LINE('',#4686,#4687);
#4686 = CARTESIAN_POINT('',(-0.465,-0.25,3.5E-02));
#4687 = VECTOR('',#4688,1.);
#4688 = DIRECTION('',(1.,0.,0.));
#4689 = ORIENTED_EDGE('',*,*,#4690,.T.);
#4690 = EDGE_CURVE('',#4683,#4625,#4691,.T.);
#4691 = CIRCLE('',#4692,3.5E-02);
#4692 = AXIS2_PLACEMENT_3D('',#4693,#4694,#4695);
#4693 = CARTESIAN_POINT('',(-0.335,-0.25,3.5E-02));
#4694 = DIRECTION('',(0.,1.,0.));
#4695 = DIRECTION('',(0.,-0.,1.));
#4696 = PLANE('',#4697);
#4697 = AXIS2_PLACEMENT_3D('',#4698,#4699,#4700);
#4698 = CARTESIAN_POINT('',(-0.5,-0.25,0.));
#4699 = DIRECTION('',(0.,1.,0.));
#4700 = DIRECTION('',(0.,-0.,1.));
#4701 = ADVANCED_FACE('',(#4702),#4721,.T.);
#4702 = FACE_BOUND('',#4703,.T.);
#4703 = EDGE_LOOP('',(#4704,#4705,#4714,#4720));
#4704 = ORIENTED_EDGE('',*,*,#4592,.T.);
#4705 = ORIENTED_EDGE('',*,*,#4706,.T.);
#4706 = EDGE_CURVE('',#4593,#4707,#4709,.T.);
#4707 = VERTEX_POINT('',#4708);
#4708 = CARTESIAN_POINT('',(-0.465,0.25,-2.775557561563E-17));
#4709 = CIRCLE('',#4710,3.5E-02);
#4710 = AXIS2_PLACEMENT_3D('',#4711,#4712,#4713);
#4711 = CARTESIAN_POINT('',(-0.465,0.25,3.5E-02));
#4712 = DIRECTION('',(0.,-1.,0.));
#4713 = DIRECTION('',(0.,0.,1.));
#4714 = ORIENTED_EDGE('',*,*,#4715,.F.);
#4715 = EDGE_CURVE('',#4623,#4707,#4716,.T.);
#4716 = LINE('',#4717,#4718);
#4717 = CARTESIAN_POINT('',(-0.465,-0.25,-2.775557561563E-17));
#4718 = VECTOR('',#4719,1.);
#4719 = DIRECTION('',(0.,1.,0.));
#4720 = ORIENTED_EDGE('',*,*,#4632,.F.);
#4721 = CYLINDRICAL_SURFACE('',#4722,3.5E-02);
#4722 = AXIS2_PLACEMENT_3D('',#4723,#4724,#4725);
#4723 = CARTESIAN_POINT('',(-0.465,-0.25,3.5E-02));
#4724 = DIRECTION('',(0.,1.,0.));
#4725 = DIRECTION('',(-1.,0.,0.));
#4726 = ADVANCED_FACE('',(#4727),#4746,.T.);
#4727 = FACE_BOUND('',#4728,.T.);
#4728 = EDGE_LOOP('',(#4729,#4730,#4738,#4745));
#4729 = ORIENTED_EDGE('',*,*,#4640,.T.);
#4730 = ORIENTED_EDGE('',*,*,#4731,.T.);
#4731 = EDGE_CURVE('',#4641,#4732,#4734,.T.);
#4732 = VERTEX_POINT('',#4733);
#4733 = CARTESIAN_POINT('',(-0.465,0.25,0.35));
#4734 = LINE('',#4735,#4736);
#4735 = CARTESIAN_POINT('',(-0.465,-0.25,0.35));
#4736 = VECTOR('',#4737,1.);
#4737 = DIRECTION('',(0.,1.,0.));
#4738 = ORIENTED_EDGE('',*,*,#4739,.F.);
#4739 = EDGE_CURVE('',#4601,#4732,#4740,.T.);
#4740 = CIRCLE('',#4741,3.5E-02);
#4741 = AXIS2_PLACEMENT_3D('',#4742,#4743,#4744);
#4742 = CARTESIAN_POINT('',(-0.465,0.25,0.315));
#4743 = DIRECTION('',(0.,1.,0.));
#4744 = DIRECTION('',(0.,-0.,1.));
#4745 = ORIENTED_EDGE('',*,*,#4608,.F.);
#4746 = CYLINDRICAL_SURFACE('',#4747,3.5E-02);
#4747 = AXIS2_PLACEMENT_3D('',#4748,#4749,#4750);
#4748 = CARTESIAN_POINT('',(-0.465,-0.25,0.315));
#4749 = DIRECTION('',(0.,1.,0.));
#4750 = DIRECTION('',(-1.,0.,0.));
#4751 = ADVANCED_FACE('',(#4752),#4813,.T.);
#4752 = FACE_BOUND('',#4753,.T.);
#4753 = EDGE_LOOP('',(#4754,#4762,#4763,#4764,#4765,#4773,#4782,#4790,
    #4798,#4806));
#4754 = ORIENTED_EDGE('',*,*,#4755,.F.);
#4755 = EDGE_CURVE('',#4707,#4756,#4758,.T.);
#4756 = VERTEX_POINT('',#4757);
#4757 = CARTESIAN_POINT('',(-0.335,0.25,-2.775557561563E-17));
#4758 = LINE('',#4759,#4760);
#4759 = CARTESIAN_POINT('',(-0.5,0.25,0.));
#4760 = VECTOR('',#4761,1.);
#4761 = DIRECTION('',(1.,0.,0.));
#4762 = ORIENTED_EDGE('',*,*,#4706,.F.);
#4763 = ORIENTED_EDGE('',*,*,#4600,.T.);
#4764 = ORIENTED_EDGE('',*,*,#4739,.T.);
#4765 = ORIENTED_EDGE('',*,*,#4766,.T.);
#4766 = EDGE_CURVE('',#4732,#4767,#4769,.T.);
#4767 = VERTEX_POINT('',#4768);
#4768 = CARTESIAN_POINT('',(-0.335,0.25,0.35));
#4769 = LINE('',#4770,#4771);
#4770 = CARTESIAN_POINT('',(-0.5,0.25,0.35));
#4771 = VECTOR('',#4772,1.);
#4772 = DIRECTION('',(1.,0.,0.));
#4773 = ORIENTED_EDGE('',*,*,#4774,.F.);
#4774 = EDGE_CURVE('',#4775,#4767,#4777,.T.);
#4775 = VERTEX_POINT('',#4776);
#4776 = CARTESIAN_POINT('',(-0.3,0.25,0.315));
#4777 = CIRCLE('',#4778,3.5E-02);
#4778 = AXIS2_PLACEMENT_3D('',#4779,#4780,#4781);
#4779 = CARTESIAN_POINT('',(-0.335,0.25,0.315));
#4780 = DIRECTION('',(0.,-1.,0.));
#4781 = DIRECTION('',(0.,0.,1.));
#4782 = ORIENTED_EDGE('',*,*,#4783,.F.);
#4783 = EDGE_CURVE('',#4784,#4775,#4786,.T.);
#4784 = VERTEX_POINT('',#4785);
#4785 = CARTESIAN_POINT('',(-0.465,0.25,0.315));
#4786 = LINE('',#4787,#4788);
#4787 = CARTESIAN_POINT('',(-0.465,0.25,0.315));
#4788 = VECTOR('',#4789,1.);
#4789 = DIRECTION('',(1.,0.,0.));
#4790 = ORIENTED_EDGE('',*,*,#4791,.F.);
#4791 = EDGE_CURVE('',#4792,#4784,#4794,.T.);
#4792 = VERTEX_POINT('',#4793);
#4793 = CARTESIAN_POINT('',(-0.465,0.25,3.5E-02));
#4794 = LINE('',#4795,#4796);
#4795 = CARTESIAN_POINT('',(-0.465,0.25,3.5E-02));
#4796 = VECTOR('',#4797,1.);
#4797 = DIRECTION('',(0.,0.,1.));
#4798 = ORIENTED_EDGE('',*,*,#4799,.T.);
#4799 = EDGE_CURVE('',#4792,#4800,#4802,.T.);
#4800 = VERTEX_POINT('',#4801);
#4801 = CARTESIAN_POINT('',(-0.3,0.25,3.5E-02));
#4802 = LINE('',#4803,#4804);
#4803 = CARTESIAN_POINT('',(-0.465,0.25,3.5E-02));
#4804 = VECTOR('',#4805,1.);
#4805 = DIRECTION('',(1.,0.,0.));
#4806 = ORIENTED_EDGE('',*,*,#4807,.T.);
#4807 = EDGE_CURVE('',#4800,#4756,#4808,.T.);
#4808 = CIRCLE('',#4809,3.5E-02);
#4809 = AXIS2_PLACEMENT_3D('',#4810,#4811,#4812);
#4810 = CARTESIAN_POINT('',(-0.335,0.25,3.5E-02));
#4811 = DIRECTION('',(0.,1.,0.));
#4812 = DIRECTION('',(0.,-0.,1.));
#4813 = PLANE('',#4814);
#4814 = AXIS2_PLACEMENT_3D('',#4815,#4816,#4817);
#4815 = CARTESIAN_POINT('',(-0.5,0.25,0.));
#4816 = DIRECTION('',(0.,1.,0.));
#4817 = DIRECTION('',(0.,-0.,1.));
#4818 = ADVANCED_FACE('',(#4819),#4830,.F.);
#4819 = FACE_BOUND('',#4820,.F.);
#4820 = EDGE_LOOP('',(#4821,#4822,#4823,#4824));
#4821 = ORIENTED_EDGE('',*,*,#4755,.F.);
#4822 = ORIENTED_EDGE('',*,*,#4715,.F.);
#4823 = ORIENTED_EDGE('',*,*,#4622,.T.);
#4824 = ORIENTED_EDGE('',*,*,#4825,.T.);
#4825 = EDGE_CURVE('',#4625,#4756,#4826,.T.);
#4826 = LINE('',#4827,#4828);
#4827 = CARTESIAN_POINT('',(-0.335,-0.25,-2.775557561563E-17));
#4828 = VECTOR('',#4829,1.);
#4829 = DIRECTION('',(0.,1.,0.));
#4830 = PLANE('',#4831);
#4831 = AXIS2_PLACEMENT_3D('',#4832,#4833,#4834);
#4832 = CARTESIAN_POINT('',(-0.5,-0.25,0.));
#4833 = DIRECTION('',(0.,0.,1.));
#4834 = DIRECTION('',(1.,0.,-0.));
#4835 = ADVANCED_FACE('',(#4836),#4847,.T.);
#4836 = FACE_BOUND('',#4837,.T.);
#4837 = EDGE_LOOP('',(#4838,#4839,#4840,#4841));
#4838 = ORIENTED_EDGE('',*,*,#4690,.T.);
#4839 = ORIENTED_EDGE('',*,*,#4825,.T.);
#4840 = ORIENTED_EDGE('',*,*,#4807,.F.);
#4841 = ORIENTED_EDGE('',*,*,#4842,.F.);
#4842 = EDGE_CURVE('',#4683,#4800,#4843,.T.);
#4843 = LINE('',#4844,#4845);
#4844 = CARTESIAN_POINT('',(-0.3,-0.25,3.5E-02));
#4845 = VECTOR('',#4846,1.);
#4846 = DIRECTION('',(0.,1.,0.));
#4847 = CYLINDRICAL_SURFACE('',#4848,3.5E-02);
#4848 = AXIS2_PLACEMENT_3D('',#4849,#4850,#4851);
#4849 = CARTESIAN_POINT('',(-0.335,-0.25,3.5E-02));
#4850 = DIRECTION('',(0.,1.,0.));
#4851 = DIRECTION('',(1.,0.,0.));
#4852 = ADVANCED_FACE('',(#4853),#4896,.F.);
#4853 = FACE_BOUND('',#4854,.F.);
#4854 = EDGE_LOOP('',(#4855,#4856,#4857,#4858,#4866,#4874,#4882,#4890));
#4855 = ORIENTED_EDGE('',*,*,#4682,.F.);
#4856 = ORIENTED_EDGE('',*,*,#4674,.T.);
#4857 = ORIENTED_EDGE('',*,*,#4666,.T.);
#4858 = ORIENTED_EDGE('',*,*,#4859,.T.);
#4859 = EDGE_CURVE('',#4658,#4860,#4862,.T.);
#4860 = VERTEX_POINT('',#4861);
#4861 = CARTESIAN_POINT('',(0.3,-0.25,0.315));
#4862 = LINE('',#4863,#4864);
#4863 = CARTESIAN_POINT('',(-0.3,-0.25,0.315));
#4864 = VECTOR('',#4865,1.);
#4865 = DIRECTION('',(1.,0.,0.));
#4866 = ORIENTED_EDGE('',*,*,#4867,.T.);
#4867 = EDGE_CURVE('',#4860,#4868,#4870,.T.);
#4868 = VERTEX_POINT('',#4869);
#4869 = CARTESIAN_POINT('',(0.465,-0.25,0.315));
#4870 = LINE('',#4871,#4872);
#4871 = CARTESIAN_POINT('',(-0.465,-0.25,0.315));
#4872 = VECTOR('',#4873,1.);
#4873 = DIRECTION('',(1.,0.,0.));
#4874 = ORIENTED_EDGE('',*,*,#4875,.F.);
#4875 = EDGE_CURVE('',#4876,#4868,#4878,.T.);
#4876 = VERTEX_POINT('',#4877);
#4877 = CARTESIAN_POINT('',(0.465,-0.25,3.5E-02));
#4878 = LINE('',#4879,#4880);
#4879 = CARTESIAN_POINT('',(0.465,-0.25,3.5E-02));
#4880 = VECTOR('',#4881,1.);
#4881 = DIRECTION('',(0.,0.,1.));
#4882 = ORIENTED_EDGE('',*,*,#4883,.F.);
#4883 = EDGE_CURVE('',#4884,#4876,#4886,.T.);
#4884 = VERTEX_POINT('',#4885);
#4885 = CARTESIAN_POINT('',(0.3,-0.25,3.5E-02));
#4886 = LINE('',#4887,#4888);
#4887 = CARTESIAN_POINT('',(-0.465,-0.25,3.5E-02));
#4888 = VECTOR('',#4889,1.);
#4889 = DIRECTION('',(1.,0.,0.));
#4890 = ORIENTED_EDGE('',*,*,#4891,.F.);
#4891 = EDGE_CURVE('',#4683,#4884,#4892,.T.);
#4892 = LINE('',#4893,#4894);
#4893 = CARTESIAN_POINT('',(-0.465,-0.25,3.5E-02));
#4894 = VECTOR('',#4895,1.);
#4895 = DIRECTION('',(1.,0.,0.));
#4896 = PLANE('',#4897);
#4897 = AXIS2_PLACEMENT_3D('',#4898,#4899,#4900);
#4898 = CARTESIAN_POINT('',(-0.465,-0.25,3.5E-02));
#4899 = DIRECTION('',(0.,1.,0.));
#4900 = DIRECTION('',(0.,-0.,1.));
#4901 = ADVANCED_FACE('',(#4902),#4913,.T.);
#4902 = FACE_BOUND('',#4903,.T.);
#4903 = EDGE_LOOP('',(#4904,#4905,#4906,#4907));
#4904 = ORIENTED_EDGE('',*,*,#4766,.F.);
#4905 = ORIENTED_EDGE('',*,*,#4731,.F.);
#4906 = ORIENTED_EDGE('',*,*,#4649,.T.);
#4907 = ORIENTED_EDGE('',*,*,#4908,.T.);
#4908 = EDGE_CURVE('',#4650,#4767,#4909,.T.);
#4909 = LINE('',#4910,#4911);
#4910 = CARTESIAN_POINT('',(-0.335,-0.25,0.35));
#4911 = VECTOR('',#4912,1.);
#4912 = DIRECTION('',(0.,1.,0.));
#4913 = PLANE('',#4914);
#4914 = AXIS2_PLACEMENT_3D('',#4915,#4916,#4917);
#4915 = CARTESIAN_POINT('',(-0.5,-0.25,0.35));
#4916 = DIRECTION('',(0.,0.,1.));
#4917 = DIRECTION('',(1.,0.,-0.));
#4918 = ADVANCED_FACE('',(#4919),#4930,.T.);
#4919 = FACE_BOUND('',#4920,.T.);
#4920 = EDGE_LOOP('',(#4921,#4927,#4928,#4929));
#4921 = ORIENTED_EDGE('',*,*,#4922,.T.);
#4922 = EDGE_CURVE('',#4658,#4775,#4923,.T.);
#4923 = LINE('',#4924,#4925);
#4924 = CARTESIAN_POINT('',(-0.3,-0.25,0.315));
#4925 = VECTOR('',#4926,1.);
#4926 = DIRECTION('',(0.,1.,0.));
#4927 = ORIENTED_EDGE('',*,*,#4774,.T.);
#4928 = ORIENTED_EDGE('',*,*,#4908,.F.);
#4929 = ORIENTED_EDGE('',*,*,#4657,.F.);
#4930 = CYLINDRICAL_SURFACE('',#4931,3.5E-02);
#4931 = AXIS2_PLACEMENT_3D('',#4932,#4933,#4934);
#4932 = CARTESIAN_POINT('',(-0.335,-0.25,0.315));
#4933 = DIRECTION('',(0.,1.,0.));
#4934 = DIRECTION('',(1.,0.,0.));
#4935 = ADVANCED_FACE('',(#4936),#4979,.T.);
#4936 = FACE_BOUND('',#4937,.T.);
#4937 = EDGE_LOOP('',(#4938,#4939,#4940,#4941,#4949,#4957,#4965,#4973));
#4938 = ORIENTED_EDGE('',*,*,#4799,.F.);
#4939 = ORIENTED_EDGE('',*,*,#4791,.T.);
#4940 = ORIENTED_EDGE('',*,*,#4783,.T.);
#4941 = ORIENTED_EDGE('',*,*,#4942,.T.);
#4942 = EDGE_CURVE('',#4775,#4943,#4945,.T.);
#4943 = VERTEX_POINT('',#4944);
#4944 = CARTESIAN_POINT('',(0.3,0.25,0.315));
#4945 = LINE('',#4946,#4947);
#4946 = CARTESIAN_POINT('',(-0.3,0.25,0.315));
#4947 = VECTOR('',#4948,1.);
#4948 = DIRECTION('',(1.,0.,0.));
#4949 = ORIENTED_EDGE('',*,*,#4950,.T.);
#4950 = EDGE_CURVE('',#4943,#4951,#4953,.T.);
#4951 = VERTEX_POINT('',#4952);
#4952 = CARTESIAN_POINT('',(0.465,0.25,0.315));
#4953 = LINE('',#4954,#4955);
#4954 = CARTESIAN_POINT('',(-0.465,0.25,0.315));
#4955 = VECTOR('',#4956,1.);
#4956 = DIRECTION('',(1.,0.,0.));
#4957 = ORIENTED_EDGE('',*,*,#4958,.F.);
#4958 = EDGE_CURVE('',#4959,#4951,#4961,.T.);
#4959 = VERTEX_POINT('',#4960);
#4960 = CARTESIAN_POINT('',(0.465,0.25,3.5E-02));
#4961 = LINE('',#4962,#4963);
#4962 = CARTESIAN_POINT('',(0.465,0.25,3.5E-02));
#4963 = VECTOR('',#4964,1.);
#4964 = DIRECTION('',(0.,0.,1.));
#4965 = ORIENTED_EDGE('',*,*,#4966,.F.);
#4966 = EDGE_CURVE('',#4967,#4959,#4969,.T.);
#4967 = VERTEX_POINT('',#4968);
#4968 = CARTESIAN_POINT('',(0.3,0.25,3.5E-02));
#4969 = LINE('',#4970,#4971);
#4970 = CARTESIAN_POINT('',(-0.465,0.25,3.5E-02));
#4971 = VECTOR('',#4972,1.);
#4972 = DIRECTION('',(1.,0.,0.));
#4973 = ORIENTED_EDGE('',*,*,#4974,.F.);
#4974 = EDGE_CURVE('',#4800,#4967,#4975,.T.);
#4975 = LINE('',#4976,#4977);
#4976 = CARTESIAN_POINT('',(-0.465,0.25,3.5E-02));
#4977 = VECTOR('',#4978,1.);
#4978 = DIRECTION('',(1.,0.,0.));
#4979 = PLANE('',#4980);
#4980 = AXIS2_PLACEMENT_3D('',#4981,#4982,#4983);
#4981 = CARTESIAN_POINT('',(-0.465,0.25,3.5E-02));
#4982 = DIRECTION('',(0.,1.,0.));
#4983 = DIRECTION('',(0.,-0.,1.));
#4984 = ADVANCED_FACE('',(#4985),#4996,.F.);
#4985 = FACE_BOUND('',#4986,.F.);
#4986 = EDGE_LOOP('',(#4987,#4988,#4989,#4995));
#4987 = ORIENTED_EDGE('',*,*,#4842,.F.);
#4988 = ORIENTED_EDGE('',*,*,#4891,.T.);
#4989 = ORIENTED_EDGE('',*,*,#4990,.T.);
#4990 = EDGE_CURVE('',#4884,#4967,#4991,.T.);
#4991 = LINE('',#4992,#4993);
#4992 = CARTESIAN_POINT('',(0.3,-0.25,3.5E-02));
#4993 = VECTOR('',#4994,1.);
#4994 = DIRECTION('',(0.,1.,0.));
#4995 = ORIENTED_EDGE('',*,*,#4974,.F.);
#4996 = PLANE('',#4997);
#4997 = AXIS2_PLACEMENT_3D('',#4998,#4999,#5000);
#4998 = CARTESIAN_POINT('',(-0.465,-0.25,3.5E-02));
#4999 = DIRECTION('',(0.,0.,1.));
#5000 = DIRECTION('',(1.,0.,-0.));
#5001 = ADVANCED_FACE('',(#5002),#5065,.F.);
#5002 = FACE_BOUND('',#5003,.F.);
#5003 = EDGE_LOOP('',(#5004,#5014,#5021,#5022,#5023,#5024,#5033,#5041,
    #5050,#5058));
#5004 = ORIENTED_EDGE('',*,*,#5005,.F.);
#5005 = EDGE_CURVE('',#5006,#5008,#5010,.T.);
#5006 = VERTEX_POINT('',#5007);
#5007 = CARTESIAN_POINT('',(0.335,-0.25,-2.775557561563E-17));
#5008 = VERTEX_POINT('',#5009);
#5009 = CARTESIAN_POINT('',(0.465,-0.25,-2.775557561563E-17));
#5010 = LINE('',#5011,#5012);
#5011 = CARTESIAN_POINT('',(0.3,-0.25,0.));
#5012 = VECTOR('',#5013,1.);
#5013 = DIRECTION('',(1.,0.,0.));
#5014 = ORIENTED_EDGE('',*,*,#5015,.F.);
#5015 = EDGE_CURVE('',#4884,#5006,#5016,.T.);
#5016 = CIRCLE('',#5017,3.5E-02);
#5017 = AXIS2_PLACEMENT_3D('',#5018,#5019,#5020);
#5018 = CARTESIAN_POINT('',(0.335,-0.25,3.5E-02));
#5019 = DIRECTION('',(0.,-1.,0.));
#5020 = DIRECTION('',(0.,0.,1.));
#5021 = ORIENTED_EDGE('',*,*,#4883,.T.);
#5022 = ORIENTED_EDGE('',*,*,#4875,.T.);
#5023 = ORIENTED_EDGE('',*,*,#4867,.F.);
#5024 = ORIENTED_EDGE('',*,*,#5025,.T.);
#5025 = EDGE_CURVE('',#4860,#5026,#5028,.T.);
#5026 = VERTEX_POINT('',#5027);
#5027 = CARTESIAN_POINT('',(0.335,-0.25,0.35));
#5028 = CIRCLE('',#5029,3.5E-02);
#5029 = AXIS2_PLACEMENT_3D('',#5030,#5031,#5032);
#5030 = CARTESIAN_POINT('',(0.335,-0.25,0.315));
#5031 = DIRECTION('',(0.,1.,0.));
#5032 = DIRECTION('',(0.,-0.,1.));
#5033 = ORIENTED_EDGE('',*,*,#5034,.T.);
#5034 = EDGE_CURVE('',#5026,#5035,#5037,.T.);
#5035 = VERTEX_POINT('',#5036);
#5036 = CARTESIAN_POINT('',(0.465,-0.25,0.35));
#5037 = LINE('',#5038,#5039);
#5038 = CARTESIAN_POINT('',(0.3,-0.25,0.35));
#5039 = VECTOR('',#5040,1.);
#5040 = DIRECTION('',(1.,0.,0.));
#5041 = ORIENTED_EDGE('',*,*,#5042,.F.);
#5042 = EDGE_CURVE('',#5043,#5035,#5045,.T.);
#5043 = VERTEX_POINT('',#5044);
#5044 = CARTESIAN_POINT('',(0.5,-0.25,0.315));
#5045 = CIRCLE('',#5046,3.5E-02);
#5046 = AXIS2_PLACEMENT_3D('',#5047,#5048,#5049);
#5047 = CARTESIAN_POINT('',(0.465,-0.25,0.315));
#5048 = DIRECTION('',(0.,-1.,0.));
#5049 = DIRECTION('',(0.,0.,1.));
#5050 = ORIENTED_EDGE('',*,*,#5051,.F.);
#5051 = EDGE_CURVE('',#5052,#5043,#5054,.T.);
#5052 = VERTEX_POINT('',#5053);
#5053 = CARTESIAN_POINT('',(0.5,-0.25,3.5E-02));
#5054 = LINE('',#5055,#5056);
#5055 = CARTESIAN_POINT('',(0.5,-0.25,0.));
#5056 = VECTOR('',#5057,1.);
#5057 = DIRECTION('',(0.,0.,1.));
#5058 = ORIENTED_EDGE('',*,*,#5059,.T.);
#5059 = EDGE_CURVE('',#5052,#5008,#5060,.T.);
#5060 = CIRCLE('',#5061,3.5E-02);
#5061 = AXIS2_PLACEMENT_3D('',#5062,#5063,#5064);
#5062 = CARTESIAN_POINT('',(0.465,-0.25,3.5E-02));
#5063 = DIRECTION('',(0.,1.,0.));
#5064 = DIRECTION('',(0.,-0.,1.));
#5065 = PLANE('',#5066);
#5066 = AXIS2_PLACEMENT_3D('',#5067,#5068,#5069);
#5067 = CARTESIAN_POINT('',(0.3,-0.25,0.));
#5068 = DIRECTION('',(0.,1.,0.));
#5069 = DIRECTION('',(0.,-0.,1.));
#5070 = ADVANCED_FACE('',(#5071),#5096,.F.);
#5071 = FACE_BOUND('',#5072,.F.);
#5072 = EDGE_LOOP('',(#5073,#5074,#5082,#5090));
#5073 = ORIENTED_EDGE('',*,*,#4859,.F.);
#5074 = ORIENTED_EDGE('',*,*,#5075,.T.);
#5075 = EDGE_CURVE('',#4658,#5076,#5078,.T.);
#5076 = VERTEX_POINT('',#5077);
#5077 = CARTESIAN_POINT('',(-0.3,-0.25,0.35));
#5078 = LINE('',#5079,#5080);
#5079 = CARTESIAN_POINT('',(-0.3,-0.25,0.315));
#5080 = VECTOR('',#5081,1.);
#5081 = DIRECTION('',(0.,0.,1.));
#5082 = ORIENTED_EDGE('',*,*,#5083,.T.);
#5083 = EDGE_CURVE('',#5076,#5084,#5086,.T.);
#5084 = VERTEX_POINT('',#5085);
#5085 = CARTESIAN_POINT('',(0.3,-0.25,0.35));
#5086 = LINE('',#5087,#5088);
#5087 = CARTESIAN_POINT('',(-0.3,-0.25,0.35));
#5088 = VECTOR('',#5089,1.);
#5089 = DIRECTION('',(1.,0.,0.));
#5090 = ORIENTED_EDGE('',*,*,#5091,.F.);
#5091 = EDGE_CURVE('',#4860,#5084,#5092,.T.);
#5092 = LINE('',#5093,#5094);
#5093 = CARTESIAN_POINT('',(0.3,-0.25,0.315));
#5094 = VECTOR('',#5095,1.);
#5095 = DIRECTION('',(0.,0.,1.));
#5096 = PLANE('',#5097);
#5097 = AXIS2_PLACEMENT_3D('',#5098,#5099,#5100);
#5098 = CARTESIAN_POINT('',(-0.3,-0.25,0.315));
#5099 = DIRECTION('',(0.,1.,0.));
#5100 = DIRECTION('',(0.,-0.,1.));
#5101 = ADVANCED_FACE('',(#5102),#5120,.F.);
#5102 = FACE_BOUND('',#5103,.F.);
#5103 = EDGE_LOOP('',(#5104,#5105,#5106,#5114));
#5104 = ORIENTED_EDGE('',*,*,#5075,.F.);
#5105 = ORIENTED_EDGE('',*,*,#4922,.T.);
#5106 = ORIENTED_EDGE('',*,*,#5107,.T.);
#5107 = EDGE_CURVE('',#4775,#5108,#5110,.T.);
#5108 = VERTEX_POINT('',#5109);
#5109 = CARTESIAN_POINT('',(-0.3,0.25,0.35));
#5110 = LINE('',#5111,#5112);
#5111 = CARTESIAN_POINT('',(-0.3,0.25,0.315));
#5112 = VECTOR('',#5113,1.);
#5113 = DIRECTION('',(0.,0.,1.));
#5114 = ORIENTED_EDGE('',*,*,#5115,.F.);
#5115 = EDGE_CURVE('',#5076,#5108,#5116,.T.);
#5116 = LINE('',#5117,#5118);
#5117 = CARTESIAN_POINT('',(-0.3,-0.25,0.35));
#5118 = VECTOR('',#5119,1.);
#5119 = DIRECTION('',(0.,1.,0.));
#5120 = PLANE('',#5121);
#5121 = AXIS2_PLACEMENT_3D('',#5122,#5123,#5124);
#5122 = CARTESIAN_POINT('',(-0.3,-0.25,0.315));
#5123 = DIRECTION('',(1.,0.,0.));
#5124 = DIRECTION('',(0.,0.,1.));
#5125 = ADVANCED_FACE('',(#5126),#5189,.T.);
#5126 = FACE_BOUND('',#5127,.T.);
#5127 = EDGE_LOOP('',(#5128,#5138,#5145,#5146,#5147,#5148,#5157,#5165,
    #5174,#5182));
#5128 = ORIENTED_EDGE('',*,*,#5129,.F.);
#5129 = EDGE_CURVE('',#5130,#5132,#5134,.T.);
#5130 = VERTEX_POINT('',#5131);
#5131 = CARTESIAN_POINT('',(0.335,0.25,-2.775557561563E-17));
#5132 = VERTEX_POINT('',#5133);
#5133 = CARTESIAN_POINT('',(0.465,0.25,-2.775557561563E-17));
#5134 = LINE('',#5135,#5136);
#5135 = CARTESIAN_POINT('',(0.3,0.25,0.));
#5136 = VECTOR('',#5137,1.);
#5137 = DIRECTION('',(1.,0.,0.));
#5138 = ORIENTED_EDGE('',*,*,#5139,.F.);
#5139 = EDGE_CURVE('',#4967,#5130,#5140,.T.);
#5140 = CIRCLE('',#5141,3.5E-02);
#5141 = AXIS2_PLACEMENT_3D('',#5142,#5143,#5144);
#5142 = CARTESIAN_POINT('',(0.335,0.25,3.5E-02));
#5143 = DIRECTION('',(0.,-1.,0.));
#5144 = DIRECTION('',(0.,0.,1.));
#5145 = ORIENTED_EDGE('',*,*,#4966,.T.);
#5146 = ORIENTED_EDGE('',*,*,#4958,.T.);
#5147 = ORIENTED_EDGE('',*,*,#4950,.F.);
#5148 = ORIENTED_EDGE('',*,*,#5149,.T.);
#5149 = EDGE_CURVE('',#4943,#5150,#5152,.T.);
#5150 = VERTEX_POINT('',#5151);
#5151 = CARTESIAN_POINT('',(0.335,0.25,0.35));
#5152 = CIRCLE('',#5153,3.5E-02);
#5153 = AXIS2_PLACEMENT_3D('',#5154,#5155,#5156);
#5154 = CARTESIAN_POINT('',(0.335,0.25,0.315));
#5155 = DIRECTION('',(0.,1.,0.));
#5156 = DIRECTION('',(0.,-0.,1.));
#5157 = ORIENTED_EDGE('',*,*,#5158,.T.);
#5158 = EDGE_CURVE('',#5150,#5159,#5161,.T.);
#5159 = VERTEX_POINT('',#5160);
#5160 = CARTESIAN_POINT('',(0.465,0.25,0.35));
#5161 = LINE('',#5162,#5163);
#5162 = CARTESIAN_POINT('',(0.3,0.25,0.35));
#5163 = VECTOR('',#5164,1.);
#5164 = DIRECTION('',(1.,0.,0.));
#5165 = ORIENTED_EDGE('',*,*,#5166,.F.);
#5166 = EDGE_CURVE('',#5167,#5159,#5169,.T.);
#5167 = VERTEX_POINT('',#5168);
#5168 = CARTESIAN_POINT('',(0.5,0.25,0.315));
#5169 = CIRCLE('',#5170,3.5E-02);
#5170 = AXIS2_PLACEMENT_3D('',#5171,#5172,#5173);
#5171 = CARTESIAN_POINT('',(0.465,0.25,0.315));
#5172 = DIRECTION('',(0.,-1.,0.));
#5173 = DIRECTION('',(0.,0.,1.));
#5174 = ORIENTED_EDGE('',*,*,#5175,.F.);
#5175 = EDGE_CURVE('',#5176,#5167,#5178,.T.);
#5176 = VERTEX_POINT('',#5177);
#5177 = CARTESIAN_POINT('',(0.5,0.25,3.5E-02));
#5178 = LINE('',#5179,#5180);
#5179 = CARTESIAN_POINT('',(0.5,0.25,0.));
#5180 = VECTOR('',#5181,1.);
#5181 = DIRECTION('',(0.,0.,1.));
#5182 = ORIENTED_EDGE('',*,*,#5183,.T.);
#5183 = EDGE_CURVE('',#5176,#5132,#5184,.T.);
#5184 = CIRCLE('',#5185,3.5E-02);
#5185 = AXIS2_PLACEMENT_3D('',#5186,#5187,#5188);
#5186 = CARTESIAN_POINT('',(0.465,0.25,3.5E-02));
#5187 = DIRECTION('',(0.,1.,0.));
#5188 = DIRECTION('',(0.,-0.,1.));
#5189 = PLANE('',#5190);
#5190 = AXIS2_PLACEMENT_3D('',#5191,#5192,#5193);
#5191 = CARTESIAN_POINT('',(0.3,0.25,0.));
#5192 = DIRECTION('',(0.,1.,0.));
#5193 = DIRECTION('',(0.,-0.,1.));
#5194 = ADVANCED_FACE('',(#5195),#5213,.T.);
#5195 = FACE_BOUND('',#5196,.T.);
#5196 = EDGE_LOOP('',(#5197,#5198,#5199,#5207));
#5197 = ORIENTED_EDGE('',*,*,#4942,.F.);
#5198 = ORIENTED_EDGE('',*,*,#5107,.T.);
#5199 = ORIENTED_EDGE('',*,*,#5200,.T.);
#5200 = EDGE_CURVE('',#5108,#5201,#5203,.T.);
#5201 = VERTEX_POINT('',#5202);
#5202 = CARTESIAN_POINT('',(0.3,0.25,0.35));
#5203 = LINE('',#5204,#5205);
#5204 = CARTESIAN_POINT('',(-0.3,0.25,0.35));
#5205 = VECTOR('',#5206,1.);
#5206 = DIRECTION('',(1.,0.,0.));
#5207 = ORIENTED_EDGE('',*,*,#5208,.F.);
#5208 = EDGE_CURVE('',#4943,#5201,#5209,.T.);
#5209 = LINE('',#5210,#5211);
#5210 = CARTESIAN_POINT('',(0.3,0.25,0.315));
#5211 = VECTOR('',#5212,1.);
#5212 = DIRECTION('',(0.,0.,1.));
#5213 = PLANE('',#5214);
#5214 = AXIS2_PLACEMENT_3D('',#5215,#5216,#5217);
#5215 = CARTESIAN_POINT('',(-0.3,0.25,0.315));
#5216 = DIRECTION('',(0.,1.,0.));
#5217 = DIRECTION('',(0.,-0.,1.));
#5218 = ADVANCED_FACE('',(#5219),#5230,.T.);
#5219 = FACE_BOUND('',#5220,.T.);
#5220 = EDGE_LOOP('',(#5221,#5222,#5223,#5229));
#5221 = ORIENTED_EDGE('',*,*,#4990,.T.);
#5222 = ORIENTED_EDGE('',*,*,#5139,.T.);
#5223 = ORIENTED_EDGE('',*,*,#5224,.F.);
#5224 = EDGE_CURVE('',#5006,#5130,#5225,.T.);
#5225 = LINE('',#5226,#5227);
#5226 = CARTESIAN_POINT('',(0.335,-0.25,-2.775557561563E-17));
#5227 = VECTOR('',#5228,1.);
#5228 = DIRECTION('',(0.,1.,0.));
#5229 = ORIENTED_EDGE('',*,*,#5015,.F.);
#5230 = CYLINDRICAL_SURFACE('',#5231,3.5E-02);
#5231 = AXIS2_PLACEMENT_3D('',#5232,#5233,#5234);
#5232 = CARTESIAN_POINT('',(0.335,-0.25,3.5E-02));
#5233 = DIRECTION('',(0.,1.,0.));
#5234 = DIRECTION('',(-1.,0.,0.));
#5235 = ADVANCED_FACE('',(#5236),#5247,.F.);
#5236 = FACE_BOUND('',#5237,.F.);
#5237 = EDGE_LOOP('',(#5238,#5239,#5240,#5241));
#5238 = ORIENTED_EDGE('',*,*,#5129,.F.);
#5239 = ORIENTED_EDGE('',*,*,#5224,.F.);
#5240 = ORIENTED_EDGE('',*,*,#5005,.T.);
#5241 = ORIENTED_EDGE('',*,*,#5242,.T.);
#5242 = EDGE_CURVE('',#5008,#5132,#5243,.T.);
#5243 = LINE('',#5244,#5245);
#5244 = CARTESIAN_POINT('',(0.465,-0.25,-2.775557561563E-17));
#5245 = VECTOR('',#5246,1.);
#5246 = DIRECTION('',(0.,1.,0.));
#5247 = PLANE('',#5248);
#5248 = AXIS2_PLACEMENT_3D('',#5249,#5250,#5251);
#5249 = CARTESIAN_POINT('',(0.3,-0.25,0.));
#5250 = DIRECTION('',(0.,0.,1.));
#5251 = DIRECTION('',(1.,0.,-0.));
#5252 = ADVANCED_FACE('',(#5253),#5264,.T.);
#5253 = FACE_BOUND('',#5254,.T.);
#5254 = EDGE_LOOP('',(#5255,#5256,#5257,#5258));
#5255 = ORIENTED_EDGE('',*,*,#5059,.T.);
#5256 = ORIENTED_EDGE('',*,*,#5242,.T.);
#5257 = ORIENTED_EDGE('',*,*,#5183,.F.);
#5258 = ORIENTED_EDGE('',*,*,#5259,.F.);
#5259 = EDGE_CURVE('',#5052,#5176,#5260,.T.);
#5260 = LINE('',#5261,#5262);
#5261 = CARTESIAN_POINT('',(0.5,-0.25,3.5E-02));
#5262 = VECTOR('',#5263,1.);
#5263 = DIRECTION('',(0.,1.,0.));
#5264 = CYLINDRICAL_SURFACE('',#5265,3.5E-02);
#5265 = AXIS2_PLACEMENT_3D('',#5266,#5267,#5268);
#5266 = CARTESIAN_POINT('',(0.465,-0.25,3.5E-02));
#5267 = DIRECTION('',(0.,1.,0.));
#5268 = DIRECTION('',(1.,0.,0.));
#5269 = ADVANCED_FACE('',(#5270),#5281,.T.);
#5270 = FACE_BOUND('',#5271,.T.);
#5271 = EDGE_LOOP('',(#5272,#5273,#5274,#5275));
#5272 = ORIENTED_EDGE('',*,*,#5051,.F.);
#5273 = ORIENTED_EDGE('',*,*,#5259,.T.);
#5274 = ORIENTED_EDGE('',*,*,#5175,.T.);
#5275 = ORIENTED_EDGE('',*,*,#5276,.F.);
#5276 = EDGE_CURVE('',#5043,#5167,#5277,.T.);
#5277 = LINE('',#5278,#5279);
#5278 = CARTESIAN_POINT('',(0.5,-0.25,0.315));
#5279 = VECTOR('',#5280,1.);
#5280 = DIRECTION('',(0.,1.,0.));
#5281 = PLANE('',#5282);
#5282 = AXIS2_PLACEMENT_3D('',#5283,#5284,#5285);
#5283 = CARTESIAN_POINT('',(0.5,-0.25,0.));
#5284 = DIRECTION('',(1.,0.,0.));
#5285 = DIRECTION('',(0.,0.,1.));
#5286 = ADVANCED_FACE('',(#5287),#5298,.T.);
#5287 = FACE_BOUND('',#5288,.T.);
#5288 = EDGE_LOOP('',(#5289,#5290,#5291,#5297));
#5289 = ORIENTED_EDGE('',*,*,#5276,.T.);
#5290 = ORIENTED_EDGE('',*,*,#5166,.T.);
#5291 = ORIENTED_EDGE('',*,*,#5292,.F.);
#5292 = EDGE_CURVE('',#5035,#5159,#5293,.T.);
#5293 = LINE('',#5294,#5295);
#5294 = CARTESIAN_POINT('',(0.465,-0.25,0.35));
#5295 = VECTOR('',#5296,1.);
#5296 = DIRECTION('',(0.,1.,0.));
#5297 = ORIENTED_EDGE('',*,*,#5042,.F.);
#5298 = CYLINDRICAL_SURFACE('',#5299,3.5E-02);
#5299 = AXIS2_PLACEMENT_3D('',#5300,#5301,#5302);
#5300 = CARTESIAN_POINT('',(0.465,-0.25,0.315));
#5301 = DIRECTION('',(0.,1.,0.));
#5302 = DIRECTION('',(1.,0.,0.));
#5303 = ADVANCED_FACE('',(#5304),#5315,.T.);
#5304 = FACE_BOUND('',#5305,.T.);
#5305 = EDGE_LOOP('',(#5306,#5307,#5313,#5314));
#5306 = ORIENTED_EDGE('',*,*,#5158,.F.);
#5307 = ORIENTED_EDGE('',*,*,#5308,.F.);
#5308 = EDGE_CURVE('',#5026,#5150,#5309,.T.);
#5309 = LINE('',#5310,#5311);
#5310 = CARTESIAN_POINT('',(0.335,-0.25,0.35));
#5311 = VECTOR('',#5312,1.);
#5312 = DIRECTION('',(0.,1.,0.));
#5313 = ORIENTED_EDGE('',*,*,#5034,.T.);
#5314 = ORIENTED_EDGE('',*,*,#5292,.T.);
#5315 = PLANE('',#5316);
#5316 = AXIS2_PLACEMENT_3D('',#5317,#5318,#5319);
#5317 = CARTESIAN_POINT('',(0.3,-0.25,0.35));
#5318 = DIRECTION('',(0.,0.,1.));
#5319 = DIRECTION('',(1.,0.,-0.));
#5320 = ADVANCED_FACE('',(#5321),#5332,.T.);
#5321 = FACE_BOUND('',#5322,.T.);
#5322 = EDGE_LOOP('',(#5323,#5324,#5325,#5326));
#5323 = ORIENTED_EDGE('',*,*,#5025,.T.);
#5324 = ORIENTED_EDGE('',*,*,#5308,.T.);
#5325 = ORIENTED_EDGE('',*,*,#5149,.F.);
#5326 = ORIENTED_EDGE('',*,*,#5327,.F.);
#5327 = EDGE_CURVE('',#4860,#4943,#5328,.T.);
#5328 = LINE('',#5329,#5330);
#5329 = CARTESIAN_POINT('',(0.3,-0.25,0.315));
#5330 = VECTOR('',#5331,1.);
#5331 = DIRECTION('',(0.,1.,0.));
#5332 = CYLINDRICAL_SURFACE('',#5333,3.5E-02);
#5333 = AXIS2_PLACEMENT_3D('',#5334,#5335,#5336);
#5334 = CARTESIAN_POINT('',(0.335,-0.25,0.315));
#5335 = DIRECTION('',(0.,1.,0.));
#5336 = DIRECTION('',(-1.,0.,0.));
#5337 = ADVANCED_FACE('',(#5338),#5349,.T.);
#5338 = FACE_BOUND('',#5339,.T.);
#5339 = EDGE_LOOP('',(#5340,#5341,#5342,#5343));
#5340 = ORIENTED_EDGE('',*,*,#5091,.F.);
#5341 = ORIENTED_EDGE('',*,*,#5327,.T.);
#5342 = ORIENTED_EDGE('',*,*,#5208,.T.);
#5343 = ORIENTED_EDGE('',*,*,#5344,.F.);
#5344 = EDGE_CURVE('',#5084,#5201,#5345,.T.);
#5345 = LINE('',#5346,#5347);
#5346 = CARTESIAN_POINT('',(0.3,-0.25,0.35));
#5347 = VECTOR('',#5348,1.);
#5348 = DIRECTION('',(0.,1.,0.));
#5349 = PLANE('',#5350);
#5350 = AXIS2_PLACEMENT_3D('',#5351,#5352,#5353);
#5351 = CARTESIAN_POINT('',(0.3,-0.25,0.315));
#5352 = DIRECTION('',(1.,0.,0.));
#5353 = DIRECTION('',(0.,0.,1.));
#5354 = ADVANCED_FACE('',(#5355),#5361,.T.);
#5355 = FACE_BOUND('',#5356,.T.);
#5356 = EDGE_LOOP('',(#5357,#5358,#5359,#5360));
#5357 = ORIENTED_EDGE('',*,*,#5115,.F.);
#5358 = ORIENTED_EDGE('',*,*,#5083,.T.);
#5359 = ORIENTED_EDGE('',*,*,#5344,.T.);
#5360 = ORIENTED_EDGE('',*,*,#5200,.F.);
#5361 = PLANE('',#5362);
#5362 = AXIS2_PLACEMENT_3D('',#5363,#5364,#5365);
#5363 = CARTESIAN_POINT('',(-0.3,-0.25,0.35));
#5364 = DIRECTION('',(0.,0.,1.));
#5365 = DIRECTION('',(1.,0.,-0.));
#5366 = ( GEOMETRIC_REPRESENTATION_CONTEXT(3) 
GLOBAL_UNCERTAINTY_ASSIGNED_CONTEXT((#5370)) 
GLOBAL_UNIT_ASSIGNED_CONTEXT((#5367,#5368,#5369)) REPRESENTATION_CONTEXT
('Context #1','3D Context with UNIT and UNCERTAINTY') );
#5367 = ( LENGTH_UNIT() NAMED_UNIT(*) SI_UNIT(.MILLI.,.METRE.) );
#5368 = ( NAMED_UNIT(*) PLANE_ANGLE_UNIT() SI_UNIT($,.RADIAN.) );
#5369 = ( NAMED_UNIT(*) SI_UNIT($,.STERADIAN.) SOLID_ANGLE_UNIT() );
#5370 = UNCERTAINTY_MEASURE_WITH_UNIT(LENGTH_MEASURE(1.E-07),#5367,
  'distance_accuracy_value','confusion accuracy');
#5371 = CONTEXT_DEPENDENT_SHAPE_REPRESENTATION(#5372,#5374);
#5372 = ( REPRESENTATION_RELATIONSHIP('','',#4575,#10) 
REPRESENTATION_RELATIONSHIP_WITH_TRANSFORMATION(#5373) 
SHAPE_REPRESENTATION_RELATIONSHIP() );
#5373 = ITEM_DEFINED_TRANSFORMATION('','',#11,#19);
#5374 = PRODUCT_DEFINITION_SHAPE('Placement','Placement of an item',
  #5375);
#5375 = NEXT_ASSEMBLY_USAGE_OCCURRENCE('2','R19','',#5,#4570,$);
#5376 = PRODUCT_RELATED_PRODUCT_CATEGORY('part',$,(#4572));
#5377 = CONTEXT_DEPENDENT_SHAPE_REPRESENTATION(#5378,#5380);
#5378 = ( REPRESENTATION_RELATIONSHIP('','',#4575,#10) 
REPRESENTATION_RELATIONSHIP_WITH_TRANSFORMATION(#5379) 
SHAPE_REPRESENTATION_RELATIONSHIP() );
#5379 = ITEM_DEFINED_TRANSFORMATION('','',#11,#23);
#5380 = PRODUCT_DEFINITION_SHAPE('Placement','Placement of an item',
  #5381);
#5381 = NEXT_ASSEMBLY_USAGE_OCCURRENCE('3','R16','',#5,#4570,$);
#5382 = SHAPE_DEFINITION_REPRESENTATION(#5383,#5389);
#5383 = PRODUCT_DEFINITION_SHAPE('','',#5384);
#5384 = PRODUCT_DEFINITION('design','',#5385,#5388);
#5385 = PRODUCT_DEFINITION_FORMATION('','',#5386);
#5386 = PRODUCT('SOT-23-5','SOT-23-5','',(#5387));
#5387 = PRODUCT_CONTEXT('',#2,'mechanical');
#5388 = PRODUCT_DEFINITION_CONTEXT('part definition',#2,'design');
#5389 = ADVANCED_BREP_SHAPE_REPRESENTATION('',(#11,#5390),#8459);
#5390 = MANIFOLD_SOLID_BREP('',#5391);
#5391 = CLOSED_SHELL('',(#5392,#5430,#5493,#5516,#5545,#5568,#5639,#5694
    ,#5717,#5740,#5757,#5780,#5868,#5884,#5914,#5945,#5976,#6007,#6038,
    #6069,#6086,#6103,#6134,#6165,#6196,#6226,#6249,#6272,#6289,#6334,
    #6404,#6427,#6450,#6473,#6528,#6566,#6615,#6707,#6732,#6816,#6838,
    #6930,#6955,#7039,#7056,#7141,#7166,#7243,#7328,#7353,#7430,#7447,
    #7539,#7564,#7648,#7665,#7684,#7703,#7749,#7765,#7784,#7800,#7817,
    #7829,#7846,#7863,#7880,#7897,#7914,#7931,#7948,#7960,#7977,#7994,
    #8011,#8028,#8045,#8062,#8079,#8091,#8108,#8125,#8142,#8159,#8176,
    #8193,#8205,#8222,#8239,#8256,#8273,#8290,#8307,#8319,#8336,#8353,
    #8370,#8387,#8404,#8421,#8438,#8450));
#5392 = ADVANCED_FACE('',(#5393),#5425,.F.);
#5393 = FACE_BOUND('',#5394,.F.);
#5394 = EDGE_LOOP('',(#5395,#5405,#5412,#5420));
#5395 = ORIENTED_EDGE('',*,*,#5396,.T.);
#5396 = EDGE_CURVE('',#5397,#5399,#5401,.T.);
#5397 = VERTEX_POINT('',#5398);
#5398 = CARTESIAN_POINT('',(-0.659324228722,1.358648457443,0.1));
#5399 = VERTEX_POINT('',#5400);
#5400 = CARTESIAN_POINT('',(0.659324228722,1.358648457443,0.1));
#5401 = LINE('',#5402,#5403);
#5402 = CARTESIAN_POINT('',(-0.659324228722,1.358648457443,0.1));
#5403 = VECTOR('',#5404,1.);
#5404 = DIRECTION('',(1.,1.110223024625E-16,0.));
#5405 = ORIENTED_EDGE('',*,*,#5406,.T.);
#5406 = EDGE_CURVE('',#5399,#5407,#5409,.T.);
#5407 = VERTEX_POINT('',#5408);
#5408 = CARTESIAN_POINT('',(0.705,1.45,0.75));
#5409 = B_SPLINE_CURVE_WITH_KNOTS('',1,(#5410,#5411),.UNSPECIFIED.,.F.,
  .F.,(2,2),(0.,1.),.PIECEWISE_BEZIER_KNOTS.);
#5410 = CARTESIAN_POINT('',(0.659324228722,1.358648457443,0.1));
#5411 = CARTESIAN_POINT('',(0.705,1.45,0.75));
#5412 = ORIENTED_EDGE('',*,*,#5413,.F.);
#5413 = EDGE_CURVE('',#5414,#5407,#5416,.T.);
#5414 = VERTEX_POINT('',#5415);
#5415 = CARTESIAN_POINT('',(-0.705,1.45,0.75));
#5416 = LINE('',#5417,#5418);
#5417 = CARTESIAN_POINT('',(-0.705,1.45,0.75));
#5418 = VECTOR('',#5419,1.);
#5419 = DIRECTION('',(1.,1.110223024625E-16,0.));
#5420 = ORIENTED_EDGE('',*,*,#5421,.F.);
#5421 = EDGE_CURVE('',#5397,#5414,#5422,.T.);
#5422 = B_SPLINE_CURVE_WITH_KNOTS('',1,(#5423,#5424),.UNSPECIFIED.,.F.,
  .F.,(2,2),(0.,1.),.PIECEWISE_BEZIER_KNOTS.);
#5423 = CARTESIAN_POINT('',(-0.659324228722,1.358648457443,0.1));
#5424 = CARTESIAN_POINT('',(-0.705,1.45,0.75));
#5425 = B_SPLINE_SURFACE_WITH_KNOTS('',1,1,(
    (#5426,#5427)
    ,(#5428,#5429
    )),.UNSPECIFIED.,.F.,.F.,.F.,(2,2),(2,2),(0.,1.41),(0.,1.),
  .PIECEWISE_BEZIER_KNOTS.);
#5426 = CARTESIAN_POINT('',(-0.659324228722,1.358648457443,0.1));
#5427 = CARTESIAN_POINT('',(-0.705,1.45,0.75));
#5428 = CARTESIAN_POINT('',(0.659324228722,1.358648457443,0.1));
#5429 = CARTESIAN_POINT('',(0.705,1.45,0.75));
#5430 = ADVANCED_FACE('',(#5431),#5488,.F.);
#5431 = FACE_BOUND('',#5432,.T.);
#5432 = EDGE_LOOP('',(#5433,#5434,#5442,#5450,#5458,#5466,#5474,#5482));
#5433 = ORIENTED_EDGE('',*,*,#5396,.T.);
#5434 = ORIENTED_EDGE('',*,*,#5435,.T.);
#5435 = EDGE_CURVE('',#5399,#5436,#5438,.T.);
#5436 = VERTEX_POINT('',#5437);
#5437 = CARTESIAN_POINT('',(0.708648457443,1.309324228722,0.1));
#5438 = LINE('',#5439,#5440);
#5439 = CARTESIAN_POINT('',(0.659324228722,1.358648457443,0.1));
#5440 = VECTOR('',#5441,1.);
#5441 = DIRECTION('',(0.707106781187,-0.707106781187,0.));
#5442 = ORIENTED_EDGE('',*,*,#5443,.T.);
#5443 = EDGE_CURVE('',#5436,#5444,#5446,.T.);
#5444 = VERTEX_POINT('',#5445);
#5445 = CARTESIAN_POINT('',(0.708648457443,-1.309324228722,0.1));
#5446 = LINE('',#5447,#5448);
#5447 = CARTESIAN_POINT('',(0.708648457443,1.309324228722,0.1));
#5448 = VECTOR('',#5449,1.);
#5449 = DIRECTION('',(1.110223024625E-16,-1.,0.));
#5450 = ORIENTED_EDGE('',*,*,#5451,.T.);
#5451 = EDGE_CURVE('',#5444,#5452,#5454,.T.);
#5452 = VERTEX_POINT('',#5453);
#5453 = CARTESIAN_POINT('',(0.659324228722,-1.358648457443,0.1));
#5454 = LINE('',#5455,#5456);
#5455 = CARTESIAN_POINT('',(0.708648457443,-1.309324228722,0.1));
#5456 = VECTOR('',#5457,1.);
#5457 = DIRECTION('',(-0.707106781187,-0.707106781187,0.));
#5458 = ORIENTED_EDGE('',*,*,#5459,.T.);
#5459 = EDGE_CURVE('',#5452,#5460,#5462,.T.);
#5460 = VERTEX_POINT('',#5461);
#5461 = CARTESIAN_POINT('',(-0.659324228722,-1.358648457443,0.1));
#5462 = LINE('',#5463,#5464);
#5463 = CARTESIAN_POINT('',(0.659324228722,-1.358648457443,0.1));
#5464 = VECTOR('',#5465,1.);
#5465 = DIRECTION('',(-1.,-1.110223024625E-16,0.));
#5466 = ORIENTED_EDGE('',*,*,#5467,.T.);
#5467 = EDGE_CURVE('',#5460,#5468,#5470,.T.);
#5468 = VERTEX_POINT('',#5469);
#5469 = CARTESIAN_POINT('',(-0.708648457443,-1.309324228722,0.1));
#5470 = LINE('',#5471,#5472);
#5471 = CARTESIAN_POINT('',(-0.659324228722,-1.358648457443,0.1));
#5472 = VECTOR('',#5473,1.);
#5473 = DIRECTION('',(-0.707106781187,0.707106781187,0.));
#5474 = ORIENTED_EDGE('',*,*,#5475,.T.);
#5475 = EDGE_CURVE('',#5468,#5476,#5478,.T.);
#5476 = VERTEX_POINT('',#5477);
#5477 = CARTESIAN_POINT('',(-0.708648457443,1.309324228722,0.1));
#5478 = LINE('',#5479,#5480);
#5479 = CARTESIAN_POINT('',(-0.708648457443,-1.309324228722,0.1));
#5480 = VECTOR('',#5481,1.);
#5481 = DIRECTION('',(-1.110223024625E-16,1.,0.));
#5482 = ORIENTED_EDGE('',*,*,#5483,.T.);
#5483 = EDGE_CURVE('',#5476,#5397,#5484,.T.);
#5484 = LINE('',#5485,#5486);
#5485 = CARTESIAN_POINT('',(-0.708648457443,1.309324228722,0.1));
#5486 = VECTOR('',#5487,1.);
#5487 = DIRECTION('',(0.707106781187,0.707106781187,0.));
#5488 = PLANE('',#5489);
#5489 = AXIS2_PLACEMENT_3D('',#5490,#5491,#5492);
#5490 = CARTESIAN_POINT('',(-0.659324228722,1.358648457443,0.1));
#5491 = DIRECTION('',(0.,0.,1.));
#5492 = DIRECTION('',(0.436587433964,-0.899661832304,0.));
#5493 = ADVANCED_FACE('',(#5494),#5511,.F.);
#5494 = FACE_BOUND('',#5495,.F.);
#5495 = EDGE_LOOP('',(#5496,#5497,#5504,#5510));
#5496 = ORIENTED_EDGE('',*,*,#5435,.T.);
#5497 = ORIENTED_EDGE('',*,*,#5498,.T.);
#5498 = EDGE_CURVE('',#5436,#5499,#5501,.T.);
#5499 = VERTEX_POINT('',#5500);
#5500 = CARTESIAN_POINT('',(0.8,1.355,0.75));
#5501 = B_SPLINE_CURVE_WITH_KNOTS('',1,(#5502,#5503),.UNSPECIFIED.,.F.,
  .F.,(2,2),(0.,1.),.PIECEWISE_BEZIER_KNOTS.);
#5502 = CARTESIAN_POINT('',(0.708648457443,1.309324228722,0.1));
#5503 = CARTESIAN_POINT('',(0.8,1.355,0.75));
#5504 = ORIENTED_EDGE('',*,*,#5505,.F.);
#5505 = EDGE_CURVE('',#5407,#5499,#5506,.T.);
#5506 = LINE('',#5507,#5508);
#5507 = CARTESIAN_POINT('',(0.705,1.45,0.75));
#5508 = VECTOR('',#5509,1.);
#5509 = DIRECTION('',(0.707106781187,-0.707106781187,0.));
#5510 = ORIENTED_EDGE('',*,*,#5406,.F.);
#5511 = B_SPLINE_SURFACE_WITH_KNOTS('',1,1,(
    (#5512,#5513)
    ,(#5514,#5515
    )),.UNSPECIFIED.,.F.,.F.,.F.,(2,2),(2,2),(0.,0.134350288425),(0.,1.)
  ,.PIECEWISE_BEZIER_KNOTS.);
#5512 = CARTESIAN_POINT('',(0.659324228722,1.358648457443,0.1));
#5513 = CARTESIAN_POINT('',(0.705,1.45,0.75));
#5514 = CARTESIAN_POINT('',(0.708648457443,1.309324228722,0.1));
#5515 = CARTESIAN_POINT('',(0.8,1.355,0.75));
#5516 = ADVANCED_FACE('',(#5517),#5540,.F.);
#5517 = FACE_BOUND('',#5518,.F.);
#5518 = EDGE_LOOP('',(#5519,#5520,#5527,#5535));
#5519 = ORIENTED_EDGE('',*,*,#5413,.T.);
#5520 = ORIENTED_EDGE('',*,*,#5521,.T.);
#5521 = EDGE_CURVE('',#5407,#5522,#5524,.T.);
#5522 = VERTEX_POINT('',#5523);
#5523 = CARTESIAN_POINT('',(0.705,1.45,0.9));
#5524 = B_SPLINE_CURVE_WITH_KNOTS('',1,(#5525,#5526),.UNSPECIFIED.,.F.,
  .F.,(2,2),(0.,1.),.PIECEWISE_BEZIER_KNOTS.);
#5525 = CARTESIAN_POINT('',(0.705,1.45,0.75));
#5526 = CARTESIAN_POINT('',(0.705,1.45,0.9));
#5527 = ORIENTED_EDGE('',*,*,#5528,.F.);
#5528 = EDGE_CURVE('',#5529,#5522,#5531,.T.);
#5529 = VERTEX_POINT('',#5530);
#5530 = CARTESIAN_POINT('',(-0.705,1.45,0.9));
#5531 = LINE('',#5532,#5533);
#5532 = CARTESIAN_POINT('',(-0.705,1.45,0.9));
#5533 = VECTOR('',#5534,1.);
#5534 = DIRECTION('',(1.,1.110223024625E-16,0.));
#5535 = ORIENTED_EDGE('',*,*,#5536,.F.);
#5536 = EDGE_CURVE('',#5414,#5529,#5537,.T.);
#5537 = B_SPLINE_CURVE_WITH_KNOTS('',1,(#5538,#5539),.UNSPECIFIED.,.F.,
  .F.,(2,2),(0.,1.),.PIECEWISE_BEZIER_KNOTS.);
#5538 = CARTESIAN_POINT('',(-0.705,1.45,0.75));
#5539 = CARTESIAN_POINT('',(-0.705,1.45,0.9));
#5540 = PLANE('',#5541);
#5541 = AXIS2_PLACEMENT_3D('',#5542,#5543,#5544);
#5542 = CARTESIAN_POINT('',(-0.705,1.45,0.9));
#5543 = DIRECTION('',(1.110223024625E-16,-1.,0.));
#5544 = DIRECTION('',(1.,1.110223024625E-16,0.));
#5545 = ADVANCED_FACE('',(#5546),#5563,.F.);
#5546 = FACE_BOUND('',#5547,.F.);
#5547 = EDGE_LOOP('',(#5548,#5549,#5550,#5558));
#5548 = ORIENTED_EDGE('',*,*,#5483,.T.);
#5549 = ORIENTED_EDGE('',*,*,#5421,.T.);
#5550 = ORIENTED_EDGE('',*,*,#5551,.F.);
#5551 = EDGE_CURVE('',#5552,#5414,#5554,.T.);
#5552 = VERTEX_POINT('',#5553);
#5553 = CARTESIAN_POINT('',(-0.8,1.355,0.75));
#5554 = LINE('',#5555,#5556);
#5555 = CARTESIAN_POINT('',(-0.8,1.355,0.75));
#5556 = VECTOR('',#5557,1.);
#5557 = DIRECTION('',(0.707106781187,0.707106781187,0.));
#5558 = ORIENTED_EDGE('',*,*,#5559,.F.);
#5559 = EDGE_CURVE('',#5476,#5552,#5560,.T.);
#5560 = B_SPLINE_CURVE_WITH_KNOTS('',1,(#5561,#5562),.UNSPECIFIED.,.F.,
  .F.,(2,2),(0.,1.),.PIECEWISE_BEZIER_KNOTS.);
#5561 = CARTESIAN_POINT('',(-0.708648457443,1.309324228722,0.1));
#5562 = CARTESIAN_POINT('',(-0.8,1.355,0.75));
#5563 = B_SPLINE_SURFACE_WITH_KNOTS('',1,1,(
    (#5564,#5565)
    ,(#5566,#5567
    )),.UNSPECIFIED.,.F.,.F.,.F.,(2,2),(2,2),(0.,0.134350288425),(0.,1.)
  ,.PIECEWISE_BEZIER_KNOTS.);
#5564 = CARTESIAN_POINT('',(-0.708648457443,1.309324228722,0.1));
#5565 = CARTESIAN_POINT('',(-0.8,1.355,0.75));
#5566 = CARTESIAN_POINT('',(-0.659324228722,1.358648457443,0.1));
#5567 = CARTESIAN_POINT('',(-0.705,1.45,0.75));
#5568 = ADVANCED_FACE('',(#5569),#5634,.F.);
#5569 = FACE_BOUND('',#5570,.F.);
#5570 = EDGE_LOOP('',(#5571,#5572,#5573,#5581,#5589,#5597,#5605,#5613,
    #5621,#5629));
#5571 = ORIENTED_EDGE('',*,*,#5475,.T.);
#5572 = ORIENTED_EDGE('',*,*,#5559,.T.);
#5573 = ORIENTED_EDGE('',*,*,#5574,.F.);
#5574 = EDGE_CURVE('',#5575,#5552,#5577,.T.);
#5575 = VERTEX_POINT('',#5576);
#5576 = CARTESIAN_POINT('',(-0.8,1.2,0.75));
#5577 = LINE('',#5578,#5579);
#5578 = CARTESIAN_POINT('',(-0.8,-1.355,0.75));
#5579 = VECTOR('',#5580,1.);
#5580 = DIRECTION('',(-1.110223024625E-16,1.,0.));
#5581 = ORIENTED_EDGE('',*,*,#5582,.F.);
#5582 = EDGE_CURVE('',#5583,#5575,#5585,.T.);
#5583 = VERTEX_POINT('',#5584);
#5584 = CARTESIAN_POINT('',(-0.8,0.7,0.75));
#5585 = LINE('',#5586,#5587);
#5586 = CARTESIAN_POINT('',(-0.8,-1.355,0.75));
#5587 = VECTOR('',#5588,1.);
#5588 = DIRECTION('',(-1.110223024625E-16,1.,0.));
#5589 = ORIENTED_EDGE('',*,*,#5590,.F.);
#5590 = EDGE_CURVE('',#5591,#5583,#5593,.T.);
#5591 = VERTEX_POINT('',#5592);
#5592 = CARTESIAN_POINT('',(-0.8,0.25,0.75));
#5593 = LINE('',#5594,#5595);
#5594 = CARTESIAN_POINT('',(-0.8,-1.355,0.75));
#5595 = VECTOR('',#5596,1.);
#5596 = DIRECTION('',(-1.110223024625E-16,1.,0.));
#5597 = ORIENTED_EDGE('',*,*,#5598,.F.);
#5598 = EDGE_CURVE('',#5599,#5591,#5601,.T.);
#5599 = VERTEX_POINT('',#5600);
#5600 = CARTESIAN_POINT('',(-0.8,-0.25,0.75));
#5601 = LINE('',#5602,#5603);
#5602 = CARTESIAN_POINT('',(-0.8,-1.355,0.75));
#5603 = VECTOR('',#5604,1.);
#5604 = DIRECTION('',(-1.110223024625E-16,1.,0.));
#5605 = ORIENTED_EDGE('',*,*,#5606,.F.);
#5606 = EDGE_CURVE('',#5607,#5599,#5609,.T.);
#5607 = VERTEX_POINT('',#5608);
#5608 = CARTESIAN_POINT('',(-0.8,-0.7,0.75));
#5609 = LINE('',#5610,#5611);
#5610 = CARTESIAN_POINT('',(-0.8,-1.355,0.75));
#5611 = VECTOR('',#5612,1.);
#5612 = DIRECTION('',(-1.110223024625E-16,1.,0.));
#5613 = ORIENTED_EDGE('',*,*,#5614,.F.);
#5614 = EDGE_CURVE('',#5615,#5607,#5617,.T.);
#5615 = VERTEX_POINT('',#5616);
#5616 = CARTESIAN_POINT('',(-0.8,-1.2,0.75));
#5617 = LINE('',#5618,#5619);
#5618 = CARTESIAN_POINT('',(-0.8,-1.355,0.75));
#5619 = VECTOR('',#5620,1.);
#5620 = DIRECTION('',(-1.110223024625E-16,1.,0.));
#5621 = ORIENTED_EDGE('',*,*,#5622,.F.);
#5622 = EDGE_CURVE('',#5623,#5615,#5625,.T.);
#5623 = VERTEX_POINT('',#5624);
#5624 = CARTESIAN_POINT('',(-0.8,-1.355,0.75));
#5625 = LINE('',#5626,#5627);
#5626 = CARTESIAN_POINT('',(-0.8,-1.355,0.75));
#5627 = VECTOR('',#5628,1.);
#5628 = DIRECTION('',(-1.110223024625E-16,1.,0.));
#5629 = ORIENTED_EDGE('',*,*,#5630,.F.);
#5630 = EDGE_CURVE('',#5468,#5623,#5631,.T.);
#5631 = B_SPLINE_CURVE_WITH_KNOTS('',1,(#5632,#5633),.UNSPECIFIED.,.F.,
  .F.,(2,2),(0.,1.),.PIECEWISE_BEZIER_KNOTS.);
#5632 = CARTESIAN_POINT('',(-0.708648457443,-1.309324228722,0.1));
#5633 = CARTESIAN_POINT('',(-0.8,-1.355,0.75));
#5634 = B_SPLINE_SURFACE_WITH_KNOTS('',1,1,(
    (#5635,#5636)
    ,(#5637,#5638
    )),.UNSPECIFIED.,.F.,.F.,.F.,(2,2),(2,2),(0.,2.71),(0.,1.),
  .PIECEWISE_BEZIER_KNOTS.);
#5635 = CARTESIAN_POINT('',(-0.708648457443,-1.309324228722,0.1));
#5636 = CARTESIAN_POINT('',(-0.8,-1.355,0.75));
#5637 = CARTESIAN_POINT('',(-0.708648457443,1.309324228722,0.1));
#5638 = CARTESIAN_POINT('',(-0.8,1.355,0.75));
#5639 = ADVANCED_FACE('',(#5640),#5689,.F.);
#5640 = FACE_BOUND('',#5641,.F.);
#5641 = EDGE_LOOP('',(#5642,#5643,#5650,#5658,#5666,#5674,#5682,#5688));
#5642 = ORIENTED_EDGE('',*,*,#5443,.T.);
#5643 = ORIENTED_EDGE('',*,*,#5644,.T.);
#5644 = EDGE_CURVE('',#5444,#5645,#5647,.T.);
#5645 = VERTEX_POINT('',#5646);
#5646 = CARTESIAN_POINT('',(0.8,-1.355,0.75));
#5647 = B_SPLINE_CURVE_WITH_KNOTS('',1,(#5648,#5649),.UNSPECIFIED.,.F.,
  .F.,(2,2),(0.,1.),.PIECEWISE_BEZIER_KNOTS.);
#5648 = CARTESIAN_POINT('',(0.708648457443,-1.309324228722,0.1));
#5649 = CARTESIAN_POINT('',(0.8,-1.355,0.75));
#5650 = ORIENTED_EDGE('',*,*,#5651,.F.);
#5651 = EDGE_CURVE('',#5652,#5645,#5654,.T.);
#5652 = VERTEX_POINT('',#5653);
#5653 = CARTESIAN_POINT('',(0.8,-1.2,0.75));
#5654 = LINE('',#5655,#5656);
#5655 = CARTESIAN_POINT('',(0.8,1.355,0.75));
#5656 = VECTOR('',#5657,1.);
#5657 = DIRECTION('',(1.110223024625E-16,-1.,0.));
#5658 = ORIENTED_EDGE('',*,*,#5659,.F.);
#5659 = EDGE_CURVE('',#5660,#5652,#5662,.T.);
#5660 = VERTEX_POINT('',#5661);
#5661 = CARTESIAN_POINT('',(0.8,-0.7,0.75));
#5662 = LINE('',#5663,#5664);
#5663 = CARTESIAN_POINT('',(0.8,1.355,0.75));
#5664 = VECTOR('',#5665,1.);
#5665 = DIRECTION('',(1.110223024625E-16,-1.,0.));
#5666 = ORIENTED_EDGE('',*,*,#5667,.F.);
#5667 = EDGE_CURVE('',#5668,#5660,#5670,.T.);
#5668 = VERTEX_POINT('',#5669);
#5669 = CARTESIAN_POINT('',(0.8,0.7,0.75));
#5670 = LINE('',#5671,#5672);
#5671 = CARTESIAN_POINT('',(0.8,1.355,0.75));
#5672 = VECTOR('',#5673,1.);
#5673 = DIRECTION('',(1.110223024625E-16,-1.,0.));
#5674 = ORIENTED_EDGE('',*,*,#5675,.F.);
#5675 = EDGE_CURVE('',#5676,#5668,#5678,.T.);
#5676 = VERTEX_POINT('',#5677);
#5677 = CARTESIAN_POINT('',(0.8,1.2,0.75));
#5678 = LINE('',#5679,#5680);
#5679 = CARTESIAN_POINT('',(0.8,1.355,0.75));
#5680 = VECTOR('',#5681,1.);
#5681 = DIRECTION('',(1.110223024625E-16,-1.,0.));
#5682 = ORIENTED_EDGE('',*,*,#5683,.F.);
#5683 = EDGE_CURVE('',#5499,#5676,#5684,.T.);
#5684 = LINE('',#5685,#5686);
#5685 = CARTESIAN_POINT('',(0.8,1.355,0.75));
#5686 = VECTOR('',#5687,1.);
#5687 = DIRECTION('',(1.110223024625E-16,-1.,0.));
#5688 = ORIENTED_EDGE('',*,*,#5498,.F.);
#5689 = B_SPLINE_SURFACE_WITH_KNOTS('',1,1,(
    (#5690,#5691)
    ,(#5692,#5693
    )),.UNSPECIFIED.,.F.,.F.,.F.,(2,2),(2,2),(0.,2.71),(0.,1.),
  .PIECEWISE_BEZIER_KNOTS.);
#5690 = CARTESIAN_POINT('',(0.708648457443,1.309324228722,0.1));
#5691 = CARTESIAN_POINT('',(0.8,1.355,0.75));
#5692 = CARTESIAN_POINT('',(0.708648457443,-1.309324228722,0.1));
#5693 = CARTESIAN_POINT('',(0.8,-1.355,0.75));
#5694 = ADVANCED_FACE('',(#5695),#5712,.F.);
#5695 = FACE_BOUND('',#5696,.F.);
#5696 = EDGE_LOOP('',(#5697,#5698,#5699,#5707));
#5697 = ORIENTED_EDGE('',*,*,#5467,.T.);
#5698 = ORIENTED_EDGE('',*,*,#5630,.T.);
#5699 = ORIENTED_EDGE('',*,*,#5700,.F.);
#5700 = EDGE_CURVE('',#5701,#5623,#5703,.T.);
#5701 = VERTEX_POINT('',#5702);
#5702 = CARTESIAN_POINT('',(-0.705,-1.45,0.75));
#5703 = LINE('',#5704,#5705);
#5704 = CARTESIAN_POINT('',(-0.705,-1.45,0.75));
#5705 = VECTOR('',#5706,1.);
#5706 = DIRECTION('',(-0.707106781187,0.707106781187,0.));
#5707 = ORIENTED_EDGE('',*,*,#5708,.F.);
#5708 = EDGE_CURVE('',#5460,#5701,#5709,.T.);
#5709 = B_SPLINE_CURVE_WITH_KNOTS('',1,(#5710,#5711),.UNSPECIFIED.,.F.,
  .F.,(2,2),(0.,1.),.PIECEWISE_BEZIER_KNOTS.);
#5710 = CARTESIAN_POINT('',(-0.659324228722,-1.358648457443,0.1));
#5711 = CARTESIAN_POINT('',(-0.705,-1.45,0.75));
#5712 = B_SPLINE_SURFACE_WITH_KNOTS('',1,1,(
    (#5713,#5714)
    ,(#5715,#5716
    )),.UNSPECIFIED.,.F.,.F.,.F.,(2,2),(2,2),(0.,0.134350288425),(0.,1.)
  ,.PIECEWISE_BEZIER_KNOTS.);
#5713 = CARTESIAN_POINT('',(-0.659324228722,-1.358648457443,0.1));
#5714 = CARTESIAN_POINT('',(-0.705,-1.45,0.75));
#5715 = CARTESIAN_POINT('',(-0.708648457443,-1.309324228722,0.1));
#5716 = CARTESIAN_POINT('',(-0.8,-1.355,0.75));
#5717 = ADVANCED_FACE('',(#5718),#5735,.F.);
#5718 = FACE_BOUND('',#5719,.F.);
#5719 = EDGE_LOOP('',(#5720,#5721,#5728,#5734));
#5720 = ORIENTED_EDGE('',*,*,#5451,.T.);
#5721 = ORIENTED_EDGE('',*,*,#5722,.T.);
#5722 = EDGE_CURVE('',#5452,#5723,#5725,.T.);
#5723 = VERTEX_POINT('',#5724);
#5724 = CARTESIAN_POINT('',(0.705,-1.45,0.75));
#5725 = B_SPLINE_CURVE_WITH_KNOTS('',1,(#5726,#5727),.UNSPECIFIED.,.F.,
  .F.,(2,2),(0.,1.),.PIECEWISE_BEZIER_KNOTS.);
#5726 = CARTESIAN_POINT('',(0.659324228722,-1.358648457443,0.1));
#5727 = CARTESIAN_POINT('',(0.705,-1.45,0.75));
#5728 = ORIENTED_EDGE('',*,*,#5729,.F.);
#5729 = EDGE_CURVE('',#5645,#5723,#5730,.T.);
#5730 = LINE('',#5731,#5732);
#5731 = CARTESIAN_POINT('',(0.8,-1.355,0.75));
#5732 = VECTOR('',#5733,1.);
#5733 = DIRECTION('',(-0.707106781187,-0.707106781187,0.));
#5734 = ORIENTED_EDGE('',*,*,#5644,.F.);
#5735 = B_SPLINE_SURFACE_WITH_KNOTS('',1,1,(
    (#5736,#5737)
    ,(#5738,#5739
    )),.UNSPECIFIED.,.F.,.F.,.F.,(2,2),(2,2),(0.,0.134350288425),(0.,1.)
  ,.PIECEWISE_BEZIER_KNOTS.);
#5736 = CARTESIAN_POINT('',(0.708648457443,-1.309324228722,0.1));
#5737 = CARTESIAN_POINT('',(0.8,-1.355,0.75));
#5738 = CARTESIAN_POINT('',(0.659324228722,-1.358648457443,0.1));
#5739 = CARTESIAN_POINT('',(0.705,-1.45,0.75));
#5740 = ADVANCED_FACE('',(#5741),#5752,.F.);
#5741 = FACE_BOUND('',#5742,.F.);
#5742 = EDGE_LOOP('',(#5743,#5744,#5745,#5751));
#5743 = ORIENTED_EDGE('',*,*,#5459,.T.);
#5744 = ORIENTED_EDGE('',*,*,#5708,.T.);
#5745 = ORIENTED_EDGE('',*,*,#5746,.F.);
#5746 = EDGE_CURVE('',#5723,#5701,#5747,.T.);
#5747 = LINE('',#5748,#5749);
#5748 = CARTESIAN_POINT('',(0.705,-1.45,0.75));
#5749 = VECTOR('',#5750,1.);
#5750 = DIRECTION('',(-1.,-1.110223024625E-16,0.));
#5751 = ORIENTED_EDGE('',*,*,#5722,.F.);
#5752 = B_SPLINE_SURFACE_WITH_KNOTS('',1,1,(
    (#5753,#5754)
    ,(#5755,#5756
    )),.UNSPECIFIED.,.F.,.F.,.F.,(2,2),(2,2),(0.,1.41),(0.,1.),
  .PIECEWISE_BEZIER_KNOTS.);
#5753 = CARTESIAN_POINT('',(0.659324228722,-1.358648457443,0.1));
#5754 = CARTESIAN_POINT('',(0.705,-1.45,0.75));
#5755 = CARTESIAN_POINT('',(-0.659324228722,-1.358648457443,0.1));
#5756 = CARTESIAN_POINT('',(-0.705,-1.45,0.75));
#5757 = ADVANCED_FACE('',(#5758),#5775,.F.);
#5758 = FACE_BOUND('',#5759,.F.);
#5759 = EDGE_LOOP('',(#5760,#5761,#5768,#5774));
#5760 = ORIENTED_EDGE('',*,*,#5505,.T.);
#5761 = ORIENTED_EDGE('',*,*,#5762,.T.);
#5762 = EDGE_CURVE('',#5499,#5763,#5765,.T.);
#5763 = VERTEX_POINT('',#5764);
#5764 = CARTESIAN_POINT('',(0.8,1.355,0.9));
#5765 = B_SPLINE_CURVE_WITH_KNOTS('',1,(#5766,#5767),.UNSPECIFIED.,.F.,
  .F.,(2,2),(0.,1.),.PIECEWISE_BEZIER_KNOTS.);
#5766 = CARTESIAN_POINT('',(0.8,1.355,0.75));
#5767 = CARTESIAN_POINT('',(0.8,1.355,0.9));
#5768 = ORIENTED_EDGE('',*,*,#5769,.F.);
#5769 = EDGE_CURVE('',#5522,#5763,#5770,.T.);
#5770 = LINE('',#5771,#5772);
#5771 = CARTESIAN_POINT('',(0.705,1.45,0.9));
#5772 = VECTOR('',#5773,1.);
#5773 = DIRECTION('',(0.707106781187,-0.707106781187,0.));
#5774 = ORIENTED_EDGE('',*,*,#5521,.F.);
#5775 = PLANE('',#5776);
#5776 = AXIS2_PLACEMENT_3D('',#5777,#5778,#5779);
#5777 = CARTESIAN_POINT('',(0.705,1.45,0.9));
#5778 = DIRECTION('',(-0.707106781187,-0.707106781187,0.));
#5779 = DIRECTION('',(0.707106781187,-0.707106781187,0.));
#5780 = ADVANCED_FACE('',(#5781),#5863,.F.);
#5781 = FACE_BOUND('',#5782,.F.);
#5782 = EDGE_LOOP('',(#5783,#5791,#5792,#5793,#5801,#5809,#5817,#5825,
    #5833,#5841,#5849,#5857));
#5783 = ORIENTED_EDGE('',*,*,#5784,.T.);
#5784 = EDGE_CURVE('',#5785,#5529,#5787,.T.);
#5785 = VERTEX_POINT('',#5786);
#5786 = CARTESIAN_POINT('',(-0.8,1.355,0.9));
#5787 = LINE('',#5788,#5789);
#5788 = CARTESIAN_POINT('',(-0.8,1.355,0.9));
#5789 = VECTOR('',#5790,1.);
#5790 = DIRECTION('',(0.707106781187,0.707106781187,0.));
#5791 = ORIENTED_EDGE('',*,*,#5528,.T.);
#5792 = ORIENTED_EDGE('',*,*,#5769,.T.);
#5793 = ORIENTED_EDGE('',*,*,#5794,.T.);
#5794 = EDGE_CURVE('',#5763,#5795,#5797,.T.);
#5795 = VERTEX_POINT('',#5796);
#5796 = CARTESIAN_POINT('',(0.8,1.2,0.9));
#5797 = LINE('',#5798,#5799);
#5798 = CARTESIAN_POINT('',(0.8,1.355,0.9));
#5799 = VECTOR('',#5800,1.);
#5800 = DIRECTION('',(1.110223024625E-16,-1.,0.));
#5801 = ORIENTED_EDGE('',*,*,#5802,.T.);
#5802 = EDGE_CURVE('',#5795,#5803,#5805,.T.);
#5803 = VERTEX_POINT('',#5804);
#5804 = CARTESIAN_POINT('',(0.775,1.2,0.9));
#5805 = LINE('',#5806,#5807);
#5806 = CARTESIAN_POINT('',(0.85,1.2,0.9));
#5807 = VECTOR('',#5808,1.);
#5808 = DIRECTION('',(-1.,-1.110223024625E-16,0.));
#5809 = ORIENTED_EDGE('',*,*,#5810,.F.);
#5810 = EDGE_CURVE('',#5811,#5803,#5813,.T.);
#5811 = VERTEX_POINT('',#5812);
#5812 = CARTESIAN_POINT('',(0.775,1.3425,0.9));
#5813 = LINE('',#5814,#5815);
#5814 = CARTESIAN_POINT('',(0.775,1.3425,0.9));
#5815 = VECTOR('',#5816,1.);
#5816 = DIRECTION('',(1.110223024625E-16,-1.,0.));
#5817 = ORIENTED_EDGE('',*,*,#5818,.F.);
#5818 = EDGE_CURVE('',#5819,#5811,#5821,.T.);
#5819 = VERTEX_POINT('',#5820);
#5820 = CARTESIAN_POINT('',(0.6925,1.425,0.9));
#5821 = LINE('',#5822,#5823);
#5822 = CARTESIAN_POINT('',(0.6925,1.425,0.9));
#5823 = VECTOR('',#5824,1.);
#5824 = DIRECTION('',(0.707106781187,-0.707106781187,0.));
#5825 = ORIENTED_EDGE('',*,*,#5826,.F.);
#5826 = EDGE_CURVE('',#5827,#5819,#5829,.T.);
#5827 = VERTEX_POINT('',#5828);
#5828 = CARTESIAN_POINT('',(-0.6925,1.425,0.9));
#5829 = LINE('',#5830,#5831);
#5830 = CARTESIAN_POINT('',(-0.6925,1.425,0.9));
#5831 = VECTOR('',#5832,1.);
#5832 = DIRECTION('',(1.,1.110223024625E-16,0.));
#5833 = ORIENTED_EDGE('',*,*,#5834,.F.);
#5834 = EDGE_CURVE('',#5835,#5827,#5837,.T.);
#5835 = VERTEX_POINT('',#5836);
#5836 = CARTESIAN_POINT('',(-0.775,1.3425,0.9));
#5837 = LINE('',#5838,#5839);
#5838 = CARTESIAN_POINT('',(-0.775,1.3425,0.9));
#5839 = VECTOR('',#5840,1.);
#5840 = DIRECTION('',(0.707106781187,0.707106781187,0.));
#5841 = ORIENTED_EDGE('',*,*,#5842,.F.);
#5842 = EDGE_CURVE('',#5843,#5835,#5845,.T.);
#5843 = VERTEX_POINT('',#5844);
#5844 = CARTESIAN_POINT('',(-0.775,1.2,0.9));
#5845 = LINE('',#5846,#5847);
#5846 = CARTESIAN_POINT('',(-0.775,-1.3425,0.9));
#5847 = VECTOR('',#5848,1.);
#5848 = DIRECTION('',(-1.110223024625E-16,1.,0.));
#5849 = ORIENTED_EDGE('',*,*,#5850,.F.);
#5850 = EDGE_CURVE('',#5851,#5843,#5853,.T.);
#5851 = VERTEX_POINT('',#5852);
#5852 = CARTESIAN_POINT('',(-0.8,1.2,0.9));
#5853 = LINE('',#5854,#5855);
#5854 = CARTESIAN_POINT('',(-0.85,1.2,0.9));
#5855 = VECTOR('',#5856,1.);
#5856 = DIRECTION('',(1.,-1.144237745222E-17,0.));
#5857 = ORIENTED_EDGE('',*,*,#5858,.T.);
#5858 = EDGE_CURVE('',#5851,#5785,#5859,.T.);
#5859 = LINE('',#5860,#5861);
#5860 = CARTESIAN_POINT('',(-0.8,-1.355,0.9));
#5861 = VECTOR('',#5862,1.);
#5862 = DIRECTION('',(-1.110223024625E-16,1.,0.));
#5863 = PLANE('',#5864);
#5864 = AXIS2_PLACEMENT_3D('',#5865,#5866,#5867);
#5865 = CARTESIAN_POINT('',(-2.091417030376E-16,1.4375,0.9));
#5866 = DIRECTION('',(4.595758349624E-18,6.551522493592E-27,-1.));
#5867 = DIRECTION('',(1.,1.51922136901E-16,4.595758349624E-18));
#5868 = ADVANCED_FACE('',(#5869),#5879,.F.);
#5869 = FACE_BOUND('',#5870,.F.);
#5870 = EDGE_LOOP('',(#5871,#5872,#5873,#5874));
#5871 = ORIENTED_EDGE('',*,*,#5551,.T.);
#5872 = ORIENTED_EDGE('',*,*,#5536,.T.);
#5873 = ORIENTED_EDGE('',*,*,#5784,.F.);
#5874 = ORIENTED_EDGE('',*,*,#5875,.F.);
#5875 = EDGE_CURVE('',#5552,#5785,#5876,.T.);
#5876 = B_SPLINE_CURVE_WITH_KNOTS('',1,(#5877,#5878),.UNSPECIFIED.,.F.,
  .F.,(2,2),(0.,1.),.PIECEWISE_BEZIER_KNOTS.);
#5877 = CARTESIAN_POINT('',(-0.8,1.355,0.75));
#5878 = CARTESIAN_POINT('',(-0.8,1.355,0.9));
#5879 = PLANE('',#5880);
#5880 = AXIS2_PLACEMENT_3D('',#5881,#5882,#5883);
#5881 = CARTESIAN_POINT('',(-0.8,1.355,0.9));
#5882 = DIRECTION('',(0.707106781187,-0.707106781187,0.));
#5883 = DIRECTION('',(0.707106781187,0.707106781187,0.));
#5884 = ADVANCED_FACE('',(#5885),#5909,.F.);
#5885 = FACE_BOUND('',#5886,.F.);
#5886 = EDGE_LOOP('',(#5887,#5894,#5895,#5903));
#5887 = ORIENTED_EDGE('',*,*,#5888,.F.);
#5888 = EDGE_CURVE('',#5623,#5889,#5891,.T.);
#5889 = VERTEX_POINT('',#5890);
#5890 = CARTESIAN_POINT('',(-0.8,-1.355,0.9));
#5891 = B_SPLINE_CURVE_WITH_KNOTS('',1,(#5892,#5893),.UNSPECIFIED.,.F.,
  .F.,(2,2),(0.,1.),.PIECEWISE_BEZIER_KNOTS.);
#5892 = CARTESIAN_POINT('',(-0.8,-1.355,0.75));
#5893 = CARTESIAN_POINT('',(-0.8,-1.355,0.9));
#5894 = ORIENTED_EDGE('',*,*,#5622,.T.);
#5895 = ORIENTED_EDGE('',*,*,#5896,.T.);
#5896 = EDGE_CURVE('',#5615,#5897,#5899,.T.);
#5897 = VERTEX_POINT('',#5898);
#5898 = CARTESIAN_POINT('',(-0.8,-1.2,0.9));
#5899 = LINE('',#5900,#5901);
#5900 = CARTESIAN_POINT('',(-0.8,-1.2,0.670847817658));
#5901 = VECTOR('',#5902,1.);
#5902 = DIRECTION('',(0.,0.,1.));
#5903 = ORIENTED_EDGE('',*,*,#5904,.F.);
#5904 = EDGE_CURVE('',#5889,#5897,#5905,.T.);
#5905 = LINE('',#5906,#5907);
#5906 = CARTESIAN_POINT('',(-0.8,-1.355,0.9));
#5907 = VECTOR('',#5908,1.);
#5908 = DIRECTION('',(-1.110223024625E-16,1.,0.));
#5909 = PLANE('',#5910);
#5910 = AXIS2_PLACEMENT_3D('',#5911,#5912,#5913);
#5911 = CARTESIAN_POINT('',(-0.8,-1.355,0.9));
#5912 = DIRECTION('',(1.,1.110223024625E-16,0.));
#5913 = DIRECTION('',(-1.110223024625E-16,1.,0.));
#5914 = ADVANCED_FACE('',(#5915),#5940,.F.);
#5915 = FACE_BOUND('',#5916,.F.);
#5916 = EDGE_LOOP('',(#5917,#5925,#5926,#5934));
#5917 = ORIENTED_EDGE('',*,*,#5918,.F.);
#5918 = EDGE_CURVE('',#5615,#5919,#5921,.T.);
#5919 = VERTEX_POINT('',#5920);
#5920 = CARTESIAN_POINT('',(-0.85,-1.2,0.75));
#5921 = LINE('',#5922,#5923);
#5922 = CARTESIAN_POINT('',(-0.75,-1.2,0.75));
#5923 = VECTOR('',#5924,1.);
#5924 = DIRECTION('',(-1.,1.144237745222E-17,0.));
#5925 = ORIENTED_EDGE('',*,*,#5614,.T.);
#5926 = ORIENTED_EDGE('',*,*,#5927,.T.);
#5927 = EDGE_CURVE('',#5607,#5928,#5930,.T.);
#5928 = VERTEX_POINT('',#5929);
#5929 = CARTESIAN_POINT('',(-0.85,-0.7,0.75));
#5930 = LINE('',#5931,#5932);
#5931 = CARTESIAN_POINT('',(-0.75,-0.7,0.75));
#5932 = VECTOR('',#5933,1.);
#5933 = DIRECTION('',(-1.,1.144237745222E-17,0.));
#5934 = ORIENTED_EDGE('',*,*,#5935,.F.);
#5935 = EDGE_CURVE('',#5919,#5928,#5936,.T.);
#5936 = LINE('',#5937,#5938);
#5937 = CARTESIAN_POINT('',(-0.85,-1.2,0.75));
#5938 = VECTOR('',#5939,1.);
#5939 = DIRECTION('',(1.144237745222E-17,1.,0.));
#5940 = PLANE('',#5941);
#5941 = AXIS2_PLACEMENT_3D('',#5942,#5943,#5944);
#5942 = CARTESIAN_POINT('',(-0.75,-1.2,0.75));
#5943 = DIRECTION('',(0.,0.,1.));
#5944 = DIRECTION('',(-1.,1.144237745222E-17,0.));
#5945 = ADVANCED_FACE('',(#5946),#5971,.F.);
#5946 = FACE_BOUND('',#5947,.F.);
#5947 = EDGE_LOOP('',(#5948,#5956,#5957,#5965));
#5948 = ORIENTED_EDGE('',*,*,#5949,.F.);
#5949 = EDGE_CURVE('',#5607,#5950,#5952,.T.);
#5950 = VERTEX_POINT('',#5951);
#5951 = CARTESIAN_POINT('',(-0.8,-0.7,0.9));
#5952 = LINE('',#5953,#5954);
#5953 = CARTESIAN_POINT('',(-0.8,-0.7,0.670847817658));
#5954 = VECTOR('',#5955,1.);
#5955 = DIRECTION('',(0.,0.,1.));
#5956 = ORIENTED_EDGE('',*,*,#5606,.T.);
#5957 = ORIENTED_EDGE('',*,*,#5958,.T.);
#5958 = EDGE_CURVE('',#5599,#5959,#5961,.T.);
#5959 = VERTEX_POINT('',#5960);
#5960 = CARTESIAN_POINT('',(-0.8,-0.25,0.9));
#5961 = LINE('',#5962,#5963);
#5962 = CARTESIAN_POINT('',(-0.8,-0.25,0.670847817658));
#5963 = VECTOR('',#5964,1.);
#5964 = DIRECTION('',(0.,0.,1.));
#5965 = ORIENTED_EDGE('',*,*,#5966,.F.);
#5966 = EDGE_CURVE('',#5950,#5959,#5967,.T.);
#5967 = LINE('',#5968,#5969);
#5968 = CARTESIAN_POINT('',(-0.8,-1.355,0.9));
#5969 = VECTOR('',#5970,1.);
#5970 = DIRECTION('',(-1.110223024625E-16,1.,0.));
#5971 = PLANE('',#5972);
#5972 = AXIS2_PLACEMENT_3D('',#5973,#5974,#5975);
#5973 = CARTESIAN_POINT('',(-0.8,-1.355,0.9));
#5974 = DIRECTION('',(1.,1.110223024625E-16,0.));
#5975 = DIRECTION('',(-1.110223024625E-16,1.,0.));
#5976 = ADVANCED_FACE('',(#5977),#6002,.F.);
#5977 = FACE_BOUND('',#5978,.F.);
#5978 = EDGE_LOOP('',(#5979,#5987,#5988,#5996));
#5979 = ORIENTED_EDGE('',*,*,#5980,.F.);
#5980 = EDGE_CURVE('',#5599,#5981,#5983,.T.);
#5981 = VERTEX_POINT('',#5982);
#5982 = CARTESIAN_POINT('',(-0.85,-0.25,0.75));
#5983 = LINE('',#5984,#5985);
#5984 = CARTESIAN_POINT('',(-0.75,-0.25,0.75));
#5985 = VECTOR('',#5986,1.);
#5986 = DIRECTION('',(-1.,1.144237745222E-17,0.));
#5987 = ORIENTED_EDGE('',*,*,#5598,.T.);
#5988 = ORIENTED_EDGE('',*,*,#5989,.T.);
#5989 = EDGE_CURVE('',#5591,#5990,#5992,.T.);
#5990 = VERTEX_POINT('',#5991);
#5991 = CARTESIAN_POINT('',(-0.85,0.25,0.75));
#5992 = LINE('',#5993,#5994);
#5993 = CARTESIAN_POINT('',(-0.75,0.25,0.75));
#5994 = VECTOR('',#5995,1.);
#5995 = DIRECTION('',(-1.,1.144237745222E-17,0.));
#5996 = ORIENTED_EDGE('',*,*,#5997,.F.);
#5997 = EDGE_CURVE('',#5981,#5990,#5998,.T.);
#5998 = LINE('',#5999,#6000);
#5999 = CARTESIAN_POINT('',(-0.85,-0.25,0.75));
#6000 = VECTOR('',#6001,1.);
#6001 = DIRECTION('',(1.144237745222E-17,1.,0.));
#6002 = PLANE('',#6003);
#6003 = AXIS2_PLACEMENT_3D('',#6004,#6005,#6006);
#6004 = CARTESIAN_POINT('',(-0.75,-0.25,0.75));
#6005 = DIRECTION('',(0.,0.,1.));
#6006 = DIRECTION('',(-1.,1.144237745222E-17,0.));
#6007 = ADVANCED_FACE('',(#6008),#6033,.F.);
#6008 = FACE_BOUND('',#6009,.F.);
#6009 = EDGE_LOOP('',(#6010,#6018,#6019,#6027));
#6010 = ORIENTED_EDGE('',*,*,#6011,.F.);
#6011 = EDGE_CURVE('',#5591,#6012,#6014,.T.);
#6012 = VERTEX_POINT('',#6013);
#6013 = CARTESIAN_POINT('',(-0.8,0.25,0.9));
#6014 = LINE('',#6015,#6016);
#6015 = CARTESIAN_POINT('',(-0.8,0.25,0.670847817658));
#6016 = VECTOR('',#6017,1.);
#6017 = DIRECTION('',(0.,0.,1.));
#6018 = ORIENTED_EDGE('',*,*,#5590,.T.);
#6019 = ORIENTED_EDGE('',*,*,#6020,.T.);
#6020 = EDGE_CURVE('',#5583,#6021,#6023,.T.);
#6021 = VERTEX_POINT('',#6022);
#6022 = CARTESIAN_POINT('',(-0.8,0.7,0.9));
#6023 = LINE('',#6024,#6025);
#6024 = CARTESIAN_POINT('',(-0.8,0.7,0.670847817658));
#6025 = VECTOR('',#6026,1.);
#6026 = DIRECTION('',(0.,0.,1.));
#6027 = ORIENTED_EDGE('',*,*,#6028,.F.);
#6028 = EDGE_CURVE('',#6012,#6021,#6029,.T.);
#6029 = LINE('',#6030,#6031);
#6030 = CARTESIAN_POINT('',(-0.8,-1.355,0.9));
#6031 = VECTOR('',#6032,1.);
#6032 = DIRECTION('',(-1.110223024625E-16,1.,0.));
#6033 = PLANE('',#6034);
#6034 = AXIS2_PLACEMENT_3D('',#6035,#6036,#6037);
#6035 = CARTESIAN_POINT('',(-0.8,-1.355,0.9));
#6036 = DIRECTION('',(1.,1.110223024625E-16,0.));
#6037 = DIRECTION('',(-1.110223024625E-16,1.,0.));
#6038 = ADVANCED_FACE('',(#6039),#6064,.F.);
#6039 = FACE_BOUND('',#6040,.F.);
#6040 = EDGE_LOOP('',(#6041,#6049,#6050,#6058));
#6041 = ORIENTED_EDGE('',*,*,#6042,.F.);
#6042 = EDGE_CURVE('',#5583,#6043,#6045,.T.);
#6043 = VERTEX_POINT('',#6044);
#6044 = CARTESIAN_POINT('',(-0.85,0.7,0.75));
#6045 = LINE('',#6046,#6047);
#6046 = CARTESIAN_POINT('',(-0.75,0.7,0.75));
#6047 = VECTOR('',#6048,1.);
#6048 = DIRECTION('',(-1.,1.144237745222E-17,0.));
#6049 = ORIENTED_EDGE('',*,*,#5582,.T.);
#6050 = ORIENTED_EDGE('',*,*,#6051,.T.);
#6051 = EDGE_CURVE('',#5575,#6052,#6054,.T.);
#6052 = VERTEX_POINT('',#6053);
#6053 = CARTESIAN_POINT('',(-0.85,1.2,0.75));
#6054 = LINE('',#6055,#6056);
#6055 = CARTESIAN_POINT('',(-0.75,1.2,0.75));
#6056 = VECTOR('',#6057,1.);
#6057 = DIRECTION('',(-1.,1.144237745222E-17,0.));
#6058 = ORIENTED_EDGE('',*,*,#6059,.F.);
#6059 = EDGE_CURVE('',#6043,#6052,#6060,.T.);
#6060 = LINE('',#6061,#6062);
#6061 = CARTESIAN_POINT('',(-0.85,0.7,0.75));
#6062 = VECTOR('',#6063,1.);
#6063 = DIRECTION('',(1.144237745222E-17,1.,0.));
#6064 = PLANE('',#6065);
#6065 = AXIS2_PLACEMENT_3D('',#6066,#6067,#6068);
#6066 = CARTESIAN_POINT('',(-0.75,0.7,0.75));
#6067 = DIRECTION('',(0.,0.,1.));
#6068 = DIRECTION('',(-1.,1.144237745222E-17,0.));
#6069 = ADVANCED_FACE('',(#6070),#6081,.F.);
#6070 = FACE_BOUND('',#6071,.F.);
#6071 = EDGE_LOOP('',(#6072,#6078,#6079,#6080));
#6072 = ORIENTED_EDGE('',*,*,#6073,.F.);
#6073 = EDGE_CURVE('',#5575,#5851,#6074,.T.);
#6074 = LINE('',#6075,#6076);
#6075 = CARTESIAN_POINT('',(-0.8,1.2,0.670847817658));
#6076 = VECTOR('',#6077,1.);
#6077 = DIRECTION('',(0.,0.,1.));
#6078 = ORIENTED_EDGE('',*,*,#5574,.T.);
#6079 = ORIENTED_EDGE('',*,*,#5875,.T.);
#6080 = ORIENTED_EDGE('',*,*,#5858,.F.);
#6081 = PLANE('',#6082);
#6082 = AXIS2_PLACEMENT_3D('',#6083,#6084,#6085);
#6083 = CARTESIAN_POINT('',(-0.8,-1.355,0.9));
#6084 = DIRECTION('',(1.,1.110223024625E-16,0.));
#6085 = DIRECTION('',(-1.110223024625E-16,1.,0.));
#6086 = ADVANCED_FACE('',(#6087),#6098,.F.);
#6087 = FACE_BOUND('',#6088,.F.);
#6088 = EDGE_LOOP('',(#6089,#6090,#6091,#6097));
#6089 = ORIENTED_EDGE('',*,*,#5762,.F.);
#6090 = ORIENTED_EDGE('',*,*,#5683,.T.);
#6091 = ORIENTED_EDGE('',*,*,#6092,.T.);
#6092 = EDGE_CURVE('',#5676,#5795,#6093,.T.);
#6093 = LINE('',#6094,#6095);
#6094 = CARTESIAN_POINT('',(0.8,1.2,0.670847817658));
#6095 = VECTOR('',#6096,1.);
#6096 = DIRECTION('',(0.,0.,1.));
#6097 = ORIENTED_EDGE('',*,*,#5794,.F.);
#6098 = PLANE('',#6099);
#6099 = AXIS2_PLACEMENT_3D('',#6100,#6101,#6102);
#6100 = CARTESIAN_POINT('',(0.8,1.355,0.9));
#6101 = DIRECTION('',(-1.,-1.110223024625E-16,0.));
#6102 = DIRECTION('',(1.110223024625E-16,-1.,0.));
#6103 = ADVANCED_FACE('',(#6104),#6129,.F.);
#6104 = FACE_BOUND('',#6105,.F.);
#6105 = EDGE_LOOP('',(#6106,#6114,#6115,#6123));
#6106 = ORIENTED_EDGE('',*,*,#6107,.F.);
#6107 = EDGE_CURVE('',#5676,#6108,#6110,.T.);
#6108 = VERTEX_POINT('',#6109);
#6109 = CARTESIAN_POINT('',(0.85,1.2,0.75));
#6110 = LINE('',#6111,#6112);
#6111 = CARTESIAN_POINT('',(0.75,1.2,0.75));
#6112 = VECTOR('',#6113,1.);
#6113 = DIRECTION('',(1.,1.110223024625E-16,0.));
#6114 = ORIENTED_EDGE('',*,*,#5675,.T.);
#6115 = ORIENTED_EDGE('',*,*,#6116,.T.);
#6116 = EDGE_CURVE('',#5668,#6117,#6119,.T.);
#6117 = VERTEX_POINT('',#6118);
#6118 = CARTESIAN_POINT('',(0.85,0.7,0.75));
#6119 = LINE('',#6120,#6121);
#6120 = CARTESIAN_POINT('',(0.75,0.7,0.75));
#6121 = VECTOR('',#6122,1.);
#6122 = DIRECTION('',(1.,1.110223024625E-16,0.));
#6123 = ORIENTED_EDGE('',*,*,#6124,.F.);
#6124 = EDGE_CURVE('',#6108,#6117,#6125,.T.);
#6125 = LINE('',#6126,#6127);
#6126 = CARTESIAN_POINT('',(0.85,1.2,0.75));
#6127 = VECTOR('',#6128,1.);
#6128 = DIRECTION('',(1.110223024625E-16,-1.,0.));
#6129 = PLANE('',#6130);
#6130 = AXIS2_PLACEMENT_3D('',#6131,#6132,#6133);
#6131 = CARTESIAN_POINT('',(0.75,1.2,0.75));
#6132 = DIRECTION('',(0.,0.,1.));
#6133 = DIRECTION('',(1.,1.110223024625E-16,-0.));
#6134 = ADVANCED_FACE('',(#6135),#6160,.F.);
#6135 = FACE_BOUND('',#6136,.F.);
#6136 = EDGE_LOOP('',(#6137,#6145,#6146,#6154));
#6137 = ORIENTED_EDGE('',*,*,#6138,.F.);
#6138 = EDGE_CURVE('',#5668,#6139,#6141,.T.);
#6139 = VERTEX_POINT('',#6140);
#6140 = CARTESIAN_POINT('',(0.8,0.7,0.9));
#6141 = LINE('',#6142,#6143);
#6142 = CARTESIAN_POINT('',(0.8,0.7,0.670847817658));
#6143 = VECTOR('',#6144,1.);
#6144 = DIRECTION('',(0.,0.,1.));
#6145 = ORIENTED_EDGE('',*,*,#5667,.T.);
#6146 = ORIENTED_EDGE('',*,*,#6147,.T.);
#6147 = EDGE_CURVE('',#5660,#6148,#6150,.T.);
#6148 = VERTEX_POINT('',#6149);
#6149 = CARTESIAN_POINT('',(0.8,-0.7,0.9));
#6150 = LINE('',#6151,#6152);
#6151 = CARTESIAN_POINT('',(0.8,-0.7,0.670847817658));
#6152 = VECTOR('',#6153,1.);
#6153 = DIRECTION('',(0.,0.,1.));
#6154 = ORIENTED_EDGE('',*,*,#6155,.F.);
#6155 = EDGE_CURVE('',#6139,#6148,#6156,.T.);
#6156 = LINE('',#6157,#6158);
#6157 = CARTESIAN_POINT('',(0.8,1.355,0.9));
#6158 = VECTOR('',#6159,1.);
#6159 = DIRECTION('',(1.110223024625E-16,-1.,0.));
#6160 = PLANE('',#6161);
#6161 = AXIS2_PLACEMENT_3D('',#6162,#6163,#6164);
#6162 = CARTESIAN_POINT('',(0.8,1.355,0.9));
#6163 = DIRECTION('',(-1.,-1.110223024625E-16,0.));
#6164 = DIRECTION('',(1.110223024625E-16,-1.,0.));
#6165 = ADVANCED_FACE('',(#6166),#6191,.F.);
#6166 = FACE_BOUND('',#6167,.F.);
#6167 = EDGE_LOOP('',(#6168,#6176,#6177,#6185));
#6168 = ORIENTED_EDGE('',*,*,#6169,.F.);
#6169 = EDGE_CURVE('',#5660,#6170,#6172,.T.);
#6170 = VERTEX_POINT('',#6171);
#6171 = CARTESIAN_POINT('',(0.85,-0.7,0.75));
#6172 = LINE('',#6173,#6174);
#6173 = CARTESIAN_POINT('',(0.75,-0.7,0.75));
#6174 = VECTOR('',#6175,1.);
#6175 = DIRECTION('',(1.,1.110223024625E-16,0.));
#6176 = ORIENTED_EDGE('',*,*,#5659,.T.);
#6177 = ORIENTED_EDGE('',*,*,#6178,.T.);
#6178 = EDGE_CURVE('',#5652,#6179,#6181,.T.);
#6179 = VERTEX_POINT('',#6180);
#6180 = CARTESIAN_POINT('',(0.85,-1.2,0.75));
#6181 = LINE('',#6182,#6183);
#6182 = CARTESIAN_POINT('',(0.75,-1.2,0.75));
#6183 = VECTOR('',#6184,1.);
#6184 = DIRECTION('',(1.,1.110223024625E-16,0.));
#6185 = ORIENTED_EDGE('',*,*,#6186,.F.);
#6186 = EDGE_CURVE('',#6170,#6179,#6187,.T.);
#6187 = LINE('',#6188,#6189);
#6188 = CARTESIAN_POINT('',(0.85,-0.7,0.75));
#6189 = VECTOR('',#6190,1.);
#6190 = DIRECTION('',(1.110223024625E-16,-1.,0.));
#6191 = PLANE('',#6192);
#6192 = AXIS2_PLACEMENT_3D('',#6193,#6194,#6195);
#6193 = CARTESIAN_POINT('',(0.75,-0.7,0.75));
#6194 = DIRECTION('',(0.,0.,1.));
#6195 = DIRECTION('',(1.,1.110223024625E-16,-0.));
#6196 = ADVANCED_FACE('',(#6197),#6221,.F.);
#6197 = FACE_BOUND('',#6198,.F.);
#6198 = EDGE_LOOP('',(#6199,#6207,#6208,#6215));
#6199 = ORIENTED_EDGE('',*,*,#6200,.F.);
#6200 = EDGE_CURVE('',#5652,#6201,#6203,.T.);
#6201 = VERTEX_POINT('',#6202);
#6202 = CARTESIAN_POINT('',(0.8,-1.2,0.9));
#6203 = LINE('',#6204,#6205);
#6204 = CARTESIAN_POINT('',(0.8,-1.2,0.670847817658));
#6205 = VECTOR('',#6206,1.);
#6206 = DIRECTION('',(0.,0.,1.));
#6207 = ORIENTED_EDGE('',*,*,#5651,.T.);
#6208 = ORIENTED_EDGE('',*,*,#6209,.T.);
#6209 = EDGE_CURVE('',#5645,#6210,#6212,.T.);
#6210 = VERTEX_POINT('',#6211);
#6211 = CARTESIAN_POINT('',(0.8,-1.355,0.9));
#6212 = B_SPLINE_CURVE_WITH_KNOTS('',1,(#6213,#6214),.UNSPECIFIED.,.F.,
  .F.,(2,2),(0.,1.),.PIECEWISE_BEZIER_KNOTS.);
#6213 = CARTESIAN_POINT('',(0.8,-1.355,0.75));
#6214 = CARTESIAN_POINT('',(0.8,-1.355,0.9));
#6215 = ORIENTED_EDGE('',*,*,#6216,.F.);
#6216 = EDGE_CURVE('',#6201,#6210,#6217,.T.);
#6217 = LINE('',#6218,#6219);
#6218 = CARTESIAN_POINT('',(0.8,1.355,0.9));
#6219 = VECTOR('',#6220,1.);
#6220 = DIRECTION('',(1.110223024625E-16,-1.,0.));
#6221 = PLANE('',#6222);
#6222 = AXIS2_PLACEMENT_3D('',#6223,#6224,#6225);
#6223 = CARTESIAN_POINT('',(0.8,1.355,0.9));
#6224 = DIRECTION('',(-1.,-1.110223024625E-16,0.));
#6225 = DIRECTION('',(1.110223024625E-16,-1.,0.));
#6226 = ADVANCED_FACE('',(#6227),#6244,.F.);
#6227 = FACE_BOUND('',#6228,.F.);
#6228 = EDGE_LOOP('',(#6229,#6230,#6231,#6239));
#6229 = ORIENTED_EDGE('',*,*,#5700,.T.);
#6230 = ORIENTED_EDGE('',*,*,#5888,.T.);
#6231 = ORIENTED_EDGE('',*,*,#6232,.F.);
#6232 = EDGE_CURVE('',#6233,#5889,#6235,.T.);
#6233 = VERTEX_POINT('',#6234);
#6234 = CARTESIAN_POINT('',(-0.705,-1.45,0.9));
#6235 = LINE('',#6236,#6237);
#6236 = CARTESIAN_POINT('',(-0.705,-1.45,0.9));
#6237 = VECTOR('',#6238,1.);
#6238 = DIRECTION('',(-0.707106781187,0.707106781187,0.));
#6239 = ORIENTED_EDGE('',*,*,#6240,.F.);
#6240 = EDGE_CURVE('',#5701,#6233,#6241,.T.);
#6241 = B_SPLINE_CURVE_WITH_KNOTS('',1,(#6242,#6243),.UNSPECIFIED.,.F.,
  .F.,(2,2),(0.,1.),.PIECEWISE_BEZIER_KNOTS.);
#6242 = CARTESIAN_POINT('',(-0.705,-1.45,0.75));
#6243 = CARTESIAN_POINT('',(-0.705,-1.45,0.9));
#6244 = PLANE('',#6245);
#6245 = AXIS2_PLACEMENT_3D('',#6246,#6247,#6248);
#6246 = CARTESIAN_POINT('',(-0.705,-1.45,0.9));
#6247 = DIRECTION('',(0.707106781187,0.707106781187,0.));
#6248 = DIRECTION('',(-0.707106781187,0.707106781187,0.));
#6249 = ADVANCED_FACE('',(#6250),#6267,.F.);
#6250 = FACE_BOUND('',#6251,.F.);
#6251 = EDGE_LOOP('',(#6252,#6253,#6260,#6266));
#6252 = ORIENTED_EDGE('',*,*,#5729,.T.);
#6253 = ORIENTED_EDGE('',*,*,#6254,.T.);
#6254 = EDGE_CURVE('',#5723,#6255,#6257,.T.);
#6255 = VERTEX_POINT('',#6256);
#6256 = CARTESIAN_POINT('',(0.705,-1.45,0.9));
#6257 = B_SPLINE_CURVE_WITH_KNOTS('',1,(#6258,#6259),.UNSPECIFIED.,.F.,
  .F.,(2,2),(0.,1.),.PIECEWISE_BEZIER_KNOTS.);
#6258 = CARTESIAN_POINT('',(0.705,-1.45,0.75));
#6259 = CARTESIAN_POINT('',(0.705,-1.45,0.9));
#6260 = ORIENTED_EDGE('',*,*,#6261,.F.);
#6261 = EDGE_CURVE('',#6210,#6255,#6262,.T.);
#6262 = LINE('',#6263,#6264);
#6263 = CARTESIAN_POINT('',(0.8,-1.355,0.9));
#6264 = VECTOR('',#6265,1.);
#6265 = DIRECTION('',(-0.707106781187,-0.707106781187,0.));
#6266 = ORIENTED_EDGE('',*,*,#6209,.F.);
#6267 = PLANE('',#6268);
#6268 = AXIS2_PLACEMENT_3D('',#6269,#6270,#6271);
#6269 = CARTESIAN_POINT('',(0.8,-1.355,0.9));
#6270 = DIRECTION('',(-0.707106781187,0.707106781187,0.));
#6271 = DIRECTION('',(-0.707106781187,-0.707106781187,0.));
#6272 = ADVANCED_FACE('',(#6273),#6284,.F.);
#6273 = FACE_BOUND('',#6274,.F.);
#6274 = EDGE_LOOP('',(#6275,#6276,#6277,#6283));
#6275 = ORIENTED_EDGE('',*,*,#5746,.T.);
#6276 = ORIENTED_EDGE('',*,*,#6240,.T.);
#6277 = ORIENTED_EDGE('',*,*,#6278,.F.);
#6278 = EDGE_CURVE('',#6255,#6233,#6279,.T.);
#6279 = LINE('',#6280,#6281);
#6280 = CARTESIAN_POINT('',(0.705,-1.45,0.9));
#6281 = VECTOR('',#6282,1.);
#6282 = DIRECTION('',(-1.,-1.110223024625E-16,0.));
#6283 = ORIENTED_EDGE('',*,*,#6254,.F.);
#6284 = PLANE('',#6285);
#6285 = AXIS2_PLACEMENT_3D('',#6286,#6287,#6288);
#6286 = CARTESIAN_POINT('',(0.705,-1.45,0.9));
#6287 = DIRECTION('',(-1.110223024625E-16,1.,0.));
#6288 = DIRECTION('',(-1.,-1.110223024625E-16,0.));
#6289 = ADVANCED_FACE('',(#6290),#6329,.F.);
#6290 = FACE_BOUND('',#6291,.F.);
#6291 = EDGE_LOOP('',(#6292,#6300,#6308,#6314,#6315,#6323));
#6292 = ORIENTED_EDGE('',*,*,#6293,.F.);
#6293 = EDGE_CURVE('',#6294,#6021,#6296,.T.);
#6294 = VERTEX_POINT('',#6295);
#6295 = CARTESIAN_POINT('',(-0.85,0.7,0.9));
#6296 = LINE('',#6297,#6298);
#6297 = CARTESIAN_POINT('',(-0.85,0.7,0.9));
#6298 = VECTOR('',#6299,1.);
#6299 = DIRECTION('',(1.,-1.144237745222E-17,0.));
#6300 = ORIENTED_EDGE('',*,*,#6301,.T.);
#6301 = EDGE_CURVE('',#6294,#6302,#6304,.T.);
#6302 = VERTEX_POINT('',#6303);
#6303 = CARTESIAN_POINT('',(-0.85,1.2,0.9));
#6304 = LINE('',#6305,#6306);
#6305 = CARTESIAN_POINT('',(-0.85,0.7,0.9));
#6306 = VECTOR('',#6307,1.);
#6307 = DIRECTION('',(1.144237745222E-17,1.,0.));
#6308 = ORIENTED_EDGE('',*,*,#6309,.T.);
#6309 = EDGE_CURVE('',#6302,#5851,#6310,.T.);
#6310 = LINE('',#6311,#6312);
#6311 = CARTESIAN_POINT('',(-0.85,1.2,0.9));
#6312 = VECTOR('',#6313,1.);
#6313 = DIRECTION('',(1.,-1.144237745222E-17,0.));
#6314 = ORIENTED_EDGE('',*,*,#5850,.T.);
#6315 = ORIENTED_EDGE('',*,*,#6316,.F.);
#6316 = EDGE_CURVE('',#6317,#5843,#6319,.T.);
#6317 = VERTEX_POINT('',#6318);
#6318 = CARTESIAN_POINT('',(-0.775,0.7,0.9));
#6319 = LINE('',#6320,#6321);
#6320 = CARTESIAN_POINT('',(-0.775,-1.3425,0.9));
#6321 = VECTOR('',#6322,1.);
#6322 = DIRECTION('',(-1.110223024625E-16,1.,0.));
#6323 = ORIENTED_EDGE('',*,*,#6324,.F.);
#6324 = EDGE_CURVE('',#6021,#6317,#6325,.T.);
#6325 = LINE('',#6326,#6327);
#6326 = CARTESIAN_POINT('',(-0.85,0.7,0.9));
#6327 = VECTOR('',#6328,1.);
#6328 = DIRECTION('',(1.,-1.144237745222E-17,0.));
#6329 = PLANE('',#6330);
#6330 = AXIS2_PLACEMENT_3D('',#6331,#6332,#6333);
#6331 = CARTESIAN_POINT('',(-0.85,0.7,0.9));
#6332 = DIRECTION('',(0.,0.,-1.));
#6333 = DIRECTION('',(1.,-1.144237745222E-17,0.));
#6334 = ADVANCED_FACE('',(#6335),#6399,.F.);
#6335 = FACE_BOUND('',#6336,.F.);
#6336 = EDGE_LOOP('',(#6337,#6347,#6355,#6363,#6371,#6377,#6378,#6379,
    #6386,#6394));
#6337 = ORIENTED_EDGE('',*,*,#6338,.T.);
#6338 = EDGE_CURVE('',#6339,#6341,#6343,.T.);
#6339 = VERTEX_POINT('',#6340);
#6340 = CARTESIAN_POINT('',(-0.775,-1.3425,0.9));
#6341 = VERTEX_POINT('',#6342);
#6342 = CARTESIAN_POINT('',(-0.775,-1.2,0.9));
#6343 = LINE('',#6344,#6345);
#6344 = CARTESIAN_POINT('',(-0.775,-1.3425,0.9));
#6345 = VECTOR('',#6346,1.);
#6346 = DIRECTION('',(-1.110223024625E-16,1.,0.));
#6347 = ORIENTED_EDGE('',*,*,#6348,.T.);
#6348 = EDGE_CURVE('',#6341,#6349,#6351,.T.);
#6349 = VERTEX_POINT('',#6350);
#6350 = CARTESIAN_POINT('',(-0.775,-0.7,0.9));
#6351 = LINE('',#6352,#6353);
#6352 = CARTESIAN_POINT('',(-0.775,-1.3425,0.9));
#6353 = VECTOR('',#6354,1.);
#6354 = DIRECTION('',(-1.110223024625E-16,1.,0.));
#6355 = ORIENTED_EDGE('',*,*,#6356,.T.);
#6356 = EDGE_CURVE('',#6349,#6357,#6359,.T.);
#6357 = VERTEX_POINT('',#6358);
#6358 = CARTESIAN_POINT('',(-0.775,-0.25,0.9));
#6359 = LINE('',#6360,#6361);
#6360 = CARTESIAN_POINT('',(-0.775,-1.3425,0.9));
#6361 = VECTOR('',#6362,1.);
#6362 = DIRECTION('',(-1.110223024625E-16,1.,0.));
#6363 = ORIENTED_EDGE('',*,*,#6364,.T.);
#6364 = EDGE_CURVE('',#6357,#6365,#6367,.T.);
#6365 = VERTEX_POINT('',#6366);
#6366 = CARTESIAN_POINT('',(-0.775,0.25,0.9));
#6367 = LINE('',#6368,#6369);
#6368 = CARTESIAN_POINT('',(-0.775,-1.3425,0.9));
#6369 = VECTOR('',#6370,1.);
#6370 = DIRECTION('',(-1.110223024625E-16,1.,0.));
#6371 = ORIENTED_EDGE('',*,*,#6372,.T.);
#6372 = EDGE_CURVE('',#6365,#6317,#6373,.T.);
#6373 = LINE('',#6374,#6375);
#6374 = CARTESIAN_POINT('',(-0.775,-1.3425,0.9));
#6375 = VECTOR('',#6376,1.);
#6376 = DIRECTION('',(-1.110223024625E-16,1.,0.));
#6377 = ORIENTED_EDGE('',*,*,#6316,.T.);
#6378 = ORIENTED_EDGE('',*,*,#5842,.T.);
#6379 = ORIENTED_EDGE('',*,*,#6380,.T.);
#6380 = EDGE_CURVE('',#5835,#6381,#6383,.T.);
#6381 = VERTEX_POINT('',#6382);
#6382 = CARTESIAN_POINT('',(-0.683648457443,1.296824228722,1.55));
#6383 = B_SPLINE_CURVE_WITH_KNOTS('',1,(#6384,#6385),.UNSPECIFIED.,.F.,
  .F.,(2,2),(0.,1.),.PIECEWISE_BEZIER_KNOTS.);
#6384 = CARTESIAN_POINT('',(-0.775,1.3425,0.9));
#6385 = CARTESIAN_POINT('',(-0.683648457443,1.296824228722,1.55));
#6386 = ORIENTED_EDGE('',*,*,#6387,.F.);
#6387 = EDGE_CURVE('',#6388,#6381,#6390,.T.);
#6388 = VERTEX_POINT('',#6389);
#6389 = CARTESIAN_POINT('',(-0.683648457443,-1.296824228722,1.55));
#6390 = LINE('',#6391,#6392);
#6391 = CARTESIAN_POINT('',(-0.683648457443,-1.296824228722,1.55));
#6392 = VECTOR('',#6393,1.);
#6393 = DIRECTION('',(-1.110223024625E-16,1.,0.));
#6394 = ORIENTED_EDGE('',*,*,#6395,.F.);
#6395 = EDGE_CURVE('',#6339,#6388,#6396,.T.);
#6396 = B_SPLINE_CURVE_WITH_KNOTS('',1,(#6397,#6398),.UNSPECIFIED.,.F.,
  .F.,(2,2),(0.,1.),.PIECEWISE_BEZIER_KNOTS.);
#6397 = CARTESIAN_POINT('',(-0.775,-1.3425,0.9));
#6398 = CARTESIAN_POINT('',(-0.683648457443,-1.296824228722,1.55));
#6399 = B_SPLINE_SURFACE_WITH_KNOTS('',1,1,(
    (#6400,#6401)
    ,(#6402,#6403
    )),.UNSPECIFIED.,.F.,.F.,.F.,(2,2),(2,2),(0.,2.685),(0.,1.),
  .PIECEWISE_BEZIER_KNOTS.);
#6400 = CARTESIAN_POINT('',(-0.775,-1.3425,0.9));
#6401 = CARTESIAN_POINT('',(-0.683648457443,-1.296824228722,1.55));
#6402 = CARTESIAN_POINT('',(-0.775,1.3425,0.9));
#6403 = CARTESIAN_POINT('',(-0.683648457443,1.296824228722,1.55));
#6404 = ADVANCED_FACE('',(#6405),#6422,.F.);
#6405 = FACE_BOUND('',#6406,.F.);
#6406 = EDGE_LOOP('',(#6407,#6408,#6415,#6421));
#6407 = ORIENTED_EDGE('',*,*,#5834,.T.);
#6408 = ORIENTED_EDGE('',*,*,#6409,.T.);
#6409 = EDGE_CURVE('',#5827,#6410,#6412,.T.);
#6410 = VERTEX_POINT('',#6411);
#6411 = CARTESIAN_POINT('',(-0.646824228722,1.333648457443,1.55));
#6412 = B_SPLINE_CURVE_WITH_KNOTS('',1,(#6413,#6414),.UNSPECIFIED.,.F.,
  .F.,(2,2),(0.,1.),.PIECEWISE_BEZIER_KNOTS.);
#6413 = CARTESIAN_POINT('',(-0.6925,1.425,0.9));
#6414 = CARTESIAN_POINT('',(-0.646824228722,1.333648457443,1.55));
#6415 = ORIENTED_EDGE('',*,*,#6416,.F.);
#6416 = EDGE_CURVE('',#6381,#6410,#6417,.T.);
#6417 = LINE('',#6418,#6419);
#6418 = CARTESIAN_POINT('',(-0.683648457443,1.296824228722,1.55));
#6419 = VECTOR('',#6420,1.);
#6420 = DIRECTION('',(0.707106781187,0.707106781187,0.));
#6421 = ORIENTED_EDGE('',*,*,#6380,.F.);
#6422 = B_SPLINE_SURFACE_WITH_KNOTS('',1,1,(
    (#6423,#6424)
    ,(#6425,#6426
    )),.UNSPECIFIED.,.F.,.F.,.F.,(2,2),(2,2),(0.,0.116672618896),(0.,1.)
  ,.PIECEWISE_BEZIER_KNOTS.);
#6423 = CARTESIAN_POINT('',(-0.775,1.3425,0.9));
#6424 = CARTESIAN_POINT('',(-0.683648457443,1.296824228722,1.55));
#6425 = CARTESIAN_POINT('',(-0.6925,1.425,0.9));
#6426 = CARTESIAN_POINT('',(-0.646824228722,1.333648457443,1.55));
#6427 = ADVANCED_FACE('',(#6428),#6445,.F.);
#6428 = FACE_BOUND('',#6429,.F.);
#6429 = EDGE_LOOP('',(#6430,#6431,#6438,#6444));
#6430 = ORIENTED_EDGE('',*,*,#5826,.T.);
#6431 = ORIENTED_EDGE('',*,*,#6432,.T.);
#6432 = EDGE_CURVE('',#5819,#6433,#6435,.T.);
#6433 = VERTEX_POINT('',#6434);
#6434 = CARTESIAN_POINT('',(0.646824228722,1.333648457443,1.55));
#6435 = B_SPLINE_CURVE_WITH_KNOTS('',1,(#6436,#6437),.UNSPECIFIED.,.F.,
  .F.,(2,2),(0.,1.),.PIECEWISE_BEZIER_KNOTS.);
#6436 = CARTESIAN_POINT('',(0.6925,1.425,0.9));
#6437 = CARTESIAN_POINT('',(0.646824228722,1.333648457443,1.55));
#6438 = ORIENTED_EDGE('',*,*,#6439,.F.);
#6439 = EDGE_CURVE('',#6410,#6433,#6440,.T.);
#6440 = LINE('',#6441,#6442);
#6441 = CARTESIAN_POINT('',(-0.646824228722,1.333648457443,1.55));
#6442 = VECTOR('',#6443,1.);
#6443 = DIRECTION('',(1.,1.110223024625E-16,0.));
#6444 = ORIENTED_EDGE('',*,*,#6409,.F.);
#6445 = B_SPLINE_SURFACE_WITH_KNOTS('',1,1,(
    (#6446,#6447)
    ,(#6448,#6449
    )),.UNSPECIFIED.,.F.,.F.,.F.,(2,2),(2,2),(0.,1.385),(0.,1.),
  .PIECEWISE_BEZIER_KNOTS.);
#6446 = CARTESIAN_POINT('',(-0.6925,1.425,0.9));
#6447 = CARTESIAN_POINT('',(-0.646824228722,1.333648457443,1.55));
#6448 = CARTESIAN_POINT('',(0.6925,1.425,0.9));
#6449 = CARTESIAN_POINT('',(0.646824228722,1.333648457443,1.55));
#6450 = ADVANCED_FACE('',(#6451),#6468,.F.);
#6451 = FACE_BOUND('',#6452,.F.);
#6452 = EDGE_LOOP('',(#6453,#6454,#6461,#6467));
#6453 = ORIENTED_EDGE('',*,*,#5818,.T.);
#6454 = ORIENTED_EDGE('',*,*,#6455,.T.);
#6455 = EDGE_CURVE('',#5811,#6456,#6458,.T.);
#6456 = VERTEX_POINT('',#6457);
#6457 = CARTESIAN_POINT('',(0.683648457443,1.296824228722,1.55));
#6458 = B_SPLINE_CURVE_WITH_KNOTS('',1,(#6459,#6460),.UNSPECIFIED.,.F.,
  .F.,(2,2),(0.,1.),.PIECEWISE_BEZIER_KNOTS.);
#6459 = CARTESIAN_POINT('',(0.775,1.3425,0.9));
#6460 = CARTESIAN_POINT('',(0.683648457443,1.296824228722,1.55));
#6461 = ORIENTED_EDGE('',*,*,#6462,.F.);
#6462 = EDGE_CURVE('',#6433,#6456,#6463,.T.);
#6463 = LINE('',#6464,#6465);
#6464 = CARTESIAN_POINT('',(0.646824228722,1.333648457443,1.55));
#6465 = VECTOR('',#6466,1.);
#6466 = DIRECTION('',(0.707106781187,-0.707106781187,0.));
#6467 = ORIENTED_EDGE('',*,*,#6432,.F.);
#6468 = B_SPLINE_SURFACE_WITH_KNOTS('',1,1,(
    (#6469,#6470)
    ,(#6471,#6472
    )),.UNSPECIFIED.,.F.,.F.,.F.,(2,2),(2,2),(0.,0.116672618896),(0.,1.)
  ,.PIECEWISE_BEZIER_KNOTS.);
#6469 = CARTESIAN_POINT('',(0.6925,1.425,0.9));
#6470 = CARTESIAN_POINT('',(0.646824228722,1.333648457443,1.55));
#6471 = CARTESIAN_POINT('',(0.775,1.3425,0.9));
#6472 = CARTESIAN_POINT('',(0.683648457443,1.296824228722,1.55));
#6473 = ADVANCED_FACE('',(#6474),#6523,.F.);
#6474 = FACE_BOUND('',#6475,.F.);
#6475 = EDGE_LOOP('',(#6476,#6477,#6485,#6493,#6501,#6509,#6516,#6522));
#6476 = ORIENTED_EDGE('',*,*,#5810,.T.);
#6477 = ORIENTED_EDGE('',*,*,#6478,.T.);
#6478 = EDGE_CURVE('',#5803,#6479,#6481,.T.);
#6479 = VERTEX_POINT('',#6480);
#6480 = CARTESIAN_POINT('',(0.775,0.7,0.9));
#6481 = LINE('',#6482,#6483);
#6482 = CARTESIAN_POINT('',(0.775,1.3425,0.9));
#6483 = VECTOR('',#6484,1.);
#6484 = DIRECTION('',(1.110223024625E-16,-1.,0.));
#6485 = ORIENTED_EDGE('',*,*,#6486,.T.);
#6486 = EDGE_CURVE('',#6479,#6487,#6489,.T.);
#6487 = VERTEX_POINT('',#6488);
#6488 = CARTESIAN_POINT('',(0.775,-0.7,0.9));
#6489 = LINE('',#6490,#6491);
#6490 = CARTESIAN_POINT('',(0.775,1.3425,0.9));
#6491 = VECTOR('',#6492,1.);
#6492 = DIRECTION('',(1.110223024625E-16,-1.,0.));
#6493 = ORIENTED_EDGE('',*,*,#6494,.T.);
#6494 = EDGE_CURVE('',#6487,#6495,#6497,.T.);
#6495 = VERTEX_POINT('',#6496);
#6496 = CARTESIAN_POINT('',(0.775,-1.2,0.9));
#6497 = LINE('',#6498,#6499);
#6498 = CARTESIAN_POINT('',(0.775,1.3425,0.9));
#6499 = VECTOR('',#6500,1.);
#6500 = DIRECTION('',(1.110223024625E-16,-1.,0.));
#6501 = ORIENTED_EDGE('',*,*,#6502,.T.);
#6502 = EDGE_CURVE('',#6495,#6503,#6505,.T.);
#6503 = VERTEX_POINT('',#6504);
#6504 = CARTESIAN_POINT('',(0.775,-1.3425,0.9));
#6505 = LINE('',#6506,#6507);
#6506 = CARTESIAN_POINT('',(0.775,1.3425,0.9));
#6507 = VECTOR('',#6508,1.);
#6508 = DIRECTION('',(1.110223024625E-16,-1.,0.));
#6509 = ORIENTED_EDGE('',*,*,#6510,.T.);
#6510 = EDGE_CURVE('',#6503,#6511,#6513,.T.);
#6511 = VERTEX_POINT('',#6512);
#6512 = CARTESIAN_POINT('',(0.683648457443,-1.296824228722,1.55));
#6513 = B_SPLINE_CURVE_WITH_KNOTS('',1,(#6514,#6515),.UNSPECIFIED.,.F.,
  .F.,(2,2),(0.,1.),.PIECEWISE_BEZIER_KNOTS.);
#6514 = CARTESIAN_POINT('',(0.775,-1.3425,0.9));
#6515 = CARTESIAN_POINT('',(0.683648457443,-1.296824228722,1.55));
#6516 = ORIENTED_EDGE('',*,*,#6517,.F.);
#6517 = EDGE_CURVE('',#6456,#6511,#6518,.T.);
#6518 = LINE('',#6519,#6520);
#6519 = CARTESIAN_POINT('',(0.683648457443,1.296824228722,1.55));
#6520 = VECTOR('',#6521,1.);
#6521 = DIRECTION('',(1.110223024625E-16,-1.,0.));
#6522 = ORIENTED_EDGE('',*,*,#6455,.F.);
#6523 = B_SPLINE_SURFACE_WITH_KNOTS('',1,1,(
    (#6524,#6525)
    ,(#6526,#6527
    )),.UNSPECIFIED.,.F.,.F.,.F.,(2,2),(2,2),(0.,2.685),(0.,1.),
  .PIECEWISE_BEZIER_KNOTS.);
#6524 = CARTESIAN_POINT('',(0.775,1.3425,0.9));
#6525 = CARTESIAN_POINT('',(0.683648457443,1.296824228722,1.55));
#6526 = CARTESIAN_POINT('',(0.775,-1.3425,0.9));
#6527 = CARTESIAN_POINT('',(0.683648457443,-1.296824228722,1.55));
#6528 = ADVANCED_FACE('',(#6529),#6561,.F.);
#6529 = FACE_BOUND('',#6530,.F.);
#6530 = EDGE_LOOP('',(#6531,#6539,#6547,#6553,#6559,#6560));
#6531 = ORIENTED_EDGE('',*,*,#6532,.F.);
#6532 = EDGE_CURVE('',#6533,#5795,#6535,.T.);
#6533 = VERTEX_POINT('',#6534);
#6534 = CARTESIAN_POINT('',(0.85,1.2,0.9));
#6535 = LINE('',#6536,#6537);
#6536 = CARTESIAN_POINT('',(0.85,1.2,0.9));
#6537 = VECTOR('',#6538,1.);
#6538 = DIRECTION('',(-1.,-1.110223024625E-16,0.));
#6539 = ORIENTED_EDGE('',*,*,#6540,.T.);
#6540 = EDGE_CURVE('',#6533,#6541,#6543,.T.);
#6541 = VERTEX_POINT('',#6542);
#6542 = CARTESIAN_POINT('',(0.85,0.7,0.9));
#6543 = LINE('',#6544,#6545);
#6544 = CARTESIAN_POINT('',(0.85,1.2,0.9));
#6545 = VECTOR('',#6546,1.);
#6546 = DIRECTION('',(1.110223024625E-16,-1.,0.));
#6547 = ORIENTED_EDGE('',*,*,#6548,.T.);
#6548 = EDGE_CURVE('',#6541,#6139,#6549,.T.);
#6549 = LINE('',#6550,#6551);
#6550 = CARTESIAN_POINT('',(0.85,0.7,0.9));
#6551 = VECTOR('',#6552,1.);
#6552 = DIRECTION('',(-1.,-1.110223024625E-16,0.));
#6553 = ORIENTED_EDGE('',*,*,#6554,.T.);
#6554 = EDGE_CURVE('',#6139,#6479,#6555,.T.);
#6555 = LINE('',#6556,#6557);
#6556 = CARTESIAN_POINT('',(0.85,0.7,0.9));
#6557 = VECTOR('',#6558,1.);
#6558 = DIRECTION('',(-1.,-1.110223024625E-16,0.));
#6559 = ORIENTED_EDGE('',*,*,#6478,.F.);
#6560 = ORIENTED_EDGE('',*,*,#5802,.F.);
#6561 = PLANE('',#6562);
#6562 = AXIS2_PLACEMENT_3D('',#6563,#6564,#6565);
#6563 = CARTESIAN_POINT('',(0.85,1.2,0.9));
#6564 = DIRECTION('',(0.,0.,-1.));
#6565 = DIRECTION('',(-1.,-1.110223024625E-16,-0.));
#6566 = ADVANCED_FACE('',(#6567),#6610,.F.);
#6567 = FACE_BOUND('',#6568,.F.);
#6568 = EDGE_LOOP('',(#6569,#6575,#6576,#6577,#6578,#6579,#6580,#6586,
    #6587,#6595,#6603,#6609));
#6569 = ORIENTED_EDGE('',*,*,#6570,.F.);
#6570 = EDGE_CURVE('',#6201,#6495,#6571,.T.);
#6571 = LINE('',#6572,#6573);
#6572 = CARTESIAN_POINT('',(0.85,-1.2,0.9));
#6573 = VECTOR('',#6574,1.);
#6574 = DIRECTION('',(-1.,-1.110223024625E-16,0.));
#6575 = ORIENTED_EDGE('',*,*,#6216,.T.);
#6576 = ORIENTED_EDGE('',*,*,#6261,.T.);
#6577 = ORIENTED_EDGE('',*,*,#6278,.T.);
#6578 = ORIENTED_EDGE('',*,*,#6232,.T.);
#6579 = ORIENTED_EDGE('',*,*,#5904,.T.);
#6580 = ORIENTED_EDGE('',*,*,#6581,.T.);
#6581 = EDGE_CURVE('',#5897,#6341,#6582,.T.);
#6582 = LINE('',#6583,#6584);
#6583 = CARTESIAN_POINT('',(-0.85,-1.2,0.9));
#6584 = VECTOR('',#6585,1.);
#6585 = DIRECTION('',(1.,-1.144237745222E-17,0.));
#6586 = ORIENTED_EDGE('',*,*,#6338,.F.);
#6587 = ORIENTED_EDGE('',*,*,#6588,.F.);
#6588 = EDGE_CURVE('',#6589,#6339,#6591,.T.);
#6589 = VERTEX_POINT('',#6590);
#6590 = CARTESIAN_POINT('',(-0.6925,-1.425,0.9));
#6591 = LINE('',#6592,#6593);
#6592 = CARTESIAN_POINT('',(-0.6925,-1.425,0.9));
#6593 = VECTOR('',#6594,1.);
#6594 = DIRECTION('',(-0.707106781187,0.707106781187,0.));
#6595 = ORIENTED_EDGE('',*,*,#6596,.F.);
#6596 = EDGE_CURVE('',#6597,#6589,#6599,.T.);
#6597 = VERTEX_POINT('',#6598);
#6598 = CARTESIAN_POINT('',(0.6925,-1.425,0.9));
#6599 = LINE('',#6600,#6601);
#6600 = CARTESIAN_POINT('',(0.6925,-1.425,0.9));
#6601 = VECTOR('',#6602,1.);
#6602 = DIRECTION('',(-1.,-1.110223024625E-16,0.));
#6603 = ORIENTED_EDGE('',*,*,#6604,.F.);
#6604 = EDGE_CURVE('',#6503,#6597,#6605,.T.);
#6605 = LINE('',#6606,#6607);
#6606 = CARTESIAN_POINT('',(0.775,-1.3425,0.9));
#6607 = VECTOR('',#6608,1.);
#6608 = DIRECTION('',(-0.707106781187,-0.707106781187,0.));
#6609 = ORIENTED_EDGE('',*,*,#6502,.F.);
#6610 = PLANE('',#6611);
#6611 = AXIS2_PLACEMENT_3D('',#6612,#6613,#6614);
#6612 = CARTESIAN_POINT('',(-2.091417030376E-16,1.4375,0.9));
#6613 = DIRECTION('',(4.595758349624E-18,6.551522493592E-27,-1.));
#6614 = DIRECTION('',(1.,1.51922136901E-16,4.595758349624E-18));
#6615 = ADVANCED_FACE('',(#6616),#6702,.F.);
#6616 = FACE_BOUND('',#6617,.F.);
#6617 = EDGE_LOOP('',(#6618,#6619,#6620,#6629,#6637,#6646,#6654,#6662,
    #6670,#6679,#6687,#6696));
#6618 = ORIENTED_EDGE('',*,*,#5896,.F.);
#6619 = ORIENTED_EDGE('',*,*,#5918,.T.);
#6620 = ORIENTED_EDGE('',*,*,#6621,.T.);
#6621 = EDGE_CURVE('',#5919,#6622,#6624,.T.);
#6622 = VERTEX_POINT('',#6623);
#6623 = CARTESIAN_POINT('',(-0.948480775301,-1.2,0.667364817767));
#6624 = CIRCLE('',#6625,0.1);
#6625 = AXIS2_PLACEMENT_3D('',#6626,#6627,#6628);
#6626 = CARTESIAN_POINT('',(-0.85,-1.2,0.65));
#6627 = DIRECTION('',(-1.144237745222E-17,-1.,0.));
#6628 = DIRECTION('',(0.,0.,1.));
#6629 = ORIENTED_EDGE('',*,*,#6630,.T.);
#6630 = EDGE_CURVE('',#6622,#6631,#6633,.T.);
#6631 = VERTEX_POINT('',#6632);
#6632 = CARTESIAN_POINT('',(-1.02432885403,-1.2,0.206587955583));
#6633 = LINE('',#6634,#6635);
#6634 = CARTESIAN_POINT('',(-0.948480775301,-1.2,0.667364817767));
#6635 = VECTOR('',#6636,1.);
#6636 = DIRECTION('',(-0.162423314012,1.858508865964E-18,-0.986721169868
    ));
#6637 = ORIENTED_EDGE('',*,*,#6638,.T.);
#6638 = EDGE_CURVE('',#6631,#6639,#6641,.T.);
#6639 = VERTEX_POINT('',#6640);
#6640 = CARTESIAN_POINT('',(-1.270530792283,-1.2,0.));
#6641 = CIRCLE('',#6642,0.25);
#6642 = AXIS2_PLACEMENT_3D('',#6643,#6644,#6645);
#6643 = CARTESIAN_POINT('',(-1.270530792283,-1.2,0.25));
#6644 = DIRECTION('',(1.144237745222E-17,1.,1.155557966632E-33));
#6645 = DIRECTION('',(0.984807753012,-1.126854202784E-17,-0.173648177667
    ));
#6646 = ORIENTED_EDGE('',*,*,#6647,.T.);
#6647 = EDGE_CURVE('',#6639,#6648,#6650,.T.);
#6648 = VERTEX_POINT('',#6649);
#6649 = CARTESIAN_POINT('',(-1.4,-1.2,0.));
#6650 = LINE('',#6651,#6652);
#6651 = CARTESIAN_POINT('',(-1.270530792283,-1.2,0.));
#6652 = VECTOR('',#6653,1.);
#6653 = DIRECTION('',(-1.,1.144237745222E-17,0.));
#6654 = ORIENTED_EDGE('',*,*,#6655,.T.);
#6655 = EDGE_CURVE('',#6648,#6656,#6658,.T.);
#6656 = VERTEX_POINT('',#6657);
#6657 = CARTESIAN_POINT('',(-1.4,-1.2,0.15));
#6658 = LINE('',#6659,#6660);
#6659 = CARTESIAN_POINT('',(-1.4,-1.2,0.));
#6660 = VECTOR('',#6661,1.);
#6661 = DIRECTION('',(0.,0.,1.));
#6662 = ORIENTED_EDGE('',*,*,#6663,.T.);
#6663 = EDGE_CURVE('',#6656,#6664,#6666,.T.);
#6664 = VERTEX_POINT('',#6665);
#6665 = CARTESIAN_POINT('',(-1.270530792283,-1.2,0.15));
#6666 = LINE('',#6667,#6668);
#6667 = CARTESIAN_POINT('',(-1.4,-1.2,0.15));
#6668 = VECTOR('',#6669,1.);
#6669 = DIRECTION('',(1.,-1.144237745222E-17,0.));
#6670 = ORIENTED_EDGE('',*,*,#6671,.T.);
#6671 = EDGE_CURVE('',#6664,#6672,#6674,.T.);
#6672 = VERTEX_POINT('',#6673);
#6673 = CARTESIAN_POINT('',(-1.172050016982,-1.2,0.232635182233));
#6674 = CIRCLE('',#6675,0.1);
#6675 = AXIS2_PLACEMENT_3D('',#6676,#6677,#6678);
#6676 = CARTESIAN_POINT('',(-1.270530792283,-1.2,0.25));
#6677 = DIRECTION('',(-1.144237745222E-17,-1.,0.));
#6678 = DIRECTION('',(-2.22044604925E-15,2.540718180781E-32,-1.));
#6679 = ORIENTED_EDGE('',*,*,#6680,.T.);
#6680 = EDGE_CURVE('',#6672,#6681,#6683,.T.);
#6681 = VERTEX_POINT('',#6682);
#6682 = CARTESIAN_POINT('',(-1.096201938253,-1.2,0.693412044417));
#6683 = LINE('',#6684,#6685);
#6684 = CARTESIAN_POINT('',(-1.172050016982,-1.2,0.232635182233));
#6685 = VECTOR('',#6686,1.);
#6686 = DIRECTION('',(0.162423314012,-1.858508865964E-18,0.986721169868)
  );
#6687 = ORIENTED_EDGE('',*,*,#6688,.T.);
#6688 = EDGE_CURVE('',#6681,#6689,#6691,.T.);
#6689 = VERTEX_POINT('',#6690);
#6690 = CARTESIAN_POINT('',(-0.85,-1.2,0.9));
#6691 = CIRCLE('',#6692,0.25);
#6692 = AXIS2_PLACEMENT_3D('',#6693,#6694,#6695);
#6693 = CARTESIAN_POINT('',(-0.85,-1.2,0.65));
#6694 = DIRECTION('',(1.144237745222E-17,1.,7.703719777549E-34));
#6695 = DIRECTION('',(-0.984807753012,1.126854202784E-17,0.173648177667)
  );
#6696 = ORIENTED_EDGE('',*,*,#6697,.T.);
#6697 = EDGE_CURVE('',#6689,#5897,#6698,.T.);
#6698 = LINE('',#6699,#6700);
#6699 = CARTESIAN_POINT('',(-0.85,-1.2,0.9));
#6700 = VECTOR('',#6701,1.);
#6701 = DIRECTION('',(1.,-1.144237745222E-17,0.));
#6702 = PLANE('',#6703);
#6703 = AXIS2_PLACEMENT_3D('',#6704,#6705,#6706);
#6704 = CARTESIAN_POINT('',(-1.069123385139,-1.2,0.441695635315));
#6705 = DIRECTION('',(1.144237745222E-17,1.,0.));
#6706 = DIRECTION('',(0.,-0.,1.));
#6707 = ADVANCED_FACE('',(#6708),#6727,.F.);
#6708 = FACE_BOUND('',#6709,.F.);
#6709 = EDGE_LOOP('',(#6710,#6711,#6720,#6726));
#6710 = ORIENTED_EDGE('',*,*,#5935,.T.);
#6711 = ORIENTED_EDGE('',*,*,#6712,.T.);
#6712 = EDGE_CURVE('',#5928,#6713,#6715,.T.);
#6713 = VERTEX_POINT('',#6714);
#6714 = CARTESIAN_POINT('',(-0.948480775301,-0.7,0.667364817767));
#6715 = CIRCLE('',#6716,0.1);
#6716 = AXIS2_PLACEMENT_3D('',#6717,#6718,#6719);
#6717 = CARTESIAN_POINT('',(-0.85,-0.7,0.65));
#6718 = DIRECTION('',(-1.144237745222E-17,-1.,0.));
#6719 = DIRECTION('',(0.,0.,1.));
#6720 = ORIENTED_EDGE('',*,*,#6721,.F.);
#6721 = EDGE_CURVE('',#6622,#6713,#6722,.T.);
#6722 = LINE('',#6723,#6724);
#6723 = CARTESIAN_POINT('',(-0.948480775301,-1.2,0.667364817767));
#6724 = VECTOR('',#6725,1.);
#6725 = DIRECTION('',(1.144237745222E-17,1.,0.));
#6726 = ORIENTED_EDGE('',*,*,#6621,.F.);
#6727 = CYLINDRICAL_SURFACE('',#6728,0.1);
#6728 = AXIS2_PLACEMENT_3D('',#6729,#6730,#6731);
#6729 = CARTESIAN_POINT('',(-0.85,-1.2,0.65));
#6730 = DIRECTION('',(-1.144237745222E-17,-1.,0.));
#6731 = DIRECTION('',(0.,0.,1.));
#6732 = ADVANCED_FACE('',(#6733),#6811,.T.);
#6733 = FACE_BOUND('',#6734,.T.);
#6734 = EDGE_LOOP('',(#6735,#6736,#6737,#6738,#6746,#6755,#6763,#6771,
    #6779,#6788,#6796,#6805));
#6735 = ORIENTED_EDGE('',*,*,#5949,.F.);
#6736 = ORIENTED_EDGE('',*,*,#5927,.T.);
#6737 = ORIENTED_EDGE('',*,*,#6712,.T.);
#6738 = ORIENTED_EDGE('',*,*,#6739,.T.);
#6739 = EDGE_CURVE('',#6713,#6740,#6742,.T.);
#6740 = VERTEX_POINT('',#6741);
#6741 = CARTESIAN_POINT('',(-1.02432885403,-0.7,0.206587955583));
#6742 = LINE('',#6743,#6744);
#6743 = CARTESIAN_POINT('',(-0.948480775301,-0.7,0.667364817767));
#6744 = VECTOR('',#6745,1.);
#6745 = DIRECTION('',(-0.162423314012,1.858508865964E-18,-0.986721169868
    ));
#6746 = ORIENTED_EDGE('',*,*,#6747,.T.);
#6747 = EDGE_CURVE('',#6740,#6748,#6750,.T.);
#6748 = VERTEX_POINT('',#6749);
#6749 = CARTESIAN_POINT('',(-1.270530792283,-0.7,0.));
#6750 = CIRCLE('',#6751,0.25);
#6751 = AXIS2_PLACEMENT_3D('',#6752,#6753,#6754);
#6752 = CARTESIAN_POINT('',(-1.270530792283,-0.7,0.25));
#6753 = DIRECTION('',(1.144237745222E-17,1.,1.155557966632E-33));
#6754 = DIRECTION('',(0.984807753012,-1.126854202784E-17,-0.173648177667
    ));
#6755 = ORIENTED_EDGE('',*,*,#6756,.T.);
#6756 = EDGE_CURVE('',#6748,#6757,#6759,.T.);
#6757 = VERTEX_POINT('',#6758);
#6758 = CARTESIAN_POINT('',(-1.4,-0.7,0.));
#6759 = LINE('',#6760,#6761);
#6760 = CARTESIAN_POINT('',(-1.270530792283,-0.7,0.));
#6761 = VECTOR('',#6762,1.);
#6762 = DIRECTION('',(-1.,1.144237745222E-17,0.));
#6763 = ORIENTED_EDGE('',*,*,#6764,.T.);
#6764 = EDGE_CURVE('',#6757,#6765,#6767,.T.);
#6765 = VERTEX_POINT('',#6766);
#6766 = CARTESIAN_POINT('',(-1.4,-0.7,0.15));
#6767 = LINE('',#6768,#6769);
#6768 = CARTESIAN_POINT('',(-1.4,-0.7,0.));
#6769 = VECTOR('',#6770,1.);
#6770 = DIRECTION('',(0.,0.,1.));
#6771 = ORIENTED_EDGE('',*,*,#6772,.T.);
#6772 = EDGE_CURVE('',#6765,#6773,#6775,.T.);
#6773 = VERTEX_POINT('',#6774);
#6774 = CARTESIAN_POINT('',(-1.270530792283,-0.7,0.15));
#6775 = LINE('',#6776,#6777);
#6776 = CARTESIAN_POINT('',(-1.4,-0.7,0.15));
#6777 = VECTOR('',#6778,1.);
#6778 = DIRECTION('',(1.,-1.144237745222E-17,0.));
#6779 = ORIENTED_EDGE('',*,*,#6780,.T.);
#6780 = EDGE_CURVE('',#6773,#6781,#6783,.T.);
#6781 = VERTEX_POINT('',#6782);
#6782 = CARTESIAN_POINT('',(-1.172050016982,-0.7,0.232635182233));
#6783 = CIRCLE('',#6784,0.1);
#6784 = AXIS2_PLACEMENT_3D('',#6785,#6786,#6787);
#6785 = CARTESIAN_POINT('',(-1.270530792283,-0.7,0.25));
#6786 = DIRECTION('',(-1.144237745222E-17,-1.,0.));
#6787 = DIRECTION('',(-2.22044604925E-15,2.540718180781E-32,-1.));
#6788 = ORIENTED_EDGE('',*,*,#6789,.T.);
#6789 = EDGE_CURVE('',#6781,#6790,#6792,.T.);
#6790 = VERTEX_POINT('',#6791);
#6791 = CARTESIAN_POINT('',(-1.096201938253,-0.7,0.693412044417));
#6792 = LINE('',#6793,#6794);
#6793 = CARTESIAN_POINT('',(-1.172050016982,-0.7,0.232635182233));
#6794 = VECTOR('',#6795,1.);
#6795 = DIRECTION('',(0.162423314012,-1.858508865964E-18,0.986721169868)
  );
#6796 = ORIENTED_EDGE('',*,*,#6797,.T.);
#6797 = EDGE_CURVE('',#6790,#6798,#6800,.T.);
#6798 = VERTEX_POINT('',#6799);
#6799 = CARTESIAN_POINT('',(-0.85,-0.7,0.9));
#6800 = CIRCLE('',#6801,0.25);
#6801 = AXIS2_PLACEMENT_3D('',#6802,#6803,#6804);
#6802 = CARTESIAN_POINT('',(-0.85,-0.7,0.65));
#6803 = DIRECTION('',(1.144237745222E-17,1.,7.703719777549E-34));
#6804 = DIRECTION('',(-0.984807753012,1.126854202784E-17,0.173648177667)
  );
#6805 = ORIENTED_EDGE('',*,*,#6806,.T.);
#6806 = EDGE_CURVE('',#6798,#5950,#6807,.T.);
#6807 = LINE('',#6808,#6809);
#6808 = CARTESIAN_POINT('',(-0.85,-0.7,0.9));
#6809 = VECTOR('',#6810,1.);
#6810 = DIRECTION('',(1.,-1.144237745222E-17,0.));
#6811 = PLANE('',#6812);
#6812 = AXIS2_PLACEMENT_3D('',#6813,#6814,#6815);
#6813 = CARTESIAN_POINT('',(-1.069123385139,-0.7,0.441695635315));
#6814 = DIRECTION('',(1.144237745222E-17,1.,0.));
#6815 = DIRECTION('',(0.,-0.,1.));
#6816 = ADVANCED_FACE('',(#6817),#6833,.F.);
#6817 = FACE_BOUND('',#6818,.F.);
#6818 = EDGE_LOOP('',(#6819,#6820,#6826,#6827));
#6819 = ORIENTED_EDGE('',*,*,#5966,.T.);
#6820 = ORIENTED_EDGE('',*,*,#6821,.T.);
#6821 = EDGE_CURVE('',#5959,#6357,#6822,.T.);
#6822 = LINE('',#6823,#6824);
#6823 = CARTESIAN_POINT('',(-0.85,-0.25,0.9));
#6824 = VECTOR('',#6825,1.);
#6825 = DIRECTION('',(1.,-1.144237745222E-17,0.));
#6826 = ORIENTED_EDGE('',*,*,#6356,.F.);
#6827 = ORIENTED_EDGE('',*,*,#6828,.F.);
#6828 = EDGE_CURVE('',#5950,#6349,#6829,.T.);
#6829 = LINE('',#6830,#6831);
#6830 = CARTESIAN_POINT('',(-0.85,-0.7,0.9));
#6831 = VECTOR('',#6832,1.);
#6832 = DIRECTION('',(1.,-1.144237745222E-17,0.));
#6833 = PLANE('',#6834);
#6834 = AXIS2_PLACEMENT_3D('',#6835,#6836,#6837);
#6835 = CARTESIAN_POINT('',(-2.091417030376E-16,1.4375,0.9));
#6836 = DIRECTION('',(4.595758349624E-18,6.551522493592E-27,-1.));
#6837 = DIRECTION('',(1.,1.51922136901E-16,4.595758349624E-18));
#6838 = ADVANCED_FACE('',(#6839),#6925,.F.);
#6839 = FACE_BOUND('',#6840,.F.);
#6840 = EDGE_LOOP('',(#6841,#6842,#6843,#6852,#6860,#6869,#6877,#6885,
    #6893,#6902,#6910,#6919));
#6841 = ORIENTED_EDGE('',*,*,#5958,.F.);
#6842 = ORIENTED_EDGE('',*,*,#5980,.T.);
#6843 = ORIENTED_EDGE('',*,*,#6844,.T.);
#6844 = EDGE_CURVE('',#5981,#6845,#6847,.T.);
#6845 = VERTEX_POINT('',#6846);
#6846 = CARTESIAN_POINT('',(-0.948480775301,-0.25,0.667364817767));
#6847 = CIRCLE('',#6848,0.1);
#6848 = AXIS2_PLACEMENT_3D('',#6849,#6850,#6851);
#6849 = CARTESIAN_POINT('',(-0.85,-0.25,0.65));
#6850 = DIRECTION('',(-1.144237745222E-17,-1.,0.));
#6851 = DIRECTION('',(0.,0.,1.));
#6852 = ORIENTED_EDGE('',*,*,#6853,.T.);
#6853 = EDGE_CURVE('',#6845,#6854,#6856,.T.);
#6854 = VERTEX_POINT('',#6855);
#6855 = CARTESIAN_POINT('',(-1.02432885403,-0.25,0.206587955583));
#6856 = LINE('',#6857,#6858);
#6857 = CARTESIAN_POINT('',(-0.948480775301,-0.25,0.667364817767));
#6858 = VECTOR('',#6859,1.);
#6859 = DIRECTION('',(-0.162423314012,1.858508865964E-18,-0.986721169868
    ));
#6860 = ORIENTED_EDGE('',*,*,#6861,.T.);
#6861 = EDGE_CURVE('',#6854,#6862,#6864,.T.);
#6862 = VERTEX_POINT('',#6863);
#6863 = CARTESIAN_POINT('',(-1.270530792283,-0.25,0.));
#6864 = CIRCLE('',#6865,0.25);
#6865 = AXIS2_PLACEMENT_3D('',#6866,#6867,#6868);
#6866 = CARTESIAN_POINT('',(-1.270530792283,-0.25,0.25));
#6867 = DIRECTION('',(1.144237745222E-17,1.,1.155557966632E-33));
#6868 = DIRECTION('',(0.984807753012,-1.126854202784E-17,-0.173648177667
    ));
#6869 = ORIENTED_EDGE('',*,*,#6870,.T.);
#6870 = EDGE_CURVE('',#6862,#6871,#6873,.T.);
#6871 = VERTEX_POINT('',#6872);
#6872 = CARTESIAN_POINT('',(-1.4,-0.25,0.));
#6873 = LINE('',#6874,#6875);
#6874 = CARTESIAN_POINT('',(-1.270530792283,-0.25,0.));
#6875 = VECTOR('',#6876,1.);
#6876 = DIRECTION('',(-1.,1.144237745222E-17,0.));
#6877 = ORIENTED_EDGE('',*,*,#6878,.T.);
#6878 = EDGE_CURVE('',#6871,#6879,#6881,.T.);
#6879 = VERTEX_POINT('',#6880);
#6880 = CARTESIAN_POINT('',(-1.4,-0.25,0.15));
#6881 = LINE('',#6882,#6883);
#6882 = CARTESIAN_POINT('',(-1.4,-0.25,0.));
#6883 = VECTOR('',#6884,1.);
#6884 = DIRECTION('',(0.,0.,1.));
#6885 = ORIENTED_EDGE('',*,*,#6886,.T.);
#6886 = EDGE_CURVE('',#6879,#6887,#6889,.T.);
#6887 = VERTEX_POINT('',#6888);
#6888 = CARTESIAN_POINT('',(-1.270530792283,-0.25,0.15));
#6889 = LINE('',#6890,#6891);
#6890 = CARTESIAN_POINT('',(-1.4,-0.25,0.15));
#6891 = VECTOR('',#6892,1.);
#6892 = DIRECTION('',(1.,-1.144237745222E-17,0.));
#6893 = ORIENTED_EDGE('',*,*,#6894,.T.);
#6894 = EDGE_CURVE('',#6887,#6895,#6897,.T.);
#6895 = VERTEX_POINT('',#6896);
#6896 = CARTESIAN_POINT('',(-1.172050016982,-0.25,0.232635182233));
#6897 = CIRCLE('',#6898,0.1);
#6898 = AXIS2_PLACEMENT_3D('',#6899,#6900,#6901);
#6899 = CARTESIAN_POINT('',(-1.270530792283,-0.25,0.25));
#6900 = DIRECTION('',(-1.144237745222E-17,-1.,0.));
#6901 = DIRECTION('',(-2.22044604925E-15,2.540718180781E-32,-1.));
#6902 = ORIENTED_EDGE('',*,*,#6903,.T.);
#6903 = EDGE_CURVE('',#6895,#6904,#6906,.T.);
#6904 = VERTEX_POINT('',#6905);
#6905 = CARTESIAN_POINT('',(-1.096201938253,-0.25,0.693412044417));
#6906 = LINE('',#6907,#6908);
#6907 = CARTESIAN_POINT('',(-1.172050016982,-0.25,0.232635182233));
#6908 = VECTOR('',#6909,1.);
#6909 = DIRECTION('',(0.162423314012,-1.858508865964E-18,0.986721169868)
  );
#6910 = ORIENTED_EDGE('',*,*,#6911,.T.);
#6911 = EDGE_CURVE('',#6904,#6912,#6914,.T.);
#6912 = VERTEX_POINT('',#6913);
#6913 = CARTESIAN_POINT('',(-0.85,-0.25,0.9));
#6914 = CIRCLE('',#6915,0.25);
#6915 = AXIS2_PLACEMENT_3D('',#6916,#6917,#6918);
#6916 = CARTESIAN_POINT('',(-0.85,-0.25,0.65));
#6917 = DIRECTION('',(1.144237745222E-17,1.,7.703719777549E-34));
#6918 = DIRECTION('',(-0.984807753012,1.126854202784E-17,0.173648177667)
  );
#6919 = ORIENTED_EDGE('',*,*,#6920,.T.);
#6920 = EDGE_CURVE('',#6912,#5959,#6921,.T.);
#6921 = LINE('',#6922,#6923);
#6922 = CARTESIAN_POINT('',(-0.85,-0.25,0.9));
#6923 = VECTOR('',#6924,1.);
#6924 = DIRECTION('',(1.,-1.144237745222E-17,0.));
#6925 = PLANE('',#6926);
#6926 = AXIS2_PLACEMENT_3D('',#6927,#6928,#6929);
#6927 = CARTESIAN_POINT('',(-1.069123385139,-0.25,0.441695635315));
#6928 = DIRECTION('',(1.144237745222E-17,1.,0.));
#6929 = DIRECTION('',(0.,-0.,1.));
#6930 = ADVANCED_FACE('',(#6931),#6950,.F.);
#6931 = FACE_BOUND('',#6932,.F.);
#6932 = EDGE_LOOP('',(#6933,#6934,#6943,#6949));
#6933 = ORIENTED_EDGE('',*,*,#5997,.T.);
#6934 = ORIENTED_EDGE('',*,*,#6935,.T.);
#6935 = EDGE_CURVE('',#5990,#6936,#6938,.T.);
#6936 = VERTEX_POINT('',#6937);
#6937 = CARTESIAN_POINT('',(-0.948480775301,0.25,0.667364817767));
#6938 = CIRCLE('',#6939,0.1);
#6939 = AXIS2_PLACEMENT_3D('',#6940,#6941,#6942);
#6940 = CARTESIAN_POINT('',(-0.85,0.25,0.65));
#6941 = DIRECTION('',(-1.144237745222E-17,-1.,0.));
#6942 = DIRECTION('',(0.,0.,1.));
#6943 = ORIENTED_EDGE('',*,*,#6944,.F.);
#6944 = EDGE_CURVE('',#6845,#6936,#6945,.T.);
#6945 = LINE('',#6946,#6947);
#6946 = CARTESIAN_POINT('',(-0.948480775301,-0.25,0.667364817767));
#6947 = VECTOR('',#6948,1.);
#6948 = DIRECTION('',(1.144237745222E-17,1.,0.));
#6949 = ORIENTED_EDGE('',*,*,#6844,.F.);
#6950 = CYLINDRICAL_SURFACE('',#6951,0.1);
#6951 = AXIS2_PLACEMENT_3D('',#6952,#6953,#6954);
#6952 = CARTESIAN_POINT('',(-0.85,-0.25,0.65));
#6953 = DIRECTION('',(-1.144237745222E-17,-1.,0.));
#6954 = DIRECTION('',(0.,0.,1.));
#6955 = ADVANCED_FACE('',(#6956),#7034,.T.);
#6956 = FACE_BOUND('',#6957,.T.);
#6957 = EDGE_LOOP('',(#6958,#6959,#6960,#6961,#6969,#6978,#6986,#6994,
    #7002,#7011,#7019,#7028));
#6958 = ORIENTED_EDGE('',*,*,#6011,.F.);
#6959 = ORIENTED_EDGE('',*,*,#5989,.T.);
#6960 = ORIENTED_EDGE('',*,*,#6935,.T.);
#6961 = ORIENTED_EDGE('',*,*,#6962,.T.);
#6962 = EDGE_CURVE('',#6936,#6963,#6965,.T.);
#6963 = VERTEX_POINT('',#6964);
#6964 = CARTESIAN_POINT('',(-1.02432885403,0.25,0.206587955583));
#6965 = LINE('',#6966,#6967);
#6966 = CARTESIAN_POINT('',(-0.948480775301,0.25,0.667364817767));
#6967 = VECTOR('',#6968,1.);
#6968 = DIRECTION('',(-0.162423314012,1.858508865964E-18,-0.986721169868
    ));
#6969 = ORIENTED_EDGE('',*,*,#6970,.T.);
#6970 = EDGE_CURVE('',#6963,#6971,#6973,.T.);
#6971 = VERTEX_POINT('',#6972);
#6972 = CARTESIAN_POINT('',(-1.270530792283,0.25,0.));
#6973 = CIRCLE('',#6974,0.25);
#6974 = AXIS2_PLACEMENT_3D('',#6975,#6976,#6977);
#6975 = CARTESIAN_POINT('',(-1.270530792283,0.25,0.25));
#6976 = DIRECTION('',(1.144237745222E-17,1.,1.155557966632E-33));
#6977 = DIRECTION('',(0.984807753012,-1.126854202784E-17,-0.173648177667
    ));
#6978 = ORIENTED_EDGE('',*,*,#6979,.T.);
#6979 = EDGE_CURVE('',#6971,#6980,#6982,.T.);
#6980 = VERTEX_POINT('',#6981);
#6981 = CARTESIAN_POINT('',(-1.4,0.25,0.));
#6982 = LINE('',#6983,#6984);
#6983 = CARTESIAN_POINT('',(-1.270530792283,0.25,0.));
#6984 = VECTOR('',#6985,1.);
#6985 = DIRECTION('',(-1.,1.144237745222E-17,0.));
#6986 = ORIENTED_EDGE('',*,*,#6987,.T.);
#6987 = EDGE_CURVE('',#6980,#6988,#6990,.T.);
#6988 = VERTEX_POINT('',#6989);
#6989 = CARTESIAN_POINT('',(-1.4,0.25,0.15));
#6990 = LINE('',#6991,#6992);
#6991 = CARTESIAN_POINT('',(-1.4,0.25,0.));
#6992 = VECTOR('',#6993,1.);
#6993 = DIRECTION('',(0.,0.,1.));
#6994 = ORIENTED_EDGE('',*,*,#6995,.T.);
#6995 = EDGE_CURVE('',#6988,#6996,#6998,.T.);
#6996 = VERTEX_POINT('',#6997);
#6997 = CARTESIAN_POINT('',(-1.270530792283,0.25,0.15));
#6998 = LINE('',#6999,#7000);
#6999 = CARTESIAN_POINT('',(-1.4,0.25,0.15));
#7000 = VECTOR('',#7001,1.);
#7001 = DIRECTION('',(1.,-1.144237745222E-17,0.));
#7002 = ORIENTED_EDGE('',*,*,#7003,.T.);
#7003 = EDGE_CURVE('',#6996,#7004,#7006,.T.);
#7004 = VERTEX_POINT('',#7005);
#7005 = CARTESIAN_POINT('',(-1.172050016982,0.25,0.232635182233));
#7006 = CIRCLE('',#7007,0.1);
#7007 = AXIS2_PLACEMENT_3D('',#7008,#7009,#7010);
#7008 = CARTESIAN_POINT('',(-1.270530792283,0.25,0.25));
#7009 = DIRECTION('',(-1.144237745222E-17,-1.,0.));
#7010 = DIRECTION('',(-2.22044604925E-15,2.540718180781E-32,-1.));
#7011 = ORIENTED_EDGE('',*,*,#7012,.T.);
#7012 = EDGE_CURVE('',#7004,#7013,#7015,.T.);
#7013 = VERTEX_POINT('',#7014);
#7014 = CARTESIAN_POINT('',(-1.096201938253,0.25,0.693412044417));
#7015 = LINE('',#7016,#7017);
#7016 = CARTESIAN_POINT('',(-1.172050016982,0.25,0.232635182233));
#7017 = VECTOR('',#7018,1.);
#7018 = DIRECTION('',(0.162423314012,-1.858508865964E-18,0.986721169868)
  );
#7019 = ORIENTED_EDGE('',*,*,#7020,.T.);
#7020 = EDGE_CURVE('',#7013,#7021,#7023,.T.);
#7021 = VERTEX_POINT('',#7022);
#7022 = CARTESIAN_POINT('',(-0.85,0.25,0.9));
#7023 = CIRCLE('',#7024,0.25);
#7024 = AXIS2_PLACEMENT_3D('',#7025,#7026,#7027);
#7025 = CARTESIAN_POINT('',(-0.85,0.25,0.65));
#7026 = DIRECTION('',(1.144237745222E-17,1.,7.703719777549E-34));
#7027 = DIRECTION('',(-0.984807753012,1.126854202784E-17,0.173648177667)
  );
#7028 = ORIENTED_EDGE('',*,*,#7029,.T.);
#7029 = EDGE_CURVE('',#7021,#6012,#7030,.T.);
#7030 = LINE('',#7031,#7032);
#7031 = CARTESIAN_POINT('',(-0.85,0.25,0.9));
#7032 = VECTOR('',#7033,1.);
#7033 = DIRECTION('',(1.,-1.144237745222E-17,0.));
#7034 = PLANE('',#7035);
#7035 = AXIS2_PLACEMENT_3D('',#7036,#7037,#7038);
#7036 = CARTESIAN_POINT('',(-1.069123385139,0.25,0.441695635315));
#7037 = DIRECTION('',(1.144237745222E-17,1.,0.));
#7038 = DIRECTION('',(0.,-0.,1.));
#7039 = ADVANCED_FACE('',(#7040),#7051,.F.);
#7040 = FACE_BOUND('',#7041,.F.);
#7041 = EDGE_LOOP('',(#7042,#7043,#7044,#7045));
#7042 = ORIENTED_EDGE('',*,*,#6028,.T.);
#7043 = ORIENTED_EDGE('',*,*,#6324,.T.);
#7044 = ORIENTED_EDGE('',*,*,#6372,.F.);
#7045 = ORIENTED_EDGE('',*,*,#7046,.F.);
#7046 = EDGE_CURVE('',#6012,#6365,#7047,.T.);
#7047 = LINE('',#7048,#7049);
#7048 = CARTESIAN_POINT('',(-0.85,0.25,0.9));
#7049 = VECTOR('',#7050,1.);
#7050 = DIRECTION('',(1.,-1.144237745222E-17,0.));
#7051 = PLANE('',#7052);
#7052 = AXIS2_PLACEMENT_3D('',#7053,#7054,#7055);
#7053 = CARTESIAN_POINT('',(-2.091417030376E-16,1.4375,0.9));
#7054 = DIRECTION('',(4.595758349624E-18,6.551522493592E-27,-1.));
#7055 = DIRECTION('',(1.,1.51922136901E-16,4.595758349624E-18));
#7056 = ADVANCED_FACE('',(#7057),#7136,.F.);
#7057 = FACE_BOUND('',#7058,.F.);
#7058 = EDGE_LOOP('',(#7059,#7060,#7061,#7070,#7078,#7087,#7095,#7103,
    #7111,#7120,#7128,#7135));
#7059 = ORIENTED_EDGE('',*,*,#6020,.F.);
#7060 = ORIENTED_EDGE('',*,*,#6042,.T.);
#7061 = ORIENTED_EDGE('',*,*,#7062,.T.);
#7062 = EDGE_CURVE('',#6043,#7063,#7065,.T.);
#7063 = VERTEX_POINT('',#7064);
#7064 = CARTESIAN_POINT('',(-0.948480775301,0.7,0.667364817767));
#7065 = CIRCLE('',#7066,0.1);
#7066 = AXIS2_PLACEMENT_3D('',#7067,#7068,#7069);
#7067 = CARTESIAN_POINT('',(-0.85,0.7,0.65));
#7068 = DIRECTION('',(-1.144237745222E-17,-1.,0.));
#7069 = DIRECTION('',(0.,0.,1.));
#7070 = ORIENTED_EDGE('',*,*,#7071,.T.);
#7071 = EDGE_CURVE('',#7063,#7072,#7074,.T.);
#7072 = VERTEX_POINT('',#7073);
#7073 = CARTESIAN_POINT('',(-1.02432885403,0.7,0.206587955583));
#7074 = LINE('',#7075,#7076);
#7075 = CARTESIAN_POINT('',(-0.948480775301,0.7,0.667364817767));
#7076 = VECTOR('',#7077,1.);
#7077 = DIRECTION('',(-0.162423314012,1.858508865964E-18,-0.986721169868
    ));
#7078 = ORIENTED_EDGE('',*,*,#7079,.T.);
#7079 = EDGE_CURVE('',#7072,#7080,#7082,.T.);
#7080 = VERTEX_POINT('',#7081);
#7081 = CARTESIAN_POINT('',(-1.270530792283,0.7,0.));
#7082 = CIRCLE('',#7083,0.25);
#7083 = AXIS2_PLACEMENT_3D('',#7084,#7085,#7086);
#7084 = CARTESIAN_POINT('',(-1.270530792283,0.7,0.25));
#7085 = DIRECTION('',(1.144237745222E-17,1.,1.155557966632E-33));
#7086 = DIRECTION('',(0.984807753012,-1.126854202784E-17,-0.173648177667
    ));
#7087 = ORIENTED_EDGE('',*,*,#7088,.T.);
#7088 = EDGE_CURVE('',#7080,#7089,#7091,.T.);
#7089 = VERTEX_POINT('',#7090);
#7090 = CARTESIAN_POINT('',(-1.4,0.7,0.));
#7091 = LINE('',#7092,#7093);
#7092 = CARTESIAN_POINT('',(-1.270530792283,0.7,0.));
#7093 = VECTOR('',#7094,1.);
#7094 = DIRECTION('',(-1.,1.144237745222E-17,0.));
#7095 = ORIENTED_EDGE('',*,*,#7096,.T.);
#7096 = EDGE_CURVE('',#7089,#7097,#7099,.T.);
#7097 = VERTEX_POINT('',#7098);
#7098 = CARTESIAN_POINT('',(-1.4,0.7,0.15));
#7099 = LINE('',#7100,#7101);
#7100 = CARTESIAN_POINT('',(-1.4,0.7,0.));
#7101 = VECTOR('',#7102,1.);
#7102 = DIRECTION('',(0.,0.,1.));
#7103 = ORIENTED_EDGE('',*,*,#7104,.T.);
#7104 = EDGE_CURVE('',#7097,#7105,#7107,.T.);
#7105 = VERTEX_POINT('',#7106);
#7106 = CARTESIAN_POINT('',(-1.270530792283,0.7,0.15));
#7107 = LINE('',#7108,#7109);
#7108 = CARTESIAN_POINT('',(-1.4,0.7,0.15));
#7109 = VECTOR('',#7110,1.);
#7110 = DIRECTION('',(1.,-1.144237745222E-17,0.));
#7111 = ORIENTED_EDGE('',*,*,#7112,.T.);
#7112 = EDGE_CURVE('',#7105,#7113,#7115,.T.);
#7113 = VERTEX_POINT('',#7114);
#7114 = CARTESIAN_POINT('',(-1.172050016982,0.7,0.232635182233));
#7115 = CIRCLE('',#7116,0.1);
#7116 = AXIS2_PLACEMENT_3D('',#7117,#7118,#7119);
#7117 = CARTESIAN_POINT('',(-1.270530792283,0.7,0.25));
#7118 = DIRECTION('',(-1.144237745222E-17,-1.,0.));
#7119 = DIRECTION('',(-2.22044604925E-15,2.540718180781E-32,-1.));
#7120 = ORIENTED_EDGE('',*,*,#7121,.T.);
#7121 = EDGE_CURVE('',#7113,#7122,#7124,.T.);
#7122 = VERTEX_POINT('',#7123);
#7123 = CARTESIAN_POINT('',(-1.096201938253,0.7,0.693412044417));
#7124 = LINE('',#7125,#7126);
#7125 = CARTESIAN_POINT('',(-1.172050016982,0.7,0.232635182233));
#7126 = VECTOR('',#7127,1.);
#7127 = DIRECTION('',(0.162423314012,-1.858508865964E-18,0.986721169868)
  );
#7128 = ORIENTED_EDGE('',*,*,#7129,.T.);
#7129 = EDGE_CURVE('',#7122,#6294,#7130,.T.);
#7130 = CIRCLE('',#7131,0.25);
#7131 = AXIS2_PLACEMENT_3D('',#7132,#7133,#7134);
#7132 = CARTESIAN_POINT('',(-0.85,0.7,0.65));
#7133 = DIRECTION('',(1.144237745222E-17,1.,7.703719777549E-34));
#7134 = DIRECTION('',(-0.984807753012,1.126854202784E-17,0.173648177667)
  );
#7135 = ORIENTED_EDGE('',*,*,#6293,.T.);
#7136 = PLANE('',#7137);
#7137 = AXIS2_PLACEMENT_3D('',#7138,#7139,#7140);
#7138 = CARTESIAN_POINT('',(-1.069123385139,0.7,0.441695635315));
#7139 = DIRECTION('',(1.144237745222E-17,1.,0.));
#7140 = DIRECTION('',(0.,-0.,1.));
#7141 = ADVANCED_FACE('',(#7142),#7161,.F.);
#7142 = FACE_BOUND('',#7143,.F.);
#7143 = EDGE_LOOP('',(#7144,#7145,#7154,#7160));
#7144 = ORIENTED_EDGE('',*,*,#6059,.T.);
#7145 = ORIENTED_EDGE('',*,*,#7146,.T.);
#7146 = EDGE_CURVE('',#6052,#7147,#7149,.T.);
#7147 = VERTEX_POINT('',#7148);
#7148 = CARTESIAN_POINT('',(-0.948480775301,1.2,0.667364817767));
#7149 = CIRCLE('',#7150,0.1);
#7150 = AXIS2_PLACEMENT_3D('',#7151,#7152,#7153);
#7151 = CARTESIAN_POINT('',(-0.85,1.2,0.65));
#7152 = DIRECTION('',(-1.144237745222E-17,-1.,0.));
#7153 = DIRECTION('',(0.,0.,1.));
#7154 = ORIENTED_EDGE('',*,*,#7155,.F.);
#7155 = EDGE_CURVE('',#7063,#7147,#7156,.T.);
#7156 = LINE('',#7157,#7158);
#7157 = CARTESIAN_POINT('',(-0.948480775301,0.7,0.667364817767));
#7158 = VECTOR('',#7159,1.);
#7159 = DIRECTION('',(1.144237745222E-17,1.,0.));
#7160 = ORIENTED_EDGE('',*,*,#7062,.F.);
#7161 = CYLINDRICAL_SURFACE('',#7162,0.1);
#7162 = AXIS2_PLACEMENT_3D('',#7163,#7164,#7165);
#7163 = CARTESIAN_POINT('',(-0.85,0.7,0.65));
#7164 = DIRECTION('',(-1.144237745222E-17,-1.,0.));
#7165 = DIRECTION('',(0.,0.,1.));
#7166 = ADVANCED_FACE('',(#7167),#7238,.T.);
#7167 = FACE_BOUND('',#7168,.T.);
#7168 = EDGE_LOOP('',(#7169,#7170,#7171,#7172,#7180,#7189,#7197,#7205,
    #7213,#7222,#7230,#7237));
#7169 = ORIENTED_EDGE('',*,*,#6073,.F.);
#7170 = ORIENTED_EDGE('',*,*,#6051,.T.);
#7171 = ORIENTED_EDGE('',*,*,#7146,.T.);
#7172 = ORIENTED_EDGE('',*,*,#7173,.T.);
#7173 = EDGE_CURVE('',#7147,#7174,#7176,.T.);
#7174 = VERTEX_POINT('',#7175);
#7175 = CARTESIAN_POINT('',(-1.02432885403,1.2,0.206587955583));
#7176 = LINE('',#7177,#7178);
#7177 = CARTESIAN_POINT('',(-0.948480775301,1.2,0.667364817767));
#7178 = VECTOR('',#7179,1.);
#7179 = DIRECTION('',(-0.162423314012,1.858508865964E-18,-0.986721169868
    ));
#7180 = ORIENTED_EDGE('',*,*,#7181,.T.);
#7181 = EDGE_CURVE('',#7174,#7182,#7184,.T.);
#7182 = VERTEX_POINT('',#7183);
#7183 = CARTESIAN_POINT('',(-1.270530792283,1.2,0.));
#7184 = CIRCLE('',#7185,0.25);
#7185 = AXIS2_PLACEMENT_3D('',#7186,#7187,#7188);
#7186 = CARTESIAN_POINT('',(-1.270530792283,1.2,0.25));
#7187 = DIRECTION('',(1.144237745222E-17,1.,1.155557966632E-33));
#7188 = DIRECTION('',(0.984807753012,-1.126854202784E-17,-0.173648177667
    ));
#7189 = ORIENTED_EDGE('',*,*,#7190,.T.);
#7190 = EDGE_CURVE('',#7182,#7191,#7193,.T.);
#7191 = VERTEX_POINT('',#7192);
#7192 = CARTESIAN_POINT('',(-1.4,1.2,0.));
#7193 = LINE('',#7194,#7195);
#7194 = CARTESIAN_POINT('',(-1.270530792283,1.2,0.));
#7195 = VECTOR('',#7196,1.);
#7196 = DIRECTION('',(-1.,1.144237745222E-17,0.));
#7197 = ORIENTED_EDGE('',*,*,#7198,.T.);
#7198 = EDGE_CURVE('',#7191,#7199,#7201,.T.);
#7199 = VERTEX_POINT('',#7200);
#7200 = CARTESIAN_POINT('',(-1.4,1.2,0.15));
#7201 = LINE('',#7202,#7203);
#7202 = CARTESIAN_POINT('',(-1.4,1.2,0.));
#7203 = VECTOR('',#7204,1.);
#7204 = DIRECTION('',(0.,0.,1.));
#7205 = ORIENTED_EDGE('',*,*,#7206,.T.);
#7206 = EDGE_CURVE('',#7199,#7207,#7209,.T.);
#7207 = VERTEX_POINT('',#7208);
#7208 = CARTESIAN_POINT('',(-1.270530792283,1.2,0.15));
#7209 = LINE('',#7210,#7211);
#7210 = CARTESIAN_POINT('',(-1.4,1.2,0.15));
#7211 = VECTOR('',#7212,1.);
#7212 = DIRECTION('',(1.,-1.144237745222E-17,0.));
#7213 = ORIENTED_EDGE('',*,*,#7214,.T.);
#7214 = EDGE_CURVE('',#7207,#7215,#7217,.T.);
#7215 = VERTEX_POINT('',#7216);
#7216 = CARTESIAN_POINT('',(-1.172050016982,1.2,0.232635182233));
#7217 = CIRCLE('',#7218,0.1);
#7218 = AXIS2_PLACEMENT_3D('',#7219,#7220,#7221);
#7219 = CARTESIAN_POINT('',(-1.270530792283,1.2,0.25));
#7220 = DIRECTION('',(-1.144237745222E-17,-1.,0.));
#7221 = DIRECTION('',(-2.22044604925E-15,2.540718180781E-32,-1.));
#7222 = ORIENTED_EDGE('',*,*,#7223,.T.);
#7223 = EDGE_CURVE('',#7215,#7224,#7226,.T.);
#7224 = VERTEX_POINT('',#7225);
#7225 = CARTESIAN_POINT('',(-1.096201938253,1.2,0.693412044417));
#7226 = LINE('',#7227,#7228);
#7227 = CARTESIAN_POINT('',(-1.172050016982,1.2,0.232635182233));
#7228 = VECTOR('',#7229,1.);
#7229 = DIRECTION('',(0.162423314012,-1.858508865964E-18,0.986721169868)
  );
#7230 = ORIENTED_EDGE('',*,*,#7231,.T.);
#7231 = EDGE_CURVE('',#7224,#6302,#7232,.T.);
#7232 = CIRCLE('',#7233,0.25);
#7233 = AXIS2_PLACEMENT_3D('',#7234,#7235,#7236);
#7234 = CARTESIAN_POINT('',(-0.85,1.2,0.65));
#7235 = DIRECTION('',(1.144237745222E-17,1.,7.703719777549E-34));
#7236 = DIRECTION('',(-0.984807753012,1.126854202784E-17,0.173648177667)
  );
#7237 = ORIENTED_EDGE('',*,*,#6309,.T.);
#7238 = PLANE('',#7239);
#7239 = AXIS2_PLACEMENT_3D('',#7240,#7241,#7242);
#7240 = CARTESIAN_POINT('',(-1.069123385139,1.2,0.441695635315));
#7241 = DIRECTION('',(1.144237745222E-17,1.,0.));
#7242 = DIRECTION('',(0.,-0.,1.));
#7243 = ADVANCED_FACE('',(#7244),#7323,.F.);
#7244 = FACE_BOUND('',#7245,.F.);
#7245 = EDGE_LOOP('',(#7246,#7247,#7248,#7257,#7265,#7274,#7282,#7290,
    #7298,#7307,#7315,#7322));
#7246 = ORIENTED_EDGE('',*,*,#6092,.F.);
#7247 = ORIENTED_EDGE('',*,*,#6107,.T.);
#7248 = ORIENTED_EDGE('',*,*,#7249,.T.);
#7249 = EDGE_CURVE('',#6108,#7250,#7252,.T.);
#7250 = VERTEX_POINT('',#7251);
#7251 = CARTESIAN_POINT('',(0.948480775301,1.2,0.667364817767));
#7252 = CIRCLE('',#7253,0.1);
#7253 = AXIS2_PLACEMENT_3D('',#7254,#7255,#7256);
#7254 = CARTESIAN_POINT('',(0.85,1.2,0.65));
#7255 = DIRECTION('',(-1.110223024625E-16,1.,0.));
#7256 = DIRECTION('',(0.,0.,1.));
#7257 = ORIENTED_EDGE('',*,*,#7258,.T.);
#7258 = EDGE_CURVE('',#7250,#7259,#7261,.T.);
#7259 = VERTEX_POINT('',#7260);
#7260 = CARTESIAN_POINT('',(1.02432885403,1.2,0.206587955583));
#7261 = LINE('',#7262,#7263);
#7262 = CARTESIAN_POINT('',(0.948480775301,1.2,0.667364817767));
#7263 = VECTOR('',#7264,1.);
#7264 = DIRECTION('',(0.162423314012,1.803261029519E-17,-0.986721169868)
  );
#7265 = ORIENTED_EDGE('',*,*,#7266,.T.);
#7266 = EDGE_CURVE('',#7259,#7267,#7269,.T.);
#7267 = VERTEX_POINT('',#7268);
#7268 = CARTESIAN_POINT('',(1.270530792283,1.2,0.));
#7269 = CIRCLE('',#7270,0.25);
#7270 = AXIS2_PLACEMENT_3D('',#7271,#7272,#7273);
#7271 = CARTESIAN_POINT('',(1.270530792283,1.2,0.25));
#7272 = DIRECTION('',(1.110223024625E-16,-1.,0.));
#7273 = DIRECTION('',(-0.984807753012,-1.093356242223E-16,
    -0.173648177667));
#7274 = ORIENTED_EDGE('',*,*,#7275,.T.);
#7275 = EDGE_CURVE('',#7267,#7276,#7278,.T.);
#7276 = VERTEX_POINT('',#7277);
#7277 = CARTESIAN_POINT('',(1.4,1.2,0.));
#7278 = LINE('',#7279,#7280);
#7279 = CARTESIAN_POINT('',(1.270530792283,1.2,0.));
#7280 = VECTOR('',#7281,1.);
#7281 = DIRECTION('',(1.,1.110223024625E-16,0.));
#7282 = ORIENTED_EDGE('',*,*,#7283,.T.);
#7283 = EDGE_CURVE('',#7276,#7284,#7286,.T.);
#7284 = VERTEX_POINT('',#7285);
#7285 = CARTESIAN_POINT('',(1.4,1.2,0.15));
#7286 = LINE('',#7287,#7288);
#7287 = CARTESIAN_POINT('',(1.4,1.2,0.));
#7288 = VECTOR('',#7289,1.);
#7289 = DIRECTION('',(0.,0.,1.));
#7290 = ORIENTED_EDGE('',*,*,#7291,.T.);
#7291 = EDGE_CURVE('',#7284,#7292,#7294,.T.);
#7292 = VERTEX_POINT('',#7293);
#7293 = CARTESIAN_POINT('',(1.270530792283,1.2,0.15));
#7294 = LINE('',#7295,#7296);
#7295 = CARTESIAN_POINT('',(1.4,1.2,0.15));
#7296 = VECTOR('',#7297,1.);
#7297 = DIRECTION('',(-1.,-1.110223024625E-16,0.));
#7298 = ORIENTED_EDGE('',*,*,#7299,.T.);
#7299 = EDGE_CURVE('',#7292,#7300,#7302,.T.);
#7300 = VERTEX_POINT('',#7301);
#7301 = CARTESIAN_POINT('',(1.172050016982,1.2,0.232635182233));
#7302 = CIRCLE('',#7303,0.1);
#7303 = AXIS2_PLACEMENT_3D('',#7304,#7305,#7306);
#7304 = CARTESIAN_POINT('',(1.270530792283,1.2,0.25));
#7305 = DIRECTION('',(-1.110223024625E-16,1.,0.));
#7306 = DIRECTION('',(2.22044604925E-15,2.465190328815E-31,-1.));
#7307 = ORIENTED_EDGE('',*,*,#7308,.T.);
#7308 = EDGE_CURVE('',#7300,#7309,#7311,.T.);
#7309 = VERTEX_POINT('',#7310);
#7310 = CARTESIAN_POINT('',(1.096201938253,1.2,0.693412044417));
#7311 = LINE('',#7312,#7313);
#7312 = CARTESIAN_POINT('',(1.172050016982,1.2,0.232635182233));
#7313 = VECTOR('',#7314,1.);
#7314 = DIRECTION('',(-0.162423314012,-1.803261029519E-17,0.986721169868
    ));
#7315 = ORIENTED_EDGE('',*,*,#7316,.T.);
#7316 = EDGE_CURVE('',#7309,#6533,#7317,.T.);
#7317 = CIRCLE('',#7318,0.25);
#7318 = AXIS2_PLACEMENT_3D('',#7319,#7320,#7321);
#7319 = CARTESIAN_POINT('',(0.85,1.2,0.65));
#7320 = DIRECTION('',(1.110223024625E-16,-1.,0.));
#7321 = DIRECTION('',(0.984807753012,1.093356242223E-16,0.173648177667)
  );
#7322 = ORIENTED_EDGE('',*,*,#6532,.T.);
#7323 = PLANE('',#7324);
#7324 = AXIS2_PLACEMENT_3D('',#7325,#7326,#7327);
#7325 = CARTESIAN_POINT('',(1.069123385139,1.2,0.441695635315));
#7326 = DIRECTION('',(1.110223024625E-16,-1.,0.));
#7327 = DIRECTION('',(0.,0.,1.));
#7328 = ADVANCED_FACE('',(#7329),#7348,.F.);
#7329 = FACE_BOUND('',#7330,.F.);
#7330 = EDGE_LOOP('',(#7331,#7332,#7341,#7347));
#7331 = ORIENTED_EDGE('',*,*,#6124,.T.);
#7332 = ORIENTED_EDGE('',*,*,#7333,.T.);
#7333 = EDGE_CURVE('',#6117,#7334,#7336,.T.);
#7334 = VERTEX_POINT('',#7335);
#7335 = CARTESIAN_POINT('',(0.948480775301,0.7,0.667364817767));
#7336 = CIRCLE('',#7337,0.1);
#7337 = AXIS2_PLACEMENT_3D('',#7338,#7339,#7340);
#7338 = CARTESIAN_POINT('',(0.85,0.7,0.65));
#7339 = DIRECTION('',(-1.110223024625E-16,1.,0.));
#7340 = DIRECTION('',(0.,0.,1.));
#7341 = ORIENTED_EDGE('',*,*,#7342,.F.);
#7342 = EDGE_CURVE('',#7250,#7334,#7343,.T.);
#7343 = LINE('',#7344,#7345);
#7344 = CARTESIAN_POINT('',(0.948480775301,1.2,0.667364817767));
#7345 = VECTOR('',#7346,1.);
#7346 = DIRECTION('',(1.110223024625E-16,-1.,0.));
#7347 = ORIENTED_EDGE('',*,*,#7249,.F.);
#7348 = CYLINDRICAL_SURFACE('',#7349,0.1);
#7349 = AXIS2_PLACEMENT_3D('',#7350,#7351,#7352);
#7350 = CARTESIAN_POINT('',(0.85,1.2,0.65));
#7351 = DIRECTION('',(-1.110223024625E-16,1.,0.));
#7352 = DIRECTION('',(0.,0.,1.));
#7353 = ADVANCED_FACE('',(#7354),#7425,.T.);
#7354 = FACE_BOUND('',#7355,.T.);
#7355 = EDGE_LOOP('',(#7356,#7357,#7358,#7359,#7367,#7376,#7384,#7392,
    #7400,#7409,#7417,#7424));
#7356 = ORIENTED_EDGE('',*,*,#6138,.F.);
#7357 = ORIENTED_EDGE('',*,*,#6116,.T.);
#7358 = ORIENTED_EDGE('',*,*,#7333,.T.);
#7359 = ORIENTED_EDGE('',*,*,#7360,.T.);
#7360 = EDGE_CURVE('',#7334,#7361,#7363,.T.);
#7361 = VERTEX_POINT('',#7362);
#7362 = CARTESIAN_POINT('',(1.02432885403,0.7,0.206587955583));
#7363 = LINE('',#7364,#7365);
#7364 = CARTESIAN_POINT('',(0.948480775301,0.7,0.667364817767));
#7365 = VECTOR('',#7366,1.);
#7366 = DIRECTION('',(0.162423314012,1.803261029519E-17,-0.986721169868)
  );
#7367 = ORIENTED_EDGE('',*,*,#7368,.T.);
#7368 = EDGE_CURVE('',#7361,#7369,#7371,.T.);
#7369 = VERTEX_POINT('',#7370);
#7370 = CARTESIAN_POINT('',(1.270530792283,0.7,0.));
#7371 = CIRCLE('',#7372,0.25);
#7372 = AXIS2_PLACEMENT_3D('',#7373,#7374,#7375);
#7373 = CARTESIAN_POINT('',(1.270530792283,0.7,0.25));
#7374 = DIRECTION('',(1.110223024625E-16,-1.,0.));
#7375 = DIRECTION('',(-0.984807753012,-1.093356242223E-16,
    -0.173648177667));
#7376 = ORIENTED_EDGE('',*,*,#7377,.T.);
#7377 = EDGE_CURVE('',#7369,#7378,#7380,.T.);
#7378 = VERTEX_POINT('',#7379);
#7379 = CARTESIAN_POINT('',(1.4,0.7,0.));
#7380 = LINE('',#7381,#7382);
#7381 = CARTESIAN_POINT('',(1.270530792283,0.7,0.));
#7382 = VECTOR('',#7383,1.);
#7383 = DIRECTION('',(1.,1.110223024625E-16,0.));
#7384 = ORIENTED_EDGE('',*,*,#7385,.T.);
#7385 = EDGE_CURVE('',#7378,#7386,#7388,.T.);
#7386 = VERTEX_POINT('',#7387);
#7387 = CARTESIAN_POINT('',(1.4,0.7,0.15));
#7388 = LINE('',#7389,#7390);
#7389 = CARTESIAN_POINT('',(1.4,0.7,0.));
#7390 = VECTOR('',#7391,1.);
#7391 = DIRECTION('',(0.,0.,1.));
#7392 = ORIENTED_EDGE('',*,*,#7393,.T.);
#7393 = EDGE_CURVE('',#7386,#7394,#7396,.T.);
#7394 = VERTEX_POINT('',#7395);
#7395 = CARTESIAN_POINT('',(1.270530792283,0.7,0.15));
#7396 = LINE('',#7397,#7398);
#7397 = CARTESIAN_POINT('',(1.4,0.7,0.15));
#7398 = VECTOR('',#7399,1.);
#7399 = DIRECTION('',(-1.,-1.110223024625E-16,0.));
#7400 = ORIENTED_EDGE('',*,*,#7401,.T.);
#7401 = EDGE_CURVE('',#7394,#7402,#7404,.T.);
#7402 = VERTEX_POINT('',#7403);
#7403 = CARTESIAN_POINT('',(1.172050016982,0.7,0.232635182233));
#7404 = CIRCLE('',#7405,0.1);
#7405 = AXIS2_PLACEMENT_3D('',#7406,#7407,#7408);
#7406 = CARTESIAN_POINT('',(1.270530792283,0.7,0.25));
#7407 = DIRECTION('',(-1.110223024625E-16,1.,0.));
#7408 = DIRECTION('',(2.22044604925E-15,2.465190328815E-31,-1.));
#7409 = ORIENTED_EDGE('',*,*,#7410,.T.);
#7410 = EDGE_CURVE('',#7402,#7411,#7413,.T.);
#7411 = VERTEX_POINT('',#7412);
#7412 = CARTESIAN_POINT('',(1.096201938253,0.7,0.693412044417));
#7413 = LINE('',#7414,#7415);
#7414 = CARTESIAN_POINT('',(1.172050016982,0.7,0.232635182233));
#7415 = VECTOR('',#7416,1.);
#7416 = DIRECTION('',(-0.162423314012,-1.803261029519E-17,0.986721169868
    ));
#7417 = ORIENTED_EDGE('',*,*,#7418,.T.);
#7418 = EDGE_CURVE('',#7411,#6541,#7419,.T.);
#7419 = CIRCLE('',#7420,0.25);
#7420 = AXIS2_PLACEMENT_3D('',#7421,#7422,#7423);
#7421 = CARTESIAN_POINT('',(0.85,0.7,0.65));
#7422 = DIRECTION('',(1.110223024625E-16,-1.,0.));
#7423 = DIRECTION('',(0.984807753012,1.093356242223E-16,0.173648177667)
  );
#7424 = ORIENTED_EDGE('',*,*,#6548,.T.);
#7425 = PLANE('',#7426);
#7426 = AXIS2_PLACEMENT_3D('',#7427,#7428,#7429);
#7427 = CARTESIAN_POINT('',(1.069123385139,0.7,0.441695635315));
#7428 = DIRECTION('',(1.110223024625E-16,-1.,0.));
#7429 = DIRECTION('',(0.,0.,1.));
#7430 = ADVANCED_FACE('',(#7431),#7442,.F.);
#7431 = FACE_BOUND('',#7432,.F.);
#7432 = EDGE_LOOP('',(#7433,#7434,#7435,#7441));
#7433 = ORIENTED_EDGE('',*,*,#6554,.F.);
#7434 = ORIENTED_EDGE('',*,*,#6155,.T.);
#7435 = ORIENTED_EDGE('',*,*,#7436,.T.);
#7436 = EDGE_CURVE('',#6148,#6487,#7437,.T.);
#7437 = LINE('',#7438,#7439);
#7438 = CARTESIAN_POINT('',(0.85,-0.7,0.9));
#7439 = VECTOR('',#7440,1.);
#7440 = DIRECTION('',(-1.,-1.110223024625E-16,0.));
#7441 = ORIENTED_EDGE('',*,*,#6486,.F.);
#7442 = PLANE('',#7443);
#7443 = AXIS2_PLACEMENT_3D('',#7444,#7445,#7446);
#7444 = CARTESIAN_POINT('',(-2.091417030376E-16,1.4375,0.9));
#7445 = DIRECTION('',(4.595758349624E-18,6.551522493592E-27,-1.));
#7446 = DIRECTION('',(1.,1.51922136901E-16,4.595758349624E-18));
#7447 = ADVANCED_FACE('',(#7448),#7534,.F.);
#7448 = FACE_BOUND('',#7449,.F.);
#7449 = EDGE_LOOP('',(#7450,#7451,#7452,#7461,#7469,#7478,#7486,#7494,
    #7502,#7511,#7519,#7528));
#7450 = ORIENTED_EDGE('',*,*,#6147,.F.);
#7451 = ORIENTED_EDGE('',*,*,#6169,.T.);
#7452 = ORIENTED_EDGE('',*,*,#7453,.T.);
#7453 = EDGE_CURVE('',#6170,#7454,#7456,.T.);
#7454 = VERTEX_POINT('',#7455);
#7455 = CARTESIAN_POINT('',(0.948480775301,-0.7,0.667364817767));
#7456 = CIRCLE('',#7457,0.1);
#7457 = AXIS2_PLACEMENT_3D('',#7458,#7459,#7460);
#7458 = CARTESIAN_POINT('',(0.85,-0.7,0.65));
#7459 = DIRECTION('',(-1.110223024625E-16,1.,0.));
#7460 = DIRECTION('',(0.,0.,1.));
#7461 = ORIENTED_EDGE('',*,*,#7462,.T.);
#7462 = EDGE_CURVE('',#7454,#7463,#7465,.T.);
#7463 = VERTEX_POINT('',#7464);
#7464 = CARTESIAN_POINT('',(1.02432885403,-0.7,0.206587955583));
#7465 = LINE('',#7466,#7467);
#7466 = CARTESIAN_POINT('',(0.948480775301,-0.7,0.667364817767));
#7467 = VECTOR('',#7468,1.);
#7468 = DIRECTION('',(0.162423314012,1.803261029519E-17,-0.986721169868)
  );
#7469 = ORIENTED_EDGE('',*,*,#7470,.T.);
#7470 = EDGE_CURVE('',#7463,#7471,#7473,.T.);
#7471 = VERTEX_POINT('',#7472);
#7472 = CARTESIAN_POINT('',(1.270530792283,-0.7,0.));
#7473 = CIRCLE('',#7474,0.25);
#7474 = AXIS2_PLACEMENT_3D('',#7475,#7476,#7477);
#7475 = CARTESIAN_POINT('',(1.270530792283,-0.7,0.25));
#7476 = DIRECTION('',(1.110223024625E-16,-1.,0.));
#7477 = DIRECTION('',(-0.984807753012,-1.093356242223E-16,
    -0.173648177667));
#7478 = ORIENTED_EDGE('',*,*,#7479,.T.);
#7479 = EDGE_CURVE('',#7471,#7480,#7482,.T.);
#7480 = VERTEX_POINT('',#7481);
#7481 = CARTESIAN_POINT('',(1.4,-0.7,0.));
#7482 = LINE('',#7483,#7484);
#7483 = CARTESIAN_POINT('',(1.270530792283,-0.7,0.));
#7484 = VECTOR('',#7485,1.);
#7485 = DIRECTION('',(1.,1.110223024625E-16,0.));
#7486 = ORIENTED_EDGE('',*,*,#7487,.T.);
#7487 = EDGE_CURVE('',#7480,#7488,#7490,.T.);
#7488 = VERTEX_POINT('',#7489);
#7489 = CARTESIAN_POINT('',(1.4,-0.7,0.15));
#7490 = LINE('',#7491,#7492);
#7491 = CARTESIAN_POINT('',(1.4,-0.7,0.));
#7492 = VECTOR('',#7493,1.);
#7493 = DIRECTION('',(0.,0.,1.));
#7494 = ORIENTED_EDGE('',*,*,#7495,.T.);
#7495 = EDGE_CURVE('',#7488,#7496,#7498,.T.);
#7496 = VERTEX_POINT('',#7497);
#7497 = CARTESIAN_POINT('',(1.270530792283,-0.7,0.15));
#7498 = LINE('',#7499,#7500);
#7499 = CARTESIAN_POINT('',(1.4,-0.7,0.15));
#7500 = VECTOR('',#7501,1.);
#7501 = DIRECTION('',(-1.,-1.110223024625E-16,0.));
#7502 = ORIENTED_EDGE('',*,*,#7503,.T.);
#7503 = EDGE_CURVE('',#7496,#7504,#7506,.T.);
#7504 = VERTEX_POINT('',#7505);
#7505 = CARTESIAN_POINT('',(1.172050016982,-0.7,0.232635182233));
#7506 = CIRCLE('',#7507,0.1);
#7507 = AXIS2_PLACEMENT_3D('',#7508,#7509,#7510);
#7508 = CARTESIAN_POINT('',(1.270530792283,-0.7,0.25));
#7509 = DIRECTION('',(-1.110223024625E-16,1.,0.));
#7510 = DIRECTION('',(2.22044604925E-15,2.465190328815E-31,-1.));
#7511 = ORIENTED_EDGE('',*,*,#7512,.T.);
#7512 = EDGE_CURVE('',#7504,#7513,#7515,.T.);
#7513 = VERTEX_POINT('',#7514);
#7514 = CARTESIAN_POINT('',(1.096201938253,-0.7,0.693412044417));
#7515 = LINE('',#7516,#7517);
#7516 = CARTESIAN_POINT('',(1.172050016982,-0.7,0.232635182233));
#7517 = VECTOR('',#7518,1.);
#7518 = DIRECTION('',(-0.162423314012,-1.803261029519E-17,0.986721169868
    ));
#7519 = ORIENTED_EDGE('',*,*,#7520,.T.);
#7520 = EDGE_CURVE('',#7513,#7521,#7523,.T.);
#7521 = VERTEX_POINT('',#7522);
#7522 = CARTESIAN_POINT('',(0.85,-0.7,0.9));
#7523 = CIRCLE('',#7524,0.25);
#7524 = AXIS2_PLACEMENT_3D('',#7525,#7526,#7527);
#7525 = CARTESIAN_POINT('',(0.85,-0.7,0.65));
#7526 = DIRECTION('',(1.110223024625E-16,-1.,0.));
#7527 = DIRECTION('',(0.984807753012,1.093356242223E-16,0.173648177667)
  );
#7528 = ORIENTED_EDGE('',*,*,#7529,.T.);
#7529 = EDGE_CURVE('',#7521,#6148,#7530,.T.);
#7530 = LINE('',#7531,#7532);
#7531 = CARTESIAN_POINT('',(0.85,-0.7,0.9));
#7532 = VECTOR('',#7533,1.);
#7533 = DIRECTION('',(-1.,-1.110223024625E-16,0.));
#7534 = PLANE('',#7535);
#7535 = AXIS2_PLACEMENT_3D('',#7536,#7537,#7538);
#7536 = CARTESIAN_POINT('',(1.069123385139,-0.7,0.441695635315));
#7537 = DIRECTION('',(1.110223024625E-16,-1.,0.));
#7538 = DIRECTION('',(0.,0.,1.));
#7539 = ADVANCED_FACE('',(#7540),#7559,.F.);
#7540 = FACE_BOUND('',#7541,.F.);
#7541 = EDGE_LOOP('',(#7542,#7543,#7552,#7558));
#7542 = ORIENTED_EDGE('',*,*,#6186,.T.);
#7543 = ORIENTED_EDGE('',*,*,#7544,.T.);
#7544 = EDGE_CURVE('',#6179,#7545,#7547,.T.);
#7545 = VERTEX_POINT('',#7546);
#7546 = CARTESIAN_POINT('',(0.948480775301,-1.2,0.667364817767));
#7547 = CIRCLE('',#7548,0.1);
#7548 = AXIS2_PLACEMENT_3D('',#7549,#7550,#7551);
#7549 = CARTESIAN_POINT('',(0.85,-1.2,0.65));
#7550 = DIRECTION('',(-1.110223024625E-16,1.,0.));
#7551 = DIRECTION('',(0.,0.,1.));
#7552 = ORIENTED_EDGE('',*,*,#7553,.F.);
#7553 = EDGE_CURVE('',#7454,#7545,#7554,.T.);
#7554 = LINE('',#7555,#7556);
#7555 = CARTESIAN_POINT('',(0.948480775301,-0.7,0.667364817767));
#7556 = VECTOR('',#7557,1.);
#7557 = DIRECTION('',(1.110223024625E-16,-1.,0.));
#7558 = ORIENTED_EDGE('',*,*,#7453,.F.);
#7559 = CYLINDRICAL_SURFACE('',#7560,0.1);
#7560 = AXIS2_PLACEMENT_3D('',#7561,#7562,#7563);
#7561 = CARTESIAN_POINT('',(0.85,-0.7,0.65));
#7562 = DIRECTION('',(-1.110223024625E-16,1.,0.));
#7563 = DIRECTION('',(0.,0.,1.));
#7564 = ADVANCED_FACE('',(#7565),#7643,.T.);
#7565 = FACE_BOUND('',#7566,.T.);
#7566 = EDGE_LOOP('',(#7567,#7568,#7569,#7570,#7578,#7587,#7595,#7603,
    #7611,#7620,#7628,#7637));
#7567 = ORIENTED_EDGE('',*,*,#6200,.F.);
#7568 = ORIENTED_EDGE('',*,*,#6178,.T.);
#7569 = ORIENTED_EDGE('',*,*,#7544,.T.);
#7570 = ORIENTED_EDGE('',*,*,#7571,.T.);
#7571 = EDGE_CURVE('',#7545,#7572,#7574,.T.);
#7572 = VERTEX_POINT('',#7573);
#7573 = CARTESIAN_POINT('',(1.02432885403,-1.2,0.206587955583));
#7574 = LINE('',#7575,#7576);
#7575 = CARTESIAN_POINT('',(0.948480775301,-1.2,0.667364817767));
#7576 = VECTOR('',#7577,1.);
#7577 = DIRECTION('',(0.162423314012,1.803261029519E-17,-0.986721169868)
  );
#7578 = ORIENTED_EDGE('',*,*,#7579,.T.);
#7579 = EDGE_CURVE('',#7572,#7580,#7582,.T.);
#7580 = VERTEX_POINT('',#7581);
#7581 = CARTESIAN_POINT('',(1.270530792283,-1.2,0.));
#7582 = CIRCLE('',#7583,0.25);
#7583 = AXIS2_PLACEMENT_3D('',#7584,#7585,#7586);
#7584 = CARTESIAN_POINT('',(1.270530792283,-1.2,0.25));
#7585 = DIRECTION('',(1.110223024625E-16,-1.,0.));
#7586 = DIRECTION('',(-0.984807753012,-1.093356242223E-16,
    -0.173648177667));
#7587 = ORIENTED_EDGE('',*,*,#7588,.T.);
#7588 = EDGE_CURVE('',#7580,#7589,#7591,.T.);
#7589 = VERTEX_POINT('',#7590);
#7590 = CARTESIAN_POINT('',(1.4,-1.2,0.));
#7591 = LINE('',#7592,#7593);
#7592 = CARTESIAN_POINT('',(1.270530792283,-1.2,0.));
#7593 = VECTOR('',#7594,1.);
#7594 = DIRECTION('',(1.,1.110223024625E-16,0.));
#7595 = ORIENTED_EDGE('',*,*,#7596,.T.);
#7596 = EDGE_CURVE('',#7589,#7597,#7599,.T.);
#7597 = VERTEX_POINT('',#7598);
#7598 = CARTESIAN_POINT('',(1.4,-1.2,0.15));
#7599 = LINE('',#7600,#7601);
#7600 = CARTESIAN_POINT('',(1.4,-1.2,0.));
#7601 = VECTOR('',#7602,1.);
#7602 = DIRECTION('',(0.,0.,1.));
#7603 = ORIENTED_EDGE('',*,*,#7604,.T.);
#7604 = EDGE_CURVE('',#7597,#7605,#7607,.T.);
#7605 = VERTEX_POINT('',#7606);
#7606 = CARTESIAN_POINT('',(1.270530792283,-1.2,0.15));
#7607 = LINE('',#7608,#7609);
#7608 = CARTESIAN_POINT('',(1.4,-1.2,0.15));
#7609 = VECTOR('',#7610,1.);
#7610 = DIRECTION('',(-1.,-1.110223024625E-16,0.));
#7611 = ORIENTED_EDGE('',*,*,#7612,.T.);
#7612 = EDGE_CURVE('',#7605,#7613,#7615,.T.);
#7613 = VERTEX_POINT('',#7614);
#7614 = CARTESIAN_POINT('',(1.172050016982,-1.2,0.232635182233));
#7615 = CIRCLE('',#7616,0.1);
#7616 = AXIS2_PLACEMENT_3D('',#7617,#7618,#7619);
#7617 = CARTESIAN_POINT('',(1.270530792283,-1.2,0.25));
#7618 = DIRECTION('',(-1.110223024625E-16,1.,0.));
#7619 = DIRECTION('',(2.22044604925E-15,2.465190328815E-31,-1.));
#7620 = ORIENTED_EDGE('',*,*,#7621,.T.);
#7621 = EDGE_CURVE('',#7613,#7622,#7624,.T.);
#7622 = VERTEX_POINT('',#7623);
#7623 = CARTESIAN_POINT('',(1.096201938253,-1.2,0.693412044417));
#7624 = LINE('',#7625,#7626);
#7625 = CARTESIAN_POINT('',(1.172050016982,-1.2,0.232635182233));
#7626 = VECTOR('',#7627,1.);
#7627 = DIRECTION('',(-0.162423314012,-1.803261029519E-17,0.986721169868
    ));
#7628 = ORIENTED_EDGE('',*,*,#7629,.T.);
#7629 = EDGE_CURVE('',#7622,#7630,#7632,.T.);
#7630 = VERTEX_POINT('',#7631);
#7631 = CARTESIAN_POINT('',(0.85,-1.2,0.9));
#7632 = CIRCLE('',#7633,0.25);
#7633 = AXIS2_PLACEMENT_3D('',#7634,#7635,#7636);
#7634 = CARTESIAN_POINT('',(0.85,-1.2,0.65));
#7635 = DIRECTION('',(1.110223024625E-16,-1.,0.));
#7636 = DIRECTION('',(0.984807753012,1.093356242223E-16,0.173648177667)
  );
#7637 = ORIENTED_EDGE('',*,*,#7638,.T.);
#7638 = EDGE_CURVE('',#7630,#6201,#7639,.T.);
#7639 = LINE('',#7640,#7641);
#7640 = CARTESIAN_POINT('',(0.85,-1.2,0.9));
#7641 = VECTOR('',#7642,1.);
#7642 = DIRECTION('',(-1.,-1.110223024625E-16,0.));
#7643 = PLANE('',#7644);
#7644 = AXIS2_PLACEMENT_3D('',#7645,#7646,#7647);
#7645 = CARTESIAN_POINT('',(1.069123385139,-1.2,0.441695635315));
#7646 = DIRECTION('',(1.110223024625E-16,-1.,0.));
#7647 = DIRECTION('',(0.,0.,1.));
#7648 = ADVANCED_FACE('',(#7649),#7660,.T.);
#7649 = FACE_BOUND('',#7650,.T.);
#7650 = EDGE_LOOP('',(#7651,#7652,#7653,#7654));
#7651 = ORIENTED_EDGE('',*,*,#7129,.T.);
#7652 = ORIENTED_EDGE('',*,*,#6301,.T.);
#7653 = ORIENTED_EDGE('',*,*,#7231,.F.);
#7654 = ORIENTED_EDGE('',*,*,#7655,.F.);
#7655 = EDGE_CURVE('',#7122,#7224,#7656,.T.);
#7656 = LINE('',#7657,#7658);
#7657 = CARTESIAN_POINT('',(-1.096201938253,0.7,0.693412044417));
#7658 = VECTOR('',#7659,1.);
#7659 = DIRECTION('',(1.144237745222E-17,1.,0.));
#7660 = CYLINDRICAL_SURFACE('',#7661,0.25);
#7661 = AXIS2_PLACEMENT_3D('',#7662,#7663,#7664);
#7662 = CARTESIAN_POINT('',(-0.85,0.7,0.65));
#7663 = DIRECTION('',(-1.144237745222E-17,-1.,0.));
#7664 = DIRECTION('',(-0.984807753012,1.126854202784E-17,0.173648177667)
  );
#7665 = ADVANCED_FACE('',(#7666),#7679,.F.);
#7666 = FACE_BOUND('',#7667,.F.);
#7667 = EDGE_LOOP('',(#7668,#7669,#7675,#7676,#7677,#7678));
#7668 = ORIENTED_EDGE('',*,*,#6697,.F.);
#7669 = ORIENTED_EDGE('',*,*,#7670,.T.);
#7670 = EDGE_CURVE('',#6689,#6798,#7671,.T.);
#7671 = LINE('',#7672,#7673);
#7672 = CARTESIAN_POINT('',(-0.85,-1.2,0.9));
#7673 = VECTOR('',#7674,1.);
#7674 = DIRECTION('',(1.144237745222E-17,1.,0.));
#7675 = ORIENTED_EDGE('',*,*,#6806,.T.);
#7676 = ORIENTED_EDGE('',*,*,#6828,.T.);
#7677 = ORIENTED_EDGE('',*,*,#6348,.F.);
#7678 = ORIENTED_EDGE('',*,*,#6581,.F.);
#7679 = PLANE('',#7680);
#7680 = AXIS2_PLACEMENT_3D('',#7681,#7682,#7683);
#7681 = CARTESIAN_POINT('',(-0.85,-1.2,0.9));
#7682 = DIRECTION('',(0.,0.,-1.));
#7683 = DIRECTION('',(1.,-1.144237745222E-17,0.));
#7684 = ADVANCED_FACE('',(#7685),#7698,.F.);
#7685 = FACE_BOUND('',#7686,.F.);
#7686 = EDGE_LOOP('',(#7687,#7688,#7694,#7695,#7696,#7697));
#7687 = ORIENTED_EDGE('',*,*,#6920,.F.);
#7688 = ORIENTED_EDGE('',*,*,#7689,.T.);
#7689 = EDGE_CURVE('',#6912,#7021,#7690,.T.);
#7690 = LINE('',#7691,#7692);
#7691 = CARTESIAN_POINT('',(-0.85,-0.25,0.9));
#7692 = VECTOR('',#7693,1.);
#7693 = DIRECTION('',(1.144237745222E-17,1.,0.));
#7694 = ORIENTED_EDGE('',*,*,#7029,.T.);
#7695 = ORIENTED_EDGE('',*,*,#7046,.T.);
#7696 = ORIENTED_EDGE('',*,*,#6364,.F.);
#7697 = ORIENTED_EDGE('',*,*,#6821,.F.);
#7698 = PLANE('',#7699);
#7699 = AXIS2_PLACEMENT_3D('',#7700,#7701,#7702);
#7700 = CARTESIAN_POINT('',(-0.85,-0.25,0.9));
#7701 = DIRECTION('',(0.,0.,-1.));
#7702 = DIRECTION('',(1.,-1.144237745222E-17,0.));
#7703 = ADVANCED_FACE('',(#7704,#7733),#7744,.T.);
#7704 = FACE_BOUND('',#7705,.T.);
#7705 = EDGE_LOOP('',(#7706,#7707,#7708,#7709,#7717,#7725,#7731,#7732));
#7706 = ORIENTED_EDGE('',*,*,#6439,.F.);
#7707 = ORIENTED_EDGE('',*,*,#6416,.F.);
#7708 = ORIENTED_EDGE('',*,*,#6387,.F.);
#7709 = ORIENTED_EDGE('',*,*,#7710,.F.);
#7710 = EDGE_CURVE('',#7711,#6388,#7713,.T.);
#7711 = VERTEX_POINT('',#7712);
#7712 = CARTESIAN_POINT('',(-0.646824228722,-1.333648457443,1.55));
#7713 = LINE('',#7714,#7715);
#7714 = CARTESIAN_POINT('',(-0.646824228722,-1.333648457443,1.55));
#7715 = VECTOR('',#7716,1.);
#7716 = DIRECTION('',(-0.707106781187,0.707106781187,0.));
#7717 = ORIENTED_EDGE('',*,*,#7718,.F.);
#7718 = EDGE_CURVE('',#7719,#7711,#7721,.T.);
#7719 = VERTEX_POINT('',#7720);
#7720 = CARTESIAN_POINT('',(0.646824228722,-1.333648457443,1.55));
#7721 = LINE('',#7722,#7723);
#7722 = CARTESIAN_POINT('',(0.646824228722,-1.333648457443,1.55));
#7723 = VECTOR('',#7724,1.);
#7724 = DIRECTION('',(-1.,-1.110223024625E-16,0.));
#7725 = ORIENTED_EDGE('',*,*,#7726,.F.);
#7726 = EDGE_CURVE('',#6511,#7719,#7727,.T.);
#7727 = LINE('',#7728,#7729);
#7728 = CARTESIAN_POINT('',(0.683648457443,-1.296824228722,1.55));
#7729 = VECTOR('',#7730,1.);
#7730 = DIRECTION('',(-0.707106781187,-0.707106781187,0.));
#7731 = ORIENTED_EDGE('',*,*,#6517,.F.);
#7732 = ORIENTED_EDGE('',*,*,#6462,.F.);
#7733 = FACE_BOUND('',#7734,.T.);
#7734 = EDGE_LOOP('',(#7735));
#7735 = ORIENTED_EDGE('',*,*,#7736,.T.);
#7736 = EDGE_CURVE('',#7737,#7737,#7739,.T.);
#7737 = VERTEX_POINT('',#7738);
#7738 = CARTESIAN_POINT('',(-0.483648457443,1.083648457443,1.55));
#7739 = CIRCLE('',#7740,5.E-02);
#7740 = AXIS2_PLACEMENT_3D('',#7741,#7742,#7743);
#7741 = CARTESIAN_POINT('',(-0.483648457443,1.133648457443,1.55));
#7742 = DIRECTION('',(0.,-0.,-1.));
#7743 = DIRECTION('',(1.110223024625E-16,-1.,0.));
#7744 = PLANE('',#7745);
#7745 = AXIS2_PLACEMENT_3D('',#7746,#7747,#7748);
#7746 = CARTESIAN_POINT('',(-0.646824228722,1.333648457443,1.55));
#7747 = DIRECTION('',(0.,0.,1.));
#7748 = DIRECTION('',(0.436386464522,-0.899759330922,0.));
#7749 = ADVANCED_FACE('',(#7750),#7760,.F.);
#7750 = FACE_BOUND('',#7751,.F.);
#7751 = EDGE_LOOP('',(#7752,#7753,#7754,#7755));
#7752 = ORIENTED_EDGE('',*,*,#6588,.T.);
#7753 = ORIENTED_EDGE('',*,*,#6395,.T.);
#7754 = ORIENTED_EDGE('',*,*,#7710,.F.);
#7755 = ORIENTED_EDGE('',*,*,#7756,.F.);
#7756 = EDGE_CURVE('',#6589,#7711,#7757,.T.);
#7757 = B_SPLINE_CURVE_WITH_KNOTS('',1,(#7758,#7759),.UNSPECIFIED.,.F.,
  .F.,(2,2),(0.,1.),.PIECEWISE_BEZIER_KNOTS.);
#7758 = CARTESIAN_POINT('',(-0.6925,-1.425,0.9));
#7759 = CARTESIAN_POINT('',(-0.646824228722,-1.333648457443,1.55));
#7760 = B_SPLINE_SURFACE_WITH_KNOTS('',1,1,(
    (#7761,#7762)
    ,(#7763,#7764
    )),.UNSPECIFIED.,.F.,.F.,.F.,(2,2),(2,2),(0.,0.116672618896),(0.,1.)
  ,.PIECEWISE_BEZIER_KNOTS.);
#7761 = CARTESIAN_POINT('',(-0.6925,-1.425,0.9));
#7762 = CARTESIAN_POINT('',(-0.646824228722,-1.333648457443,1.55));
#7763 = CARTESIAN_POINT('',(-0.775,-1.3425,0.9));
#7764 = CARTESIAN_POINT('',(-0.683648457443,-1.296824228722,1.55));
#7765 = ADVANCED_FACE('',(#7766),#7779,.F.);
#7766 = FACE_BOUND('',#7767,.F.);
#7767 = EDGE_LOOP('',(#7768,#7769,#7775,#7776,#7777,#7778));
#7768 = ORIENTED_EDGE('',*,*,#7529,.F.);
#7769 = ORIENTED_EDGE('',*,*,#7770,.T.);
#7770 = EDGE_CURVE('',#7521,#7630,#7771,.T.);
#7771 = LINE('',#7772,#7773);
#7772 = CARTESIAN_POINT('',(0.85,-0.7,0.9));
#7773 = VECTOR('',#7774,1.);
#7774 = DIRECTION('',(1.110223024625E-16,-1.,0.));
#7775 = ORIENTED_EDGE('',*,*,#7638,.T.);
#7776 = ORIENTED_EDGE('',*,*,#6570,.T.);
#7777 = ORIENTED_EDGE('',*,*,#6494,.F.);
#7778 = ORIENTED_EDGE('',*,*,#7436,.F.);
#7779 = PLANE('',#7780);
#7780 = AXIS2_PLACEMENT_3D('',#7781,#7782,#7783);
#7781 = CARTESIAN_POINT('',(0.85,-0.7,0.9));
#7782 = DIRECTION('',(0.,0.,-1.));
#7783 = DIRECTION('',(-1.,-1.110223024625E-16,-0.));
#7784 = ADVANCED_FACE('',(#7785),#7795,.F.);
#7785 = FACE_BOUND('',#7786,.F.);
#7786 = EDGE_LOOP('',(#7787,#7788,#7793,#7794));
#7787 = ORIENTED_EDGE('',*,*,#6604,.T.);
#7788 = ORIENTED_EDGE('',*,*,#7789,.T.);
#7789 = EDGE_CURVE('',#6597,#7719,#7790,.T.);
#7790 = B_SPLINE_CURVE_WITH_KNOTS('',1,(#7791,#7792),.UNSPECIFIED.,.F.,
  .F.,(2,2),(0.,1.),.PIECEWISE_BEZIER_KNOTS.);
#7791 = CARTESIAN_POINT('',(0.6925,-1.425,0.9));
#7792 = CARTESIAN_POINT('',(0.646824228722,-1.333648457443,1.55));
#7793 = ORIENTED_EDGE('',*,*,#7726,.F.);
#7794 = ORIENTED_EDGE('',*,*,#6510,.F.);
#7795 = B_SPLINE_SURFACE_WITH_KNOTS('',1,1,(
    (#7796,#7797)
    ,(#7798,#7799
    )),.UNSPECIFIED.,.F.,.F.,.F.,(2,2),(2,2),(0.,0.116672618896),(0.,1.)
  ,.PIECEWISE_BEZIER_KNOTS.);
#7796 = CARTESIAN_POINT('',(0.775,-1.3425,0.9));
#7797 = CARTESIAN_POINT('',(0.683648457443,-1.296824228722,1.55));
#7798 = CARTESIAN_POINT('',(0.6925,-1.425,0.9));
#7799 = CARTESIAN_POINT('',(0.646824228722,-1.333648457443,1.55));
#7800 = ADVANCED_FACE('',(#7801),#7812,.T.);
#7801 = FACE_BOUND('',#7802,.T.);
#7802 = EDGE_LOOP('',(#7803,#7804,#7805,#7806));
#7803 = ORIENTED_EDGE('',*,*,#7316,.T.);
#7804 = ORIENTED_EDGE('',*,*,#6540,.T.);
#7805 = ORIENTED_EDGE('',*,*,#7418,.F.);
#7806 = ORIENTED_EDGE('',*,*,#7807,.F.);
#7807 = EDGE_CURVE('',#7309,#7411,#7808,.T.);
#7808 = LINE('',#7809,#7810);
#7809 = CARTESIAN_POINT('',(1.096201938253,1.2,0.693412044417));
#7810 = VECTOR('',#7811,1.);
#7811 = DIRECTION('',(1.110223024625E-16,-1.,0.));
#7812 = CYLINDRICAL_SURFACE('',#7813,0.25);
#7813 = AXIS2_PLACEMENT_3D('',#7814,#7815,#7816);
#7814 = CARTESIAN_POINT('',(0.85,1.2,0.65));
#7815 = DIRECTION('',(-1.110223024625E-16,1.,0.));
#7816 = DIRECTION('',(0.984807753012,1.093356242223E-16,0.173648177667)
  );
#7817 = ADVANCED_FACE('',(#7818),#7824,.F.);
#7818 = FACE_BOUND('',#7819,.F.);
#7819 = EDGE_LOOP('',(#7820,#7821,#7822,#7823));
#7820 = ORIENTED_EDGE('',*,*,#6596,.T.);
#7821 = ORIENTED_EDGE('',*,*,#7756,.T.);
#7822 = ORIENTED_EDGE('',*,*,#7718,.F.);
#7823 = ORIENTED_EDGE('',*,*,#7789,.F.);
#7824 = B_SPLINE_SURFACE_WITH_KNOTS('',1,1,(
    (#7825,#7826)
    ,(#7827,#7828
    )),.UNSPECIFIED.,.F.,.F.,.F.,(2,2),(2,2),(0.,1.385),(0.,1.),
  .PIECEWISE_BEZIER_KNOTS.);
#7825 = CARTESIAN_POINT('',(0.6925,-1.425,0.9));
#7826 = CARTESIAN_POINT('',(0.646824228722,-1.333648457443,1.55));
#7827 = CARTESIAN_POINT('',(-0.6925,-1.425,0.9));
#7828 = CARTESIAN_POINT('',(-0.646824228722,-1.333648457443,1.55));
#7829 = ADVANCED_FACE('',(#7830),#7841,.T.);
#7830 = FACE_BOUND('',#7831,.T.);
#7831 = EDGE_LOOP('',(#7832,#7833,#7834,#7835));
#7832 = ORIENTED_EDGE('',*,*,#6688,.T.);
#7833 = ORIENTED_EDGE('',*,*,#7670,.T.);
#7834 = ORIENTED_EDGE('',*,*,#6797,.F.);
#7835 = ORIENTED_EDGE('',*,*,#7836,.F.);
#7836 = EDGE_CURVE('',#6681,#6790,#7837,.T.);
#7837 = LINE('',#7838,#7839);
#7838 = CARTESIAN_POINT('',(-1.096201938253,-1.2,0.693412044417));
#7839 = VECTOR('',#7840,1.);
#7840 = DIRECTION('',(1.144237745222E-17,1.,0.));
#7841 = CYLINDRICAL_SURFACE('',#7842,0.25);
#7842 = AXIS2_PLACEMENT_3D('',#7843,#7844,#7845);
#7843 = CARTESIAN_POINT('',(-0.85,-1.2,0.65));
#7844 = DIRECTION('',(-1.144237745222E-17,-1.,0.));
#7845 = DIRECTION('',(-0.984807753012,1.126854202784E-17,0.173648177667)
  );
#7846 = ADVANCED_FACE('',(#7847),#7858,.F.);
#7847 = FACE_BOUND('',#7848,.F.);
#7848 = EDGE_LOOP('',(#7849,#7855,#7856,#7857));
#7849 = ORIENTED_EDGE('',*,*,#7850,.T.);
#7850 = EDGE_CURVE('',#6672,#6781,#7851,.T.);
#7851 = LINE('',#7852,#7853);
#7852 = CARTESIAN_POINT('',(-1.172050016982,-1.2,0.232635182233));
#7853 = VECTOR('',#7854,1.);
#7854 = DIRECTION('',(1.144237745222E-17,1.,0.));
#7855 = ORIENTED_EDGE('',*,*,#6789,.T.);
#7856 = ORIENTED_EDGE('',*,*,#7836,.F.);
#7857 = ORIENTED_EDGE('',*,*,#6680,.F.);
#7858 = PLANE('',#7859);
#7859 = AXIS2_PLACEMENT_3D('',#7860,#7861,#7862);
#7860 = CARTESIAN_POINT('',(-1.172050016982,-1.2,0.232635182233));
#7861 = DIRECTION('',(0.986721169868,-1.129043606572E-17,-0.162423314012
    ));
#7862 = DIRECTION('',(0.162423314012,-1.858508865964E-18,0.986721169868)
  );
#7863 = ADVANCED_FACE('',(#7864),#7875,.F.);
#7864 = FACE_BOUND('',#7865,.F.);
#7865 = EDGE_LOOP('',(#7866,#7872,#7873,#7874));
#7866 = ORIENTED_EDGE('',*,*,#7867,.T.);
#7867 = EDGE_CURVE('',#6664,#6773,#7868,.T.);
#7868 = LINE('',#7869,#7870);
#7869 = CARTESIAN_POINT('',(-1.270530792283,-1.2,0.15));
#7870 = VECTOR('',#7871,1.);
#7871 = DIRECTION('',(1.144237745222E-17,1.,0.));
#7872 = ORIENTED_EDGE('',*,*,#6780,.T.);
#7873 = ORIENTED_EDGE('',*,*,#7850,.F.);
#7874 = ORIENTED_EDGE('',*,*,#6671,.F.);
#7875 = CYLINDRICAL_SURFACE('',#7876,0.1);
#7876 = AXIS2_PLACEMENT_3D('',#7877,#7878,#7879);
#7877 = CARTESIAN_POINT('',(-1.270530792283,-1.2,0.25));
#7878 = DIRECTION('',(-1.144237745222E-17,-1.,0.));
#7879 = DIRECTION('',(-2.22044604925E-15,2.540718180781E-32,-1.));
#7880 = ADVANCED_FACE('',(#7881),#7892,.F.);
#7881 = FACE_BOUND('',#7882,.F.);
#7882 = EDGE_LOOP('',(#7883,#7889,#7890,#7891));
#7883 = ORIENTED_EDGE('',*,*,#7884,.T.);
#7884 = EDGE_CURVE('',#6656,#6765,#7885,.T.);
#7885 = LINE('',#7886,#7887);
#7886 = CARTESIAN_POINT('',(-1.4,-1.2,0.15));
#7887 = VECTOR('',#7888,1.);
#7888 = DIRECTION('',(1.144237745222E-17,1.,0.));
#7889 = ORIENTED_EDGE('',*,*,#6772,.T.);
#7890 = ORIENTED_EDGE('',*,*,#7867,.F.);
#7891 = ORIENTED_EDGE('',*,*,#6663,.F.);
#7892 = PLANE('',#7893);
#7893 = AXIS2_PLACEMENT_3D('',#7894,#7895,#7896);
#7894 = CARTESIAN_POINT('',(-1.4,-1.2,0.15));
#7895 = DIRECTION('',(0.,0.,-1.));
#7896 = DIRECTION('',(1.,-1.144237745222E-17,0.));
#7897 = ADVANCED_FACE('',(#7898),#7909,.F.);
#7898 = FACE_BOUND('',#7899,.F.);
#7899 = EDGE_LOOP('',(#7900,#7906,#7907,#7908));
#7900 = ORIENTED_EDGE('',*,*,#7901,.T.);
#7901 = EDGE_CURVE('',#6648,#6757,#7902,.T.);
#7902 = LINE('',#7903,#7904);
#7903 = CARTESIAN_POINT('',(-1.4,-1.2,0.));
#7904 = VECTOR('',#7905,1.);
#7905 = DIRECTION('',(1.144237745222E-17,1.,0.));
#7906 = ORIENTED_EDGE('',*,*,#6764,.T.);
#7907 = ORIENTED_EDGE('',*,*,#7884,.F.);
#7908 = ORIENTED_EDGE('',*,*,#6655,.F.);
#7909 = PLANE('',#7910);
#7910 = AXIS2_PLACEMENT_3D('',#7911,#7912,#7913);
#7911 = CARTESIAN_POINT('',(-1.4,-1.2,0.));
#7912 = DIRECTION('',(1.,-1.144237745222E-17,0.));
#7913 = DIRECTION('',(0.,0.,1.));
#7914 = ADVANCED_FACE('',(#7915),#7926,.F.);
#7915 = FACE_BOUND('',#7916,.F.);
#7916 = EDGE_LOOP('',(#7917,#7923,#7924,#7925));
#7917 = ORIENTED_EDGE('',*,*,#7918,.T.);
#7918 = EDGE_CURVE('',#6639,#6748,#7919,.T.);
#7919 = LINE('',#7920,#7921);
#7920 = CARTESIAN_POINT('',(-1.270530792283,-1.2,0.));
#7921 = VECTOR('',#7922,1.);
#7922 = DIRECTION('',(1.144237745222E-17,1.,0.));
#7923 = ORIENTED_EDGE('',*,*,#6756,.T.);
#7924 = ORIENTED_EDGE('',*,*,#7901,.F.);
#7925 = ORIENTED_EDGE('',*,*,#6647,.F.);
#7926 = PLANE('',#7927);
#7927 = AXIS2_PLACEMENT_3D('',#7928,#7929,#7930);
#7928 = CARTESIAN_POINT('',(-1.270530792283,-1.2,0.));
#7929 = DIRECTION('',(0.,0.,1.));
#7930 = DIRECTION('',(-1.,1.144237745222E-17,0.));
#7931 = ADVANCED_FACE('',(#7932),#7943,.T.);
#7932 = FACE_BOUND('',#7933,.T.);
#7933 = EDGE_LOOP('',(#7934,#7935,#7936,#7937));
#7934 = ORIENTED_EDGE('',*,*,#6638,.T.);
#7935 = ORIENTED_EDGE('',*,*,#7918,.T.);
#7936 = ORIENTED_EDGE('',*,*,#6747,.F.);
#7937 = ORIENTED_EDGE('',*,*,#7938,.F.);
#7938 = EDGE_CURVE('',#6631,#6740,#7939,.T.);
#7939 = LINE('',#7940,#7941);
#7940 = CARTESIAN_POINT('',(-1.02432885403,-1.2,0.206587955583));
#7941 = VECTOR('',#7942,1.);
#7942 = DIRECTION('',(1.144237745222E-17,1.,0.));
#7943 = CYLINDRICAL_SURFACE('',#7944,0.25);
#7944 = AXIS2_PLACEMENT_3D('',#7945,#7946,#7947);
#7945 = CARTESIAN_POINT('',(-1.270530792283,-1.2,0.25));
#7946 = DIRECTION('',(-1.144237745222E-17,-1.,0.));
#7947 = DIRECTION('',(0.984807753012,-1.126854202784E-17,-0.173648177667
    ));
#7948 = ADVANCED_FACE('',(#7949),#7955,.F.);
#7949 = FACE_BOUND('',#7950,.F.);
#7950 = EDGE_LOOP('',(#7951,#7952,#7953,#7954));
#7951 = ORIENTED_EDGE('',*,*,#6721,.T.);
#7952 = ORIENTED_EDGE('',*,*,#6739,.T.);
#7953 = ORIENTED_EDGE('',*,*,#7938,.F.);
#7954 = ORIENTED_EDGE('',*,*,#6630,.F.);
#7955 = PLANE('',#7956);
#7956 = AXIS2_PLACEMENT_3D('',#7957,#7958,#7959);
#7957 = CARTESIAN_POINT('',(-0.948480775301,-1.2,0.667364817767));
#7958 = DIRECTION('',(-0.986721169868,1.129043606572E-17,0.162423314012)
  );
#7959 = DIRECTION('',(-0.162423314012,1.858508865964E-18,-0.986721169868
    ));
#7960 = ADVANCED_FACE('',(#7961),#7972,.T.);
#7961 = FACE_BOUND('',#7962,.T.);
#7962 = EDGE_LOOP('',(#7963,#7964,#7965,#7966));
#7963 = ORIENTED_EDGE('',*,*,#6911,.T.);
#7964 = ORIENTED_EDGE('',*,*,#7689,.T.);
#7965 = ORIENTED_EDGE('',*,*,#7020,.F.);
#7966 = ORIENTED_EDGE('',*,*,#7967,.F.);
#7967 = EDGE_CURVE('',#6904,#7013,#7968,.T.);
#7968 = LINE('',#7969,#7970);
#7969 = CARTESIAN_POINT('',(-1.096201938253,-0.25,0.693412044417));
#7970 = VECTOR('',#7971,1.);
#7971 = DIRECTION('',(1.144237745222E-17,1.,0.));
#7972 = CYLINDRICAL_SURFACE('',#7973,0.25);
#7973 = AXIS2_PLACEMENT_3D('',#7974,#7975,#7976);
#7974 = CARTESIAN_POINT('',(-0.85,-0.25,0.65));
#7975 = DIRECTION('',(-1.144237745222E-17,-1.,0.));
#7976 = DIRECTION('',(-0.984807753012,1.126854202784E-17,0.173648177667)
  );
#7977 = ADVANCED_FACE('',(#7978),#7989,.F.);
#7978 = FACE_BOUND('',#7979,.F.);
#7979 = EDGE_LOOP('',(#7980,#7986,#7987,#7988));
#7980 = ORIENTED_EDGE('',*,*,#7981,.T.);
#7981 = EDGE_CURVE('',#6895,#7004,#7982,.T.);
#7982 = LINE('',#7983,#7984);
#7983 = CARTESIAN_POINT('',(-1.172050016982,-0.25,0.232635182233));
#7984 = VECTOR('',#7985,1.);
#7985 = DIRECTION('',(1.144237745222E-17,1.,0.));
#7986 = ORIENTED_EDGE('',*,*,#7012,.T.);
#7987 = ORIENTED_EDGE('',*,*,#7967,.F.);
#7988 = ORIENTED_EDGE('',*,*,#6903,.F.);
#7989 = PLANE('',#7990);
#7990 = AXIS2_PLACEMENT_3D('',#7991,#7992,#7993);
#7991 = CARTESIAN_POINT('',(-1.172050016982,-0.25,0.232635182233));
#7992 = DIRECTION('',(0.986721169868,-1.129043606572E-17,-0.162423314012
    ));
#7993 = DIRECTION('',(0.162423314012,-1.858508865964E-18,0.986721169868)
  );
#7994 = ADVANCED_FACE('',(#7995),#8006,.F.);
#7995 = FACE_BOUND('',#7996,.F.);
#7996 = EDGE_LOOP('',(#7997,#8003,#8004,#8005));
#7997 = ORIENTED_EDGE('',*,*,#7998,.T.);
#7998 = EDGE_CURVE('',#6887,#6996,#7999,.T.);
#7999 = LINE('',#8000,#8001);
#8000 = CARTESIAN_POINT('',(-1.270530792283,-0.25,0.15));
#8001 = VECTOR('',#8002,1.);
#8002 = DIRECTION('',(1.144237745222E-17,1.,0.));
#8003 = ORIENTED_EDGE('',*,*,#7003,.T.);
#8004 = ORIENTED_EDGE('',*,*,#7981,.F.);
#8005 = ORIENTED_EDGE('',*,*,#6894,.F.);
#8006 = CYLINDRICAL_SURFACE('',#8007,0.1);
#8007 = AXIS2_PLACEMENT_3D('',#8008,#8009,#8010);
#8008 = CARTESIAN_POINT('',(-1.270530792283,-0.25,0.25));
#8009 = DIRECTION('',(-1.144237745222E-17,-1.,0.));
#8010 = DIRECTION('',(-2.22044604925E-15,2.540718180781E-32,-1.));
#8011 = ADVANCED_FACE('',(#8012),#8023,.F.);
#8012 = FACE_BOUND('',#8013,.F.);
#8013 = EDGE_LOOP('',(#8014,#8020,#8021,#8022));
#8014 = ORIENTED_EDGE('',*,*,#8015,.T.);
#8015 = EDGE_CURVE('',#6879,#6988,#8016,.T.);
#8016 = LINE('',#8017,#8018);
#8017 = CARTESIAN_POINT('',(-1.4,-0.25,0.15));
#8018 = VECTOR('',#8019,1.);
#8019 = DIRECTION('',(1.144237745222E-17,1.,0.));
#8020 = ORIENTED_EDGE('',*,*,#6995,.T.);
#8021 = ORIENTED_EDGE('',*,*,#7998,.F.);
#8022 = ORIENTED_EDGE('',*,*,#6886,.F.);
#8023 = PLANE('',#8024);
#8024 = AXIS2_PLACEMENT_3D('',#8025,#8026,#8027);
#8025 = CARTESIAN_POINT('',(-1.4,-0.25,0.15));
#8026 = DIRECTION('',(0.,0.,-1.));
#8027 = DIRECTION('',(1.,-1.144237745222E-17,0.));
#8028 = ADVANCED_FACE('',(#8029),#8040,.F.);
#8029 = FACE_BOUND('',#8030,.F.);
#8030 = EDGE_LOOP('',(#8031,#8037,#8038,#8039));
#8031 = ORIENTED_EDGE('',*,*,#8032,.T.);
#8032 = EDGE_CURVE('',#6871,#6980,#8033,.T.);
#8033 = LINE('',#8034,#8035);
#8034 = CARTESIAN_POINT('',(-1.4,-0.25,0.));
#8035 = VECTOR('',#8036,1.);
#8036 = DIRECTION('',(1.144237745222E-17,1.,0.));
#8037 = ORIENTED_EDGE('',*,*,#6987,.T.);
#8038 = ORIENTED_EDGE('',*,*,#8015,.F.);
#8039 = ORIENTED_EDGE('',*,*,#6878,.F.);
#8040 = PLANE('',#8041);
#8041 = AXIS2_PLACEMENT_3D('',#8042,#8043,#8044);
#8042 = CARTESIAN_POINT('',(-1.4,-0.25,0.));
#8043 = DIRECTION('',(1.,-1.144237745222E-17,0.));
#8044 = DIRECTION('',(0.,0.,1.));
#8045 = ADVANCED_FACE('',(#8046),#8057,.F.);
#8046 = FACE_BOUND('',#8047,.F.);
#8047 = EDGE_LOOP('',(#8048,#8054,#8055,#8056));
#8048 = ORIENTED_EDGE('',*,*,#8049,.T.);
#8049 = EDGE_CURVE('',#6862,#6971,#8050,.T.);
#8050 = LINE('',#8051,#8052);
#8051 = CARTESIAN_POINT('',(-1.270530792283,-0.25,0.));
#8052 = VECTOR('',#8053,1.);
#8053 = DIRECTION('',(1.144237745222E-17,1.,0.));
#8054 = ORIENTED_EDGE('',*,*,#6979,.T.);
#8055 = ORIENTED_EDGE('',*,*,#8032,.F.);
#8056 = ORIENTED_EDGE('',*,*,#6870,.F.);
#8057 = PLANE('',#8058);
#8058 = AXIS2_PLACEMENT_3D('',#8059,#8060,#8061);
#8059 = CARTESIAN_POINT('',(-1.270530792283,-0.25,0.));
#8060 = DIRECTION('',(0.,0.,1.));
#8061 = DIRECTION('',(-1.,1.144237745222E-17,0.));
#8062 = ADVANCED_FACE('',(#8063),#8074,.T.);
#8063 = FACE_BOUND('',#8064,.T.);
#8064 = EDGE_LOOP('',(#8065,#8066,#8067,#8068));
#8065 = ORIENTED_EDGE('',*,*,#6861,.T.);
#8066 = ORIENTED_EDGE('',*,*,#8049,.T.);
#8067 = ORIENTED_EDGE('',*,*,#6970,.F.);
#8068 = ORIENTED_EDGE('',*,*,#8069,.F.);
#8069 = EDGE_CURVE('',#6854,#6963,#8070,.T.);
#8070 = LINE('',#8071,#8072);
#8071 = CARTESIAN_POINT('',(-1.02432885403,-0.25,0.206587955583));
#8072 = VECTOR('',#8073,1.);
#8073 = DIRECTION('',(1.144237745222E-17,1.,0.));
#8074 = CYLINDRICAL_SURFACE('',#8075,0.25);
#8075 = AXIS2_PLACEMENT_3D('',#8076,#8077,#8078);
#8076 = CARTESIAN_POINT('',(-1.270530792283,-0.25,0.25));
#8077 = DIRECTION('',(-1.144237745222E-17,-1.,0.));
#8078 = DIRECTION('',(0.984807753012,-1.126854202784E-17,-0.173648177667
    ));
#8079 = ADVANCED_FACE('',(#8080),#8086,.F.);
#8080 = FACE_BOUND('',#8081,.F.);
#8081 = EDGE_LOOP('',(#8082,#8083,#8084,#8085));
#8082 = ORIENTED_EDGE('',*,*,#6944,.T.);
#8083 = ORIENTED_EDGE('',*,*,#6962,.T.);
#8084 = ORIENTED_EDGE('',*,*,#8069,.F.);
#8085 = ORIENTED_EDGE('',*,*,#6853,.F.);
#8086 = PLANE('',#8087);
#8087 = AXIS2_PLACEMENT_3D('',#8088,#8089,#8090);
#8088 = CARTESIAN_POINT('',(-0.948480775301,-0.25,0.667364817767));
#8089 = DIRECTION('',(-0.986721169868,1.129043606572E-17,0.162423314012)
  );
#8090 = DIRECTION('',(-0.162423314012,1.858508865964E-18,-0.986721169868
    ));
#8091 = ADVANCED_FACE('',(#8092),#8103,.F.);
#8092 = FACE_BOUND('',#8093,.F.);
#8093 = EDGE_LOOP('',(#8094,#8100,#8101,#8102));
#8094 = ORIENTED_EDGE('',*,*,#8095,.T.);
#8095 = EDGE_CURVE('',#7113,#7215,#8096,.T.);
#8096 = LINE('',#8097,#8098);
#8097 = CARTESIAN_POINT('',(-1.172050016982,0.7,0.232635182233));
#8098 = VECTOR('',#8099,1.);
#8099 = DIRECTION('',(1.144237745222E-17,1.,0.));
#8100 = ORIENTED_EDGE('',*,*,#7223,.T.);
#8101 = ORIENTED_EDGE('',*,*,#7655,.F.);
#8102 = ORIENTED_EDGE('',*,*,#7121,.F.);
#8103 = PLANE('',#8104);
#8104 = AXIS2_PLACEMENT_3D('',#8105,#8106,#8107);
#8105 = CARTESIAN_POINT('',(-1.172050016982,0.7,0.232635182233));
#8106 = DIRECTION('',(0.986721169868,-1.129043606572E-17,-0.162423314012
    ));
#8107 = DIRECTION('',(0.162423314012,-1.858508865964E-18,0.986721169868)
  );
#8108 = ADVANCED_FACE('',(#8109),#8120,.F.);
#8109 = FACE_BOUND('',#8110,.F.);
#8110 = EDGE_LOOP('',(#8111,#8117,#8118,#8119));
#8111 = ORIENTED_EDGE('',*,*,#8112,.T.);
#8112 = EDGE_CURVE('',#7105,#7207,#8113,.T.);
#8113 = LINE('',#8114,#8115);
#8114 = CARTESIAN_POINT('',(-1.270530792283,0.7,0.15));
#8115 = VECTOR('',#8116,1.);
#8116 = DIRECTION('',(1.144237745222E-17,1.,0.));
#8117 = ORIENTED_EDGE('',*,*,#7214,.T.);
#8118 = ORIENTED_EDGE('',*,*,#8095,.F.);
#8119 = ORIENTED_EDGE('',*,*,#7112,.F.);
#8120 = CYLINDRICAL_SURFACE('',#8121,0.1);
#8121 = AXIS2_PLACEMENT_3D('',#8122,#8123,#8124);
#8122 = CARTESIAN_POINT('',(-1.270530792283,0.7,0.25));
#8123 = DIRECTION('',(-1.144237745222E-17,-1.,0.));
#8124 = DIRECTION('',(-2.22044604925E-15,2.540718180781E-32,-1.));
#8125 = ADVANCED_FACE('',(#8126),#8137,.F.);
#8126 = FACE_BOUND('',#8127,.F.);
#8127 = EDGE_LOOP('',(#8128,#8134,#8135,#8136));
#8128 = ORIENTED_EDGE('',*,*,#8129,.T.);
#8129 = EDGE_CURVE('',#7097,#7199,#8130,.T.);
#8130 = LINE('',#8131,#8132);
#8131 = CARTESIAN_POINT('',(-1.4,0.7,0.15));
#8132 = VECTOR('',#8133,1.);
#8133 = DIRECTION('',(1.144237745222E-17,1.,0.));
#8134 = ORIENTED_EDGE('',*,*,#7206,.T.);
#8135 = ORIENTED_EDGE('',*,*,#8112,.F.);
#8136 = ORIENTED_EDGE('',*,*,#7104,.F.);
#8137 = PLANE('',#8138);
#8138 = AXIS2_PLACEMENT_3D('',#8139,#8140,#8141);
#8139 = CARTESIAN_POINT('',(-1.4,0.7,0.15));
#8140 = DIRECTION('',(0.,0.,-1.));
#8141 = DIRECTION('',(1.,-1.144237745222E-17,0.));
#8142 = ADVANCED_FACE('',(#8143),#8154,.F.);
#8143 = FACE_BOUND('',#8144,.F.);
#8144 = EDGE_LOOP('',(#8145,#8151,#8152,#8153));
#8145 = ORIENTED_EDGE('',*,*,#8146,.T.);
#8146 = EDGE_CURVE('',#7089,#7191,#8147,.T.);
#8147 = LINE('',#8148,#8149);
#8148 = CARTESIAN_POINT('',(-1.4,0.7,0.));
#8149 = VECTOR('',#8150,1.);
#8150 = DIRECTION('',(1.144237745222E-17,1.,0.));
#8151 = ORIENTED_EDGE('',*,*,#7198,.T.);
#8152 = ORIENTED_EDGE('',*,*,#8129,.F.);
#8153 = ORIENTED_EDGE('',*,*,#7096,.F.);
#8154 = PLANE('',#8155);
#8155 = AXIS2_PLACEMENT_3D('',#8156,#8157,#8158);
#8156 = CARTESIAN_POINT('',(-1.4,0.7,0.));
#8157 = DIRECTION('',(1.,-1.144237745222E-17,0.));
#8158 = DIRECTION('',(0.,0.,1.));
#8159 = ADVANCED_FACE('',(#8160),#8171,.F.);
#8160 = FACE_BOUND('',#8161,.F.);
#8161 = EDGE_LOOP('',(#8162,#8168,#8169,#8170));
#8162 = ORIENTED_EDGE('',*,*,#8163,.T.);
#8163 = EDGE_CURVE('',#7080,#7182,#8164,.T.);
#8164 = LINE('',#8165,#8166);
#8165 = CARTESIAN_POINT('',(-1.270530792283,0.7,0.));
#8166 = VECTOR('',#8167,1.);
#8167 = DIRECTION('',(1.144237745222E-17,1.,0.));
#8168 = ORIENTED_EDGE('',*,*,#7190,.T.);
#8169 = ORIENTED_EDGE('',*,*,#8146,.F.);
#8170 = ORIENTED_EDGE('',*,*,#7088,.F.);
#8171 = PLANE('',#8172);
#8172 = AXIS2_PLACEMENT_3D('',#8173,#8174,#8175);
#8173 = CARTESIAN_POINT('',(-1.270530792283,0.7,0.));
#8174 = DIRECTION('',(0.,0.,1.));
#8175 = DIRECTION('',(-1.,1.144237745222E-17,0.));
#8176 = ADVANCED_FACE('',(#8177),#8188,.T.);
#8177 = FACE_BOUND('',#8178,.T.);
#8178 = EDGE_LOOP('',(#8179,#8180,#8181,#8182));
#8179 = ORIENTED_EDGE('',*,*,#7079,.T.);
#8180 = ORIENTED_EDGE('',*,*,#8163,.T.);
#8181 = ORIENTED_EDGE('',*,*,#7181,.F.);
#8182 = ORIENTED_EDGE('',*,*,#8183,.F.);
#8183 = EDGE_CURVE('',#7072,#7174,#8184,.T.);
#8184 = LINE('',#8185,#8186);
#8185 = CARTESIAN_POINT('',(-1.02432885403,0.7,0.206587955583));
#8186 = VECTOR('',#8187,1.);
#8187 = DIRECTION('',(1.144237745222E-17,1.,0.));
#8188 = CYLINDRICAL_SURFACE('',#8189,0.25);
#8189 = AXIS2_PLACEMENT_3D('',#8190,#8191,#8192);
#8190 = CARTESIAN_POINT('',(-1.270530792283,0.7,0.25));
#8191 = DIRECTION('',(-1.144237745222E-17,-1.,0.));
#8192 = DIRECTION('',(0.984807753012,-1.126854202784E-17,-0.173648177667
    ));
#8193 = ADVANCED_FACE('',(#8194),#8200,.F.);
#8194 = FACE_BOUND('',#8195,.F.);
#8195 = EDGE_LOOP('',(#8196,#8197,#8198,#8199));
#8196 = ORIENTED_EDGE('',*,*,#7155,.T.);
#8197 = ORIENTED_EDGE('',*,*,#7173,.T.);
#8198 = ORIENTED_EDGE('',*,*,#8183,.F.);
#8199 = ORIENTED_EDGE('',*,*,#7071,.F.);
#8200 = PLANE('',#8201);
#8201 = AXIS2_PLACEMENT_3D('',#8202,#8203,#8204);
#8202 = CARTESIAN_POINT('',(-0.948480775301,0.7,0.667364817767));
#8203 = DIRECTION('',(-0.986721169868,1.129043606572E-17,0.162423314012)
  );
#8204 = DIRECTION('',(-0.162423314012,1.858508865964E-18,-0.986721169868
    ));
#8205 = ADVANCED_FACE('',(#8206),#8217,.F.);
#8206 = FACE_BOUND('',#8207,.F.);
#8207 = EDGE_LOOP('',(#8208,#8214,#8215,#8216));
#8208 = ORIENTED_EDGE('',*,*,#8209,.T.);
#8209 = EDGE_CURVE('',#7300,#7402,#8210,.T.);
#8210 = LINE('',#8211,#8212);
#8211 = CARTESIAN_POINT('',(1.172050016982,1.2,0.232635182233));
#8212 = VECTOR('',#8213,1.);
#8213 = DIRECTION('',(1.110223024625E-16,-1.,0.));
#8214 = ORIENTED_EDGE('',*,*,#7410,.T.);
#8215 = ORIENTED_EDGE('',*,*,#7807,.F.);
#8216 = ORIENTED_EDGE('',*,*,#7308,.F.);
#8217 = PLANE('',#8218);
#8218 = AXIS2_PLACEMENT_3D('',#8219,#8220,#8221);
#8219 = CARTESIAN_POINT('',(1.172050016982,1.2,0.232635182233));
#8220 = DIRECTION('',(-0.986721169868,-1.095480561672E-16,
    -0.162423314012));
#8221 = DIRECTION('',(-0.162423314012,-1.803261029519E-17,0.986721169868
    ));
#8222 = ADVANCED_FACE('',(#8223),#8234,.F.);
#8223 = FACE_BOUND('',#8224,.F.);
#8224 = EDGE_LOOP('',(#8225,#8231,#8232,#8233));
#8225 = ORIENTED_EDGE('',*,*,#8226,.T.);
#8226 = EDGE_CURVE('',#7292,#7394,#8227,.T.);
#8227 = LINE('',#8228,#8229);
#8228 = CARTESIAN_POINT('',(1.270530792283,1.2,0.15));
#8229 = VECTOR('',#8230,1.);
#8230 = DIRECTION('',(1.110223024625E-16,-1.,0.));
#8231 = ORIENTED_EDGE('',*,*,#7401,.T.);
#8232 = ORIENTED_EDGE('',*,*,#8209,.F.);
#8233 = ORIENTED_EDGE('',*,*,#7299,.F.);
#8234 = CYLINDRICAL_SURFACE('',#8235,0.1);
#8235 = AXIS2_PLACEMENT_3D('',#8236,#8237,#8238);
#8236 = CARTESIAN_POINT('',(1.270530792283,1.2,0.25));
#8237 = DIRECTION('',(-1.110223024625E-16,1.,0.));
#8238 = DIRECTION('',(2.22044604925E-15,2.465190328815E-31,-1.));
#8239 = ADVANCED_FACE('',(#8240),#8251,.F.);
#8240 = FACE_BOUND('',#8241,.F.);
#8241 = EDGE_LOOP('',(#8242,#8248,#8249,#8250));
#8242 = ORIENTED_EDGE('',*,*,#8243,.T.);
#8243 = EDGE_CURVE('',#7284,#7386,#8244,.T.);
#8244 = LINE('',#8245,#8246);
#8245 = CARTESIAN_POINT('',(1.4,1.2,0.15));
#8246 = VECTOR('',#8247,1.);
#8247 = DIRECTION('',(1.110223024625E-16,-1.,0.));
#8248 = ORIENTED_EDGE('',*,*,#7393,.T.);
#8249 = ORIENTED_EDGE('',*,*,#8226,.F.);
#8250 = ORIENTED_EDGE('',*,*,#7291,.F.);
#8251 = PLANE('',#8252);
#8252 = AXIS2_PLACEMENT_3D('',#8253,#8254,#8255);
#8253 = CARTESIAN_POINT('',(1.4,1.2,0.15));
#8254 = DIRECTION('',(0.,0.,-1.));
#8255 = DIRECTION('',(-1.,-1.110223024625E-16,-0.));
#8256 = ADVANCED_FACE('',(#8257),#8268,.F.);
#8257 = FACE_BOUND('',#8258,.F.);
#8258 = EDGE_LOOP('',(#8259,#8265,#8266,#8267));
#8259 = ORIENTED_EDGE('',*,*,#8260,.T.);
#8260 = EDGE_CURVE('',#7276,#7378,#8261,.T.);
#8261 = LINE('',#8262,#8263);
#8262 = CARTESIAN_POINT('',(1.4,1.2,0.));
#8263 = VECTOR('',#8264,1.);
#8264 = DIRECTION('',(1.110223024625E-16,-1.,0.));
#8265 = ORIENTED_EDGE('',*,*,#7385,.T.);
#8266 = ORIENTED_EDGE('',*,*,#8243,.F.);
#8267 = ORIENTED_EDGE('',*,*,#7283,.F.);
#8268 = PLANE('',#8269);
#8269 = AXIS2_PLACEMENT_3D('',#8270,#8271,#8272);
#8270 = CARTESIAN_POINT('',(1.4,1.2,0.));
#8271 = DIRECTION('',(-1.,-1.110223024625E-16,0.));
#8272 = DIRECTION('',(0.,0.,1.));
#8273 = ADVANCED_FACE('',(#8274),#8285,.F.);
#8274 = FACE_BOUND('',#8275,.F.);
#8275 = EDGE_LOOP('',(#8276,#8282,#8283,#8284));
#8276 = ORIENTED_EDGE('',*,*,#8277,.T.);
#8277 = EDGE_CURVE('',#7267,#7369,#8278,.T.);
#8278 = LINE('',#8279,#8280);
#8279 = CARTESIAN_POINT('',(1.270530792283,1.2,0.));
#8280 = VECTOR('',#8281,1.);
#8281 = DIRECTION('',(1.110223024625E-16,-1.,0.));
#8282 = ORIENTED_EDGE('',*,*,#7377,.T.);
#8283 = ORIENTED_EDGE('',*,*,#8260,.F.);
#8284 = ORIENTED_EDGE('',*,*,#7275,.F.);
#8285 = PLANE('',#8286);
#8286 = AXIS2_PLACEMENT_3D('',#8287,#8288,#8289);
#8287 = CARTESIAN_POINT('',(1.270530792283,1.2,0.));
#8288 = DIRECTION('',(0.,0.,1.));
#8289 = DIRECTION('',(1.,1.110223024625E-16,-0.));
#8290 = ADVANCED_FACE('',(#8291),#8302,.T.);
#8291 = FACE_BOUND('',#8292,.T.);
#8292 = EDGE_LOOP('',(#8293,#8294,#8295,#8296));
#8293 = ORIENTED_EDGE('',*,*,#7266,.T.);
#8294 = ORIENTED_EDGE('',*,*,#8277,.T.);
#8295 = ORIENTED_EDGE('',*,*,#7368,.F.);
#8296 = ORIENTED_EDGE('',*,*,#8297,.F.);
#8297 = EDGE_CURVE('',#7259,#7361,#8298,.T.);
#8298 = LINE('',#8299,#8300);
#8299 = CARTESIAN_POINT('',(1.02432885403,1.2,0.206587955583));
#8300 = VECTOR('',#8301,1.);
#8301 = DIRECTION('',(1.110223024625E-16,-1.,0.));
#8302 = CYLINDRICAL_SURFACE('',#8303,0.25);
#8303 = AXIS2_PLACEMENT_3D('',#8304,#8305,#8306);
#8304 = CARTESIAN_POINT('',(1.270530792283,1.2,0.25));
#8305 = DIRECTION('',(-1.110223024625E-16,1.,0.));
#8306 = DIRECTION('',(-0.984807753012,-1.093356242223E-16,
    -0.173648177667));
#8307 = ADVANCED_FACE('',(#8308),#8314,.F.);
#8308 = FACE_BOUND('',#8309,.F.);
#8309 = EDGE_LOOP('',(#8310,#8311,#8312,#8313));
#8310 = ORIENTED_EDGE('',*,*,#7342,.T.);
#8311 = ORIENTED_EDGE('',*,*,#7360,.T.);
#8312 = ORIENTED_EDGE('',*,*,#8297,.F.);
#8313 = ORIENTED_EDGE('',*,*,#7258,.F.);
#8314 = PLANE('',#8315);
#8315 = AXIS2_PLACEMENT_3D('',#8316,#8317,#8318);
#8316 = CARTESIAN_POINT('',(0.948480775301,1.2,0.667364817767));
#8317 = DIRECTION('',(0.986721169868,1.095480561672E-16,0.162423314012)
  );
#8318 = DIRECTION('',(0.162423314012,1.803261029519E-17,-0.986721169868)
  );
#8319 = ADVANCED_FACE('',(#8320),#8331,.T.);
#8320 = FACE_BOUND('',#8321,.T.);
#8321 = EDGE_LOOP('',(#8322,#8323,#8324,#8325));
#8322 = ORIENTED_EDGE('',*,*,#7520,.T.);
#8323 = ORIENTED_EDGE('',*,*,#7770,.T.);
#8324 = ORIENTED_EDGE('',*,*,#7629,.F.);
#8325 = ORIENTED_EDGE('',*,*,#8326,.F.);
#8326 = EDGE_CURVE('',#7513,#7622,#8327,.T.);
#8327 = LINE('',#8328,#8329);
#8328 = CARTESIAN_POINT('',(1.096201938253,-0.7,0.693412044417));
#8329 = VECTOR('',#8330,1.);
#8330 = DIRECTION('',(1.110223024625E-16,-1.,0.));
#8331 = CYLINDRICAL_SURFACE('',#8332,0.25);
#8332 = AXIS2_PLACEMENT_3D('',#8333,#8334,#8335);
#8333 = CARTESIAN_POINT('',(0.85,-0.7,0.65));
#8334 = DIRECTION('',(-1.110223024625E-16,1.,0.));
#8335 = DIRECTION('',(0.984807753012,1.093356242223E-16,0.173648177667)
  );
#8336 = ADVANCED_FACE('',(#8337),#8348,.F.);
#8337 = FACE_BOUND('',#8338,.F.);
#8338 = EDGE_LOOP('',(#8339,#8345,#8346,#8347));
#8339 = ORIENTED_EDGE('',*,*,#8340,.T.);
#8340 = EDGE_CURVE('',#7504,#7613,#8341,.T.);
#8341 = LINE('',#8342,#8343);
#8342 = CARTESIAN_POINT('',(1.172050016982,-0.7,0.232635182233));
#8343 = VECTOR('',#8344,1.);
#8344 = DIRECTION('',(1.110223024625E-16,-1.,0.));
#8345 = ORIENTED_EDGE('',*,*,#7621,.T.);
#8346 = ORIENTED_EDGE('',*,*,#8326,.F.);
#8347 = ORIENTED_EDGE('',*,*,#7512,.F.);
#8348 = PLANE('',#8349);
#8349 = AXIS2_PLACEMENT_3D('',#8350,#8351,#8352);
#8350 = CARTESIAN_POINT('',(1.172050016982,-0.7,0.232635182233));
#8351 = DIRECTION('',(-0.986721169868,-1.095480561672E-16,
    -0.162423314012));
#8352 = DIRECTION('',(-0.162423314012,-1.803261029519E-17,0.986721169868
    ));
#8353 = ADVANCED_FACE('',(#8354),#8365,.F.);
#8354 = FACE_BOUND('',#8355,.F.);
#8355 = EDGE_LOOP('',(#8356,#8362,#8363,#8364));
#8356 = ORIENTED_EDGE('',*,*,#8357,.T.);
#8357 = EDGE_CURVE('',#7496,#7605,#8358,.T.);
#8358 = LINE('',#8359,#8360);
#8359 = CARTESIAN_POINT('',(1.270530792283,-0.7,0.15));
#8360 = VECTOR('',#8361,1.);
#8361 = DIRECTION('',(1.110223024625E-16,-1.,0.));
#8362 = ORIENTED_EDGE('',*,*,#7612,.T.);
#8363 = ORIENTED_EDGE('',*,*,#8340,.F.);
#8364 = ORIENTED_EDGE('',*,*,#7503,.F.);
#8365 = CYLINDRICAL_SURFACE('',#8366,0.1);
#8366 = AXIS2_PLACEMENT_3D('',#8367,#8368,#8369);
#8367 = CARTESIAN_POINT('',(1.270530792283,-0.7,0.25));
#8368 = DIRECTION('',(-1.110223024625E-16,1.,0.));
#8369 = DIRECTION('',(2.22044604925E-15,2.465190328815E-31,-1.));
#8370 = ADVANCED_FACE('',(#8371),#8382,.F.);
#8371 = FACE_BOUND('',#8372,.F.);
#8372 = EDGE_LOOP('',(#8373,#8379,#8380,#8381));
#8373 = ORIENTED_EDGE('',*,*,#8374,.T.);
#8374 = EDGE_CURVE('',#7488,#7597,#8375,.T.);
#8375 = LINE('',#8376,#8377);
#8376 = CARTESIAN_POINT('',(1.4,-0.7,0.15));
#8377 = VECTOR('',#8378,1.);
#8378 = DIRECTION('',(1.110223024625E-16,-1.,0.));
#8379 = ORIENTED_EDGE('',*,*,#7604,.T.);
#8380 = ORIENTED_EDGE('',*,*,#8357,.F.);
#8381 = ORIENTED_EDGE('',*,*,#7495,.F.);
#8382 = PLANE('',#8383);
#8383 = AXIS2_PLACEMENT_3D('',#8384,#8385,#8386);
#8384 = CARTESIAN_POINT('',(1.4,-0.7,0.15));
#8385 = DIRECTION('',(0.,0.,-1.));
#8386 = DIRECTION('',(-1.,-1.110223024625E-16,-0.));
#8387 = ADVANCED_FACE('',(#8388),#8399,.F.);
#8388 = FACE_BOUND('',#8389,.F.);
#8389 = EDGE_LOOP('',(#8390,#8396,#8397,#8398));
#8390 = ORIENTED_EDGE('',*,*,#8391,.T.);
#8391 = EDGE_CURVE('',#7480,#7589,#8392,.T.);
#8392 = LINE('',#8393,#8394);
#8393 = CARTESIAN_POINT('',(1.4,-0.7,0.));
#8394 = VECTOR('',#8395,1.);
#8395 = DIRECTION('',(1.110223024625E-16,-1.,0.));
#8396 = ORIENTED_EDGE('',*,*,#7596,.T.);
#8397 = ORIENTED_EDGE('',*,*,#8374,.F.);
#8398 = ORIENTED_EDGE('',*,*,#7487,.F.);
#8399 = PLANE('',#8400);
#8400 = AXIS2_PLACEMENT_3D('',#8401,#8402,#8403);
#8401 = CARTESIAN_POINT('',(1.4,-0.7,0.));
#8402 = DIRECTION('',(-1.,-1.110223024625E-16,0.));
#8403 = DIRECTION('',(0.,0.,1.));
#8404 = ADVANCED_FACE('',(#8405),#8416,.F.);
#8405 = FACE_BOUND('',#8406,.F.);
#8406 = EDGE_LOOP('',(#8407,#8413,#8414,#8415));
#8407 = ORIENTED_EDGE('',*,*,#8408,.T.);
#8408 = EDGE_CURVE('',#7471,#7580,#8409,.T.);
#8409 = LINE('',#8410,#8411);
#8410 = CARTESIAN_POINT('',(1.270530792283,-0.7,0.));
#8411 = VECTOR('',#8412,1.);
#8412 = DIRECTION('',(1.110223024625E-16,-1.,0.));
#8413 = ORIENTED_EDGE('',*,*,#7588,.T.);
#8414 = ORIENTED_EDGE('',*,*,#8391,.F.);
#8415 = ORIENTED_EDGE('',*,*,#7479,.F.);
#8416 = PLANE('',#8417);
#8417 = AXIS2_PLACEMENT_3D('',#8418,#8419,#8420);
#8418 = CARTESIAN_POINT('',(1.270530792283,-0.7,0.));
#8419 = DIRECTION('',(0.,0.,1.));
#8420 = DIRECTION('',(1.,1.110223024625E-16,-0.));
#8421 = ADVANCED_FACE('',(#8422),#8433,.T.);
#8422 = FACE_BOUND('',#8423,.T.);
#8423 = EDGE_LOOP('',(#8424,#8425,#8426,#8427));
#8424 = ORIENTED_EDGE('',*,*,#7470,.T.);
#8425 = ORIENTED_EDGE('',*,*,#8408,.T.);
#8426 = ORIENTED_EDGE('',*,*,#7579,.F.);
#8427 = ORIENTED_EDGE('',*,*,#8428,.F.);
#8428 = EDGE_CURVE('',#7463,#7572,#8429,.T.);
#8429 = LINE('',#8430,#8431);
#8430 = CARTESIAN_POINT('',(1.02432885403,-0.7,0.206587955583));
#8431 = VECTOR('',#8432,1.);
#8432 = DIRECTION('',(1.110223024625E-16,-1.,0.));
#8433 = CYLINDRICAL_SURFACE('',#8434,0.25);
#8434 = AXIS2_PLACEMENT_3D('',#8435,#8436,#8437);
#8435 = CARTESIAN_POINT('',(1.270530792283,-0.7,0.25));
#8436 = DIRECTION('',(-1.110223024625E-16,1.,0.));
#8437 = DIRECTION('',(-0.984807753012,-1.093356242223E-16,
    -0.173648177667));
#8438 = ADVANCED_FACE('',(#8439),#8445,.F.);
#8439 = FACE_BOUND('',#8440,.F.);
#8440 = EDGE_LOOP('',(#8441,#8442,#8443,#8444));
#8441 = ORIENTED_EDGE('',*,*,#7553,.T.);
#8442 = ORIENTED_EDGE('',*,*,#7571,.T.);
#8443 = ORIENTED_EDGE('',*,*,#8428,.F.);
#8444 = ORIENTED_EDGE('',*,*,#7462,.F.);
#8445 = PLANE('',#8446);
#8446 = AXIS2_PLACEMENT_3D('',#8447,#8448,#8449);
#8447 = CARTESIAN_POINT('',(0.948480775301,-0.7,0.667364817767));
#8448 = DIRECTION('',(0.986721169868,1.095480561672E-16,0.162423314012)
  );
#8449 = DIRECTION('',(0.162423314012,1.803261029519E-17,-0.986721169868)
  );
#8450 = ADVANCED_FACE('',(#8451),#8454,.F.);
#8451 = FACE_BOUND('',#8452,.T.);
#8452 = EDGE_LOOP('',(#8453));
#8453 = ORIENTED_EDGE('',*,*,#7736,.F.);
#8454 = PLANE('',#8455);
#8455 = AXIS2_PLACEMENT_3D('',#8456,#8457,#8458);
#8456 = CARTESIAN_POINT('',(-0.483648457443,1.133648457443,1.55));
#8457 = DIRECTION('',(0.,0.,-1.));
#8458 = DIRECTION('',(1.110223024625E-16,-1.,0.));
#8459 = ( GEOMETRIC_REPRESENTATION_CONTEXT(3) 
GLOBAL_UNCERTAINTY_ASSIGNED_CONTEXT((#8463)) 
GLOBAL_UNIT_ASSIGNED_CONTEXT((#8460,#8461,#8462)) REPRESENTATION_CONTEXT
('Context #1','3D Context with UNIT and UNCERTAINTY') );
#8460 = ( LENGTH_UNIT() NAMED_UNIT(*) SI_UNIT(.MILLI.,.METRE.) );
#8461 = ( NAMED_UNIT(*) PLANE_ANGLE_UNIT() SI_UNIT($,.RADIAN.) );
#8462 = ( NAMED_UNIT(*) SI_UNIT($,.STERADIAN.) SOLID_ANGLE_UNIT() );
#8463 = UNCERTAINTY_MEASURE_WITH_UNIT(LENGTH_MEASURE(1.E-07),#8460,
  'distance_accuracy_value','confusion accuracy');
#8464 = CONTEXT_DEPENDENT_SHAPE_REPRESENTATION(#8465,#8467);
#8465 = ( REPRESENTATION_RELATIONSHIP('','',#5389,#10) 
REPRESENTATION_RELATIONSHIP_WITH_TRANSFORMATION(#8466) 
SHAPE_REPRESENTATION_RELATIONSHIP() );
#8466 = ITEM_DEFINED_TRANSFORMATION('','',#11,#27);
#8467 = PRODUCT_DEFINITION_SHAPE('Placement','Placement of an item',
  #8468);
#8468 = NEXT_ASSEMBLY_USAGE_OCCURRENCE('4','U5','',#5,#5384,$);
#8469 = PRODUCT_RELATED_PRODUCT_CATEGORY('part',$,(#5386));
#8470 = SHAPE_DEFINITION_REPRESENTATION(#8471,#8477);
#8471 = PRODUCT_DEFINITION_SHAPE('','',#8472);
#8472 = PRODUCT_DEFINITION('design','',#8473,#8476);
#8473 = PRODUCT_DEFINITION_FORMATION('','',#8474);
#8474 = PRODUCT('C_0603_1608Metric','C_0603_1608Metric','',(#8475));
#8475 = PRODUCT_CONTEXT('',#2,'mechanical');
#8476 = PRODUCT_DEFINITION_CONTEXT('part definition',#2,'design');
#8477 = ADVANCED_BREP_SHAPE_REPRESENTATION('',(#11,#8478),#9332);
#8478 = MANIFOLD_SOLID_BREP('',#8479);
#8479 = CLOSED_SHELL('',(#8480,#8556,#8587,#8612,#8637,#8661,#8685,#8710
    ,#8735,#8752,#8838,#8870,#8894,#8919,#8943,#8968,#8992,#9017,#9034,
    #9120,#9151,#9176,#9201,#9225,#9249,#9274,#9299,#9316));
#8480 = ADVANCED_FACE('',(#8481),#8551,.F.);
#8481 = FACE_BOUND('',#8482,.F.);
#8482 = EDGE_LOOP('',(#8483,#8493,#8502,#8510,#8519,#8527,#8536,#8544));
#8483 = ORIENTED_EDGE('',*,*,#8484,.F.);
#8484 = EDGE_CURVE('',#8485,#8487,#8489,.T.);
#8485 = VERTEX_POINT('',#8486);
#8486 = CARTESIAN_POINT('',(-0.8,-0.4,3.E-02));
#8487 = VERTEX_POINT('',#8488);
#8488 = CARTESIAN_POINT('',(-0.8,-0.4,0.77));
#8489 = LINE('',#8490,#8491);
#8490 = CARTESIAN_POINT('',(-0.8,-0.4,0.));
#8491 = VECTOR('',#8492,1.);
#8492 = DIRECTION('',(0.,0.,1.));
#8493 = ORIENTED_EDGE('',*,*,#8494,.T.);
#8494 = EDGE_CURVE('',#8485,#8495,#8497,.T.);
#8495 = VERTEX_POINT('',#8496);
#8496 = CARTESIAN_POINT('',(-0.8,-0.37,0.));
#8497 = CIRCLE('',#8498,3.E-02);
#8498 = AXIS2_PLACEMENT_3D('',#8499,#8500,#8501);
#8499 = CARTESIAN_POINT('',(-0.8,-0.37,3.E-02));
#8500 = DIRECTION('',(1.,0.,-0.));
#8501 = DIRECTION('',(0.,0.,1.));
#8502 = ORIENTED_EDGE('',*,*,#8503,.T.);
#8503 = EDGE_CURVE('',#8495,#8504,#8506,.T.);
#8504 = VERTEX_POINT('',#8505);
#8505 = CARTESIAN_POINT('',(-0.8,0.37,0.));
#8506 = LINE('',#8507,#8508);
#8507 = CARTESIAN_POINT('',(-0.8,-0.4,0.));
#8508 = VECTOR('',#8509,1.);
#8509 = DIRECTION('',(0.,1.,0.));
#8510 = ORIENTED_EDGE('',*,*,#8511,.F.);
#8511 = EDGE_CURVE('',#8512,#8504,#8514,.T.);
#8512 = VERTEX_POINT('',#8513);
#8513 = CARTESIAN_POINT('',(-0.8,0.4,3.E-02));
#8514 = CIRCLE('',#8515,3.E-02);
#8515 = AXIS2_PLACEMENT_3D('',#8516,#8517,#8518);
#8516 = CARTESIAN_POINT('',(-0.8,0.37,3.E-02));
#8517 = DIRECTION('',(-1.,0.,0.));
#8518 = DIRECTION('',(0.,0.,1.));
#8519 = ORIENTED_EDGE('',*,*,#8520,.T.);
#8520 = EDGE_CURVE('',#8512,#8521,#8523,.T.);
#8521 = VERTEX_POINT('',#8522);
#8522 = CARTESIAN_POINT('',(-0.8,0.4,0.77));
#8523 = LINE('',#8524,#8525);
#8524 = CARTESIAN_POINT('',(-0.8,0.4,0.));
#8525 = VECTOR('',#8526,1.);
#8526 = DIRECTION('',(0.,0.,1.));
#8527 = ORIENTED_EDGE('',*,*,#8528,.T.);
#8528 = EDGE_CURVE('',#8521,#8529,#8531,.T.);
#8529 = VERTEX_POINT('',#8530);
#8530 = CARTESIAN_POINT('',(-0.8,0.37,0.8));
#8531 = CIRCLE('',#8532,3.E-02);
#8532 = AXIS2_PLACEMENT_3D('',#8533,#8534,#8535);
#8533 = CARTESIAN_POINT('',(-0.8,0.37,0.77));
#8534 = DIRECTION('',(1.,0.,-0.));
#8535 = DIRECTION('',(0.,0.,1.));
#8536 = ORIENTED_EDGE('',*,*,#8537,.F.);
#8537 = EDGE_CURVE('',#8538,#8529,#8540,.T.);
#8538 = VERTEX_POINT('',#8539);
#8539 = CARTESIAN_POINT('',(-0.8,-0.37,0.8));
#8540 = LINE('',#8541,#8542);
#8541 = CARTESIAN_POINT('',(-0.8,-0.4,0.8));
#8542 = VECTOR('',#8543,1.);
#8543 = DIRECTION('',(0.,1.,0.));
#8544 = ORIENTED_EDGE('',*,*,#8545,.F.);
#8545 = EDGE_CURVE('',#8487,#8538,#8546,.T.);
#8546 = CIRCLE('',#8547,3.E-02);
#8547 = AXIS2_PLACEMENT_3D('',#8548,#8549,#8550);
#8548 = CARTESIAN_POINT('',(-0.8,-0.37,0.77));
#8549 = DIRECTION('',(-1.,0.,0.));
#8550 = DIRECTION('',(0.,0.,1.));
#8551 = PLANE('',#8552);
#8552 = AXIS2_PLACEMENT_3D('',#8553,#8554,#8555);
#8553 = CARTESIAN_POINT('',(-0.8,-0.4,0.));
#8554 = DIRECTION('',(1.,0.,0.));
#8555 = DIRECTION('',(0.,0.,1.));
#8556 = ADVANCED_FACE('',(#8557),#8582,.F.);
#8557 = FACE_BOUND('',#8558,.F.);
#8558 = EDGE_LOOP('',(#8559,#8569,#8575,#8576));
#8559 = ORIENTED_EDGE('',*,*,#8560,.F.);
#8560 = EDGE_CURVE('',#8561,#8563,#8565,.T.);
#8561 = VERTEX_POINT('',#8562);
#8562 = CARTESIAN_POINT('',(-0.5,-0.4,3.E-02));
#8563 = VERTEX_POINT('',#8564);
#8564 = CARTESIAN_POINT('',(-0.5,-0.4,0.77));
#8565 = LINE('',#8566,#8567);
#8566 = CARTESIAN_POINT('',(-0.5,-0.4,0.));
#8567 = VECTOR('',#8568,1.);
#8568 = DIRECTION('',(0.,0.,1.));
#8569 = ORIENTED_EDGE('',*,*,#8570,.F.);
#8570 = EDGE_CURVE('',#8485,#8561,#8571,.T.);
#8571 = LINE('',#8572,#8573);
#8572 = CARTESIAN_POINT('',(-0.8,-0.4,3.E-02));
#8573 = VECTOR('',#8574,1.);
#8574 = DIRECTION('',(1.,0.,0.));
#8575 = ORIENTED_EDGE('',*,*,#8484,.T.);
#8576 = ORIENTED_EDGE('',*,*,#8577,.T.);
#8577 = EDGE_CURVE('',#8487,#8563,#8578,.T.);
#8578 = LINE('',#8579,#8580);
#8579 = CARTESIAN_POINT('',(-0.8,-0.4,0.77));
#8580 = VECTOR('',#8581,1.);
#8581 = DIRECTION('',(1.,0.,0.));
#8582 = PLANE('',#8583);
#8583 = AXIS2_PLACEMENT_3D('',#8584,#8585,#8586);
#8584 = CARTESIAN_POINT('',(-0.8,-0.4,0.));
#8585 = DIRECTION('',(0.,1.,0.));
#8586 = DIRECTION('',(0.,-0.,1.));
#8587 = ADVANCED_FACE('',(#8588),#8607,.T.);
#8588 = FACE_BOUND('',#8589,.T.);
#8589 = EDGE_LOOP('',(#8590,#8591,#8599,#8606));
#8590 = ORIENTED_EDGE('',*,*,#8494,.T.);
#8591 = ORIENTED_EDGE('',*,*,#8592,.T.);
#8592 = EDGE_CURVE('',#8495,#8593,#8595,.T.);
#8593 = VERTEX_POINT('',#8594);
#8594 = CARTESIAN_POINT('',(-0.5,-0.37,0.));
#8595 = LINE('',#8596,#8597);
#8596 = CARTESIAN_POINT('',(-0.8,-0.37,0.));
#8597 = VECTOR('',#8598,1.);
#8598 = DIRECTION('',(1.,0.,0.));
#8599 = ORIENTED_EDGE('',*,*,#8600,.F.);
#8600 = EDGE_CURVE('',#8561,#8593,#8601,.T.);
#8601 = CIRCLE('',#8602,3.E-02);
#8602 = AXIS2_PLACEMENT_3D('',#8603,#8604,#8605);
#8603 = CARTESIAN_POINT('',(-0.5,-0.37,3.E-02));
#8604 = DIRECTION('',(1.,0.,-0.));
#8605 = DIRECTION('',(0.,0.,1.));
#8606 = ORIENTED_EDGE('',*,*,#8570,.F.);
#8607 = CYLINDRICAL_SURFACE('',#8608,3.E-02);
#8608 = AXIS2_PLACEMENT_3D('',#8609,#8610,#8611);
#8609 = CARTESIAN_POINT('',(-0.8,-0.37,3.E-02));
#8610 = DIRECTION('',(1.,0.,0.));
#8611 = DIRECTION('',(0.,-1.,0.));
#8612 = ADVANCED_FACE('',(#8613),#8632,.T.);
#8613 = FACE_BOUND('',#8614,.T.);
#8614 = EDGE_LOOP('',(#8615,#8616,#8625,#8631));
#8615 = ORIENTED_EDGE('',*,*,#8577,.T.);
#8616 = ORIENTED_EDGE('',*,*,#8617,.T.);
#8617 = EDGE_CURVE('',#8563,#8618,#8620,.T.);
#8618 = VERTEX_POINT('',#8619);
#8619 = CARTESIAN_POINT('',(-0.5,-0.37,0.8));
#8620 = CIRCLE('',#8621,3.E-02);
#8621 = AXIS2_PLACEMENT_3D('',#8622,#8623,#8624);
#8622 = CARTESIAN_POINT('',(-0.5,-0.37,0.77));
#8623 = DIRECTION('',(-1.,0.,0.));
#8624 = DIRECTION('',(0.,0.,1.));
#8625 = ORIENTED_EDGE('',*,*,#8626,.F.);
#8626 = EDGE_CURVE('',#8538,#8618,#8627,.T.);
#8627 = LINE('',#8628,#8629);
#8628 = CARTESIAN_POINT('',(-0.8,-0.37,0.8));
#8629 = VECTOR('',#8630,1.);
#8630 = DIRECTION('',(1.,0.,0.));
#8631 = ORIENTED_EDGE('',*,*,#8545,.F.);
#8632 = CYLINDRICAL_SURFACE('',#8633,3.E-02);
#8633 = AXIS2_PLACEMENT_3D('',#8634,#8635,#8636);
#8634 = CARTESIAN_POINT('',(-0.8,-0.37,0.77));
#8635 = DIRECTION('',(1.,0.,0.));
#8636 = DIRECTION('',(0.,-1.,0.));
#8637 = ADVANCED_FACE('',(#8638),#8656,.F.);
#8638 = FACE_BOUND('',#8639,.F.);
#8639 = EDGE_LOOP('',(#8640,#8641,#8642,#8650));
#8640 = ORIENTED_EDGE('',*,*,#8503,.F.);
#8641 = ORIENTED_EDGE('',*,*,#8592,.T.);
#8642 = ORIENTED_EDGE('',*,*,#8643,.T.);
#8643 = EDGE_CURVE('',#8593,#8644,#8646,.T.);
#8644 = VERTEX_POINT('',#8645);
#8645 = CARTESIAN_POINT('',(-0.5,0.37,0.));
#8646 = LINE('',#8647,#8648);
#8647 = CARTESIAN_POINT('',(-0.5,-0.4,0.));
#8648 = VECTOR('',#8649,1.);
#8649 = DIRECTION('',(0.,1.,0.));
#8650 = ORIENTED_EDGE('',*,*,#8651,.F.);
#8651 = EDGE_CURVE('',#8504,#8644,#8652,.T.);
#8652 = LINE('',#8653,#8654);
#8653 = CARTESIAN_POINT('',(-0.8,0.37,0.));
#8654 = VECTOR('',#8655,1.);
#8655 = DIRECTION('',(1.,0.,0.));
#8656 = PLANE('',#8657);
#8657 = AXIS2_PLACEMENT_3D('',#8658,#8659,#8660);
#8658 = CARTESIAN_POINT('',(-0.8,-0.4,0.));
#8659 = DIRECTION('',(0.,0.,1.));
#8660 = DIRECTION('',(1.,0.,-0.));
#8661 = ADVANCED_FACE('',(#8662),#8680,.T.);
#8662 = FACE_BOUND('',#8663,.T.);
#8663 = EDGE_LOOP('',(#8664,#8665,#8666,#8674));
#8664 = ORIENTED_EDGE('',*,*,#8537,.F.);
#8665 = ORIENTED_EDGE('',*,*,#8626,.T.);
#8666 = ORIENTED_EDGE('',*,*,#8667,.T.);
#8667 = EDGE_CURVE('',#8618,#8668,#8670,.T.);
#8668 = VERTEX_POINT('',#8669);
#8669 = CARTESIAN_POINT('',(-0.5,0.37,0.8));
#8670 = LINE('',#8671,#8672);
#8671 = CARTESIAN_POINT('',(-0.5,-0.4,0.8));
#8672 = VECTOR('',#8673,1.);
#8673 = DIRECTION('',(0.,1.,0.));
#8674 = ORIENTED_EDGE('',*,*,#8675,.F.);
#8675 = EDGE_CURVE('',#8529,#8668,#8676,.T.);
#8676 = LINE('',#8677,#8678);
#8677 = CARTESIAN_POINT('',(-0.8,0.37,0.8));
#8678 = VECTOR('',#8679,1.);
#8679 = DIRECTION('',(1.,0.,0.));
#8680 = PLANE('',#8681);
#8681 = AXIS2_PLACEMENT_3D('',#8682,#8683,#8684);
#8682 = CARTESIAN_POINT('',(-0.8,-0.4,0.8));
#8683 = DIRECTION('',(0.,0.,1.));
#8684 = DIRECTION('',(1.,0.,-0.));
#8685 = ADVANCED_FACE('',(#8686),#8705,.T.);
#8686 = FACE_BOUND('',#8687,.T.);
#8687 = EDGE_LOOP('',(#8688,#8696,#8703,#8704));
#8688 = ORIENTED_EDGE('',*,*,#8689,.T.);
#8689 = EDGE_CURVE('',#8512,#8690,#8692,.T.);
#8690 = VERTEX_POINT('',#8691);
#8691 = CARTESIAN_POINT('',(-0.5,0.4,3.E-02));
#8692 = LINE('',#8693,#8694);
#8693 = CARTESIAN_POINT('',(-0.8,0.4,3.E-02));
#8694 = VECTOR('',#8695,1.);
#8695 = DIRECTION('',(1.,0.,0.));
#8696 = ORIENTED_EDGE('',*,*,#8697,.T.);
#8697 = EDGE_CURVE('',#8690,#8644,#8698,.T.);
#8698 = CIRCLE('',#8699,3.E-02);
#8699 = AXIS2_PLACEMENT_3D('',#8700,#8701,#8702);
#8700 = CARTESIAN_POINT('',(-0.5,0.37,3.E-02));
#8701 = DIRECTION('',(-1.,0.,0.));
#8702 = DIRECTION('',(0.,0.,1.));
#8703 = ORIENTED_EDGE('',*,*,#8651,.F.);
#8704 = ORIENTED_EDGE('',*,*,#8511,.F.);
#8705 = CYLINDRICAL_SURFACE('',#8706,3.E-02);
#8706 = AXIS2_PLACEMENT_3D('',#8707,#8708,#8709);
#8707 = CARTESIAN_POINT('',(-0.8,0.37,3.E-02));
#8708 = DIRECTION('',(1.,0.,0.));
#8709 = DIRECTION('',(-0.,1.,0.));
#8710 = ADVANCED_FACE('',(#8711),#8730,.T.);
#8711 = FACE_BOUND('',#8712,.T.);
#8712 = EDGE_LOOP('',(#8713,#8714,#8715,#8724));
#8713 = ORIENTED_EDGE('',*,*,#8528,.T.);
#8714 = ORIENTED_EDGE('',*,*,#8675,.T.);
#8715 = ORIENTED_EDGE('',*,*,#8716,.F.);
#8716 = EDGE_CURVE('',#8717,#8668,#8719,.T.);
#8717 = VERTEX_POINT('',#8718);
#8718 = CARTESIAN_POINT('',(-0.5,0.4,0.77));
#8719 = CIRCLE('',#8720,3.E-02);
#8720 = AXIS2_PLACEMENT_3D('',#8721,#8722,#8723);
#8721 = CARTESIAN_POINT('',(-0.5,0.37,0.77));
#8722 = DIRECTION('',(1.,0.,-0.));
#8723 = DIRECTION('',(0.,0.,1.));
#8724 = ORIENTED_EDGE('',*,*,#8725,.F.);
#8725 = EDGE_CURVE('',#8521,#8717,#8726,.T.);
#8726 = LINE('',#8727,#8728);
#8727 = CARTESIAN_POINT('',(-0.8,0.4,0.77));
#8728 = VECTOR('',#8729,1.);
#8729 = DIRECTION('',(1.,0.,0.));
#8730 = CYLINDRICAL_SURFACE('',#8731,3.E-02);
#8731 = AXIS2_PLACEMENT_3D('',#8732,#8733,#8734);
#8732 = CARTESIAN_POINT('',(-0.8,0.37,0.77));
#8733 = DIRECTION('',(1.,0.,0.));
#8734 = DIRECTION('',(-0.,1.,0.));
#8735 = ADVANCED_FACE('',(#8736),#8747,.T.);
#8736 = FACE_BOUND('',#8737,.T.);
#8737 = EDGE_LOOP('',(#8738,#8744,#8745,#8746));
#8738 = ORIENTED_EDGE('',*,*,#8739,.F.);
#8739 = EDGE_CURVE('',#8690,#8717,#8740,.T.);
#8740 = LINE('',#8741,#8742);
#8741 = CARTESIAN_POINT('',(-0.5,0.4,0.));
#8742 = VECTOR('',#8743,1.);
#8743 = DIRECTION('',(0.,0.,1.));
#8744 = ORIENTED_EDGE('',*,*,#8689,.F.);
#8745 = ORIENTED_EDGE('',*,*,#8520,.T.);
#8746 = ORIENTED_EDGE('',*,*,#8725,.T.);
#8747 = PLANE('',#8748);
#8748 = AXIS2_PLACEMENT_3D('',#8749,#8750,#8751);
#8749 = CARTESIAN_POINT('',(-0.8,0.4,0.));
#8750 = DIRECTION('',(0.,1.,0.));
#8751 = DIRECTION('',(0.,-0.,1.));
#8752 = ADVANCED_FACE('',(#8753,#8763),#8833,.T.);
#8753 = FACE_BOUND('',#8754,.T.);
#8754 = EDGE_LOOP('',(#8755,#8756,#8757,#8758,#8759,#8760,#8761,#8762));
#8755 = ORIENTED_EDGE('',*,*,#8560,.F.);
#8756 = ORIENTED_EDGE('',*,*,#8600,.T.);
#8757 = ORIENTED_EDGE('',*,*,#8643,.T.);
#8758 = ORIENTED_EDGE('',*,*,#8697,.F.);
#8759 = ORIENTED_EDGE('',*,*,#8739,.T.);
#8760 = ORIENTED_EDGE('',*,*,#8716,.T.);
#8761 = ORIENTED_EDGE('',*,*,#8667,.F.);
#8762 = ORIENTED_EDGE('',*,*,#8617,.F.);
#8763 = FACE_BOUND('',#8764,.T.);
#8764 = EDGE_LOOP('',(#8765,#8776,#8784,#8793,#8801,#8810,#8818,#8827));
#8765 = ORIENTED_EDGE('',*,*,#8766,.F.);
#8766 = EDGE_CURVE('',#8767,#8769,#8771,.T.);
#8767 = VERTEX_POINT('',#8768);
#8768 = CARTESIAN_POINT('',(-0.5,-0.37,6.E-02));
#8769 = VERTEX_POINT('',#8770);
#8770 = CARTESIAN_POINT('',(-0.5,-0.34,3.E-02));
#8771 = CIRCLE('',#8772,3.E-02);
#8772 = AXIS2_PLACEMENT_3D('',#8773,#8774,#8775);
#8773 = CARTESIAN_POINT('',(-0.5,-0.34,6.E-02));
#8774 = DIRECTION('',(1.,0.,-0.));
#8775 = DIRECTION('',(0.,0.,1.));
#8776 = ORIENTED_EDGE('',*,*,#8777,.T.);
#8777 = EDGE_CURVE('',#8767,#8778,#8780,.T.);
#8778 = VERTEX_POINT('',#8779);
#8779 = CARTESIAN_POINT('',(-0.5,-0.37,0.74));
#8780 = LINE('',#8781,#8782);
#8781 = CARTESIAN_POINT('',(-0.5,-0.37,3.E-02));
#8782 = VECTOR('',#8783,1.);
#8783 = DIRECTION('',(0.,0.,1.));
#8784 = ORIENTED_EDGE('',*,*,#8785,.T.);
#8785 = EDGE_CURVE('',#8778,#8786,#8788,.T.);
#8786 = VERTEX_POINT('',#8787);
#8787 = CARTESIAN_POINT('',(-0.5,-0.34,0.77));
#8788 = CIRCLE('',#8789,3.E-02);
#8789 = AXIS2_PLACEMENT_3D('',#8790,#8791,#8792);
#8790 = CARTESIAN_POINT('',(-0.5,-0.34,0.74));
#8791 = DIRECTION('',(-1.,0.,0.));
#8792 = DIRECTION('',(0.,0.,1.));
#8793 = ORIENTED_EDGE('',*,*,#8794,.T.);
#8794 = EDGE_CURVE('',#8786,#8795,#8797,.T.);
#8795 = VERTEX_POINT('',#8796);
#8796 = CARTESIAN_POINT('',(-0.5,0.34,0.77));
#8797 = LINE('',#8798,#8799);
#8798 = CARTESIAN_POINT('',(-0.5,-0.37,0.77));
#8799 = VECTOR('',#8800,1.);
#8800 = DIRECTION('',(0.,1.,0.));
#8801 = ORIENTED_EDGE('',*,*,#8802,.F.);
#8802 = EDGE_CURVE('',#8803,#8795,#8805,.T.);
#8803 = VERTEX_POINT('',#8804);
#8804 = CARTESIAN_POINT('',(-0.5,0.37,0.74));
#8805 = CIRCLE('',#8806,3.E-02);
#8806 = AXIS2_PLACEMENT_3D('',#8807,#8808,#8809);
#8807 = CARTESIAN_POINT('',(-0.5,0.34,0.74));
#8808 = DIRECTION('',(1.,0.,-0.));
#8809 = DIRECTION('',(0.,0.,1.));
#8810 = ORIENTED_EDGE('',*,*,#8811,.F.);
#8811 = EDGE_CURVE('',#8812,#8803,#8814,.T.);
#8812 = VERTEX_POINT('',#8813);
#8813 = CARTESIAN_POINT('',(-0.5,0.37,6.E-02));
#8814 = LINE('',#8815,#8816);
#8815 = CARTESIAN_POINT('',(-0.5,0.37,3.E-02));
#8816 = VECTOR('',#8817,1.);
#8817 = DIRECTION('',(0.,0.,1.));
#8818 = ORIENTED_EDGE('',*,*,#8819,.T.);
#8819 = EDGE_CURVE('',#8812,#8820,#8822,.T.);
#8820 = VERTEX_POINT('',#8821);
#8821 = CARTESIAN_POINT('',(-0.5,0.34,3.E-02));
#8822 = CIRCLE('',#8823,3.E-02);
#8823 = AXIS2_PLACEMENT_3D('',#8824,#8825,#8826);
#8824 = CARTESIAN_POINT('',(-0.5,0.34,6.E-02));
#8825 = DIRECTION('',(-1.,0.,0.));
#8826 = DIRECTION('',(0.,0.,1.));
#8827 = ORIENTED_EDGE('',*,*,#8828,.F.);
#8828 = EDGE_CURVE('',#8769,#8820,#8829,.T.);
#8829 = LINE('',#8830,#8831);
#8830 = CARTESIAN_POINT('',(-0.5,-0.37,3.E-02));
#8831 = VECTOR('',#8832,1.);
#8832 = DIRECTION('',(0.,1.,0.));
#8833 = PLANE('',#8834);
#8834 = AXIS2_PLACEMENT_3D('',#8835,#8836,#8837);
#8835 = CARTESIAN_POINT('',(-0.5,-0.4,0.));
#8836 = DIRECTION('',(1.,0.,0.));
#8837 = DIRECTION('',(0.,0.,1.));
#8838 = ADVANCED_FACE('',(#8839),#8865,.T.);
#8839 = FACE_BOUND('',#8840,.T.);
#8840 = EDGE_LOOP('',(#8841,#8842,#8850,#8859));
#8841 = ORIENTED_EDGE('',*,*,#8766,.T.);
#8842 = ORIENTED_EDGE('',*,*,#8843,.T.);
#8843 = EDGE_CURVE('',#8769,#8844,#8846,.T.);
#8844 = VERTEX_POINT('',#8845);
#8845 = CARTESIAN_POINT('',(0.5,-0.34,3.E-02));
#8846 = LINE('',#8847,#8848);
#8847 = CARTESIAN_POINT('',(-0.5,-0.34,3.E-02));
#8848 = VECTOR('',#8849,1.);
#8849 = DIRECTION('',(1.,0.,0.));
#8850 = ORIENTED_EDGE('',*,*,#8851,.F.);
#8851 = EDGE_CURVE('',#8852,#8844,#8854,.T.);
#8852 = VERTEX_POINT('',#8853);
#8853 = CARTESIAN_POINT('',(0.5,-0.37,6.E-02));
#8854 = CIRCLE('',#8855,3.E-02);
#8855 = AXIS2_PLACEMENT_3D('',#8856,#8857,#8858);
#8856 = CARTESIAN_POINT('',(0.5,-0.34,6.E-02));
#8857 = DIRECTION('',(1.,0.,-0.));
#8858 = DIRECTION('',(0.,0.,1.));
#8859 = ORIENTED_EDGE('',*,*,#8860,.F.);
#8860 = EDGE_CURVE('',#8767,#8852,#8861,.T.);
#8861 = LINE('',#8862,#8863);
#8862 = CARTESIAN_POINT('',(-0.5,-0.37,6.E-02));
#8863 = VECTOR('',#8864,1.);
#8864 = DIRECTION('',(1.,0.,0.));
#8865 = CYLINDRICAL_SURFACE('',#8866,3.E-02);
#8866 = AXIS2_PLACEMENT_3D('',#8867,#8868,#8869);
#8867 = CARTESIAN_POINT('',(-0.5,-0.34,6.E-02));
#8868 = DIRECTION('',(1.,0.,0.));
#8869 = DIRECTION('',(0.,-1.,0.));
#8870 = ADVANCED_FACE('',(#8871),#8889,.F.);
#8871 = FACE_BOUND('',#8872,.F.);
#8872 = EDGE_LOOP('',(#8873,#8874,#8875,#8883));
#8873 = ORIENTED_EDGE('',*,*,#8828,.F.);
#8874 = ORIENTED_EDGE('',*,*,#8843,.T.);
#8875 = ORIENTED_EDGE('',*,*,#8876,.T.);
#8876 = EDGE_CURVE('',#8844,#8877,#8879,.T.);
#8877 = VERTEX_POINT('',#8878);
#8878 = CARTESIAN_POINT('',(0.5,0.34,3.E-02));
#8879 = LINE('',#8880,#8881);
#8880 = CARTESIAN_POINT('',(0.5,-0.37,3.E-02));
#8881 = VECTOR('',#8882,1.);
#8882 = DIRECTION('',(0.,1.,0.));
#8883 = ORIENTED_EDGE('',*,*,#8884,.F.);
#8884 = EDGE_CURVE('',#8820,#8877,#8885,.T.);
#8885 = LINE('',#8886,#8887);
#8886 = CARTESIAN_POINT('',(-0.5,0.34,3.E-02));
#8887 = VECTOR('',#8888,1.);
#8888 = DIRECTION('',(1.,0.,0.));
#8889 = PLANE('',#8890);
#8890 = AXIS2_PLACEMENT_3D('',#8891,#8892,#8893);
#8891 = CARTESIAN_POINT('',(-0.5,-0.37,3.E-02));
#8892 = DIRECTION('',(0.,0.,1.));
#8893 = DIRECTION('',(1.,0.,-0.));
#8894 = ADVANCED_FACE('',(#8895),#8914,.T.);
#8895 = FACE_BOUND('',#8896,.T.);
#8896 = EDGE_LOOP('',(#8897,#8905,#8912,#8913));
#8897 = ORIENTED_EDGE('',*,*,#8898,.T.);
#8898 = EDGE_CURVE('',#8812,#8899,#8901,.T.);
#8899 = VERTEX_POINT('',#8900);
#8900 = CARTESIAN_POINT('',(0.5,0.37,6.E-02));
#8901 = LINE('',#8902,#8903);
#8902 = CARTESIAN_POINT('',(-0.5,0.37,6.E-02));
#8903 = VECTOR('',#8904,1.);
#8904 = DIRECTION('',(1.,0.,0.));
#8905 = ORIENTED_EDGE('',*,*,#8906,.T.);
#8906 = EDGE_CURVE('',#8899,#8877,#8907,.T.);
#8907 = CIRCLE('',#8908,3.E-02);
#8908 = AXIS2_PLACEMENT_3D('',#8909,#8910,#8911);
#8909 = CARTESIAN_POINT('',(0.5,0.34,6.E-02));
#8910 = DIRECTION('',(-1.,0.,0.));
#8911 = DIRECTION('',(0.,0.,1.));
#8912 = ORIENTED_EDGE('',*,*,#8884,.F.);
#8913 = ORIENTED_EDGE('',*,*,#8819,.F.);
#8914 = CYLINDRICAL_SURFACE('',#8915,3.E-02);
#8915 = AXIS2_PLACEMENT_3D('',#8916,#8917,#8918);
#8916 = CARTESIAN_POINT('',(-0.5,0.34,6.E-02));
#8917 = DIRECTION('',(1.,0.,0.));
#8918 = DIRECTION('',(-0.,1.,0.));
#8919 = ADVANCED_FACE('',(#8920),#8938,.T.);
#8920 = FACE_BOUND('',#8921,.T.);
#8921 = EDGE_LOOP('',(#8922,#8930,#8931,#8932));
#8922 = ORIENTED_EDGE('',*,*,#8923,.F.);
#8923 = EDGE_CURVE('',#8899,#8924,#8926,.T.);
#8924 = VERTEX_POINT('',#8925);
#8925 = CARTESIAN_POINT('',(0.5,0.37,0.74));
#8926 = LINE('',#8927,#8928);
#8927 = CARTESIAN_POINT('',(0.5,0.37,3.E-02));
#8928 = VECTOR('',#8929,1.);
#8929 = DIRECTION('',(0.,0.,1.));
#8930 = ORIENTED_EDGE('',*,*,#8898,.F.);
#8931 = ORIENTED_EDGE('',*,*,#8811,.T.);
#8932 = ORIENTED_EDGE('',*,*,#8933,.T.);
#8933 = EDGE_CURVE('',#8803,#8924,#8934,.T.);
#8934 = LINE('',#8935,#8936);
#8935 = CARTESIAN_POINT('',(-0.5,0.37,0.74));
#8936 = VECTOR('',#8937,1.);
#8937 = DIRECTION('',(1.,0.,0.));
#8938 = PLANE('',#8939);
#8939 = AXIS2_PLACEMENT_3D('',#8940,#8941,#8942);
#8940 = CARTESIAN_POINT('',(-0.5,0.37,3.E-02));
#8941 = DIRECTION('',(0.,1.,0.));
#8942 = DIRECTION('',(0.,-0.,1.));
#8943 = ADVANCED_FACE('',(#8944),#8963,.T.);
#8944 = FACE_BOUND('',#8945,.T.);
#8945 = EDGE_LOOP('',(#8946,#8947,#8955,#8962));
#8946 = ORIENTED_EDGE('',*,*,#8802,.T.);
#8947 = ORIENTED_EDGE('',*,*,#8948,.T.);
#8948 = EDGE_CURVE('',#8795,#8949,#8951,.T.);
#8949 = VERTEX_POINT('',#8950);
#8950 = CARTESIAN_POINT('',(0.5,0.34,0.77));
#8951 = LINE('',#8952,#8953);
#8952 = CARTESIAN_POINT('',(-0.5,0.34,0.77));
#8953 = VECTOR('',#8954,1.);
#8954 = DIRECTION('',(1.,0.,0.));
#8955 = ORIENTED_EDGE('',*,*,#8956,.F.);
#8956 = EDGE_CURVE('',#8924,#8949,#8957,.T.);
#8957 = CIRCLE('',#8958,3.E-02);
#8958 = AXIS2_PLACEMENT_3D('',#8959,#8960,#8961);
#8959 = CARTESIAN_POINT('',(0.5,0.34,0.74));
#8960 = DIRECTION('',(1.,0.,-0.));
#8961 = DIRECTION('',(0.,0.,1.));
#8962 = ORIENTED_EDGE('',*,*,#8933,.F.);
#8963 = CYLINDRICAL_SURFACE('',#8964,3.E-02);
#8964 = AXIS2_PLACEMENT_3D('',#8965,#8966,#8967);
#8965 = CARTESIAN_POINT('',(-0.5,0.34,0.74));
#8966 = DIRECTION('',(1.,0.,0.));
#8967 = DIRECTION('',(-0.,1.,0.));
#8968 = ADVANCED_FACE('',(#8969),#8987,.T.);
#8969 = FACE_BOUND('',#8970,.T.);
#8970 = EDGE_LOOP('',(#8971,#8972,#8980,#8986));
#8971 = ORIENTED_EDGE('',*,*,#8794,.F.);
#8972 = ORIENTED_EDGE('',*,*,#8973,.T.);
#8973 = EDGE_CURVE('',#8786,#8974,#8976,.T.);
#8974 = VERTEX_POINT('',#8975);
#8975 = CARTESIAN_POINT('',(0.5,-0.34,0.77));
#8976 = LINE('',#8977,#8978);
#8977 = CARTESIAN_POINT('',(-0.5,-0.34,0.77));
#8978 = VECTOR('',#8979,1.);
#8979 = DIRECTION('',(1.,0.,0.));
#8980 = ORIENTED_EDGE('',*,*,#8981,.T.);
#8981 = EDGE_CURVE('',#8974,#8949,#8982,.T.);
#8982 = LINE('',#8983,#8984);
#8983 = CARTESIAN_POINT('',(0.5,-0.37,0.77));
#8984 = VECTOR('',#8985,1.);
#8985 = DIRECTION('',(0.,1.,0.));
#8986 = ORIENTED_EDGE('',*,*,#8948,.F.);
#8987 = PLANE('',#8988);
#8988 = AXIS2_PLACEMENT_3D('',#8989,#8990,#8991);
#8989 = CARTESIAN_POINT('',(-0.5,-0.37,0.77));
#8990 = DIRECTION('',(0.,0.,1.));
#8991 = DIRECTION('',(1.,0.,-0.));
#8992 = ADVANCED_FACE('',(#8993),#9012,.T.);
#8993 = FACE_BOUND('',#8994,.T.);
#8994 = EDGE_LOOP('',(#8995,#9003,#9010,#9011));
#8995 = ORIENTED_EDGE('',*,*,#8996,.T.);
#8996 = EDGE_CURVE('',#8778,#8997,#8999,.T.);
#8997 = VERTEX_POINT('',#8998);
#8998 = CARTESIAN_POINT('',(0.5,-0.37,0.74));
#8999 = LINE('',#9000,#9001);
#9000 = CARTESIAN_POINT('',(-0.5,-0.37,0.74));
#9001 = VECTOR('',#9002,1.);
#9002 = DIRECTION('',(1.,0.,0.));
#9003 = ORIENTED_EDGE('',*,*,#9004,.T.);
#9004 = EDGE_CURVE('',#8997,#8974,#9005,.T.);
#9005 = CIRCLE('',#9006,3.E-02);
#9006 = AXIS2_PLACEMENT_3D('',#9007,#9008,#9009);
#9007 = CARTESIAN_POINT('',(0.5,-0.34,0.74));
#9008 = DIRECTION('',(-1.,0.,0.));
#9009 = DIRECTION('',(0.,0.,1.));
#9010 = ORIENTED_EDGE('',*,*,#8973,.F.);
#9011 = ORIENTED_EDGE('',*,*,#8785,.F.);
#9012 = CYLINDRICAL_SURFACE('',#9013,3.E-02);
#9013 = AXIS2_PLACEMENT_3D('',#9014,#9015,#9016);
#9014 = CARTESIAN_POINT('',(-0.5,-0.34,0.74));
#9015 = DIRECTION('',(1.,0.,0.));
#9016 = DIRECTION('',(0.,-1.,0.));
#9017 = ADVANCED_FACE('',(#9018),#9029,.F.);
#9018 = FACE_BOUND('',#9019,.F.);
#9019 = EDGE_LOOP('',(#9020,#9026,#9027,#9028));
#9020 = ORIENTED_EDGE('',*,*,#9021,.F.);
#9021 = EDGE_CURVE('',#8852,#8997,#9022,.T.);
#9022 = LINE('',#9023,#9024);
#9023 = CARTESIAN_POINT('',(0.5,-0.37,3.E-02));
#9024 = VECTOR('',#9025,1.);
#9025 = DIRECTION('',(0.,0.,1.));
#9026 = ORIENTED_EDGE('',*,*,#8860,.F.);
#9027 = ORIENTED_EDGE('',*,*,#8777,.T.);
#9028 = ORIENTED_EDGE('',*,*,#8996,.T.);
#9029 = PLANE('',#9030);
#9030 = AXIS2_PLACEMENT_3D('',#9031,#9032,#9033);
#9031 = CARTESIAN_POINT('',(-0.5,-0.37,3.E-02));
#9032 = DIRECTION('',(0.,1.,0.));
#9033 = DIRECTION('',(0.,-0.,1.));
#9034 = ADVANCED_FACE('',(#9035,#9105),#9115,.F.);
#9035 = FACE_BOUND('',#9036,.F.);
#9036 = EDGE_LOOP('',(#9037,#9047,#9056,#9064,#9073,#9081,#9090,#9098));
#9037 = ORIENTED_EDGE('',*,*,#9038,.F.);
#9038 = EDGE_CURVE('',#9039,#9041,#9043,.T.);
#9039 = VERTEX_POINT('',#9040);
#9040 = CARTESIAN_POINT('',(0.5,-0.4,3.E-02));
#9041 = VERTEX_POINT('',#9042);
#9042 = CARTESIAN_POINT('',(0.5,-0.4,0.77));
#9043 = LINE('',#9044,#9045);
#9044 = CARTESIAN_POINT('',(0.5,-0.4,0.));
#9045 = VECTOR('',#9046,1.);
#9046 = DIRECTION('',(0.,0.,1.));
#9047 = ORIENTED_EDGE('',*,*,#9048,.T.);
#9048 = EDGE_CURVE('',#9039,#9049,#9051,.T.);
#9049 = VERTEX_POINT('',#9050);
#9050 = CARTESIAN_POINT('',(0.5,-0.37,0.));
#9051 = CIRCLE('',#9052,3.E-02);
#9052 = AXIS2_PLACEMENT_3D('',#9053,#9054,#9055);
#9053 = CARTESIAN_POINT('',(0.5,-0.37,3.E-02));
#9054 = DIRECTION('',(1.,0.,-0.));
#9055 = DIRECTION('',(0.,0.,1.));
#9056 = ORIENTED_EDGE('',*,*,#9057,.T.);
#9057 = EDGE_CURVE('',#9049,#9058,#9060,.T.);
#9058 = VERTEX_POINT('',#9059);
#9059 = CARTESIAN_POINT('',(0.5,0.37,0.));
#9060 = LINE('',#9061,#9062);
#9061 = CARTESIAN_POINT('',(0.5,-0.4,0.));
#9062 = VECTOR('',#9063,1.);
#9063 = DIRECTION('',(0.,1.,0.));
#9064 = ORIENTED_EDGE('',*,*,#9065,.F.);
#9065 = EDGE_CURVE('',#9066,#9058,#9068,.T.);
#9066 = VERTEX_POINT('',#9067);
#9067 = CARTESIAN_POINT('',(0.5,0.4,3.E-02));
#9068 = CIRCLE('',#9069,3.E-02);
#9069 = AXIS2_PLACEMENT_3D('',#9070,#9071,#9072);
#9070 = CARTESIAN_POINT('',(0.5,0.37,3.E-02));
#9071 = DIRECTION('',(-1.,0.,0.));
#9072 = DIRECTION('',(0.,0.,1.));
#9073 = ORIENTED_EDGE('',*,*,#9074,.T.);
#9074 = EDGE_CURVE('',#9066,#9075,#9077,.T.);
#9075 = VERTEX_POINT('',#9076);
#9076 = CARTESIAN_POINT('',(0.5,0.4,0.77));
#9077 = LINE('',#9078,#9079);
#9078 = CARTESIAN_POINT('',(0.5,0.4,0.));
#9079 = VECTOR('',#9080,1.);
#9080 = DIRECTION('',(0.,0.,1.));
#9081 = ORIENTED_EDGE('',*,*,#9082,.T.);
#9082 = EDGE_CURVE('',#9075,#9083,#9085,.T.);
#9083 = VERTEX_POINT('',#9084);
#9084 = CARTESIAN_POINT('',(0.5,0.37,0.8));
#9085 = CIRCLE('',#9086,3.E-02);
#9086 = AXIS2_PLACEMENT_3D('',#9087,#9088,#9089);
#9087 = CARTESIAN_POINT('',(0.5,0.37,0.77));
#9088 = DIRECTION('',(1.,0.,-0.));
#9089 = DIRECTION('',(0.,0.,1.));
#9090 = ORIENTED_EDGE('',*,*,#9091,.F.);
#9091 = EDGE_CURVE('',#9092,#9083,#9094,.T.);
#9092 = VERTEX_POINT('',#9093);
#9093 = CARTESIAN_POINT('',(0.5,-0.37,0.8));
#9094 = LINE('',#9095,#9096);
#9095 = CARTESIAN_POINT('',(0.5,-0.4,0.8));
#9096 = VECTOR('',#9097,1.);
#9097 = DIRECTION('',(0.,1.,0.));
#9098 = ORIENTED_EDGE('',*,*,#9099,.F.);
#9099 = EDGE_CURVE('',#9041,#9092,#9100,.T.);
#9100 = CIRCLE('',#9101,3.E-02);
#9101 = AXIS2_PLACEMENT_3D('',#9102,#9103,#9104);
#9102 = CARTESIAN_POINT('',(0.5,-0.37,0.77));
#9103 = DIRECTION('',(-1.,0.,0.));
#9104 = DIRECTION('',(0.,0.,1.));
#9105 = FACE_BOUND('',#9106,.F.);
#9106 = EDGE_LOOP('',(#9107,#9108,#9109,#9110,#9111,#9112,#9113,#9114));
#9107 = ORIENTED_EDGE('',*,*,#8851,.F.);
#9108 = ORIENTED_EDGE('',*,*,#9021,.T.);
#9109 = ORIENTED_EDGE('',*,*,#9004,.T.);
#9110 = ORIENTED_EDGE('',*,*,#8981,.T.);
#9111 = ORIENTED_EDGE('',*,*,#8956,.F.);
#9112 = ORIENTED_EDGE('',*,*,#8923,.F.);
#9113 = ORIENTED_EDGE('',*,*,#8906,.T.);
#9114 = ORIENTED_EDGE('',*,*,#8876,.F.);
#9115 = PLANE('',#9116);
#9116 = AXIS2_PLACEMENT_3D('',#9117,#9118,#9119);
#9117 = CARTESIAN_POINT('',(0.5,-0.4,0.));
#9118 = DIRECTION('',(1.,0.,0.));
#9119 = DIRECTION('',(0.,0.,1.));
#9120 = ADVANCED_FACE('',(#9121),#9146,.F.);
#9121 = FACE_BOUND('',#9122,.F.);
#9122 = EDGE_LOOP('',(#9123,#9133,#9139,#9140));
#9123 = ORIENTED_EDGE('',*,*,#9124,.F.);
#9124 = EDGE_CURVE('',#9125,#9127,#9129,.T.);
#9125 = VERTEX_POINT('',#9126);
#9126 = CARTESIAN_POINT('',(0.8,-0.4,3.E-02));
#9127 = VERTEX_POINT('',#9128);
#9128 = CARTESIAN_POINT('',(0.8,-0.4,0.77));
#9129 = LINE('',#9130,#9131);
#9130 = CARTESIAN_POINT('',(0.8,-0.4,0.));
#9131 = VECTOR('',#9132,1.);
#9132 = DIRECTION('',(0.,0.,1.));
#9133 = ORIENTED_EDGE('',*,*,#9134,.F.);
#9134 = EDGE_CURVE('',#9039,#9125,#9135,.T.);
#9135 = LINE('',#9136,#9137);
#9136 = CARTESIAN_POINT('',(0.5,-0.4,3.E-02));
#9137 = VECTOR('',#9138,1.);
#9138 = DIRECTION('',(1.,0.,0.));
#9139 = ORIENTED_EDGE('',*,*,#9038,.T.);
#9140 = ORIENTED_EDGE('',*,*,#9141,.T.);
#9141 = EDGE_CURVE('',#9041,#9127,#9142,.T.);
#9142 = LINE('',#9143,#9144);
#9143 = CARTESIAN_POINT('',(0.5,-0.4,0.77));
#9144 = VECTOR('',#9145,1.);
#9145 = DIRECTION('',(1.,0.,0.));
#9146 = PLANE('',#9147);
#9147 = AXIS2_PLACEMENT_3D('',#9148,#9149,#9150);
#9148 = CARTESIAN_POINT('',(0.5,-0.4,0.));
#9149 = DIRECTION('',(0.,1.,0.));
#9150 = DIRECTION('',(0.,-0.,1.));
#9151 = ADVANCED_FACE('',(#9152),#9171,.T.);
#9152 = FACE_BOUND('',#9153,.T.);
#9153 = EDGE_LOOP('',(#9154,#9155,#9163,#9170));
#9154 = ORIENTED_EDGE('',*,*,#9048,.T.);
#9155 = ORIENTED_EDGE('',*,*,#9156,.T.);
#9156 = EDGE_CURVE('',#9049,#9157,#9159,.T.);
#9157 = VERTEX_POINT('',#9158);
#9158 = CARTESIAN_POINT('',(0.8,-0.37,0.));
#9159 = LINE('',#9160,#9161);
#9160 = CARTESIAN_POINT('',(0.5,-0.37,0.));
#9161 = VECTOR('',#9162,1.);
#9162 = DIRECTION('',(1.,0.,0.));
#9163 = ORIENTED_EDGE('',*,*,#9164,.F.);
#9164 = EDGE_CURVE('',#9125,#9157,#9165,.T.);
#9165 = CIRCLE('',#9166,3.E-02);
#9166 = AXIS2_PLACEMENT_3D('',#9167,#9168,#9169);
#9167 = CARTESIAN_POINT('',(0.8,-0.37,3.E-02));
#9168 = DIRECTION('',(1.,0.,-0.));
#9169 = DIRECTION('',(0.,0.,1.));
#9170 = ORIENTED_EDGE('',*,*,#9134,.F.);
#9171 = CYLINDRICAL_SURFACE('',#9172,3.E-02);
#9172 = AXIS2_PLACEMENT_3D('',#9173,#9174,#9175);
#9173 = CARTESIAN_POINT('',(0.5,-0.37,3.E-02));
#9174 = DIRECTION('',(1.,0.,0.));
#9175 = DIRECTION('',(0.,-1.,0.));
#9176 = ADVANCED_FACE('',(#9177),#9196,.T.);
#9177 = FACE_BOUND('',#9178,.T.);
#9178 = EDGE_LOOP('',(#9179,#9180,#9189,#9195));
#9179 = ORIENTED_EDGE('',*,*,#9141,.T.);
#9180 = ORIENTED_EDGE('',*,*,#9181,.T.);
#9181 = EDGE_CURVE('',#9127,#9182,#9184,.T.);
#9182 = VERTEX_POINT('',#9183);
#9183 = CARTESIAN_POINT('',(0.8,-0.37,0.8));
#9184 = CIRCLE('',#9185,3.E-02);
#9185 = AXIS2_PLACEMENT_3D('',#9186,#9187,#9188);
#9186 = CARTESIAN_POINT('',(0.8,-0.37,0.77));
#9187 = DIRECTION('',(-1.,0.,0.));
#9188 = DIRECTION('',(0.,0.,1.));
#9189 = ORIENTED_EDGE('',*,*,#9190,.F.);
#9190 = EDGE_CURVE('',#9092,#9182,#9191,.T.);
#9191 = LINE('',#9192,#9193);
#9192 = CARTESIAN_POINT('',(0.5,-0.37,0.8));
#9193 = VECTOR('',#9194,1.);
#9194 = DIRECTION('',(1.,0.,0.));
#9195 = ORIENTED_EDGE('',*,*,#9099,.F.);
#9196 = CYLINDRICAL_SURFACE('',#9197,3.E-02);
#9197 = AXIS2_PLACEMENT_3D('',#9198,#9199,#9200);
#9198 = CARTESIAN_POINT('',(0.5,-0.37,0.77));
#9199 = DIRECTION('',(1.,0.,0.));
#9200 = DIRECTION('',(0.,-1.,0.));
#9201 = ADVANCED_FACE('',(#9202),#9220,.F.);
#9202 = FACE_BOUND('',#9203,.F.);
#9203 = EDGE_LOOP('',(#9204,#9205,#9206,#9214));
#9204 = ORIENTED_EDGE('',*,*,#9057,.F.);
#9205 = ORIENTED_EDGE('',*,*,#9156,.T.);
#9206 = ORIENTED_EDGE('',*,*,#9207,.T.);
#9207 = EDGE_CURVE('',#9157,#9208,#9210,.T.);
#9208 = VERTEX_POINT('',#9209);
#9209 = CARTESIAN_POINT('',(0.8,0.37,0.));
#9210 = LINE('',#9211,#9212);
#9211 = CARTESIAN_POINT('',(0.8,-0.4,0.));
#9212 = VECTOR('',#9213,1.);
#9213 = DIRECTION('',(0.,1.,0.));
#9214 = ORIENTED_EDGE('',*,*,#9215,.F.);
#9215 = EDGE_CURVE('',#9058,#9208,#9216,.T.);
#9216 = LINE('',#9217,#9218);
#9217 = CARTESIAN_POINT('',(0.5,0.37,0.));
#9218 = VECTOR('',#9219,1.);
#9219 = DIRECTION('',(1.,0.,0.));
#9220 = PLANE('',#9221);
#9221 = AXIS2_PLACEMENT_3D('',#9222,#9223,#9224);
#9222 = CARTESIAN_POINT('',(0.5,-0.4,0.));
#9223 = DIRECTION('',(0.,0.,1.));
#9224 = DIRECTION('',(1.,0.,-0.));
#9225 = ADVANCED_FACE('',(#9226),#9244,.T.);
#9226 = FACE_BOUND('',#9227,.T.);
#9227 = EDGE_LOOP('',(#9228,#9229,#9230,#9238));
#9228 = ORIENTED_EDGE('',*,*,#9091,.F.);
#9229 = ORIENTED_EDGE('',*,*,#9190,.T.);
#9230 = ORIENTED_EDGE('',*,*,#9231,.T.);
#9231 = EDGE_CURVE('',#9182,#9232,#9234,.T.);
#9232 = VERTEX_POINT('',#9233);
#9233 = CARTESIAN_POINT('',(0.8,0.37,0.8));
#9234 = LINE('',#9235,#9236);
#9235 = CARTESIAN_POINT('',(0.8,-0.4,0.8));
#9236 = VECTOR('',#9237,1.);
#9237 = DIRECTION('',(0.,1.,0.));
#9238 = ORIENTED_EDGE('',*,*,#9239,.F.);
#9239 = EDGE_CURVE('',#9083,#9232,#9240,.T.);
#9240 = LINE('',#9241,#9242);
#9241 = CARTESIAN_POINT('',(0.5,0.37,0.8));
#9242 = VECTOR('',#9243,1.);
#9243 = DIRECTION('',(1.,0.,0.));
#9244 = PLANE('',#9245);
#9245 = AXIS2_PLACEMENT_3D('',#9246,#9247,#9248);
#9246 = CARTESIAN_POINT('',(0.5,-0.4,0.8));
#9247 = DIRECTION('',(0.,0.,1.));
#9248 = DIRECTION('',(1.,0.,-0.));
#9249 = ADVANCED_FACE('',(#9250),#9269,.T.);
#9250 = FACE_BOUND('',#9251,.T.);
#9251 = EDGE_LOOP('',(#9252,#9260,#9267,#9268));
#9252 = ORIENTED_EDGE('',*,*,#9253,.T.);
#9253 = EDGE_CURVE('',#9066,#9254,#9256,.T.);
#9254 = VERTEX_POINT('',#9255);
#9255 = CARTESIAN_POINT('',(0.8,0.4,3.E-02));
#9256 = LINE('',#9257,#9258);
#9257 = CARTESIAN_POINT('',(0.5,0.4,3.E-02));
#9258 = VECTOR('',#9259,1.);
#9259 = DIRECTION('',(1.,0.,0.));
#9260 = ORIENTED_EDGE('',*,*,#9261,.T.);
#9261 = EDGE_CURVE('',#9254,#9208,#9262,.T.);
#9262 = CIRCLE('',#9263,3.E-02);
#9263 = AXIS2_PLACEMENT_3D('',#9264,#9265,#9266);
#9264 = CARTESIAN_POINT('',(0.8,0.37,3.E-02));
#9265 = DIRECTION('',(-1.,0.,0.));
#9266 = DIRECTION('',(0.,0.,1.));
#9267 = ORIENTED_EDGE('',*,*,#9215,.F.);
#9268 = ORIENTED_EDGE('',*,*,#9065,.F.);
#9269 = CYLINDRICAL_SURFACE('',#9270,3.E-02);
#9270 = AXIS2_PLACEMENT_3D('',#9271,#9272,#9273);
#9271 = CARTESIAN_POINT('',(0.5,0.37,3.E-02));
#9272 = DIRECTION('',(1.,0.,0.));
#9273 = DIRECTION('',(-0.,1.,0.));
#9274 = ADVANCED_FACE('',(#9275),#9294,.T.);
#9275 = FACE_BOUND('',#9276,.T.);
#9276 = EDGE_LOOP('',(#9277,#9278,#9279,#9288));
#9277 = ORIENTED_EDGE('',*,*,#9082,.T.);
#9278 = ORIENTED_EDGE('',*,*,#9239,.T.);
#9279 = ORIENTED_EDGE('',*,*,#9280,.F.);
#9280 = EDGE_CURVE('',#9281,#9232,#9283,.T.);
#9281 = VERTEX_POINT('',#9282);
#9282 = CARTESIAN_POINT('',(0.8,0.4,0.77));
#9283 = CIRCLE('',#9284,3.E-02);
#9284 = AXIS2_PLACEMENT_3D('',#9285,#9286,#9287);
#9285 = CARTESIAN_POINT('',(0.8,0.37,0.77));
#9286 = DIRECTION('',(1.,0.,-0.));
#9287 = DIRECTION('',(0.,0.,1.));
#9288 = ORIENTED_EDGE('',*,*,#9289,.F.);
#9289 = EDGE_CURVE('',#9075,#9281,#9290,.T.);
#9290 = LINE('',#9291,#9292);
#9291 = CARTESIAN_POINT('',(0.5,0.4,0.77));
#9292 = VECTOR('',#9293,1.);
#9293 = DIRECTION('',(1.,0.,0.));
#9294 = CYLINDRICAL_SURFACE('',#9295,3.E-02);
#9295 = AXIS2_PLACEMENT_3D('',#9296,#9297,#9298);
#9296 = CARTESIAN_POINT('',(0.5,0.37,0.77));
#9297 = DIRECTION('',(1.,0.,0.));
#9298 = DIRECTION('',(-0.,1.,0.));
#9299 = ADVANCED_FACE('',(#9300),#9311,.T.);
#9300 = FACE_BOUND('',#9301,.T.);
#9301 = EDGE_LOOP('',(#9302,#9308,#9309,#9310));
#9302 = ORIENTED_EDGE('',*,*,#9303,.F.);
#9303 = EDGE_CURVE('',#9254,#9281,#9304,.T.);
#9304 = LINE('',#9305,#9306);
#9305 = CARTESIAN_POINT('',(0.8,0.4,0.));
#9306 = VECTOR('',#9307,1.);
#9307 = DIRECTION('',(0.,0.,1.));
#9308 = ORIENTED_EDGE('',*,*,#9253,.F.);
#9309 = ORIENTED_EDGE('',*,*,#9074,.T.);
#9310 = ORIENTED_EDGE('',*,*,#9289,.T.);
#9311 = PLANE('',#9312);
#9312 = AXIS2_PLACEMENT_3D('',#9313,#9314,#9315);
#9313 = CARTESIAN_POINT('',(0.5,0.4,0.));
#9314 = DIRECTION('',(0.,1.,0.));
#9315 = DIRECTION('',(0.,-0.,1.));
#9316 = ADVANCED_FACE('',(#9317),#9327,.T.);
#9317 = FACE_BOUND('',#9318,.T.);
#9318 = EDGE_LOOP('',(#9319,#9320,#9321,#9322,#9323,#9324,#9325,#9326));
#9319 = ORIENTED_EDGE('',*,*,#9124,.F.);
#9320 = ORIENTED_EDGE('',*,*,#9164,.T.);
#9321 = ORIENTED_EDGE('',*,*,#9207,.T.);
#9322 = ORIENTED_EDGE('',*,*,#9261,.F.);
#9323 = ORIENTED_EDGE('',*,*,#9303,.T.);
#9324 = ORIENTED_EDGE('',*,*,#9280,.T.);
#9325 = ORIENTED_EDGE('',*,*,#9231,.F.);
#9326 = ORIENTED_EDGE('',*,*,#9181,.F.);
#9327 = PLANE('',#9328);
#9328 = AXIS2_PLACEMENT_3D('',#9329,#9330,#9331);
#9329 = CARTESIAN_POINT('',(0.8,-0.4,0.));
#9330 = DIRECTION('',(1.,0.,0.));
#9331 = DIRECTION('',(0.,0.,1.));
#9332 = ( GEOMETRIC_REPRESENTATION_CONTEXT(3) 
GLOBAL_UNCERTAINTY_ASSIGNED_CONTEXT((#9336)) 
GLOBAL_UNIT_ASSIGNED_CONTEXT((#9333,#9334,#9335)) REPRESENTATION_CONTEXT
('Context #1','3D Context with UNIT and UNCERTAINTY') );
#9333 = ( LENGTH_UNIT() NAMED_UNIT(*) SI_UNIT(.MILLI.,.METRE.) );
#9334 = ( NAMED_UNIT(*) PLANE_ANGLE_UNIT() SI_UNIT($,.RADIAN.) );
#9335 = ( NAMED_UNIT(*) SI_UNIT($,.STERADIAN.) SOLID_ANGLE_UNIT() );
#9336 = UNCERTAINTY_MEASURE_WITH_UNIT(LENGTH_MEASURE(1.E-07),#9333,
  'distance_accuracy_value','confusion accuracy');
#9337 = CONTEXT_DEPENDENT_SHAPE_REPRESENTATION(#9338,#9340);
#9338 = ( REPRESENTATION_RELATIONSHIP('','',#8477,#10) 
REPRESENTATION_RELATIONSHIP_WITH_TRANSFORMATION(#9339) 
SHAPE_REPRESENTATION_RELATIONSHIP() );
#9339 = ITEM_DEFINED_TRANSFORMATION('','',#11,#31);
#9340 = PRODUCT_DEFINITION_SHAPE('Placement','Placement of an item',
  #9341);
#9341 = NEXT_ASSEMBLY_USAGE_OCCURRENCE('5','C6','',#5,#8472,$);
#9342 = PRODUCT_RELATED_PRODUCT_CATEGORY('part',$,(#8474));
#9343 = CONTEXT_DEPENDENT_SHAPE_REPRESENTATION(#9344,#9346);
#9344 = ( REPRESENTATION_RELATIONSHIP('','',#4575,#10) 
REPRESENTATION_RELATIONSHIP_WITH_TRANSFORMATION(#9345) 
SHAPE_REPRESENTATION_RELATIONSHIP() );
#9345 = ITEM_DEFINED_TRANSFORMATION('','',#11,#35);
#9346 = PRODUCT_DEFINITION_SHAPE('Placement','Placement of an item',
  #9347);
#9347 = NEXT_ASSEMBLY_USAGE_OCCURRENCE('6','R17','',#5,#4570,$);
#9348 = CONTEXT_DEPENDENT_SHAPE_REPRESENTATION(#9349,#9351);
#9349 = ( REPRESENTATION_RELATIONSHIP('','',#4575,#10) 
REPRESENTATION_RELATIONSHIP_WITH_TRANSFORMATION(#9350) 
SHAPE_REPRESENTATION_RELATIONSHIP() );
#9350 = ITEM_DEFINED_TRANSFORMATION('','',#11,#39);
#9351 = PRODUCT_DEFINITION_SHAPE('Placement','Placement of an item',
  #9352);
#9352 = NEXT_ASSEMBLY_USAGE_OCCURRENCE('7','R18','',#5,#4570,$);
#9353 = SHAPE_DEFINITION_REPRESENTATION(#9354,#9360);
#9354 = PRODUCT_DEFINITION_SHAPE('','',#9355);
#9355 = PRODUCT_DEFINITION('design','',#9356,#9359);
#9356 = PRODUCT_DEFINITION_FORMATION('','',#9357);
#9357 = PRODUCT('U2_MAX_PACKAGE_ENVELOPE','U2_MAX_PACKAGE_ENVELOPE','',(
    #9358));
#9358 = PRODUCT_CONTEXT('',#2,'mechanical');
#9359 = PRODUCT_DEFINITION_CONTEXT('part definition',#2,'design');
#9360 = ADVANCED_BREP_SHAPE_REPRESENTATION('',(#11,#9361),#9511);
#9361 = MANIFOLD_SOLID_BREP('',#9362);
#9362 = CLOSED_SHELL('',(#9363,#9403,#9443,#9465,#9482,#9499));
#9363 = ADVANCED_FACE('',(#9364),#9398,.T.);
#9364 = FACE_BOUND('',#9365,.T.);
#9365 = EDGE_LOOP('',(#9366,#9376,#9384,#9392));
#9366 = ORIENTED_EDGE('',*,*,#9367,.T.);
#9367 = EDGE_CURVE('',#9368,#9370,#9372,.T.);
#9368 = VERTEX_POINT('',#9369);
#9369 = CARTESIAN_POINT('',(-1.55,-1.55,0.));
#9370 = VERTEX_POINT('',#9371);
#9371 = CARTESIAN_POINT('',(-1.55,1.55,0.));
#9372 = LINE('',#9373,#9374);
#9373 = CARTESIAN_POINT('',(-1.55,-1.55,0.));
#9374 = VECTOR('',#9375,1.);
#9375 = DIRECTION('',(0.,1.,0.));
#9376 = ORIENTED_EDGE('',*,*,#9377,.F.);
#9377 = EDGE_CURVE('',#9378,#9370,#9380,.T.);
#9378 = VERTEX_POINT('',#9379);
#9379 = CARTESIAN_POINT('',(1.55,1.55,0.));
#9380 = LINE('',#9381,#9382);
#9381 = CARTESIAN_POINT('',(1.55,1.55,0.));
#9382 = VECTOR('',#9383,1.);
#9383 = DIRECTION('',(-1.,0.,0.));
#9384 = ORIENTED_EDGE('',*,*,#9385,.F.);
#9385 = EDGE_CURVE('',#9386,#9378,#9388,.T.);
#9386 = VERTEX_POINT('',#9387);
#9387 = CARTESIAN_POINT('',(1.55,-1.55,0.));
#9388 = LINE('',#9389,#9390);
#9389 = CARTESIAN_POINT('',(1.55,-1.55,0.));
#9390 = VECTOR('',#9391,1.);
#9391 = DIRECTION('',(0.,1.,0.));
#9392 = ORIENTED_EDGE('',*,*,#9393,.F.);
#9393 = EDGE_CURVE('',#9368,#9386,#9394,.T.);
#9394 = LINE('',#9395,#9396);
#9395 = CARTESIAN_POINT('',(-1.55,-1.55,0.));
#9396 = VECTOR('',#9397,1.);
#9397 = DIRECTION('',(1.,0.,0.));
#9398 = PLANE('',#9399);
#9399 = AXIS2_PLACEMENT_3D('',#9400,#9401,#9402);
#9400 = CARTESIAN_POINT('',(-1.55,-1.55,0.));
#9401 = DIRECTION('',(0.,0.,-1.));
#9402 = DIRECTION('',(0.,1.,0.));
#9403 = ADVANCED_FACE('',(#9404),#9438,.T.);
#9404 = FACE_BOUND('',#9405,.T.);
#9405 = EDGE_LOOP('',(#9406,#9416,#9424,#9432));
#9406 = ORIENTED_EDGE('',*,*,#9407,.T.);
#9407 = EDGE_CURVE('',#9408,#9410,#9412,.T.);
#9408 = VERTEX_POINT('',#9409);
#9409 = CARTESIAN_POINT('',(-1.55,-1.55,1.05));
#9410 = VERTEX_POINT('',#9411);
#9411 = CARTESIAN_POINT('',(1.55,-1.55,1.05));
#9412 = LINE('',#9413,#9414);
#9413 = CARTESIAN_POINT('',(-1.55,-1.55,1.05));
#9414 = VECTOR('',#9415,1.);
#9415 = DIRECTION('',(1.,0.,0.));
#9416 = ORIENTED_EDGE('',*,*,#9417,.T.);
#9417 = EDGE_CURVE('',#9410,#9418,#9420,.T.);
#9418 = VERTEX_POINT('',#9419);
#9419 = CARTESIAN_POINT('',(1.55,1.55,1.05));
#9420 = LINE('',#9421,#9422);
#9421 = CARTESIAN_POINT('',(1.55,-1.55,1.05));
#9422 = VECTOR('',#9423,1.);
#9423 = DIRECTION('',(0.,1.,0.));
#9424 = ORIENTED_EDGE('',*,*,#9425,.T.);
#9425 = EDGE_CURVE('',#9418,#9426,#9428,.T.);
#9426 = VERTEX_POINT('',#9427);
#9427 = CARTESIAN_POINT('',(-1.55,1.55,1.05));
#9428 = LINE('',#9429,#9430);
#9429 = CARTESIAN_POINT('',(1.55,1.55,1.05));
#9430 = VECTOR('',#9431,1.);
#9431 = DIRECTION('',(-1.,0.,0.));
#9432 = ORIENTED_EDGE('',*,*,#9433,.F.);
#9433 = EDGE_CURVE('',#9408,#9426,#9434,.T.);
#9434 = LINE('',#9435,#9436);
#9435 = CARTESIAN_POINT('',(-1.55,-1.55,1.05));
#9436 = VECTOR('',#9437,1.);
#9437 = DIRECTION('',(0.,1.,0.));
#9438 = PLANE('',#9439);
#9439 = AXIS2_PLACEMENT_3D('',#9440,#9441,#9442);
#9440 = CARTESIAN_POINT('',(-1.55,-1.55,1.05));
#9441 = DIRECTION('',(0.,0.,1.));
#9442 = DIRECTION('',(1.,0.,-0.));
#9443 = ADVANCED_FACE('',(#9444),#9460,.T.);
#9444 = FACE_BOUND('',#9445,.T.);
#9445 = EDGE_LOOP('',(#9446,#9447,#9453,#9454));
#9446 = ORIENTED_EDGE('',*,*,#9393,.T.);
#9447 = ORIENTED_EDGE('',*,*,#9448,.T.);
#9448 = EDGE_CURVE('',#9386,#9410,#9449,.T.);
#9449 = LINE('',#9450,#9451);
#9450 = CARTESIAN_POINT('',(1.55,-1.55,0.));
#9451 = VECTOR('',#9452,1.);
#9452 = DIRECTION('',(0.,0.,1.));
#9453 = ORIENTED_EDGE('',*,*,#9407,.F.);
#9454 = ORIENTED_EDGE('',*,*,#9455,.F.);
#9455 = EDGE_CURVE('',#9368,#9408,#9456,.T.);
#9456 = LINE('',#9457,#9458);
#9457 = CARTESIAN_POINT('',(-1.55,-1.55,0.));
#9458 = VECTOR('',#9459,1.);
#9459 = DIRECTION('',(0.,0.,1.));
#9460 = PLANE('',#9461);
#9461 = AXIS2_PLACEMENT_3D('',#9462,#9463,#9464);
#9462 = CARTESIAN_POINT('',(-1.55,-1.55,0.));
#9463 = DIRECTION('',(0.,-1.,0.));
#9464 = DIRECTION('',(1.,0.,0.));
#9465 = ADVANCED_FACE('',(#9466),#9477,.T.);
#9466 = FACE_BOUND('',#9467,.T.);
#9467 = EDGE_LOOP('',(#9468,#9469,#9475,#9476));
#9468 = ORIENTED_EDGE('',*,*,#9385,.T.);
#9469 = ORIENTED_EDGE('',*,*,#9470,.T.);
#9470 = EDGE_CURVE('',#9378,#9418,#9471,.T.);
#9471 = LINE('',#9472,#9473);
#9472 = CARTESIAN_POINT('',(1.55,1.55,0.));
#9473 = VECTOR('',#9474,1.);
#9474 = DIRECTION('',(0.,0.,1.));
#9475 = ORIENTED_EDGE('',*,*,#9417,.F.);
#9476 = ORIENTED_EDGE('',*,*,#9448,.F.);
#9477 = PLANE('',#9478);
#9478 = AXIS2_PLACEMENT_3D('',#9479,#9480,#9481);
#9479 = CARTESIAN_POINT('',(1.55,-1.55,0.));
#9480 = DIRECTION('',(1.,0.,0.));
#9481 = DIRECTION('',(-0.,1.,0.));
#9482 = ADVANCED_FACE('',(#9483),#9494,.T.);
#9483 = FACE_BOUND('',#9484,.T.);
#9484 = EDGE_LOOP('',(#9485,#9486,#9492,#9493));
#9485 = ORIENTED_EDGE('',*,*,#9377,.T.);
#9486 = ORIENTED_EDGE('',*,*,#9487,.T.);
#9487 = EDGE_CURVE('',#9370,#9426,#9488,.T.);
#9488 = LINE('',#9489,#9490);
#9489 = CARTESIAN_POINT('',(-1.55,1.55,0.));
#9490 = VECTOR('',#9491,1.);
#9491 = DIRECTION('',(0.,0.,1.));
#9492 = ORIENTED_EDGE('',*,*,#9425,.F.);
#9493 = ORIENTED_EDGE('',*,*,#9470,.F.);
#9494 = PLANE('',#9495);
#9495 = AXIS2_PLACEMENT_3D('',#9496,#9497,#9498);
#9496 = CARTESIAN_POINT('',(1.55,1.55,0.));
#9497 = DIRECTION('',(0.,1.,0.));
#9498 = DIRECTION('',(-1.,0.,0.));
#9499 = ADVANCED_FACE('',(#9500),#9506,.T.);
#9500 = FACE_BOUND('',#9501,.T.);
#9501 = EDGE_LOOP('',(#9502,#9503,#9504,#9505));
#9502 = ORIENTED_EDGE('',*,*,#9367,.F.);
#9503 = ORIENTED_EDGE('',*,*,#9455,.T.);
#9504 = ORIENTED_EDGE('',*,*,#9433,.T.);
#9505 = ORIENTED_EDGE('',*,*,#9487,.F.);
#9506 = PLANE('',#9507);
#9507 = AXIS2_PLACEMENT_3D('',#9508,#9509,#9510);
#9508 = CARTESIAN_POINT('',(-1.55,1.55,0.));
#9509 = DIRECTION('',(-1.,0.,0.));
#9510 = DIRECTION('',(0.,-1.,0.));
#9511 = ( GEOMETRIC_REPRESENTATION_CONTEXT(3) 
GLOBAL_UNCERTAINTY_ASSIGNED_CONTEXT((#9515)) 
GLOBAL_UNIT_ASSIGNED_CONTEXT((#9512,#9513,#9514)) REPRESENTATION_CONTEXT
('Context #1','3D Context with UNIT and UNCERTAINTY') );
#9512 = ( LENGTH_UNIT() NAMED_UNIT(*) SI_UNIT(.MILLI.,.METRE.) );
#9513 = ( NAMED_UNIT(*) PLANE_ANGLE_UNIT() SI_UNIT($,.RADIAN.) );
#9514 = ( NAMED_UNIT(*) SI_UNIT($,.STERADIAN.) SOLID_ANGLE_UNIT() );
#9515 = UNCERTAINTY_MEASURE_WITH_UNIT(LENGTH_MEASURE(1.E-07),#9512,
  'distance_accuracy_value','confusion accuracy');
#9516 = CONTEXT_DEPENDENT_SHAPE_REPRESENTATION(#9517,#9519);
#9517 = ( REPRESENTATION_RELATIONSHIP('','',#9360,#10) 
REPRESENTATION_RELATIONSHIP_WITH_TRANSFORMATION(#9518) 
SHAPE_REPRESENTATION_RELATIONSHIP() );
#9518 = ITEM_DEFINED_TRANSFORMATION('','',#11,#43);
#9519 = PRODUCT_DEFINITION_SHAPE('Placement','Placement of an item',
  #9520);
#9520 = NEXT_ASSEMBLY_USAGE_OCCURRENCE('8','U2','',#5,#9355,$);
#9521 = PRODUCT_RELATED_PRODUCT_CATEGORY('part',$,(#9357));
#9522 = SHAPE_DEFINITION_REPRESENTATION(#9523,#9529);
#9523 = PRODUCT_DEFINITION_SHAPE('','',#9524);
#9524 = PRODUCT_DEFINITION('design','',#9525,#9528);
#9525 = PRODUCT_DEFINITION_FORMATION('','',#9526);
#9526 = PRODUCT('C_0402_1005Metric','C_0402_1005Metric','',(#9527));
#9527 = PRODUCT_CONTEXT('',#2,'mechanical');
#9528 = PRODUCT_DEFINITION_CONTEXT('part definition',#2,'design');
#9529 = ADVANCED_BREP_SHAPE_REPRESENTATION('',(#11,#9530),#10384);
#9530 = MANIFOLD_SOLID_BREP('',#9531);
#9531 = CLOSED_SHELL('',(#9532,#9608,#9639,#9664,#9689,#9713,#9737,#9762
    ,#9787,#9804,#9890,#9922,#9946,#9971,#9995,#10020,#10044,#10069,
    #10086,#10172,#10203,#10228,#10253,#10277,#10301,#10326,#10351,
    #10368));
#9532 = ADVANCED_FACE('',(#9533),#9603,.F.);
#9533 = FACE_BOUND('',#9534,.F.);
#9534 = EDGE_LOOP('',(#9535,#9545,#9554,#9562,#9571,#9579,#9588,#9596));
#9535 = ORIENTED_EDGE('',*,*,#9536,.F.);
#9536 = EDGE_CURVE('',#9537,#9539,#9541,.T.);
#9537 = VERTEX_POINT('',#9538);
#9538 = CARTESIAN_POINT('',(-0.5,-0.25,2.E-02));
#9539 = VERTEX_POINT('',#9540);
#9540 = CARTESIAN_POINT('',(-0.5,-0.25,0.48));
#9541 = LINE('',#9542,#9543);
#9542 = CARTESIAN_POINT('',(-0.5,-0.25,0.));
#9543 = VECTOR('',#9544,1.);
#9544 = DIRECTION('',(0.,0.,1.));
#9545 = ORIENTED_EDGE('',*,*,#9546,.T.);
#9546 = EDGE_CURVE('',#9537,#9547,#9549,.T.);
#9547 = VERTEX_POINT('',#9548);
#9548 = CARTESIAN_POINT('',(-0.5,-0.23,0.));
#9549 = CIRCLE('',#9550,2.E-02);
#9550 = AXIS2_PLACEMENT_3D('',#9551,#9552,#9553);
#9551 = CARTESIAN_POINT('',(-0.5,-0.23,2.E-02));
#9552 = DIRECTION('',(1.,0.,-0.));
#9553 = DIRECTION('',(0.,0.,1.));
#9554 = ORIENTED_EDGE('',*,*,#9555,.T.);
#9555 = EDGE_CURVE('',#9547,#9556,#9558,.T.);
#9556 = VERTEX_POINT('',#9557);
#9557 = CARTESIAN_POINT('',(-0.5,0.23,0.));
#9558 = LINE('',#9559,#9560);
#9559 = CARTESIAN_POINT('',(-0.5,-0.25,0.));
#9560 = VECTOR('',#9561,1.);
#9561 = DIRECTION('',(0.,1.,0.));
#9562 = ORIENTED_EDGE('',*,*,#9563,.F.);
#9563 = EDGE_CURVE('',#9564,#9556,#9566,.T.);
#9564 = VERTEX_POINT('',#9565);
#9565 = CARTESIAN_POINT('',(-0.5,0.25,2.E-02));
#9566 = CIRCLE('',#9567,2.E-02);
#9567 = AXIS2_PLACEMENT_3D('',#9568,#9569,#9570);
#9568 = CARTESIAN_POINT('',(-0.5,0.23,2.E-02));
#9569 = DIRECTION('',(-1.,0.,0.));
#9570 = DIRECTION('',(0.,0.,1.));
#9571 = ORIENTED_EDGE('',*,*,#9572,.T.);
#9572 = EDGE_CURVE('',#9564,#9573,#9575,.T.);
#9573 = VERTEX_POINT('',#9574);
#9574 = CARTESIAN_POINT('',(-0.5,0.25,0.48));
#9575 = LINE('',#9576,#9577);
#9576 = CARTESIAN_POINT('',(-0.5,0.25,0.));
#9577 = VECTOR('',#9578,1.);
#9578 = DIRECTION('',(0.,0.,1.));
#9579 = ORIENTED_EDGE('',*,*,#9580,.T.);
#9580 = EDGE_CURVE('',#9573,#9581,#9583,.T.);
#9581 = VERTEX_POINT('',#9582);
#9582 = CARTESIAN_POINT('',(-0.5,0.23,0.5));
#9583 = CIRCLE('',#9584,2.E-02);
#9584 = AXIS2_PLACEMENT_3D('',#9585,#9586,#9587);
#9585 = CARTESIAN_POINT('',(-0.5,0.23,0.48));
#9586 = DIRECTION('',(1.,0.,-0.));
#9587 = DIRECTION('',(0.,0.,1.));
#9588 = ORIENTED_EDGE('',*,*,#9589,.F.);
#9589 = EDGE_CURVE('',#9590,#9581,#9592,.T.);
#9590 = VERTEX_POINT('',#9591);
#9591 = CARTESIAN_POINT('',(-0.5,-0.23,0.5));
#9592 = LINE('',#9593,#9594);
#9593 = CARTESIAN_POINT('',(-0.5,-0.25,0.5));
#9594 = VECTOR('',#9595,1.);
#9595 = DIRECTION('',(0.,1.,0.));
#9596 = ORIENTED_EDGE('',*,*,#9597,.F.);
#9597 = EDGE_CURVE('',#9539,#9590,#9598,.T.);
#9598 = CIRCLE('',#9599,2.E-02);
#9599 = AXIS2_PLACEMENT_3D('',#9600,#9601,#9602);
#9600 = CARTESIAN_POINT('',(-0.5,-0.23,0.48));
#9601 = DIRECTION('',(-1.,0.,0.));
#9602 = DIRECTION('',(0.,0.,1.));
#9603 = PLANE('',#9604);
#9604 = AXIS2_PLACEMENT_3D('',#9605,#9606,#9607);
#9605 = CARTESIAN_POINT('',(-0.5,-0.25,0.));
#9606 = DIRECTION('',(1.,0.,0.));
#9607 = DIRECTION('',(0.,0.,1.));
#9608 = ADVANCED_FACE('',(#9609),#9634,.F.);
#9609 = FACE_BOUND('',#9610,.F.);
#9610 = EDGE_LOOP('',(#9611,#9621,#9627,#9628));
#9611 = ORIENTED_EDGE('',*,*,#9612,.F.);
#9612 = EDGE_CURVE('',#9613,#9615,#9617,.T.);
#9613 = VERTEX_POINT('',#9614);
#9614 = CARTESIAN_POINT('',(-0.3,-0.25,2.E-02));
#9615 = VERTEX_POINT('',#9616);
#9616 = CARTESIAN_POINT('',(-0.3,-0.25,0.48));
#9617 = LINE('',#9618,#9619);
#9618 = CARTESIAN_POINT('',(-0.3,-0.25,0.));
#9619 = VECTOR('',#9620,1.);
#9620 = DIRECTION('',(0.,0.,1.));
#9621 = ORIENTED_EDGE('',*,*,#9622,.F.);
#9622 = EDGE_CURVE('',#9537,#9613,#9623,.T.);
#9623 = LINE('',#9624,#9625);
#9624 = CARTESIAN_POINT('',(-0.5,-0.25,2.E-02));
#9625 = VECTOR('',#9626,1.);
#9626 = DIRECTION('',(1.,0.,0.));
#9627 = ORIENTED_EDGE('',*,*,#9536,.T.);
#9628 = ORIENTED_EDGE('',*,*,#9629,.T.);
#9629 = EDGE_CURVE('',#9539,#9615,#9630,.T.);
#9630 = LINE('',#9631,#9632);
#9631 = CARTESIAN_POINT('',(-0.5,-0.25,0.48));
#9632 = VECTOR('',#9633,1.);
#9633 = DIRECTION('',(1.,0.,0.));
#9634 = PLANE('',#9635);
#9635 = AXIS2_PLACEMENT_3D('',#9636,#9637,#9638);
#9636 = CARTESIAN_POINT('',(-0.5,-0.25,0.));
#9637 = DIRECTION('',(0.,1.,0.));
#9638 = DIRECTION('',(0.,-0.,1.));
#9639 = ADVANCED_FACE('',(#9640),#9659,.T.);
#9640 = FACE_BOUND('',#9641,.T.);
#9641 = EDGE_LOOP('',(#9642,#9643,#9651,#9658));
#9642 = ORIENTED_EDGE('',*,*,#9546,.T.);
#9643 = ORIENTED_EDGE('',*,*,#9644,.T.);
#9644 = EDGE_CURVE('',#9547,#9645,#9647,.T.);
#9645 = VERTEX_POINT('',#9646);
#9646 = CARTESIAN_POINT('',(-0.3,-0.23,0.));
#9647 = LINE('',#9648,#9649);
#9648 = CARTESIAN_POINT('',(-0.5,-0.23,0.));
#9649 = VECTOR('',#9650,1.);
#9650 = DIRECTION('',(1.,0.,0.));
#9651 = ORIENTED_EDGE('',*,*,#9652,.F.);
#9652 = EDGE_CURVE('',#9613,#9645,#9653,.T.);
#9653 = CIRCLE('',#9654,2.E-02);
#9654 = AXIS2_PLACEMENT_3D('',#9655,#9656,#9657);
#9655 = CARTESIAN_POINT('',(-0.3,-0.23,2.E-02));
#9656 = DIRECTION('',(1.,0.,-0.));
#9657 = DIRECTION('',(0.,0.,1.));
#9658 = ORIENTED_EDGE('',*,*,#9622,.F.);
#9659 = CYLINDRICAL_SURFACE('',#9660,2.E-02);
#9660 = AXIS2_PLACEMENT_3D('',#9661,#9662,#9663);
#9661 = CARTESIAN_POINT('',(-0.5,-0.23,2.E-02));
#9662 = DIRECTION('',(1.,0.,0.));
#9663 = DIRECTION('',(0.,-1.,0.));
#9664 = ADVANCED_FACE('',(#9665),#9684,.T.);
#9665 = FACE_BOUND('',#9666,.T.);
#9666 = EDGE_LOOP('',(#9667,#9668,#9677,#9683));
#9667 = ORIENTED_EDGE('',*,*,#9629,.T.);
#9668 = ORIENTED_EDGE('',*,*,#9669,.T.);
#9669 = EDGE_CURVE('',#9615,#9670,#9672,.T.);
#9670 = VERTEX_POINT('',#9671);
#9671 = CARTESIAN_POINT('',(-0.3,-0.23,0.5));
#9672 = CIRCLE('',#9673,2.E-02);
#9673 = AXIS2_PLACEMENT_3D('',#9674,#9675,#9676);
#9674 = CARTESIAN_POINT('',(-0.3,-0.23,0.48));
#9675 = DIRECTION('',(-1.,0.,0.));
#9676 = DIRECTION('',(0.,0.,1.));
#9677 = ORIENTED_EDGE('',*,*,#9678,.F.);
#9678 = EDGE_CURVE('',#9590,#9670,#9679,.T.);
#9679 = LINE('',#9680,#9681);
#9680 = CARTESIAN_POINT('',(-0.5,-0.23,0.5));
#9681 = VECTOR('',#9682,1.);
#9682 = DIRECTION('',(1.,0.,0.));
#9683 = ORIENTED_EDGE('',*,*,#9597,.F.);
#9684 = CYLINDRICAL_SURFACE('',#9685,2.E-02);
#9685 = AXIS2_PLACEMENT_3D('',#9686,#9687,#9688);
#9686 = CARTESIAN_POINT('',(-0.5,-0.23,0.48));
#9687 = DIRECTION('',(1.,0.,0.));
#9688 = DIRECTION('',(0.,-1.,0.));
#9689 = ADVANCED_FACE('',(#9690),#9708,.F.);
#9690 = FACE_BOUND('',#9691,.F.);
#9691 = EDGE_LOOP('',(#9692,#9693,#9694,#9702));
#9692 = ORIENTED_EDGE('',*,*,#9555,.F.);
#9693 = ORIENTED_EDGE('',*,*,#9644,.T.);
#9694 = ORIENTED_EDGE('',*,*,#9695,.T.);
#9695 = EDGE_CURVE('',#9645,#9696,#9698,.T.);
#9696 = VERTEX_POINT('',#9697);
#9697 = CARTESIAN_POINT('',(-0.3,0.23,0.));
#9698 = LINE('',#9699,#9700);
#9699 = CARTESIAN_POINT('',(-0.3,-0.25,0.));
#9700 = VECTOR('',#9701,1.);
#9701 = DIRECTION('',(0.,1.,0.));
#9702 = ORIENTED_EDGE('',*,*,#9703,.F.);
#9703 = EDGE_CURVE('',#9556,#9696,#9704,.T.);
#9704 = LINE('',#9705,#9706);
#9705 = CARTESIAN_POINT('',(-0.5,0.23,0.));
#9706 = VECTOR('',#9707,1.);
#9707 = DIRECTION('',(1.,0.,0.));
#9708 = PLANE('',#9709);
#9709 = AXIS2_PLACEMENT_3D('',#9710,#9711,#9712);
#9710 = CARTESIAN_POINT('',(-0.5,-0.25,0.));
#9711 = DIRECTION('',(0.,0.,1.));
#9712 = DIRECTION('',(1.,0.,-0.));
#9713 = ADVANCED_FACE('',(#9714),#9732,.T.);
#9714 = FACE_BOUND('',#9715,.T.);
#9715 = EDGE_LOOP('',(#9716,#9717,#9718,#9726));
#9716 = ORIENTED_EDGE('',*,*,#9589,.F.);
#9717 = ORIENTED_EDGE('',*,*,#9678,.T.);
#9718 = ORIENTED_EDGE('',*,*,#9719,.T.);
#9719 = EDGE_CURVE('',#9670,#9720,#9722,.T.);
#9720 = VERTEX_POINT('',#9721);
#9721 = CARTESIAN_POINT('',(-0.3,0.23,0.5));
#9722 = LINE('',#9723,#9724);
#9723 = CARTESIAN_POINT('',(-0.3,-0.25,0.5));
#9724 = VECTOR('',#9725,1.);
#9725 = DIRECTION('',(0.,1.,0.));
#9726 = ORIENTED_EDGE('',*,*,#9727,.F.);
#9727 = EDGE_CURVE('',#9581,#9720,#9728,.T.);
#9728 = LINE('',#9729,#9730);
#9729 = CARTESIAN_POINT('',(-0.5,0.23,0.5));
#9730 = VECTOR('',#9731,1.);
#9731 = DIRECTION('',(1.,0.,0.));
#9732 = PLANE('',#9733);
#9733 = AXIS2_PLACEMENT_3D('',#9734,#9735,#9736);
#9734 = CARTESIAN_POINT('',(-0.5,-0.25,0.5));
#9735 = DIRECTION('',(0.,0.,1.));
#9736 = DIRECTION('',(1.,0.,-0.));
#9737 = ADVANCED_FACE('',(#9738),#9757,.T.);
#9738 = FACE_BOUND('',#9739,.T.);
#9739 = EDGE_LOOP('',(#9740,#9748,#9755,#9756));
#9740 = ORIENTED_EDGE('',*,*,#9741,.T.);
#9741 = EDGE_CURVE('',#9564,#9742,#9744,.T.);
#9742 = VERTEX_POINT('',#9743);
#9743 = CARTESIAN_POINT('',(-0.3,0.25,2.E-02));
#9744 = LINE('',#9745,#9746);
#9745 = CARTESIAN_POINT('',(-0.5,0.25,2.E-02));
#9746 = VECTOR('',#9747,1.);
#9747 = DIRECTION('',(1.,0.,0.));
#9748 = ORIENTED_EDGE('',*,*,#9749,.T.);
#9749 = EDGE_CURVE('',#9742,#9696,#9750,.T.);
#9750 = CIRCLE('',#9751,2.E-02);
#9751 = AXIS2_PLACEMENT_3D('',#9752,#9753,#9754);
#9752 = CARTESIAN_POINT('',(-0.3,0.23,2.E-02));
#9753 = DIRECTION('',(-1.,0.,0.));
#9754 = DIRECTION('',(0.,0.,1.));
#9755 = ORIENTED_EDGE('',*,*,#9703,.F.);
#9756 = ORIENTED_EDGE('',*,*,#9563,.F.);
#9757 = CYLINDRICAL_SURFACE('',#9758,2.E-02);
#9758 = AXIS2_PLACEMENT_3D('',#9759,#9760,#9761);
#9759 = CARTESIAN_POINT('',(-0.5,0.23,2.E-02));
#9760 = DIRECTION('',(1.,0.,0.));
#9761 = DIRECTION('',(-0.,1.,0.));
#9762 = ADVANCED_FACE('',(#9763),#9782,.T.);
#9763 = FACE_BOUND('',#9764,.T.);
#9764 = EDGE_LOOP('',(#9765,#9766,#9767,#9776));
#9765 = ORIENTED_EDGE('',*,*,#9580,.T.);
#9766 = ORIENTED_EDGE('',*,*,#9727,.T.);
#9767 = ORIENTED_EDGE('',*,*,#9768,.F.);
#9768 = EDGE_CURVE('',#9769,#9720,#9771,.T.);
#9769 = VERTEX_POINT('',#9770);
#9770 = CARTESIAN_POINT('',(-0.3,0.25,0.48));
#9771 = CIRCLE('',#9772,2.E-02);
#9772 = AXIS2_PLACEMENT_3D('',#9773,#9774,#9775);
#9773 = CARTESIAN_POINT('',(-0.3,0.23,0.48));
#9774 = DIRECTION('',(1.,0.,-0.));
#9775 = DIRECTION('',(0.,0.,1.));
#9776 = ORIENTED_EDGE('',*,*,#9777,.F.);
#9777 = EDGE_CURVE('',#9573,#9769,#9778,.T.);
#9778 = LINE('',#9779,#9780);
#9779 = CARTESIAN_POINT('',(-0.5,0.25,0.48));
#9780 = VECTOR('',#9781,1.);
#9781 = DIRECTION('',(1.,0.,0.));
#9782 = CYLINDRICAL_SURFACE('',#9783,2.E-02);
#9783 = AXIS2_PLACEMENT_3D('',#9784,#9785,#9786);
#9784 = CARTESIAN_POINT('',(-0.5,0.23,0.48));
#9785 = DIRECTION('',(1.,0.,0.));
#9786 = DIRECTION('',(-0.,1.,0.));
#9787 = ADVANCED_FACE('',(#9788),#9799,.T.);
#9788 = FACE_BOUND('',#9789,.T.);
#9789 = EDGE_LOOP('',(#9790,#9796,#9797,#9798));
#9790 = ORIENTED_EDGE('',*,*,#9791,.F.);
#9791 = EDGE_CURVE('',#9742,#9769,#9792,.T.);
#9792 = LINE('',#9793,#9794);
#9793 = CARTESIAN_POINT('',(-0.3,0.25,0.));
#9794 = VECTOR('',#9795,1.);
#9795 = DIRECTION('',(0.,0.,1.));
#9796 = ORIENTED_EDGE('',*,*,#9741,.F.);
#9797 = ORIENTED_EDGE('',*,*,#9572,.T.);
#9798 = ORIENTED_EDGE('',*,*,#9777,.T.);
#9799 = PLANE('',#9800);
#9800 = AXIS2_PLACEMENT_3D('',#9801,#9802,#9803);
#9801 = CARTESIAN_POINT('',(-0.5,0.25,0.));
#9802 = DIRECTION('',(0.,1.,0.));
#9803 = DIRECTION('',(0.,-0.,1.));
#9804 = ADVANCED_FACE('',(#9805,#9815),#9885,.T.);
#9805 = FACE_BOUND('',#9806,.T.);
#9806 = EDGE_LOOP('',(#9807,#9808,#9809,#9810,#9811,#9812,#9813,#9814));
#9807 = ORIENTED_EDGE('',*,*,#9612,.F.);
#9808 = ORIENTED_EDGE('',*,*,#9652,.T.);
#9809 = ORIENTED_EDGE('',*,*,#9695,.T.);
#9810 = ORIENTED_EDGE('',*,*,#9749,.F.);
#9811 = ORIENTED_EDGE('',*,*,#9791,.T.);
#9812 = ORIENTED_EDGE('',*,*,#9768,.T.);
#9813 = ORIENTED_EDGE('',*,*,#9719,.F.);
#9814 = ORIENTED_EDGE('',*,*,#9669,.F.);
#9815 = FACE_BOUND('',#9816,.T.);
#9816 = EDGE_LOOP('',(#9817,#9828,#9836,#9845,#9853,#9862,#9870,#9879));
#9817 = ORIENTED_EDGE('',*,*,#9818,.F.);
#9818 = EDGE_CURVE('',#9819,#9821,#9823,.T.);
#9819 = VERTEX_POINT('',#9820);
#9820 = CARTESIAN_POINT('',(-0.3,-0.23,4.E-02));
#9821 = VERTEX_POINT('',#9822);
#9822 = CARTESIAN_POINT('',(-0.3,-0.21,2.E-02));
#9823 = CIRCLE('',#9824,2.E-02);
#9824 = AXIS2_PLACEMENT_3D('',#9825,#9826,#9827);
#9825 = CARTESIAN_POINT('',(-0.3,-0.21,4.E-02));
#9826 = DIRECTION('',(1.,0.,-0.));
#9827 = DIRECTION('',(0.,0.,1.));
#9828 = ORIENTED_EDGE('',*,*,#9829,.T.);
#9829 = EDGE_CURVE('',#9819,#9830,#9832,.T.);
#9830 = VERTEX_POINT('',#9831);
#9831 = CARTESIAN_POINT('',(-0.3,-0.23,0.46));
#9832 = LINE('',#9833,#9834);
#9833 = CARTESIAN_POINT('',(-0.3,-0.23,2.E-02));
#9834 = VECTOR('',#9835,1.);
#9835 = DIRECTION('',(0.,0.,1.));
#9836 = ORIENTED_EDGE('',*,*,#9837,.T.);
#9837 = EDGE_CURVE('',#9830,#9838,#9840,.T.);
#9838 = VERTEX_POINT('',#9839);
#9839 = CARTESIAN_POINT('',(-0.3,-0.21,0.48));
#9840 = CIRCLE('',#9841,2.E-02);
#9841 = AXIS2_PLACEMENT_3D('',#9842,#9843,#9844);
#9842 = CARTESIAN_POINT('',(-0.3,-0.21,0.46));
#9843 = DIRECTION('',(-1.,0.,0.));
#9844 = DIRECTION('',(0.,0.,1.));
#9845 = ORIENTED_EDGE('',*,*,#9846,.T.);
#9846 = EDGE_CURVE('',#9838,#9847,#9849,.T.);
#9847 = VERTEX_POINT('',#9848);
#9848 = CARTESIAN_POINT('',(-0.3,0.21,0.48));
#9849 = LINE('',#9850,#9851);
#9850 = CARTESIAN_POINT('',(-0.3,-0.23,0.48));
#9851 = VECTOR('',#9852,1.);
#9852 = DIRECTION('',(0.,1.,0.));
#9853 = ORIENTED_EDGE('',*,*,#9854,.F.);
#9854 = EDGE_CURVE('',#9855,#9847,#9857,.T.);
#9855 = VERTEX_POINT('',#9856);
#9856 = CARTESIAN_POINT('',(-0.3,0.23,0.46));
#9857 = CIRCLE('',#9858,2.E-02);
#9858 = AXIS2_PLACEMENT_3D('',#9859,#9860,#9861);
#9859 = CARTESIAN_POINT('',(-0.3,0.21,0.46));
#9860 = DIRECTION('',(1.,0.,-0.));
#9861 = DIRECTION('',(0.,0.,1.));
#9862 = ORIENTED_EDGE('',*,*,#9863,.F.);
#9863 = EDGE_CURVE('',#9864,#9855,#9866,.T.);
#9864 = VERTEX_POINT('',#9865);
#9865 = CARTESIAN_POINT('',(-0.3,0.23,4.E-02));
#9866 = LINE('',#9867,#9868);
#9867 = CARTESIAN_POINT('',(-0.3,0.23,2.E-02));
#9868 = VECTOR('',#9869,1.);
#9869 = DIRECTION('',(0.,0.,1.));
#9870 = ORIENTED_EDGE('',*,*,#9871,.T.);
#9871 = EDGE_CURVE('',#9864,#9872,#9874,.T.);
#9872 = VERTEX_POINT('',#9873);
#9873 = CARTESIAN_POINT('',(-0.3,0.21,2.E-02));
#9874 = CIRCLE('',#9875,2.E-02);
#9875 = AXIS2_PLACEMENT_3D('',#9876,#9877,#9878);
#9876 = CARTESIAN_POINT('',(-0.3,0.21,4.E-02));
#9877 = DIRECTION('',(-1.,0.,0.));
#9878 = DIRECTION('',(0.,0.,1.));
#9879 = ORIENTED_EDGE('',*,*,#9880,.F.);
#9880 = EDGE_CURVE('',#9821,#9872,#9881,.T.);
#9881 = LINE('',#9882,#9883);
#9882 = CARTESIAN_POINT('',(-0.3,-0.23,2.E-02));
#9883 = VECTOR('',#9884,1.);
#9884 = DIRECTION('',(0.,1.,0.));
#9885 = PLANE('',#9886);
#9886 = AXIS2_PLACEMENT_3D('',#9887,#9888,#9889);
#9887 = CARTESIAN_POINT('',(-0.3,-0.25,0.));
#9888 = DIRECTION('',(1.,0.,0.));
#9889 = DIRECTION('',(0.,0.,1.));
#9890 = ADVANCED_FACE('',(#9891),#9917,.T.);
#9891 = FACE_BOUND('',#9892,.T.);
#9892 = EDGE_LOOP('',(#9893,#9894,#9902,#9911));
#9893 = ORIENTED_EDGE('',*,*,#9818,.T.);
#9894 = ORIENTED_EDGE('',*,*,#9895,.T.);
#9895 = EDGE_CURVE('',#9821,#9896,#9898,.T.);
#9896 = VERTEX_POINT('',#9897);
#9897 = CARTESIAN_POINT('',(0.3,-0.21,2.E-02));
#9898 = LINE('',#9899,#9900);
#9899 = CARTESIAN_POINT('',(-0.3,-0.21,2.E-02));
#9900 = VECTOR('',#9901,1.);
#9901 = DIRECTION('',(1.,0.,0.));
#9902 = ORIENTED_EDGE('',*,*,#9903,.F.);
#9903 = EDGE_CURVE('',#9904,#9896,#9906,.T.);
#9904 = VERTEX_POINT('',#9905);
#9905 = CARTESIAN_POINT('',(0.3,-0.23,4.E-02));
#9906 = CIRCLE('',#9907,2.E-02);
#9907 = AXIS2_PLACEMENT_3D('',#9908,#9909,#9910);
#9908 = CARTESIAN_POINT('',(0.3,-0.21,4.E-02));
#9909 = DIRECTION('',(1.,0.,-0.));
#9910 = DIRECTION('',(0.,0.,1.));
#9911 = ORIENTED_EDGE('',*,*,#9912,.F.);
#9912 = EDGE_CURVE('',#9819,#9904,#9913,.T.);
#9913 = LINE('',#9914,#9915);
#9914 = CARTESIAN_POINT('',(-0.3,-0.23,4.E-02));
#9915 = VECTOR('',#9916,1.);
#9916 = DIRECTION('',(1.,0.,0.));
#9917 = CYLINDRICAL_SURFACE('',#9918,2.E-02);
#9918 = AXIS2_PLACEMENT_3D('',#9919,#9920,#9921);
#9919 = CARTESIAN_POINT('',(-0.3,-0.21,4.E-02));
#9920 = DIRECTION('',(1.,0.,0.));
#9921 = DIRECTION('',(0.,-1.,0.));
#9922 = ADVANCED_FACE('',(#9923),#9941,.F.);
#9923 = FACE_BOUND('',#9924,.F.);
#9924 = EDGE_LOOP('',(#9925,#9926,#9927,#9935));
#9925 = ORIENTED_EDGE('',*,*,#9880,.F.);
#9926 = ORIENTED_EDGE('',*,*,#9895,.T.);
#9927 = ORIENTED_EDGE('',*,*,#9928,.T.);
#9928 = EDGE_CURVE('',#9896,#9929,#9931,.T.);
#9929 = VERTEX_POINT('',#9930);
#9930 = CARTESIAN_POINT('',(0.3,0.21,2.E-02));
#9931 = LINE('',#9932,#9933);
#9932 = CARTESIAN_POINT('',(0.3,-0.23,2.E-02));
#9933 = VECTOR('',#9934,1.);
#9934 = DIRECTION('',(0.,1.,0.));
#9935 = ORIENTED_EDGE('',*,*,#9936,.F.);
#9936 = EDGE_CURVE('',#9872,#9929,#9937,.T.);
#9937 = LINE('',#9938,#9939);
#9938 = CARTESIAN_POINT('',(-0.3,0.21,2.E-02));
#9939 = VECTOR('',#9940,1.);
#9940 = DIRECTION('',(1.,0.,0.));
#9941 = PLANE('',#9942);
#9942 = AXIS2_PLACEMENT_3D('',#9943,#9944,#9945);
#9943 = CARTESIAN_POINT('',(-0.3,-0.23,2.E-02));
#9944 = DIRECTION('',(0.,0.,1.));
#9945 = DIRECTION('',(1.,0.,-0.));
#9946 = ADVANCED_FACE('',(#9947),#9966,.T.);
#9947 = FACE_BOUND('',#9948,.T.);
#9948 = EDGE_LOOP('',(#9949,#9957,#9964,#9965));
#9949 = ORIENTED_EDGE('',*,*,#9950,.T.);
#9950 = EDGE_CURVE('',#9864,#9951,#9953,.T.);
#9951 = VERTEX_POINT('',#9952);
#9952 = CARTESIAN_POINT('',(0.3,0.23,4.E-02));
#9953 = LINE('',#9954,#9955);
#9954 = CARTESIAN_POINT('',(-0.3,0.23,4.E-02));
#9955 = VECTOR('',#9956,1.);
#9956 = DIRECTION('',(1.,0.,0.));
#9957 = ORIENTED_EDGE('',*,*,#9958,.T.);
#9958 = EDGE_CURVE('',#9951,#9929,#9959,.T.);
#9959 = CIRCLE('',#9960,2.E-02);
#9960 = AXIS2_PLACEMENT_3D('',#9961,#9962,#9963);
#9961 = CARTESIAN_POINT('',(0.3,0.21,4.E-02));
#9962 = DIRECTION('',(-1.,0.,0.));
#9963 = DIRECTION('',(0.,0.,1.));
#9964 = ORIENTED_EDGE('',*,*,#9936,.F.);
#9965 = ORIENTED_EDGE('',*,*,#9871,.F.);
#9966 = CYLINDRICAL_SURFACE('',#9967,2.E-02);
#9967 = AXIS2_PLACEMENT_3D('',#9968,#9969,#9970);
#9968 = CARTESIAN_POINT('',(-0.3,0.21,4.E-02));
#9969 = DIRECTION('',(1.,0.,0.));
#9970 = DIRECTION('',(-0.,1.,0.));
#9971 = ADVANCED_FACE('',(#9972),#9990,.T.);
#9972 = FACE_BOUND('',#9973,.T.);
#9973 = EDGE_LOOP('',(#9974,#9982,#9983,#9984));
#9974 = ORIENTED_EDGE('',*,*,#9975,.F.);
#9975 = EDGE_CURVE('',#9951,#9976,#9978,.T.);
#9976 = VERTEX_POINT('',#9977);
#9977 = CARTESIAN_POINT('',(0.3,0.23,0.46));
#9978 = LINE('',#9979,#9980);
#9979 = CARTESIAN_POINT('',(0.3,0.23,2.E-02));
#9980 = VECTOR('',#9981,1.);
#9981 = DIRECTION('',(0.,0.,1.));
#9982 = ORIENTED_EDGE('',*,*,#9950,.F.);
#9983 = ORIENTED_EDGE('',*,*,#9863,.T.);
#9984 = ORIENTED_EDGE('',*,*,#9985,.T.);
#9985 = EDGE_CURVE('',#9855,#9976,#9986,.T.);
#9986 = LINE('',#9987,#9988);
#9987 = CARTESIAN_POINT('',(-0.3,0.23,0.46));
#9988 = VECTOR('',#9989,1.);
#9989 = DIRECTION('',(1.,0.,0.));
#9990 = PLANE('',#9991);
#9991 = AXIS2_PLACEMENT_3D('',#9992,#9993,#9994);
#9992 = CARTESIAN_POINT('',(-0.3,0.23,2.E-02));
#9993 = DIRECTION('',(0.,1.,0.));
#9994 = DIRECTION('',(0.,-0.,1.));
#9995 = ADVANCED_FACE('',(#9996),#10015,.T.);
#9996 = FACE_BOUND('',#9997,.T.);
#9997 = EDGE_LOOP('',(#9998,#9999,#10007,#10014));
#9998 = ORIENTED_EDGE('',*,*,#9854,.T.);
#9999 = ORIENTED_EDGE('',*,*,#10000,.T.);
#10000 = EDGE_CURVE('',#9847,#10001,#10003,.T.);
#10001 = VERTEX_POINT('',#10002);
#10002 = CARTESIAN_POINT('',(0.3,0.21,0.48));
#10003 = LINE('',#10004,#10005);
#10004 = CARTESIAN_POINT('',(-0.3,0.21,0.48));
#10005 = VECTOR('',#10006,1.);
#10006 = DIRECTION('',(1.,0.,0.));
#10007 = ORIENTED_EDGE('',*,*,#10008,.F.);
#10008 = EDGE_CURVE('',#9976,#10001,#10009,.T.);
#10009 = CIRCLE('',#10010,2.E-02);
#10010 = AXIS2_PLACEMENT_3D('',#10011,#10012,#10013);
#10011 = CARTESIAN_POINT('',(0.3,0.21,0.46));
#10012 = DIRECTION('',(1.,0.,-0.));
#10013 = DIRECTION('',(0.,0.,1.));
#10014 = ORIENTED_EDGE('',*,*,#9985,.F.);
#10015 = CYLINDRICAL_SURFACE('',#10016,2.E-02);
#10016 = AXIS2_PLACEMENT_3D('',#10017,#10018,#10019);
#10017 = CARTESIAN_POINT('',(-0.3,0.21,0.46));
#10018 = DIRECTION('',(1.,0.,0.));
#10019 = DIRECTION('',(-0.,1.,0.));
#10020 = ADVANCED_FACE('',(#10021),#10039,.T.);
#10021 = FACE_BOUND('',#10022,.T.);
#10022 = EDGE_LOOP('',(#10023,#10024,#10032,#10038));
#10023 = ORIENTED_EDGE('',*,*,#9846,.F.);
#10024 = ORIENTED_EDGE('',*,*,#10025,.T.);
#10025 = EDGE_CURVE('',#9838,#10026,#10028,.T.);
#10026 = VERTEX_POINT('',#10027);
#10027 = CARTESIAN_POINT('',(0.3,-0.21,0.48));
#10028 = LINE('',#10029,#10030);
#10029 = CARTESIAN_POINT('',(-0.3,-0.21,0.48));
#10030 = VECTOR('',#10031,1.);
#10031 = DIRECTION('',(1.,0.,0.));
#10032 = ORIENTED_EDGE('',*,*,#10033,.T.);
#10033 = EDGE_CURVE('',#10026,#10001,#10034,.T.);
#10034 = LINE('',#10035,#10036);
#10035 = CARTESIAN_POINT('',(0.3,-0.23,0.48));
#10036 = VECTOR('',#10037,1.);
#10037 = DIRECTION('',(0.,1.,0.));
#10038 = ORIENTED_EDGE('',*,*,#10000,.F.);
#10039 = PLANE('',#10040);
#10040 = AXIS2_PLACEMENT_3D('',#10041,#10042,#10043);
#10041 = CARTESIAN_POINT('',(-0.3,-0.23,0.48));
#10042 = DIRECTION('',(0.,0.,1.));
#10043 = DIRECTION('',(1.,0.,-0.));
#10044 = ADVANCED_FACE('',(#10045),#10064,.T.);
#10045 = FACE_BOUND('',#10046,.T.);
#10046 = EDGE_LOOP('',(#10047,#10055,#10062,#10063));
#10047 = ORIENTED_EDGE('',*,*,#10048,.T.);
#10048 = EDGE_CURVE('',#9830,#10049,#10051,.T.);
#10049 = VERTEX_POINT('',#10050);
#10050 = CARTESIAN_POINT('',(0.3,-0.23,0.46));
#10051 = LINE('',#10052,#10053);
#10052 = CARTESIAN_POINT('',(-0.3,-0.23,0.46));
#10053 = VECTOR('',#10054,1.);
#10054 = DIRECTION('',(1.,0.,0.));
#10055 = ORIENTED_EDGE('',*,*,#10056,.T.);
#10056 = EDGE_CURVE('',#10049,#10026,#10057,.T.);
#10057 = CIRCLE('',#10058,2.E-02);
#10058 = AXIS2_PLACEMENT_3D('',#10059,#10060,#10061);
#10059 = CARTESIAN_POINT('',(0.3,-0.21,0.46));
#10060 = DIRECTION('',(-1.,0.,0.));
#10061 = DIRECTION('',(0.,0.,1.));
#10062 = ORIENTED_EDGE('',*,*,#10025,.F.);
#10063 = ORIENTED_EDGE('',*,*,#9837,.F.);
#10064 = CYLINDRICAL_SURFACE('',#10065,2.E-02);
#10065 = AXIS2_PLACEMENT_3D('',#10066,#10067,#10068);
#10066 = CARTESIAN_POINT('',(-0.3,-0.21,0.46));
#10067 = DIRECTION('',(1.,0.,0.));
#10068 = DIRECTION('',(0.,-1.,0.));
#10069 = ADVANCED_FACE('',(#10070),#10081,.F.);
#10070 = FACE_BOUND('',#10071,.F.);
#10071 = EDGE_LOOP('',(#10072,#10078,#10079,#10080));
#10072 = ORIENTED_EDGE('',*,*,#10073,.F.);
#10073 = EDGE_CURVE('',#9904,#10049,#10074,.T.);
#10074 = LINE('',#10075,#10076);
#10075 = CARTESIAN_POINT('',(0.3,-0.23,2.E-02));
#10076 = VECTOR('',#10077,1.);
#10077 = DIRECTION('',(0.,0.,1.));
#10078 = ORIENTED_EDGE('',*,*,#9912,.F.);
#10079 = ORIENTED_EDGE('',*,*,#9829,.T.);
#10080 = ORIENTED_EDGE('',*,*,#10048,.T.);
#10081 = PLANE('',#10082);
#10082 = AXIS2_PLACEMENT_3D('',#10083,#10084,#10085);
#10083 = CARTESIAN_POINT('',(-0.3,-0.23,2.E-02));
#10084 = DIRECTION('',(0.,1.,0.));
#10085 = DIRECTION('',(0.,-0.,1.));
#10086 = ADVANCED_FACE('',(#10087,#10157),#10167,.F.);
#10087 = FACE_BOUND('',#10088,.F.);
#10088 = EDGE_LOOP('',(#10089,#10099,#10108,#10116,#10125,#10133,#10142,
    #10150));
#10089 = ORIENTED_EDGE('',*,*,#10090,.F.);
#10090 = EDGE_CURVE('',#10091,#10093,#10095,.T.);
#10091 = VERTEX_POINT('',#10092);
#10092 = CARTESIAN_POINT('',(0.3,-0.25,2.E-02));
#10093 = VERTEX_POINT('',#10094);
#10094 = CARTESIAN_POINT('',(0.3,-0.25,0.48));
#10095 = LINE('',#10096,#10097);
#10096 = CARTESIAN_POINT('',(0.3,-0.25,0.));
#10097 = VECTOR('',#10098,1.);
#10098 = DIRECTION('',(0.,0.,1.));
#10099 = ORIENTED_EDGE('',*,*,#10100,.T.);
#10100 = EDGE_CURVE('',#10091,#10101,#10103,.T.);
#10101 = VERTEX_POINT('',#10102);
#10102 = CARTESIAN_POINT('',(0.3,-0.23,0.));
#10103 = CIRCLE('',#10104,2.E-02);
#10104 = AXIS2_PLACEMENT_3D('',#10105,#10106,#10107);
#10105 = CARTESIAN_POINT('',(0.3,-0.23,2.E-02));
#10106 = DIRECTION('',(1.,0.,-0.));
#10107 = DIRECTION('',(0.,0.,1.));
#10108 = ORIENTED_EDGE('',*,*,#10109,.T.);
#10109 = EDGE_CURVE('',#10101,#10110,#10112,.T.);
#10110 = VERTEX_POINT('',#10111);
#10111 = CARTESIAN_POINT('',(0.3,0.23,0.));
#10112 = LINE('',#10113,#10114);
#10113 = CARTESIAN_POINT('',(0.3,-0.25,0.));
#10114 = VECTOR('',#10115,1.);
#10115 = DIRECTION('',(0.,1.,0.));
#10116 = ORIENTED_EDGE('',*,*,#10117,.F.);
#10117 = EDGE_CURVE('',#10118,#10110,#10120,.T.);
#10118 = VERTEX_POINT('',#10119);
#10119 = CARTESIAN_POINT('',(0.3,0.25,2.E-02));
#10120 = CIRCLE('',#10121,2.E-02);
#10121 = AXIS2_PLACEMENT_3D('',#10122,#10123,#10124);
#10122 = CARTESIAN_POINT('',(0.3,0.23,2.E-02));
#10123 = DIRECTION('',(-1.,0.,0.));
#10124 = DIRECTION('',(0.,0.,1.));
#10125 = ORIENTED_EDGE('',*,*,#10126,.T.);
#10126 = EDGE_CURVE('',#10118,#10127,#10129,.T.);
#10127 = VERTEX_POINT('',#10128);
#10128 = CARTESIAN_POINT('',(0.3,0.25,0.48));
#10129 = LINE('',#10130,#10131);
#10130 = CARTESIAN_POINT('',(0.3,0.25,0.));
#10131 = VECTOR('',#10132,1.);
#10132 = DIRECTION('',(0.,0.,1.));
#10133 = ORIENTED_EDGE('',*,*,#10134,.T.);
#10134 = EDGE_CURVE('',#10127,#10135,#10137,.T.);
#10135 = VERTEX_POINT('',#10136);
#10136 = CARTESIAN_POINT('',(0.3,0.23,0.5));
#10137 = CIRCLE('',#10138,2.E-02);
#10138 = AXIS2_PLACEMENT_3D('',#10139,#10140,#10141);
#10139 = CARTESIAN_POINT('',(0.3,0.23,0.48));
#10140 = DIRECTION('',(1.,0.,-0.));
#10141 = DIRECTION('',(0.,0.,1.));
#10142 = ORIENTED_EDGE('',*,*,#10143,.F.);
#10143 = EDGE_CURVE('',#10144,#10135,#10146,.T.);
#10144 = VERTEX_POINT('',#10145);
#10145 = CARTESIAN_POINT('',(0.3,-0.23,0.5));
#10146 = LINE('',#10147,#10148);
#10147 = CARTESIAN_POINT('',(0.3,-0.25,0.5));
#10148 = VECTOR('',#10149,1.);
#10149 = DIRECTION('',(0.,1.,0.));
#10150 = ORIENTED_EDGE('',*,*,#10151,.F.);
#10151 = EDGE_CURVE('',#10093,#10144,#10152,.T.);
#10152 = CIRCLE('',#10153,2.E-02);
#10153 = AXIS2_PLACEMENT_3D('',#10154,#10155,#10156);
#10154 = CARTESIAN_POINT('',(0.3,-0.23,0.48));
#10155 = DIRECTION('',(-1.,0.,0.));
#10156 = DIRECTION('',(0.,0.,1.));
#10157 = FACE_BOUND('',#10158,.F.);
#10158 = EDGE_LOOP('',(#10159,#10160,#10161,#10162,#10163,#10164,#10165,
    #10166));
#10159 = ORIENTED_EDGE('',*,*,#9903,.F.);
#10160 = ORIENTED_EDGE('',*,*,#10073,.T.);
#10161 = ORIENTED_EDGE('',*,*,#10056,.T.);
#10162 = ORIENTED_EDGE('',*,*,#10033,.T.);
#10163 = ORIENTED_EDGE('',*,*,#10008,.F.);
#10164 = ORIENTED_EDGE('',*,*,#9975,.F.);
#10165 = ORIENTED_EDGE('',*,*,#9958,.T.);
#10166 = ORIENTED_EDGE('',*,*,#9928,.F.);
#10167 = PLANE('',#10168);
#10168 = AXIS2_PLACEMENT_3D('',#10169,#10170,#10171);
#10169 = CARTESIAN_POINT('',(0.3,-0.25,0.));
#10170 = DIRECTION('',(1.,0.,0.));
#10171 = DIRECTION('',(0.,0.,1.));
#10172 = ADVANCED_FACE('',(#10173),#10198,.F.);
#10173 = FACE_BOUND('',#10174,.F.);
#10174 = EDGE_LOOP('',(#10175,#10185,#10191,#10192));
#10175 = ORIENTED_EDGE('',*,*,#10176,.F.);
#10176 = EDGE_CURVE('',#10177,#10179,#10181,.T.);
#10177 = VERTEX_POINT('',#10178);
#10178 = CARTESIAN_POINT('',(0.5,-0.25,2.E-02));
#10179 = VERTEX_POINT('',#10180);
#10180 = CARTESIAN_POINT('',(0.5,-0.25,0.48));
#10181 = LINE('',#10182,#10183);
#10182 = CARTESIAN_POINT('',(0.5,-0.25,0.));
#10183 = VECTOR('',#10184,1.);
#10184 = DIRECTION('',(0.,0.,1.));
#10185 = ORIENTED_EDGE('',*,*,#10186,.F.);
#10186 = EDGE_CURVE('',#10091,#10177,#10187,.T.);
#10187 = LINE('',#10188,#10189);
#10188 = CARTESIAN_POINT('',(0.3,-0.25,2.E-02));
#10189 = VECTOR('',#10190,1.);
#10190 = DIRECTION('',(1.,0.,0.));
#10191 = ORIENTED_EDGE('',*,*,#10090,.T.);
#10192 = ORIENTED_EDGE('',*,*,#10193,.T.);
#10193 = EDGE_CURVE('',#10093,#10179,#10194,.T.);
#10194 = LINE('',#10195,#10196);
#10195 = CARTESIAN_POINT('',(0.3,-0.25,0.48));
#10196 = VECTOR('',#10197,1.);
#10197 = DIRECTION('',(1.,0.,0.));
#10198 = PLANE('',#10199);
#10199 = AXIS2_PLACEMENT_3D('',#10200,#10201,#10202);
#10200 = CARTESIAN_POINT('',(0.3,-0.25,0.));
#10201 = DIRECTION('',(0.,1.,0.));
#10202 = DIRECTION('',(0.,-0.,1.));
#10203 = ADVANCED_FACE('',(#10204),#10223,.T.);
#10204 = FACE_BOUND('',#10205,.T.);
#10205 = EDGE_LOOP('',(#10206,#10207,#10215,#10222));
#10206 = ORIENTED_EDGE('',*,*,#10100,.T.);
#10207 = ORIENTED_EDGE('',*,*,#10208,.T.);
#10208 = EDGE_CURVE('',#10101,#10209,#10211,.T.);
#10209 = VERTEX_POINT('',#10210);
#10210 = CARTESIAN_POINT('',(0.5,-0.23,0.));
#10211 = LINE('',#10212,#10213);
#10212 = CARTESIAN_POINT('',(0.3,-0.23,0.));
#10213 = VECTOR('',#10214,1.);
#10214 = DIRECTION('',(1.,0.,0.));
#10215 = ORIENTED_EDGE('',*,*,#10216,.F.);
#10216 = EDGE_CURVE('',#10177,#10209,#10217,.T.);
#10217 = CIRCLE('',#10218,2.E-02);
#10218 = AXIS2_PLACEMENT_3D('',#10219,#10220,#10221);
#10219 = CARTESIAN_POINT('',(0.5,-0.23,2.E-02));
#10220 = DIRECTION('',(1.,0.,-0.));
#10221 = DIRECTION('',(0.,0.,1.));
#10222 = ORIENTED_EDGE('',*,*,#10186,.F.);
#10223 = CYLINDRICAL_SURFACE('',#10224,2.E-02);
#10224 = AXIS2_PLACEMENT_3D('',#10225,#10226,#10227);
#10225 = CARTESIAN_POINT('',(0.3,-0.23,2.E-02));
#10226 = DIRECTION('',(1.,0.,0.));
#10227 = DIRECTION('',(0.,-1.,0.));
#10228 = ADVANCED_FACE('',(#10229),#10248,.T.);
#10229 = FACE_BOUND('',#10230,.T.);
#10230 = EDGE_LOOP('',(#10231,#10232,#10241,#10247));
#10231 = ORIENTED_EDGE('',*,*,#10193,.T.);
#10232 = ORIENTED_EDGE('',*,*,#10233,.T.);
#10233 = EDGE_CURVE('',#10179,#10234,#10236,.T.);
#10234 = VERTEX_POINT('',#10235);
#10235 = CARTESIAN_POINT('',(0.5,-0.23,0.5));
#10236 = CIRCLE('',#10237,2.E-02);
#10237 = AXIS2_PLACEMENT_3D('',#10238,#10239,#10240);
#10238 = CARTESIAN_POINT('',(0.5,-0.23,0.48));
#10239 = DIRECTION('',(-1.,0.,0.));
#10240 = DIRECTION('',(0.,0.,1.));
#10241 = ORIENTED_EDGE('',*,*,#10242,.F.);
#10242 = EDGE_CURVE('',#10144,#10234,#10243,.T.);
#10243 = LINE('',#10244,#10245);
#10244 = CARTESIAN_POINT('',(0.3,-0.23,0.5));
#10245 = VECTOR('',#10246,1.);
#10246 = DIRECTION('',(1.,0.,0.));
#10247 = ORIENTED_EDGE('',*,*,#10151,.F.);
#10248 = CYLINDRICAL_SURFACE('',#10249,2.E-02);
#10249 = AXIS2_PLACEMENT_3D('',#10250,#10251,#10252);
#10250 = CARTESIAN_POINT('',(0.3,-0.23,0.48));
#10251 = DIRECTION('',(1.,0.,0.));
#10252 = DIRECTION('',(0.,-1.,0.));
#10253 = ADVANCED_FACE('',(#10254),#10272,.F.);
#10254 = FACE_BOUND('',#10255,.F.);
#10255 = EDGE_LOOP('',(#10256,#10257,#10258,#10266));
#10256 = ORIENTED_EDGE('',*,*,#10109,.F.);
#10257 = ORIENTED_EDGE('',*,*,#10208,.T.);
#10258 = ORIENTED_EDGE('',*,*,#10259,.T.);
#10259 = EDGE_CURVE('',#10209,#10260,#10262,.T.);
#10260 = VERTEX_POINT('',#10261);
#10261 = CARTESIAN_POINT('',(0.5,0.23,0.));
#10262 = LINE('',#10263,#10264);
#10263 = CARTESIAN_POINT('',(0.5,-0.25,0.));
#10264 = VECTOR('',#10265,1.);
#10265 = DIRECTION('',(0.,1.,0.));
#10266 = ORIENTED_EDGE('',*,*,#10267,.F.);
#10267 = EDGE_CURVE('',#10110,#10260,#10268,.T.);
#10268 = LINE('',#10269,#10270);
#10269 = CARTESIAN_POINT('',(0.3,0.23,0.));
#10270 = VECTOR('',#10271,1.);
#10271 = DIRECTION('',(1.,0.,0.));
#10272 = PLANE('',#10273);
#10273 = AXIS2_PLACEMENT_3D('',#10274,#10275,#10276);
#10274 = CARTESIAN_POINT('',(0.3,-0.25,0.));
#10275 = DIRECTION('',(0.,0.,1.));
#10276 = DIRECTION('',(1.,0.,-0.));
#10277 = ADVANCED_FACE('',(#10278),#10296,.T.);
#10278 = FACE_BOUND('',#10279,.T.);
#10279 = EDGE_LOOP('',(#10280,#10281,#10282,#10290));
#10280 = ORIENTED_EDGE('',*,*,#10143,.F.);
#10281 = ORIENTED_EDGE('',*,*,#10242,.T.);
#10282 = ORIENTED_EDGE('',*,*,#10283,.T.);
#10283 = EDGE_CURVE('',#10234,#10284,#10286,.T.);
#10284 = VERTEX_POINT('',#10285);
#10285 = CARTESIAN_POINT('',(0.5,0.23,0.5));
#10286 = LINE('',#10287,#10288);
#10287 = CARTESIAN_POINT('',(0.5,-0.25,0.5));
#10288 = VECTOR('',#10289,1.);
#10289 = DIRECTION('',(0.,1.,0.));
#10290 = ORIENTED_EDGE('',*,*,#10291,.F.);
#10291 = EDGE_CURVE('',#10135,#10284,#10292,.T.);
#10292 = LINE('',#10293,#10294);
#10293 = CARTESIAN_POINT('',(0.3,0.23,0.5));
#10294 = VECTOR('',#10295,1.);
#10295 = DIRECTION('',(1.,0.,0.));
#10296 = PLANE('',#10297);
#10297 = AXIS2_PLACEMENT_3D('',#10298,#10299,#10300);
#10298 = CARTESIAN_POINT('',(0.3,-0.25,0.5));
#10299 = DIRECTION('',(0.,0.,1.));
#10300 = DIRECTION('',(1.,0.,-0.));
#10301 = ADVANCED_FACE('',(#10302),#10321,.T.);
#10302 = FACE_BOUND('',#10303,.T.);
#10303 = EDGE_LOOP('',(#10304,#10312,#10319,#10320));
#10304 = ORIENTED_EDGE('',*,*,#10305,.T.);
#10305 = EDGE_CURVE('',#10118,#10306,#10308,.T.);
#10306 = VERTEX_POINT('',#10307);
#10307 = CARTESIAN_POINT('',(0.5,0.25,2.E-02));
#10308 = LINE('',#10309,#10310);
#10309 = CARTESIAN_POINT('',(0.3,0.25,2.E-02));
#10310 = VECTOR('',#10311,1.);
#10311 = DIRECTION('',(1.,0.,0.));
#10312 = ORIENTED_EDGE('',*,*,#10313,.T.);
#10313 = EDGE_CURVE('',#10306,#10260,#10314,.T.);
#10314 = CIRCLE('',#10315,2.E-02);
#10315 = AXIS2_PLACEMENT_3D('',#10316,#10317,#10318);
#10316 = CARTESIAN_POINT('',(0.5,0.23,2.E-02));
#10317 = DIRECTION('',(-1.,0.,0.));
#10318 = DIRECTION('',(0.,0.,1.));
#10319 = ORIENTED_EDGE('',*,*,#10267,.F.);
#10320 = ORIENTED_EDGE('',*,*,#10117,.F.);
#10321 = CYLINDRICAL_SURFACE('',#10322,2.E-02);
#10322 = AXIS2_PLACEMENT_3D('',#10323,#10324,#10325);
#10323 = CARTESIAN_POINT('',(0.3,0.23,2.E-02));
#10324 = DIRECTION('',(1.,0.,0.));
#10325 = DIRECTION('',(-0.,1.,0.));
#10326 = ADVANCED_FACE('',(#10327),#10346,.T.);
#10327 = FACE_BOUND('',#10328,.T.);
#10328 = EDGE_LOOP('',(#10329,#10330,#10331,#10340));
#10329 = ORIENTED_EDGE('',*,*,#10134,.T.);
#10330 = ORIENTED_EDGE('',*,*,#10291,.T.);
#10331 = ORIENTED_EDGE('',*,*,#10332,.F.);
#10332 = EDGE_CURVE('',#10333,#10284,#10335,.T.);
#10333 = VERTEX_POINT('',#10334);
#10334 = CARTESIAN_POINT('',(0.5,0.25,0.48));
#10335 = CIRCLE('',#10336,2.E-02);
#10336 = AXIS2_PLACEMENT_3D('',#10337,#10338,#10339);
#10337 = CARTESIAN_POINT('',(0.5,0.23,0.48));
#10338 = DIRECTION('',(1.,0.,-0.));
#10339 = DIRECTION('',(0.,0.,1.));
#10340 = ORIENTED_EDGE('',*,*,#10341,.F.);
#10341 = EDGE_CURVE('',#10127,#10333,#10342,.T.);
#10342 = LINE('',#10343,#10344);
#10343 = CARTESIAN_POINT('',(0.3,0.25,0.48));
#10344 = VECTOR('',#10345,1.);
#10345 = DIRECTION('',(1.,0.,0.));
#10346 = CYLINDRICAL_SURFACE('',#10347,2.E-02);
#10347 = AXIS2_PLACEMENT_3D('',#10348,#10349,#10350);
#10348 = CARTESIAN_POINT('',(0.3,0.23,0.48));
#10349 = DIRECTION('',(1.,0.,0.));
#10350 = DIRECTION('',(-0.,1.,0.));
#10351 = ADVANCED_FACE('',(#10352),#10363,.T.);
#10352 = FACE_BOUND('',#10353,.T.);
#10353 = EDGE_LOOP('',(#10354,#10360,#10361,#10362));
#10354 = ORIENTED_EDGE('',*,*,#10355,.F.);
#10355 = EDGE_CURVE('',#10306,#10333,#10356,.T.);
#10356 = LINE('',#10357,#10358);
#10357 = CARTESIAN_POINT('',(0.5,0.25,0.));
#10358 = VECTOR('',#10359,1.);
#10359 = DIRECTION('',(0.,0.,1.));
#10360 = ORIENTED_EDGE('',*,*,#10305,.F.);
#10361 = ORIENTED_EDGE('',*,*,#10126,.T.);
#10362 = ORIENTED_EDGE('',*,*,#10341,.T.);
#10363 = PLANE('',#10364);
#10364 = AXIS2_PLACEMENT_3D('',#10365,#10366,#10367);
#10365 = CARTESIAN_POINT('',(0.3,0.25,0.));
#10366 = DIRECTION('',(0.,1.,0.));
#10367 = DIRECTION('',(0.,-0.,1.));
#10368 = ADVANCED_FACE('',(#10369),#10379,.T.);
#10369 = FACE_BOUND('',#10370,.T.);
#10370 = EDGE_LOOP('',(#10371,#10372,#10373,#10374,#10375,#10376,#10377,
    #10378));
#10371 = ORIENTED_EDGE('',*,*,#10176,.F.);
#10372 = ORIENTED_EDGE('',*,*,#10216,.T.);
#10373 = ORIENTED_EDGE('',*,*,#10259,.T.);
#10374 = ORIENTED_EDGE('',*,*,#10313,.F.);
#10375 = ORIENTED_EDGE('',*,*,#10355,.T.);
#10376 = ORIENTED_EDGE('',*,*,#10332,.T.);
#10377 = ORIENTED_EDGE('',*,*,#10283,.F.);
#10378 = ORIENTED_EDGE('',*,*,#10233,.F.);
#10379 = PLANE('',#10380);
#10380 = AXIS2_PLACEMENT_3D('',#10381,#10382,#10383);
#10381 = CARTESIAN_POINT('',(0.5,-0.25,0.));
#10382 = DIRECTION('',(1.,0.,0.));
#10383 = DIRECTION('',(0.,0.,1.));
#10384 = ( GEOMETRIC_REPRESENTATION_CONTEXT(3) 
GLOBAL_UNCERTAINTY_ASSIGNED_CONTEXT((#10388)) 
GLOBAL_UNIT_ASSIGNED_CONTEXT((#10385,#10386,#10387)) 
REPRESENTATION_CONTEXT('Context #1',
  '3D Context with UNIT and UNCERTAINTY') );
#10385 = ( LENGTH_UNIT() NAMED_UNIT(*) SI_UNIT(.MILLI.,.METRE.) );
#10386 = ( NAMED_UNIT(*) PLANE_ANGLE_UNIT() SI_UNIT($,.RADIAN.) );
#10387 = ( NAMED_UNIT(*) SI_UNIT($,.STERADIAN.) SOLID_ANGLE_UNIT() );
#10388 = UNCERTAINTY_MEASURE_WITH_UNIT(LENGTH_MEASURE(1.E-07),#10385,
  'distance_accuracy_value','confusion accuracy');
#10389 = CONTEXT_DEPENDENT_SHAPE_REPRESENTATION(#10390,#10392);
#10390 = ( REPRESENTATION_RELATIONSHIP('','',#9529,#10) 
REPRESENTATION_RELATIONSHIP_WITH_TRANSFORMATION(#10391) 
SHAPE_REPRESENTATION_RELATIONSHIP() );
#10391 = ITEM_DEFINED_TRANSFORMATION('','',#11,#47);
#10392 = PRODUCT_DEFINITION_SHAPE('Placement','Placement of an item',
  #10393);
#10393 = NEXT_ASSEMBLY_USAGE_OCCURRENCE('9','C7','',#5,#9524,$);
#10394 = PRODUCT_RELATED_PRODUCT_CATEGORY('part',$,(#9526));
#10395 = CONTEXT_DEPENDENT_SHAPE_REPRESENTATION(#10396,#10398);
#10396 = ( REPRESENTATION_RELATIONSHIP('','',#9529,#10) 
REPRESENTATION_RELATIONSHIP_WITH_TRANSFORMATION(#10397) 
SHAPE_REPRESENTATION_RELATIONSHIP() );
#10397 = ITEM_DEFINED_TRANSFORMATION('','',#11,#51);
#10398 = PRODUCT_DEFINITION_SHAPE('Placement','Placement of an item',
  #10399);
#10399 = NEXT_ASSEMBLY_USAGE_OCCURRENCE('10','C9','',#5,#9524,$);
#10400 = SHAPE_DEFINITION_REPRESENTATION(#10401,#10407);
#10401 = PRODUCT_DEFINITION_SHAPE('','',#10402);
#10402 = PRODUCT_DEFINITION('design','',#10403,#10406);
#10403 = PRODUCT_DEFINITION_FORMATION('','',#10404);
#10404 = PRODUCT('J5_MAX_HEADER_ENVELOPE','J5_MAX_HEADER_ENVELOPE','',(
    #10405));
#10405 = PRODUCT_CONTEXT('',#2,'mechanical');
#10406 = PRODUCT_DEFINITION_CONTEXT('part definition',#2,'design');
#10407 = ADVANCED_BREP_SHAPE_REPRESENTATION('',(#11,#10408),#10558);
#10408 = MANIFOLD_SOLID_BREP('',#10409);
#10409 = CLOSED_SHELL('',(#10410,#10450,#10490,#10512,#10529,#10546));
#10410 = ADVANCED_FACE('',(#10411),#10445,.T.);
#10411 = FACE_BOUND('',#10412,.T.);
#10412 = EDGE_LOOP('',(#10413,#10423,#10431,#10439));
#10413 = ORIENTED_EDGE('',*,*,#10414,.T.);
#10414 = EDGE_CURVE('',#10415,#10417,#10419,.T.);
#10415 = VERTEX_POINT('',#10416);
#10416 = CARTESIAN_POINT('',(-5.95,-4.4,0.));
#10417 = VERTEX_POINT('',#10418);
#10418 = CARTESIAN_POINT('',(-5.95,3.2,0.));
#10419 = LINE('',#10420,#10421);
#10420 = CARTESIAN_POINT('',(-5.95,-4.4,0.));
#10421 = VECTOR('',#10422,1.);
#10422 = DIRECTION('',(0.,1.,0.));
#10423 = ORIENTED_EDGE('',*,*,#10424,.F.);
#10424 = EDGE_CURVE('',#10425,#10417,#10427,.T.);
#10425 = VERTEX_POINT('',#10426);
#10426 = CARTESIAN_POINT('',(5.95,3.2,0.));
#10427 = LINE('',#10428,#10429);
#10428 = CARTESIAN_POINT('',(5.95,3.2,0.));
#10429 = VECTOR('',#10430,1.);
#10430 = DIRECTION('',(-1.,0.,0.));
#10431 = ORIENTED_EDGE('',*,*,#10432,.F.);
#10432 = EDGE_CURVE('',#10433,#10425,#10435,.T.);
#10433 = VERTEX_POINT('',#10434);
#10434 = CARTESIAN_POINT('',(5.95,-4.4,0.));
#10435 = LINE('',#10436,#10437);
#10436 = CARTESIAN_POINT('',(5.95,-4.4,0.));
#10437 = VECTOR('',#10438,1.);
#10438 = DIRECTION('',(0.,1.,0.));
#10439 = ORIENTED_EDGE('',*,*,#10440,.F.);
#10440 = EDGE_CURVE('',#10415,#10433,#10441,.T.);
#10441 = LINE('',#10442,#10443);
#10442 = CARTESIAN_POINT('',(-5.95,-4.4,0.));
#10443 = VECTOR('',#10444,1.);
#10444 = DIRECTION('',(1.,0.,0.));
#10445 = PLANE('',#10446);
#10446 = AXIS2_PLACEMENT_3D('',#10447,#10448,#10449);
#10447 = CARTESIAN_POINT('',(-5.95,-4.4,0.));
#10448 = DIRECTION('',(0.,0.,-1.));
#10449 = DIRECTION('',(0.,1.,0.));
#10450 = ADVANCED_FACE('',(#10451),#10485,.T.);
#10451 = FACE_BOUND('',#10452,.T.);
#10452 = EDGE_LOOP('',(#10453,#10463,#10471,#10479));
#10453 = ORIENTED_EDGE('',*,*,#10454,.T.);
#10454 = EDGE_CURVE('',#10455,#10457,#10459,.T.);
#10455 = VERTEX_POINT('',#10456);
#10456 = CARTESIAN_POINT('',(-5.95,-4.4,5.8));
#10457 = VERTEX_POINT('',#10458);
#10458 = CARTESIAN_POINT('',(5.95,-4.4,5.8));
#10459 = LINE('',#10460,#10461);
#10460 = CARTESIAN_POINT('',(-5.95,-4.4,5.8));
#10461 = VECTOR('',#10462,1.);
#10462 = DIRECTION('',(1.,0.,0.));
#10463 = ORIENTED_EDGE('',*,*,#10464,.T.);
#10464 = EDGE_CURVE('',#10457,#10465,#10467,.T.);
#10465 = VERTEX_POINT('',#10466);
#10466 = CARTESIAN_POINT('',(5.95,3.2,5.8));
#10467 = LINE('',#10468,#10469);
#10468 = CARTESIAN_POINT('',(5.95,-4.4,5.8));
#10469 = VECTOR('',#10470,1.);
#10470 = DIRECTION('',(0.,1.,0.));
#10471 = ORIENTED_EDGE('',*,*,#10472,.T.);
#10472 = EDGE_CURVE('',#10465,#10473,#10475,.T.);
#10473 = VERTEX_POINT('',#10474);
#10474 = CARTESIAN_POINT('',(-5.95,3.2,5.8));
#10475 = LINE('',#10476,#10477);
#10476 = CARTESIAN_POINT('',(5.95,3.2,5.8));
#10477 = VECTOR('',#10478,1.);
#10478 = DIRECTION('',(-1.,0.,0.));
#10479 = ORIENTED_EDGE('',*,*,#10480,.F.);
#10480 = EDGE_CURVE('',#10455,#10473,#10481,.T.);
#10481 = LINE('',#10482,#10483);
#10482 = CARTESIAN_POINT('',(-5.95,-4.4,5.8));
#10483 = VECTOR('',#10484,1.);
#10484 = DIRECTION('',(0.,1.,0.));
#10485 = PLANE('',#10486);
#10486 = AXIS2_PLACEMENT_3D('',#10487,#10488,#10489);
#10487 = CARTESIAN_POINT('',(-5.95,-4.4,5.8));
#10488 = DIRECTION('',(0.,0.,1.));
#10489 = DIRECTION('',(1.,0.,-0.));
#10490 = ADVANCED_FACE('',(#10491),#10507,.T.);
#10491 = FACE_BOUND('',#10492,.T.);
#10492 = EDGE_LOOP('',(#10493,#10494,#10500,#10501));
#10493 = ORIENTED_EDGE('',*,*,#10440,.T.);
#10494 = ORIENTED_EDGE('',*,*,#10495,.T.);
#10495 = EDGE_CURVE('',#10433,#10457,#10496,.T.);
#10496 = LINE('',#10497,#10498);
#10497 = CARTESIAN_POINT('',(5.95,-4.4,0.));
#10498 = VECTOR('',#10499,1.);
#10499 = DIRECTION('',(0.,0.,1.));
#10500 = ORIENTED_EDGE('',*,*,#10454,.F.);
#10501 = ORIENTED_EDGE('',*,*,#10502,.F.);
#10502 = EDGE_CURVE('',#10415,#10455,#10503,.T.);
#10503 = LINE('',#10504,#10505);
#10504 = CARTESIAN_POINT('',(-5.95,-4.4,0.));
#10505 = VECTOR('',#10506,1.);
#10506 = DIRECTION('',(0.,0.,1.));
#10507 = PLANE('',#10508);
#10508 = AXIS2_PLACEMENT_3D('',#10509,#10510,#10511);
#10509 = CARTESIAN_POINT('',(-5.95,-4.4,0.));
#10510 = DIRECTION('',(0.,-1.,0.));
#10511 = DIRECTION('',(1.,0.,0.));
#10512 = ADVANCED_FACE('',(#10513),#10524,.T.);
#10513 = FACE_BOUND('',#10514,.T.);
#10514 = EDGE_LOOP('',(#10515,#10516,#10522,#10523));
#10515 = ORIENTED_EDGE('',*,*,#10432,.T.);
#10516 = ORIENTED_EDGE('',*,*,#10517,.T.);
#10517 = EDGE_CURVE('',#10425,#10465,#10518,.T.);
#10518 = LINE('',#10519,#10520);
#10519 = CARTESIAN_POINT('',(5.95,3.2,0.));
#10520 = VECTOR('',#10521,1.);
#10521 = DIRECTION('',(0.,0.,1.));
#10522 = ORIENTED_EDGE('',*,*,#10464,.F.);
#10523 = ORIENTED_EDGE('',*,*,#10495,.F.);
#10524 = PLANE('',#10525);
#10525 = AXIS2_PLACEMENT_3D('',#10526,#10527,#10528);
#10526 = CARTESIAN_POINT('',(5.95,-4.4,0.));
#10527 = DIRECTION('',(1.,0.,0.));
#10528 = DIRECTION('',(-0.,1.,0.));
#10529 = ADVANCED_FACE('',(#10530),#10541,.T.);
#10530 = FACE_BOUND('',#10531,.T.);
#10531 = EDGE_LOOP('',(#10532,#10533,#10539,#10540));
#10532 = ORIENTED_EDGE('',*,*,#10424,.T.);
#10533 = ORIENTED_EDGE('',*,*,#10534,.T.);
#10534 = EDGE_CURVE('',#10417,#10473,#10535,.T.);
#10535 = LINE('',#10536,#10537);
#10536 = CARTESIAN_POINT('',(-5.95,3.2,0.));
#10537 = VECTOR('',#10538,1.);
#10538 = DIRECTION('',(0.,0.,1.));
#10539 = ORIENTED_EDGE('',*,*,#10472,.F.);
#10540 = ORIENTED_EDGE('',*,*,#10517,.F.);
#10541 = PLANE('',#10542);
#10542 = AXIS2_PLACEMENT_3D('',#10543,#10544,#10545);
#10543 = CARTESIAN_POINT('',(5.95,3.2,0.));
#10544 = DIRECTION('',(0.,1.,0.));
#10545 = DIRECTION('',(-1.,0.,0.));
#10546 = ADVANCED_FACE('',(#10547),#10553,.T.);
#10547 = FACE_BOUND('',#10548,.T.);
#10548 = EDGE_LOOP('',(#10549,#10550,#10551,#10552));
#10549 = ORIENTED_EDGE('',*,*,#10414,.F.);
#10550 = ORIENTED_EDGE('',*,*,#10502,.T.);
#10551 = ORIENTED_EDGE('',*,*,#10480,.T.);
#10552 = ORIENTED_EDGE('',*,*,#10534,.F.);
#10553 = PLANE('',#10554);
#10554 = AXIS2_PLACEMENT_3D('',#10555,#10556,#10557);
#10555 = CARTESIAN_POINT('',(-5.95,3.2,0.));
#10556 = DIRECTION('',(-1.,0.,0.));
#10557 = DIRECTION('',(0.,-1.,0.));
#10558 = ( GEOMETRIC_REPRESENTATION_CONTEXT(3) 
GLOBAL_UNCERTAINTY_ASSIGNED_CONTEXT((#10562)) 
GLOBAL_UNIT_ASSIGNED_CONTEXT((#10559,#10560,#10561)) 
REPRESENTATION_CONTEXT('Context #1',
  '3D Context with UNIT and UNCERTAINTY') );
#10559 = ( LENGTH_UNIT() NAMED_UNIT(*) SI_UNIT(.MILLI.,.METRE.) );
#10560 = ( NAMED_UNIT(*) PLANE_ANGLE_UNIT() SI_UNIT($,.RADIAN.) );
#10561 = ( NAMED_UNIT(*) SI_UNIT($,.STERADIAN.) SOLID_ANGLE_UNIT() );
#10562 = UNCERTAINTY_MEASURE_WITH_UNIT(LENGTH_MEASURE(1.E-07),#10559,
  'distance_accuracy_value','confusion accuracy');
#10563 = CONTEXT_DEPENDENT_SHAPE_REPRESENTATION(#10564,#10566);
#10564 = ( REPRESENTATION_RELATIONSHIP('','',#10407,#10) 
REPRESENTATION_RELATIONSHIP_WITH_TRANSFORMATION(#10565) 
SHAPE_REPRESENTATION_RELATIONSHIP() );
#10565 = ITEM_DEFINED_TRANSFORMATION('','',#11,#55);
#10566 = PRODUCT_DEFINITION_SHAPE('Placement','Placement of an item',
  #10567);
#10567 = NEXT_ASSEMBLY_USAGE_OCCURRENCE('11','J5','',#5,#10402,$);
#10568 = PRODUCT_RELATED_PRODUCT_CATEGORY('part',$,(#10404));
#10569 = CONTEXT_DEPENDENT_SHAPE_REPRESENTATION(#10570,#10572);
#10570 = ( REPRESENTATION_RELATIONSHIP('','',#8477,#10) 
REPRESENTATION_RELATIONSHIP_WITH_TRANSFORMATION(#10571) 
SHAPE_REPRESENTATION_RELATIONSHIP() );
#10571 = ITEM_DEFINED_TRANSFORMATION('','',#11,#59);
#10572 = PRODUCT_DEFINITION_SHAPE('Placement','Placement of an item',
  #10573);
#10573 = NEXT_ASSEMBLY_USAGE_OCCURRENCE('12','C5','',#5,#8472,$);
#10574 = CONTEXT_DEPENDENT_SHAPE_REPRESENTATION(#10575,#10577);
#10575 = ( REPRESENTATION_RELATIONSHIP('','',#9529,#10) 
REPRESENTATION_RELATIONSHIP_WITH_TRANSFORMATION(#10576) 
SHAPE_REPRESENTATION_RELATIONSHIP() );
#10576 = ITEM_DEFINED_TRANSFORMATION('','',#11,#63);
#10577 = PRODUCT_DEFINITION_SHAPE('Placement','Placement of an item',
  #10578);
#10578 = NEXT_ASSEMBLY_USAGE_OCCURRENCE('13','C8','',#5,#9524,$);
#10579 = CONTEXT_DEPENDENT_SHAPE_REPRESENTATION(#10580,#10582);
#10580 = ( REPRESENTATION_RELATIONSHIP('','',#4575,#10) 
REPRESENTATION_RELATIONSHIP_WITH_TRANSFORMATION(#10581) 
SHAPE_REPRESENTATION_RELATIONSHIP() );
#10581 = ITEM_DEFINED_TRANSFORMATION('','',#11,#67);
#10582 = PRODUCT_DEFINITION_SHAPE('Placement','Placement of an item',
  #10583);
#10583 = NEXT_ASSEMBLY_USAGE_OCCURRENCE('14','R20','',#5,#4570,$);
#10584 = SHAPE_DEFINITION_REPRESENTATION(#10585,#10591);
#10585 = PRODUCT_DEFINITION_SHAPE('','',#10586);
#10586 = PRODUCT_DEFINITION('design','',#10587,#10590);
#10587 = PRODUCT_DEFINITION_FORMATION('','',#10588);
#10588 = PRODUCT('smove-imu-carrier_PCB','smove-imu-carrier_PCB','',(
    #10589));
#10589 = PRODUCT_CONTEXT('',#2,'mechanical');
#10590 = PRODUCT_DEFINITION_CONTEXT('part definition',#2,'design');
#10591 = ADVANCED_BREP_SHAPE_REPRESENTATION('',(#11,#10592),#10954);
#10592 = MANIFOLD_SOLID_BREP('',#10593);
#10593 = CLOSED_SHELL('',(#10594,#10634,#10665,#10696,#10768,#10840,
    #10857,#10869,#10886,#10908,#10925,#10942));
#10594 = ADVANCED_FACE('',(#10595),#10629,.T.);
#10595 = FACE_BOUND('',#10596,.T.);
#10596 = EDGE_LOOP('',(#10597,#10607,#10615,#10623));
#10597 = ORIENTED_EDGE('',*,*,#10598,.T.);
#10598 = EDGE_CURVE('',#10599,#10601,#10603,.T.);
#10599 = VERTEX_POINT('',#10600);
#10600 = CARTESIAN_POINT('',(18.,-0.,0.));
#10601 = VERTEX_POINT('',#10602);
#10602 = CARTESIAN_POINT('',(18.,0.,0.91));
#10603 = LINE('',#10604,#10605);
#10604 = CARTESIAN_POINT('',(18.,-0.,0.));
#10605 = VECTOR('',#10606,1.);
#10606 = DIRECTION('',(0.,0.,1.));
#10607 = ORIENTED_EDGE('',*,*,#10608,.T.);
#10608 = EDGE_CURVE('',#10601,#10609,#10611,.T.);
#10609 = VERTEX_POINT('',#10610);
#10610 = CARTESIAN_POINT('',(0.,0.,0.91));
#10611 = LINE('',#10612,#10613);
#10612 = CARTESIAN_POINT('',(18.,0.,0.91));
#10613 = VECTOR('',#10614,1.);
#10614 = DIRECTION('',(-1.,0.,0.));
#10615 = ORIENTED_EDGE('',*,*,#10616,.F.);
#10616 = EDGE_CURVE('',#10617,#10609,#10619,.T.);
#10617 = VERTEX_POINT('',#10618);
#10618 = CARTESIAN_POINT('',(0.,-0.,0.));
#10619 = LINE('',#10620,#10621);
#10620 = CARTESIAN_POINT('',(0.,-0.,0.));
#10621 = VECTOR('',#10622,1.);
#10622 = DIRECTION('',(0.,0.,1.));
#10623 = ORIENTED_EDGE('',*,*,#10624,.F.);
#10624 = EDGE_CURVE('',#10599,#10617,#10625,.T.);
#10625 = LINE('',#10626,#10627);
#10626 = CARTESIAN_POINT('',(18.,-0.,0.));
#10627 = VECTOR('',#10628,1.);
#10628 = DIRECTION('',(-1.,0.,0.));
#10629 = PLANE('',#10630);
#10630 = AXIS2_PLACEMENT_3D('',#10631,#10632,#10633);
#10631 = CARTESIAN_POINT('',(18.,0.,0.));
#10632 = DIRECTION('',(0.,-1.,0.));
#10633 = DIRECTION('',(-1.,0.,0.));
#10634 = ADVANCED_FACE('',(#10635),#10660,.T.);
#10635 = FACE_BOUND('',#10636,.T.);
#10636 = EDGE_LOOP('',(#10637,#10647,#10653,#10654));
#10637 = ORIENTED_EDGE('',*,*,#10638,.T.);
#10638 = EDGE_CURVE('',#10639,#10641,#10643,.T.);
#10639 = VERTEX_POINT('',#10640);
#10640 = CARTESIAN_POINT('',(18.,20.,0.));
#10641 = VERTEX_POINT('',#10642);
#10642 = CARTESIAN_POINT('',(18.,20.,0.91));
#10643 = LINE('',#10644,#10645);
#10644 = CARTESIAN_POINT('',(18.,20.,0.));
#10645 = VECTOR('',#10646,1.);
#10646 = DIRECTION('',(0.,0.,1.));
#10647 = ORIENTED_EDGE('',*,*,#10648,.T.);
#10648 = EDGE_CURVE('',#10641,#10601,#10649,.T.);
#10649 = LINE('',#10650,#10651);
#10650 = CARTESIAN_POINT('',(18.,20.,0.91));
#10651 = VECTOR('',#10652,1.);
#10652 = DIRECTION('',(0.,-1.,0.));
#10653 = ORIENTED_EDGE('',*,*,#10598,.F.);
#10654 = ORIENTED_EDGE('',*,*,#10655,.F.);
#10655 = EDGE_CURVE('',#10639,#10599,#10656,.T.);
#10656 = LINE('',#10657,#10658);
#10657 = CARTESIAN_POINT('',(18.,20.,0.));
#10658 = VECTOR('',#10659,1.);
#10659 = DIRECTION('',(0.,-1.,0.));
#10660 = PLANE('',#10661);
#10661 = AXIS2_PLACEMENT_3D('',#10662,#10663,#10664);
#10662 = CARTESIAN_POINT('',(18.,20.,0.));
#10663 = DIRECTION('',(1.,0.,-0.));
#10664 = DIRECTION('',(0.,-1.,0.));
#10665 = ADVANCED_FACE('',(#10666),#10691,.T.);
#10666 = FACE_BOUND('',#10667,.T.);
#10667 = EDGE_LOOP('',(#10668,#10669,#10677,#10685));
#10668 = ORIENTED_EDGE('',*,*,#10616,.T.);
#10669 = ORIENTED_EDGE('',*,*,#10670,.T.);
#10670 = EDGE_CURVE('',#10609,#10671,#10673,.T.);
#10671 = VERTEX_POINT('',#10672);
#10672 = CARTESIAN_POINT('',(0.,18.5,0.91));
#10673 = LINE('',#10674,#10675);
#10674 = CARTESIAN_POINT('',(0.,0.,0.91));
#10675 = VECTOR('',#10676,1.);
#10676 = DIRECTION('',(0.,1.,0.));
#10677 = ORIENTED_EDGE('',*,*,#10678,.F.);
#10678 = EDGE_CURVE('',#10679,#10671,#10681,.T.);
#10679 = VERTEX_POINT('',#10680);
#10680 = CARTESIAN_POINT('',(0.,18.5,0.));
#10681 = LINE('',#10682,#10683);
#10682 = CARTESIAN_POINT('',(0.,18.5,0.));
#10683 = VECTOR('',#10684,1.);
#10684 = DIRECTION('',(0.,0.,1.));
#10685 = ORIENTED_EDGE('',*,*,#10686,.F.);
#10686 = EDGE_CURVE('',#10617,#10679,#10687,.T.);
#10687 = LINE('',#10688,#10689);
#10688 = CARTESIAN_POINT('',(0.,-0.,0.));
#10689 = VECTOR('',#10690,1.);
#10690 = DIRECTION('',(0.,1.,0.));
#10691 = PLANE('',#10692);
#10692 = AXIS2_PLACEMENT_3D('',#10693,#10694,#10695);
#10693 = CARTESIAN_POINT('',(0.,0.,0.));
#10694 = DIRECTION('',(-1.,0.,0.));
#10695 = DIRECTION('',(0.,1.,0.));
#10696 = ADVANCED_FACE('',(#10697,#10716,#10727),#10763,.F.);
#10697 = FACE_BOUND('',#10698,.F.);
#10698 = EDGE_LOOP('',(#10699,#10700,#10701,#10709,#10715));
#10699 = ORIENTED_EDGE('',*,*,#10624,.F.);
#10700 = ORIENTED_EDGE('',*,*,#10655,.F.);
#10701 = ORIENTED_EDGE('',*,*,#10702,.F.);
#10702 = EDGE_CURVE('',#10703,#10639,#10705,.T.);
#10703 = VERTEX_POINT('',#10704);
#10704 = CARTESIAN_POINT('',(1.5,20.,0.));
#10705 = LINE('',#10706,#10707);
#10706 = CARTESIAN_POINT('',(1.5,20.,0.));
#10707 = VECTOR('',#10708,1.);
#10708 = DIRECTION('',(1.,0.,0.));
#10709 = ORIENTED_EDGE('',*,*,#10710,.F.);
#10710 = EDGE_CURVE('',#10679,#10703,#10711,.T.);
#10711 = LINE('',#10712,#10713);
#10712 = CARTESIAN_POINT('',(0.,18.5,0.));
#10713 = VECTOR('',#10714,1.);
#10714 = DIRECTION('',(0.707106781187,0.707106781187,0.));
#10715 = ORIENTED_EDGE('',*,*,#10686,.F.);
#10716 = FACE_BOUND('',#10717,.F.);
#10717 = EDGE_LOOP('',(#10718));
#10718 = ORIENTED_EDGE('',*,*,#10719,.T.);
#10719 = EDGE_CURVE('',#10720,#10720,#10722,.T.);
#10720 = VERTEX_POINT('',#10721);
#10721 = CARTESIAN_POINT('',(2.5,16.4,0.));
#10722 = CIRCLE('',#10723,1.1);
#10723 = AXIS2_PLACEMENT_3D('',#10724,#10725,#10726);
#10724 = CARTESIAN_POINT('',(2.5,17.5,0.));
#10725 = DIRECTION('',(-0.,0.,-1.));
#10726 = DIRECTION('',(-0.,-1.,0.));
#10727 = FACE_BOUND('',#10728,.F.);
#10728 = EDGE_LOOP('',(#10729,#10740,#10748,#10757));
#10729 = ORIENTED_EDGE('',*,*,#10730,.T.);
#10730 = EDGE_CURVE('',#10731,#10733,#10735,.T.);
#10731 = VERTEX_POINT('',#10732);
#10732 = CARTESIAN_POINT('',(15.75,18.6,0.));
#10733 = VERTEX_POINT('',#10734);
#10734 = CARTESIAN_POINT('',(15.75,16.4,0.));
#10735 = CIRCLE('',#10736,1.1);
#10736 = AXIS2_PLACEMENT_3D('',#10737,#10738,#10739);
#10737 = CARTESIAN_POINT('',(15.75,17.5,0.));
#10738 = DIRECTION('',(-0.,0.,-1.));
#10739 = DIRECTION('',(-0.,-1.,0.));
#10740 = ORIENTED_EDGE('',*,*,#10741,.T.);
#10741 = EDGE_CURVE('',#10733,#10742,#10744,.T.);
#10742 = VERTEX_POINT('',#10743);
#10743 = CARTESIAN_POINT('',(15.25,16.4,0.));
#10744 = LINE('',#10745,#10746);
#10745 = CARTESIAN_POINT('',(7.625,16.4,0.));
#10746 = VECTOR('',#10747,1.);
#10747 = DIRECTION('',(-1.,0.,0.));
#10748 = ORIENTED_EDGE('',*,*,#10749,.T.);
#10749 = EDGE_CURVE('',#10742,#10750,#10752,.T.);
#10750 = VERTEX_POINT('',#10751);
#10751 = CARTESIAN_POINT('',(15.25,18.6,0.));
#10752 = CIRCLE('',#10753,1.1);
#10753 = AXIS2_PLACEMENT_3D('',#10754,#10755,#10756);
#10754 = CARTESIAN_POINT('',(15.25,17.5,0.));
#10755 = DIRECTION('',(-0.,0.,-1.));
#10756 = DIRECTION('',(0.,1.,0.));
#10757 = ORIENTED_EDGE('',*,*,#10758,.T.);
#10758 = EDGE_CURVE('',#10750,#10731,#10759,.T.);
#10759 = LINE('',#10760,#10761);
#10760 = CARTESIAN_POINT('',(7.875,18.6,0.));
#10761 = VECTOR('',#10762,1.);
#10762 = DIRECTION('',(1.,0.,-0.));
#10763 = PLANE('',#10764);
#10764 = AXIS2_PLACEMENT_3D('',#10765,#10766,#10767);
#10765 = CARTESIAN_POINT('',(0.,0.,0.));
#10766 = DIRECTION('',(0.,0.,1.));
#10767 = DIRECTION('',(1.,0.,-0.));
#10768 = ADVANCED_FACE('',(#10769,#10788,#10799),#10835,.T.);
#10769 = FACE_BOUND('',#10770,.T.);
#10770 = EDGE_LOOP('',(#10771,#10772,#10773,#10781,#10787));
#10771 = ORIENTED_EDGE('',*,*,#10608,.F.);
#10772 = ORIENTED_EDGE('',*,*,#10648,.F.);
#10773 = ORIENTED_EDGE('',*,*,#10774,.F.);
#10774 = EDGE_CURVE('',#10775,#10641,#10777,.T.);
#10775 = VERTEX_POINT('',#10776);
#10776 = CARTESIAN_POINT('',(1.5,20.,0.91));
#10777 = LINE('',#10778,#10779);
#10778 = CARTESIAN_POINT('',(1.5,20.,0.91));
#10779 = VECTOR('',#10780,1.);
#10780 = DIRECTION('',(1.,0.,0.));
#10781 = ORIENTED_EDGE('',*,*,#10782,.F.);
#10782 = EDGE_CURVE('',#10671,#10775,#10783,.T.);
#10783 = LINE('',#10784,#10785);
#10784 = CARTESIAN_POINT('',(0.,18.5,0.91));
#10785 = VECTOR('',#10786,1.);
#10786 = DIRECTION('',(0.707106781187,0.707106781187,0.));
#10787 = ORIENTED_EDGE('',*,*,#10670,.F.);
#10788 = FACE_BOUND('',#10789,.T.);
#10789 = EDGE_LOOP('',(#10790));
#10790 = ORIENTED_EDGE('',*,*,#10791,.T.);
#10791 = EDGE_CURVE('',#10792,#10792,#10794,.T.);
#10792 = VERTEX_POINT('',#10793);
#10793 = CARTESIAN_POINT('',(2.5,16.4,0.91));
#10794 = CIRCLE('',#10795,1.1);
#10795 = AXIS2_PLACEMENT_3D('',#10796,#10797,#10798);
#10796 = CARTESIAN_POINT('',(2.5,17.5,0.91));
#10797 = DIRECTION('',(-0.,0.,-1.));
#10798 = DIRECTION('',(-0.,-1.,0.));
#10799 = FACE_BOUND('',#10800,.T.);
#10800 = EDGE_LOOP('',(#10801,#10812,#10820,#10829));
#10801 = ORIENTED_EDGE('',*,*,#10802,.T.);
#10802 = EDGE_CURVE('',#10803,#10805,#10807,.T.);
#10803 = VERTEX_POINT('',#10804);
#10804 = CARTESIAN_POINT('',(15.75,18.6,0.91));
#10805 = VERTEX_POINT('',#10806);
#10806 = CARTESIAN_POINT('',(15.75,16.4,0.91));
#10807 = CIRCLE('',#10808,1.1);
#10808 = AXIS2_PLACEMENT_3D('',#10809,#10810,#10811);
#10809 = CARTESIAN_POINT('',(15.75,17.5,0.91));
#10810 = DIRECTION('',(-0.,0.,-1.));
#10811 = DIRECTION('',(-0.,-1.,0.));
#10812 = ORIENTED_EDGE('',*,*,#10813,.T.);
#10813 = EDGE_CURVE('',#10805,#10814,#10816,.T.);
#10814 = VERTEX_POINT('',#10815);
#10815 = CARTESIAN_POINT('',(15.25,16.4,0.91));
#10816 = LINE('',#10817,#10818);
#10817 = CARTESIAN_POINT('',(7.625,16.4,0.91));
#10818 = VECTOR('',#10819,1.);
#10819 = DIRECTION('',(-1.,0.,0.));
#10820 = ORIENTED_EDGE('',*,*,#10821,.T.);
#10821 = EDGE_CURVE('',#10814,#10822,#10824,.T.);
#10822 = VERTEX_POINT('',#10823);
#10823 = CARTESIAN_POINT('',(15.25,18.6,0.91));
#10824 = CIRCLE('',#10825,1.1);
#10825 = AXIS2_PLACEMENT_3D('',#10826,#10827,#10828);
#10826 = CARTESIAN_POINT('',(15.25,17.5,0.91));
#10827 = DIRECTION('',(-0.,0.,-1.));
#10828 = DIRECTION('',(0.,1.,0.));
#10829 = ORIENTED_EDGE('',*,*,#10830,.T.);
#10830 = EDGE_CURVE('',#10822,#10803,#10831,.T.);
#10831 = LINE('',#10832,#10833);
#10832 = CARTESIAN_POINT('',(7.875,18.6,0.91));
#10833 = VECTOR('',#10834,1.);
#10834 = DIRECTION('',(1.,0.,-0.));
#10835 = PLANE('',#10836);
#10836 = AXIS2_PLACEMENT_3D('',#10837,#10838,#10839);
#10837 = CARTESIAN_POINT('',(0.,0.,0.91));
#10838 = DIRECTION('',(0.,0.,1.));
#10839 = DIRECTION('',(1.,0.,-0.));
#10840 = ADVANCED_FACE('',(#10841),#10852,.T.);
#10841 = FACE_BOUND('',#10842,.T.);
#10842 = EDGE_LOOP('',(#10843,#10849,#10850,#10851));
#10843 = ORIENTED_EDGE('',*,*,#10844,.T.);
#10844 = EDGE_CURVE('',#10703,#10775,#10845,.T.);
#10845 = LINE('',#10846,#10847);
#10846 = CARTESIAN_POINT('',(1.5,20.,0.));
#10847 = VECTOR('',#10848,1.);
#10848 = DIRECTION('',(0.,0.,1.));
#10849 = ORIENTED_EDGE('',*,*,#10774,.T.);
#10850 = ORIENTED_EDGE('',*,*,#10638,.F.);
#10851 = ORIENTED_EDGE('',*,*,#10702,.F.);
#10852 = PLANE('',#10853);
#10853 = AXIS2_PLACEMENT_3D('',#10854,#10855,#10856);
#10854 = CARTESIAN_POINT('',(1.5,20.,0.));
#10855 = DIRECTION('',(0.,1.,0.));
#10856 = DIRECTION('',(1.,0.,0.));
#10857 = ADVANCED_FACE('',(#10858),#10864,.T.);
#10858 = FACE_BOUND('',#10859,.T.);
#10859 = EDGE_LOOP('',(#10860,#10861,#10862,#10863));
#10860 = ORIENTED_EDGE('',*,*,#10678,.T.);
#10861 = ORIENTED_EDGE('',*,*,#10782,.T.);
#10862 = ORIENTED_EDGE('',*,*,#10844,.F.);
#10863 = ORIENTED_EDGE('',*,*,#10710,.F.);
#10864 = PLANE('',#10865);
#10865 = AXIS2_PLACEMENT_3D('',#10866,#10867,#10868);
#10866 = CARTESIAN_POINT('',(0.,18.5,0.));
#10867 = DIRECTION('',(-0.707106781187,0.707106781187,0.));
#10868 = DIRECTION('',(0.707106781187,0.707106781187,0.));
#10869 = ADVANCED_FACE('',(#10870),#10881,.F.);
#10870 = FACE_BOUND('',#10871,.T.);
#10871 = EDGE_LOOP('',(#10872,#10873,#10879,#10880));
#10872 = ORIENTED_EDGE('',*,*,#10719,.T.);
#10873 = ORIENTED_EDGE('',*,*,#10874,.T.);
#10874 = EDGE_CURVE('',#10720,#10792,#10875,.T.);
#10875 = LINE('',#10876,#10877);
#10876 = CARTESIAN_POINT('',(2.5,16.4,-4.6E-02));
#10877 = VECTOR('',#10878,1.);
#10878 = DIRECTION('',(0.,0.,1.));
#10879 = ORIENTED_EDGE('',*,*,#10791,.F.);
#10880 = ORIENTED_EDGE('',*,*,#10874,.F.);
#10881 = CYLINDRICAL_SURFACE('',#10882,1.1);
#10882 = AXIS2_PLACEMENT_3D('',#10883,#10884,#10885);
#10883 = CARTESIAN_POINT('',(2.5,17.5,-4.6E-02));
#10884 = DIRECTION('',(-0.,-0.,-1.));
#10885 = DIRECTION('',(-0.,-1.,0.));
#10886 = ADVANCED_FACE('',(#10887),#10903,.F.);
#10887 = FACE_BOUND('',#10888,.T.);
#10888 = EDGE_LOOP('',(#10889,#10890,#10896,#10897));
#10889 = ORIENTED_EDGE('',*,*,#10730,.T.);
#10890 = ORIENTED_EDGE('',*,*,#10891,.T.);
#10891 = EDGE_CURVE('',#10733,#10805,#10892,.T.);
#10892 = LINE('',#10893,#10894);
#10893 = CARTESIAN_POINT('',(15.75,16.4,-4.6E-02));
#10894 = VECTOR('',#10895,1.);
#10895 = DIRECTION('',(0.,0.,1.));
#10896 = ORIENTED_EDGE('',*,*,#10802,.F.);
#10897 = ORIENTED_EDGE('',*,*,#10898,.F.);
#10898 = EDGE_CURVE('',#10731,#10803,#10899,.T.);
#10899 = LINE('',#10900,#10901);
#10900 = CARTESIAN_POINT('',(15.75,18.6,-4.6E-02));
#10901 = VECTOR('',#10902,1.);
#10902 = DIRECTION('',(0.,0.,1.));
#10903 = CYLINDRICAL_SURFACE('',#10904,1.1);
#10904 = AXIS2_PLACEMENT_3D('',#10905,#10906,#10907);
#10905 = CARTESIAN_POINT('',(15.75,17.5,-4.6E-02));
#10906 = DIRECTION('',(-0.,-0.,-1.));
#10907 = DIRECTION('',(-0.,-1.,0.));
#10908 = ADVANCED_FACE('',(#10909),#10920,.T.);
#10909 = FACE_BOUND('',#10910,.T.);
#10910 = EDGE_LOOP('',(#10911,#10912,#10913,#10914));
#10911 = ORIENTED_EDGE('',*,*,#10758,.T.);
#10912 = ORIENTED_EDGE('',*,*,#10898,.T.);
#10913 = ORIENTED_EDGE('',*,*,#10830,.F.);
#10914 = ORIENTED_EDGE('',*,*,#10915,.F.);
#10915 = EDGE_CURVE('',#10750,#10822,#10916,.T.);
#10916 = LINE('',#10917,#10918);
#10917 = CARTESIAN_POINT('',(15.25,18.6,-4.6E-02));
#10918 = VECTOR('',#10919,1.);
#10919 = DIRECTION('',(0.,0.,1.));
#10920 = PLANE('',#10921);
#10921 = AXIS2_PLACEMENT_3D('',#10922,#10923,#10924);
#10922 = CARTESIAN_POINT('',(15.75,18.6,-4.6E-02));
#10923 = DIRECTION('',(0.,-1.,0.));
#10924 = DIRECTION('',(-1.,0.,0.));
#10925 = ADVANCED_FACE('',(#10926),#10937,.F.);
#10926 = FACE_BOUND('',#10927,.T.);
#10927 = EDGE_LOOP('',(#10928,#10929,#10930,#10931));
#10928 = ORIENTED_EDGE('',*,*,#10749,.T.);
#10929 = ORIENTED_EDGE('',*,*,#10915,.T.);
#10930 = ORIENTED_EDGE('',*,*,#10821,.F.);
#10931 = ORIENTED_EDGE('',*,*,#10932,.F.);
#10932 = EDGE_CURVE('',#10742,#10814,#10933,.T.);
#10933 = LINE('',#10934,#10935);
#10934 = CARTESIAN_POINT('',(15.25,16.4,-4.6E-02));
#10935 = VECTOR('',#10936,1.);
#10936 = DIRECTION('',(0.,0.,1.));
#10937 = CYLINDRICAL_SURFACE('',#10938,1.1);
#10938 = AXIS2_PLACEMENT_3D('',#10939,#10940,#10941);
#10939 = CARTESIAN_POINT('',(15.25,17.5,-4.6E-02));
#10940 = DIRECTION('',(-0.,0.,-1.));
#10941 = DIRECTION('',(0.,1.,0.));
#10942 = ADVANCED_FACE('',(#10943),#10949,.T.);
#10943 = FACE_BOUND('',#10944,.T.);
#10944 = EDGE_LOOP('',(#10945,#10946,#10947,#10948));
#10945 = ORIENTED_EDGE('',*,*,#10741,.T.);
#10946 = ORIENTED_EDGE('',*,*,#10932,.T.);
#10947 = ORIENTED_EDGE('',*,*,#10813,.F.);
#10948 = ORIENTED_EDGE('',*,*,#10891,.F.);
#10949 = PLANE('',#10950);
#10950 = AXIS2_PLACEMENT_3D('',#10951,#10952,#10953);
#10951 = CARTESIAN_POINT('',(15.25,16.4,-4.6E-02));
#10952 = DIRECTION('',(0.,1.,0.));
#10953 = DIRECTION('',(1.,0.,0.));
#10954 = ( GEOMETRIC_REPRESENTATION_CONTEXT(3) 
GLOBAL_UNCERTAINTY_ASSIGNED_CONTEXT((#10958)) 
GLOBAL_UNIT_ASSIGNED_CONTEXT((#10955,#10956,#10957)) 
REPRESENTATION_CONTEXT('Context #1',
  '3D Context with UNIT and UNCERTAINTY') );
#10955 = ( LENGTH_UNIT() NAMED_UNIT(*) SI_UNIT(.MILLI.,.METRE.) );
#10956 = ( NAMED_UNIT(*) PLANE_ANGLE_UNIT() SI_UNIT($,.RADIAN.) );
#10957 = ( NAMED_UNIT(*) SI_UNIT($,.STERADIAN.) SOLID_ANGLE_UNIT() );
#10958 = UNCERTAINTY_MEASURE_WITH_UNIT(LENGTH_MEASURE(1.E-07),#10955,
  'distance_accuracy_value','confusion accuracy');
#10959 = CONTEXT_DEPENDENT_SHAPE_REPRESENTATION(#10960,#10962);
#10960 = ( REPRESENTATION_RELATIONSHIP('','',#10591,#10) 
REPRESENTATION_RELATIONSHIP_WITH_TRANSFORMATION(#10961) 
SHAPE_REPRESENTATION_RELATIONSHIP() );
#10961 = ITEM_DEFINED_TRANSFORMATION('','',#11,#71);
#10962 = PRODUCT_DEFINITION_SHAPE('Placement','Placement of an item',
  #10963);
#10963 = NEXT_ASSEMBLY_USAGE_OCCURRENCE('15','=>[0:1:1:9]','',#5,#10586,
  $);
#10964 = PRODUCT_RELATED_PRODUCT_CATEGORY('part',$,(#10588));
#10965 = MECHANICAL_DESIGN_GEOMETRIC_PRESENTATION_REPRESENTATION('',(
    #10966,#10974,#10981,#10988,#10995,#11002,#11009,#11016,#11023,
    #11030,#11037,#11045,#11052,#11059,#11066,#11073,#11080,#11087,
    #11094,#11101,#11108,#11115,#11122,#11129,#11136,#11143,#11150,
    #11157),#10384);
#10966 = STYLED_ITEM('color',(#10967),#9532);
#10967 = PRESENTATION_STYLE_ASSIGNMENT((#10968));
#10968 = SURFACE_STYLE_USAGE(.BOTH.,#10969);
#10969 = SURFACE_SIDE_STYLE('',(#10970));
#10970 = SURFACE_STYLE_FILL_AREA(#10971);
#10971 = FILL_AREA_STYLE('',(#10972));
#10972 = FILL_AREA_STYLE_COLOUR('',#10973);
#10973 = COLOUR_RGB('',0.823999987314,0.819999987296,0.781000009244);
#10974 = STYLED_ITEM('color',(#10975),#9608);
#10975 = PRESENTATION_STYLE_ASSIGNMENT((#10976));
#10976 = SURFACE_STYLE_USAGE(.BOTH.,#10977);
#10977 = SURFACE_SIDE_STYLE('',(#10978));
#10978 = SURFACE_STYLE_FILL_AREA(#10979);
#10979 = FILL_AREA_STYLE('',(#10980));
#10980 = FILL_AREA_STYLE_COLOUR('',#10973);
#10981 = STYLED_ITEM('color',(#10982),#9639);
#10982 = PRESENTATION_STYLE_ASSIGNMENT((#10983));
#10983 = SURFACE_STYLE_USAGE(.BOTH.,#10984);
#10984 = SURFACE_SIDE_STYLE('',(#10985));
#10985 = SURFACE_STYLE_FILL_AREA(#10986);
#10986 = FILL_AREA_STYLE('',(#10987));
#10987 = FILL_AREA_STYLE_COLOUR('',#10973);
#10988 = STYLED_ITEM('color',(#10989),#9664);
#10989 = PRESENTATION_STYLE_ASSIGNMENT((#10990));
#10990 = SURFACE_STYLE_USAGE(.BOTH.,#10991);
#10991 = SURFACE_SIDE_STYLE('',(#10992));
#10992 = SURFACE_STYLE_FILL_AREA(#10993);
#10993 = FILL_AREA_STYLE('',(#10994));
#10994 = FILL_AREA_STYLE_COLOUR('',#10973);
#10995 = STYLED_ITEM('color',(#10996),#9689);
#10996 = PRESENTATION_STYLE_ASSIGNMENT((#10997));
#10997 = SURFACE_STYLE_USAGE(.BOTH.,#10998);
#10998 = SURFACE_SIDE_STYLE('',(#10999));
#10999 = SURFACE_STYLE_FILL_AREA(#11000);
#11000 = FILL_AREA_STYLE('',(#11001));
#11001 = FILL_AREA_STYLE_COLOUR('',#10973);
#11002 = STYLED_ITEM('color',(#11003),#9713);
#11003 = PRESENTATION_STYLE_ASSIGNMENT((#11004));
#11004 = SURFACE_STYLE_USAGE(.BOTH.,#11005);
#11005 = SURFACE_SIDE_STYLE('',(#11006));
#11006 = SURFACE_STYLE_FILL_AREA(#11007);
#11007 = FILL_AREA_STYLE('',(#11008));
#11008 = FILL_AREA_STYLE_COLOUR('',#10973);
#11009 = STYLED_ITEM('color',(#11010),#9737);
#11010 = PRESENTATION_STYLE_ASSIGNMENT((#11011));
#11011 = SURFACE_STYLE_USAGE(.BOTH.,#11012);
#11012 = SURFACE_SIDE_STYLE('',(#11013));
#11013 = SURFACE_STYLE_FILL_AREA(#11014);
#11014 = FILL_AREA_STYLE('',(#11015));
#11015 = FILL_AREA_STYLE_COLOUR('',#10973);
#11016 = STYLED_ITEM('color',(#11017),#9762);
#11017 = PRESENTATION_STYLE_ASSIGNMENT((#11018));
#11018 = SURFACE_STYLE_USAGE(.BOTH.,#11019);
#11019 = SURFACE_SIDE_STYLE('',(#11020));
#11020 = SURFACE_STYLE_FILL_AREA(#11021);
#11021 = FILL_AREA_STYLE('',(#11022));
#11022 = FILL_AREA_STYLE_COLOUR('',#10973);
#11023 = STYLED_ITEM('color',(#11024),#9787);
#11024 = PRESENTATION_STYLE_ASSIGNMENT((#11025));
#11025 = SURFACE_STYLE_USAGE(.BOTH.,#11026);
#11026 = SURFACE_SIDE_STYLE('',(#11027));
#11027 = SURFACE_STYLE_FILL_AREA(#11028);
#11028 = FILL_AREA_STYLE('',(#11029));
#11029 = FILL_AREA_STYLE_COLOUR('',#10973);
#11030 = STYLED_ITEM('color',(#11031),#9804);
#11031 = PRESENTATION_STYLE_ASSIGNMENT((#11032));
#11032 = SURFACE_STYLE_USAGE(.BOTH.,#11033);
#11033 = SURFACE_SIDE_STYLE('',(#11034));
#11034 = SURFACE_STYLE_FILL_AREA(#11035);
#11035 = FILL_AREA_STYLE('',(#11036));
#11036 = FILL_AREA_STYLE_COLOUR('',#10973);
#11037 = STYLED_ITEM('color',(#11038),#9890);
#11038 = PRESENTATION_STYLE_ASSIGNMENT((#11039));
#11039 = SURFACE_STYLE_USAGE(.BOTH.,#11040);
#11040 = SURFACE_SIDE_STYLE('',(#11041));
#11041 = SURFACE_STYLE_FILL_AREA(#11042);
#11042 = FILL_AREA_STYLE('',(#11043));
#11043 = FILL_AREA_STYLE_COLOUR('',#11044);
#11044 = COLOUR_RGB('',0.379000005575,0.270000008848,0.214999999939);
#11045 = STYLED_ITEM('color',(#11046),#9922);
#11046 = PRESENTATION_STYLE_ASSIGNMENT((#11047));
#11047 = SURFACE_STYLE_USAGE(.BOTH.,#11048);
#11048 = SURFACE_SIDE_STYLE('',(#11049));
#11049 = SURFACE_STYLE_FILL_AREA(#11050);
#11050 = FILL_AREA_STYLE('',(#11051));
#11051 = FILL_AREA_STYLE_COLOUR('',#11044);
#11052 = STYLED_ITEM('color',(#11053),#9946);
#11053 = PRESENTATION_STYLE_ASSIGNMENT((#11054));
#11054 = SURFACE_STYLE_USAGE(.BOTH.,#11055);
#11055 = SURFACE_SIDE_STYLE('',(#11056));
#11056 = SURFACE_STYLE_FILL_AREA(#11057);
#11057 = FILL_AREA_STYLE('',(#11058));
#11058 = FILL_AREA_STYLE_COLOUR('',#11044);
#11059 = STYLED_ITEM('color',(#11060),#9971);
#11060 = PRESENTATION_STYLE_ASSIGNMENT((#11061));
#11061 = SURFACE_STYLE_USAGE(.BOTH.,#11062);
#11062 = SURFACE_SIDE_STYLE('',(#11063));
#11063 = SURFACE_STYLE_FILL_AREA(#11064);
#11064 = FILL_AREA_STYLE('',(#11065));
#11065 = FILL_AREA_STYLE_COLOUR('',#11044);
#11066 = STYLED_ITEM('color',(#11067),#9995);
#11067 = PRESENTATION_STYLE_ASSIGNMENT((#11068));
#11068 = SURFACE_STYLE_USAGE(.BOTH.,#11069);
#11069 = SURFACE_SIDE_STYLE('',(#11070));
#11070 = SURFACE_STYLE_FILL_AREA(#11071);
#11071 = FILL_AREA_STYLE('',(#11072));
#11072 = FILL_AREA_STYLE_COLOUR('',#11044);
#11073 = STYLED_ITEM('color',(#11074),#10020);
#11074 = PRESENTATION_STYLE_ASSIGNMENT((#11075));
#11075 = SURFACE_STYLE_USAGE(.BOTH.,#11076);
#11076 = SURFACE_SIDE_STYLE('',(#11077));
#11077 = SURFACE_STYLE_FILL_AREA(#11078);
#11078 = FILL_AREA_STYLE('',(#11079));
#11079 = FILL_AREA_STYLE_COLOUR('',#11044);
#11080 = STYLED_ITEM('color',(#11081),#10044);
#11081 = PRESENTATION_STYLE_ASSIGNMENT((#11082));
#11082 = SURFACE_STYLE_USAGE(.BOTH.,#11083);
#11083 = SURFACE_SIDE_STYLE('',(#11084));
#11084 = SURFACE_STYLE_FILL_AREA(#11085);
#11085 = FILL_AREA_STYLE('',(#11086));
#11086 = FILL_AREA_STYLE_COLOUR('',#11044);
#11087 = STYLED_ITEM('color',(#11088),#10069);
#11088 = PRESENTATION_STYLE_ASSIGNMENT((#11089));
#11089 = SURFACE_STYLE_USAGE(.BOTH.,#11090);
#11090 = SURFACE_SIDE_STYLE('',(#11091));
#11091 = SURFACE_STYLE_FILL_AREA(#11092);
#11092 = FILL_AREA_STYLE('',(#11093));
#11093 = FILL_AREA_STYLE_COLOUR('',#11044);
#11094 = STYLED_ITEM('color',(#11095),#10086);
#11095 = PRESENTATION_STYLE_ASSIGNMENT((#11096));
#11096 = SURFACE_STYLE_USAGE(.BOTH.,#11097);
#11097 = SURFACE_SIDE_STYLE('',(#11098));
#11098 = SURFACE_STYLE_FILL_AREA(#11099);
#11099 = FILL_AREA_STYLE('',(#11100));
#11100 = FILL_AREA_STYLE_COLOUR('',#10973);
#11101 = STYLED_ITEM('color',(#11102),#10172);
#11102 = PRESENTATION_STYLE_ASSIGNMENT((#11103));
#11103 = SURFACE_STYLE_USAGE(.BOTH.,#11104);
#11104 = SURFACE_SIDE_STYLE('',(#11105));
#11105 = SURFACE_STYLE_FILL_AREA(#11106);
#11106 = FILL_AREA_STYLE('',(#11107));
#11107 = FILL_AREA_STYLE_COLOUR('',#10973);
#11108 = STYLED_ITEM('color',(#11109),#10203);
#11109 = PRESENTATION_STYLE_ASSIGNMENT((#11110));
#11110 = SURFACE_STYLE_USAGE(.BOTH.,#11111);
#11111 = SURFACE_SIDE_STYLE('',(#11112));
#11112 = SURFACE_STYLE_FILL_AREA(#11113);
#11113 = FILL_AREA_STYLE('',(#11114));
#11114 = FILL_AREA_STYLE_COLOUR('',#10973);
#11115 = STYLED_ITEM('color',(#11116),#10228);
#11116 = PRESENTATION_STYLE_ASSIGNMENT((#11117));
#11117 = SURFACE_STYLE_USAGE(.BOTH.,#11118);
#11118 = SURFACE_SIDE_STYLE('',(#11119));
#11119 = SURFACE_STYLE_FILL_AREA(#11120);
#11120 = FILL_AREA_STYLE('',(#11121));
#11121 = FILL_AREA_STYLE_COLOUR('',#10973);
#11122 = STYLED_ITEM('color',(#11123),#10253);
#11123 = PRESENTATION_STYLE_ASSIGNMENT((#11124));
#11124 = SURFACE_STYLE_USAGE(.BOTH.,#11125);
#11125 = SURFACE_SIDE_STYLE('',(#11126));
#11126 = SURFACE_STYLE_FILL_AREA(#11127);
#11127 = FILL_AREA_STYLE('',(#11128));
#11128 = FILL_AREA_STYLE_COLOUR('',#10973);
#11129 = STYLED_ITEM('color',(#11130),#10277);
#11130 = PRESENTATION_STYLE_ASSIGNMENT((#11131));
#11131 = SURFACE_STYLE_USAGE(.BOTH.,#11132);
#11132 = SURFACE_SIDE_STYLE('',(#11133));
#11133 = SURFACE_STYLE_FILL_AREA(#11134);
#11134 = FILL_AREA_STYLE('',(#11135));
#11135 = FILL_AREA_STYLE_COLOUR('',#10973);
#11136 = STYLED_ITEM('color',(#11137),#10301);
#11137 = PRESENTATION_STYLE_ASSIGNMENT((#11138));
#11138 = SURFACE_STYLE_USAGE(.BOTH.,#11139);
#11139 = SURFACE_SIDE_STYLE('',(#11140));
#11140 = SURFACE_STYLE_FILL_AREA(#11141);
#11141 = FILL_AREA_STYLE('',(#11142));
#11142 = FILL_AREA_STYLE_COLOUR('',#10973);
#11143 = STYLED_ITEM('color',(#11144),#10326);
#11144 = PRESENTATION_STYLE_ASSIGNMENT((#11145));
#11145 = SURFACE_STYLE_USAGE(.BOTH.,#11146);
#11146 = SURFACE_SIDE_STYLE('',(#11147));
#11147 = SURFACE_STYLE_FILL_AREA(#11148);
#11148 = FILL_AREA_STYLE('',(#11149));
#11149 = FILL_AREA_STYLE_COLOUR('',#10973);
#11150 = STYLED_ITEM('color',(#11151),#10351);
#11151 = PRESENTATION_STYLE_ASSIGNMENT((#11152));
#11152 = SURFACE_STYLE_USAGE(.BOTH.,#11153);
#11153 = SURFACE_SIDE_STYLE('',(#11154));
#11154 = SURFACE_STYLE_FILL_AREA(#11155);
#11155 = FILL_AREA_STYLE('',(#11156));
#11156 = FILL_AREA_STYLE_COLOUR('',#10973);
#11157 = STYLED_ITEM('color',(#11158),#10368);
#11158 = PRESENTATION_STYLE_ASSIGNMENT((#11159));
#11159 = SURFACE_STYLE_USAGE(.BOTH.,#11160);
#11160 = SURFACE_SIDE_STYLE('',(#11161));
#11161 = SURFACE_STYLE_FILL_AREA(#11162);
#11162 = FILL_AREA_STYLE('',(#11163));
#11163 = FILL_AREA_STYLE_COLOUR('',#10973);
#11164 = MECHANICAL_DESIGN_GEOMETRIC_PRESENTATION_REPRESENTATION('',(
    #11165,#11172,#11179,#11186,#11193,#11200,#11207,#11214,#11222,
    #11229,#11236,#11243,#11250,#11257,#11265,#11272,#11279,#11286,
    #11293,#11300,#11307,#11314,#11321,#11328,#11335,#11342),#5366);
#11165 = STYLED_ITEM('color',(#11166),#4578);
#11166 = PRESENTATION_STYLE_ASSIGNMENT((#11167));
#11167 = SURFACE_STYLE_USAGE(.BOTH.,#11168);
#11168 = SURFACE_SIDE_STYLE('',(#11169));
#11169 = SURFACE_STYLE_FILL_AREA(#11170);
#11170 = FILL_AREA_STYLE('',(#11171));
#11171 = FILL_AREA_STYLE_COLOUR('',#10973);
#11172 = STYLED_ITEM('color',(#11173),#4618);
#11173 = PRESENTATION_STYLE_ASSIGNMENT((#11174));
#11174 = SURFACE_STYLE_USAGE(.BOTH.,#11175);
#11175 = SURFACE_SIDE_STYLE('',(#11176));
#11176 = SURFACE_STYLE_FILL_AREA(#11177);
#11177 = FILL_AREA_STYLE('',(#11178));
#11178 = FILL_AREA_STYLE_COLOUR('',#10973);
#11179 = STYLED_ITEM('color',(#11180),#4701);
#11180 = PRESENTATION_STYLE_ASSIGNMENT((#11181));
#11181 = SURFACE_STYLE_USAGE(.BOTH.,#11182);
#11182 = SURFACE_SIDE_STYLE('',(#11183));
#11183 = SURFACE_STYLE_FILL_AREA(#11184);
#11184 = FILL_AREA_STYLE('',(#11185));
#11185 = FILL_AREA_STYLE_COLOUR('',#10973);
#11186 = STYLED_ITEM('color',(#11187),#4726);
#11187 = PRESENTATION_STYLE_ASSIGNMENT((#11188));
#11188 = SURFACE_STYLE_USAGE(.BOTH.,#11189);
#11189 = SURFACE_SIDE_STYLE('',(#11190));
#11190 = SURFACE_STYLE_FILL_AREA(#11191);
#11191 = FILL_AREA_STYLE('',(#11192));
#11192 = FILL_AREA_STYLE_COLOUR('',#10973);
#11193 = STYLED_ITEM('color',(#11194),#4751);
#11194 = PRESENTATION_STYLE_ASSIGNMENT((#11195));
#11195 = SURFACE_STYLE_USAGE(.BOTH.,#11196);
#11196 = SURFACE_SIDE_STYLE('',(#11197));
#11197 = SURFACE_STYLE_FILL_AREA(#11198);
#11198 = FILL_AREA_STYLE('',(#11199));
#11199 = FILL_AREA_STYLE_COLOUR('',#10973);
#11200 = STYLED_ITEM('color',(#11201),#4818);
#11201 = PRESENTATION_STYLE_ASSIGNMENT((#11202));
#11202 = SURFACE_STYLE_USAGE(.BOTH.,#11203);
#11203 = SURFACE_SIDE_STYLE('',(#11204));
#11204 = SURFACE_STYLE_FILL_AREA(#11205);
#11205 = FILL_AREA_STYLE('',(#11206));
#11206 = FILL_AREA_STYLE_COLOUR('',#10973);
#11207 = STYLED_ITEM('color',(#11208),#4835);
#11208 = PRESENTATION_STYLE_ASSIGNMENT((#11209));
#11209 = SURFACE_STYLE_USAGE(.BOTH.,#11210);
#11210 = SURFACE_SIDE_STYLE('',(#11211));
#11211 = SURFACE_STYLE_FILL_AREA(#11212);
#11212 = FILL_AREA_STYLE('',(#11213));
#11213 = FILL_AREA_STYLE_COLOUR('',#10973);
#11214 = STYLED_ITEM('color',(#11215),#4852);
#11215 = PRESENTATION_STYLE_ASSIGNMENT((#11216));
#11216 = SURFACE_STYLE_USAGE(.BOTH.,#11217);
#11217 = SURFACE_SIDE_STYLE('',(#11218));
#11218 = SURFACE_STYLE_FILL_AREA(#11219);
#11219 = FILL_AREA_STYLE('',(#11220));
#11220 = FILL_AREA_STYLE_COLOUR('',#11221);
#11221 = COLOUR_RGB('',0.894999966383,0.890999961016,0.813000030345);
#11222 = STYLED_ITEM('color',(#11223),#4901);
#11223 = PRESENTATION_STYLE_ASSIGNMENT((#11224));
#11224 = SURFACE_STYLE_USAGE(.BOTH.,#11225);
#11225 = SURFACE_SIDE_STYLE('',(#11226));
#11226 = SURFACE_STYLE_FILL_AREA(#11227);
#11227 = FILL_AREA_STYLE('',(#11228));
#11228 = FILL_AREA_STYLE_COLOUR('',#10973);
#11229 = STYLED_ITEM('color',(#11230),#4918);
#11230 = PRESENTATION_STYLE_ASSIGNMENT((#11231));
#11231 = SURFACE_STYLE_USAGE(.BOTH.,#11232);
#11232 = SURFACE_SIDE_STYLE('',(#11233));
#11233 = SURFACE_STYLE_FILL_AREA(#11234);
#11234 = FILL_AREA_STYLE('',(#11235));
#11235 = FILL_AREA_STYLE_COLOUR('',#10973);
#11236 = STYLED_ITEM('color',(#11237),#4935);
#11237 = PRESENTATION_STYLE_ASSIGNMENT((#11238));
#11238 = SURFACE_STYLE_USAGE(.BOTH.,#11239);
#11239 = SURFACE_SIDE_STYLE('',(#11240));
#11240 = SURFACE_STYLE_FILL_AREA(#11241);
#11241 = FILL_AREA_STYLE('',(#11242));
#11242 = FILL_AREA_STYLE_COLOUR('',#11221);
#11243 = STYLED_ITEM('color',(#11244),#4984);
#11244 = PRESENTATION_STYLE_ASSIGNMENT((#11245));
#11245 = SURFACE_STYLE_USAGE(.BOTH.,#11246);
#11246 = SURFACE_SIDE_STYLE('',(#11247));
#11247 = SURFACE_STYLE_FILL_AREA(#11248);
#11248 = FILL_AREA_STYLE('',(#11249));
#11249 = FILL_AREA_STYLE_COLOUR('',#11221);
#11250 = STYLED_ITEM('color',(#11251),#5001);
#11251 = PRESENTATION_STYLE_ASSIGNMENT((#11252));
#11252 = SURFACE_STYLE_USAGE(.BOTH.,#11253);
#11253 = SURFACE_SIDE_STYLE('',(#11254));
#11254 = SURFACE_STYLE_FILL_AREA(#11255);
#11255 = FILL_AREA_STYLE('',(#11256));
#11256 = FILL_AREA_STYLE_COLOUR('',#10973);
#11257 = STYLED_ITEM('color',(#11258),#5070);
#11258 = PRESENTATION_STYLE_ASSIGNMENT((#11259));
#11259 = SURFACE_STYLE_USAGE(.BOTH.,#11260);
#11260 = SURFACE_SIDE_STYLE('',(#11261));
#11261 = SURFACE_STYLE_FILL_AREA(#11262);
#11262 = FILL_AREA_STYLE('',(#11263));
#11263 = FILL_AREA_STYLE_COLOUR('',#11264);
#11264 = COLOUR_RGB('',8.200000279077E-02,8.600000121357E-02,
  9.399999706163E-02);
#11265 = STYLED_ITEM('color',(#11266),#5101);
#11266 = PRESENTATION_STYLE_ASSIGNMENT((#11267));
#11267 = SURFACE_STYLE_USAGE(.BOTH.,#11268);
#11268 = SURFACE_SIDE_STYLE('',(#11269));
#11269 = SURFACE_STYLE_FILL_AREA(#11270);
#11270 = FILL_AREA_STYLE('',(#11271));
#11271 = FILL_AREA_STYLE_COLOUR('',#11264);
#11272 = STYLED_ITEM('color',(#11273),#5125);
#11273 = PRESENTATION_STYLE_ASSIGNMENT((#11274));
#11274 = SURFACE_STYLE_USAGE(.BOTH.,#11275);
#11275 = SURFACE_SIDE_STYLE('',(#11276));
#11276 = SURFACE_STYLE_FILL_AREA(#11277);
#11277 = FILL_AREA_STYLE('',(#11278));
#11278 = FILL_AREA_STYLE_COLOUR('',#10973);
#11279 = STYLED_ITEM('color',(#11280),#5194);
#11280 = PRESENTATION_STYLE_ASSIGNMENT((#11281));
#11281 = SURFACE_STYLE_USAGE(.BOTH.,#11282);
#11282 = SURFACE_SIDE_STYLE('',(#11283));
#11283 = SURFACE_STYLE_FILL_AREA(#11284);
#11284 = FILL_AREA_STYLE('',(#11285));
#11285 = FILL_AREA_STYLE_COLOUR('',#11264);
#11286 = STYLED_ITEM('color',(#11287),#5218);
#11287 = PRESENTATION_STYLE_ASSIGNMENT((#11288));
#11288 = SURFACE_STYLE_USAGE(.BOTH.,#11289);
#11289 = SURFACE_SIDE_STYLE('',(#11290));
#11290 = SURFACE_STYLE_FILL_AREA(#11291);
#11291 = FILL_AREA_STYLE('',(#11292));
#11292 = FILL_AREA_STYLE_COLOUR('',#10973);
#11293 = STYLED_ITEM('color',(#11294),#5235);
#11294 = PRESENTATION_STYLE_ASSIGNMENT((#11295));
#11295 = SURFACE_STYLE_USAGE(.BOTH.,#11296);
#11296 = SURFACE_SIDE_STYLE('',(#11297));
#11297 = SURFACE_STYLE_FILL_AREA(#11298);
#11298 = FILL_AREA_STYLE('',(#11299));
#11299 = FILL_AREA_STYLE_COLOUR('',#10973);
#11300 = STYLED_ITEM('color',(#11301),#5252);
#11301 = PRESENTATION_STYLE_ASSIGNMENT((#11302));
#11302 = SURFACE_STYLE_USAGE(.BOTH.,#11303);
#11303 = SURFACE_SIDE_STYLE('',(#11304));
#11304 = SURFACE_STYLE_FILL_AREA(#11305);
#11305 = FILL_AREA_STYLE('',(#11306));
#11306 = FILL_AREA_STYLE_COLOUR('',#10973);
#11307 = STYLED_ITEM('color',(#11308),#5269);
#11308 = PRESENTATION_STYLE_ASSIGNMENT((#11309));
#11309 = SURFACE_STYLE_USAGE(.BOTH.,#11310);
#11310 = SURFACE_SIDE_STYLE('',(#11311));
#11311 = SURFACE_STYLE_FILL_AREA(#11312);
#11312 = FILL_AREA_STYLE('',(#11313));
#11313 = FILL_AREA_STYLE_COLOUR('',#10973);
#11314 = STYLED_ITEM('color',(#11315),#5286);
#11315 = PRESENTATION_STYLE_ASSIGNMENT((#11316));
#11316 = SURFACE_STYLE_USAGE(.BOTH.,#11317);
#11317 = SURFACE_SIDE_STYLE('',(#11318));
#11318 = SURFACE_STYLE_FILL_AREA(#11319);
#11319 = FILL_AREA_STYLE('',(#11320));
#11320 = FILL_AREA_STYLE_COLOUR('',#10973);
#11321 = STYLED_ITEM('color',(#11322),#5303);
#11322 = PRESENTATION_STYLE_ASSIGNMENT((#11323));
#11323 = SURFACE_STYLE_USAGE(.BOTH.,#11324);
#11324 = SURFACE_SIDE_STYLE('',(#11325));
#11325 = SURFACE_STYLE_FILL_AREA(#11326);
#11326 = FILL_AREA_STYLE('',(#11327));
#11327 = FILL_AREA_STYLE_COLOUR('',#10973);
#11328 = STYLED_ITEM('color',(#11329),#5320);
#11329 = PRESENTATION_STYLE_ASSIGNMENT((#11330));
#11330 = SURFACE_STYLE_USAGE(.BOTH.,#11331);
#11331 = SURFACE_SIDE_STYLE('',(#11332));
#11332 = SURFACE_STYLE_FILL_AREA(#11333);
#11333 = FILL_AREA_STYLE('',(#11334));
#11334 = FILL_AREA_STYLE_COLOUR('',#10973);
#11335 = STYLED_ITEM('color',(#11336),#5337);
#11336 = PRESENTATION_STYLE_ASSIGNMENT((#11337));
#11337 = SURFACE_STYLE_USAGE(.BOTH.,#11338);
#11338 = SURFACE_SIDE_STYLE('',(#11339));
#11339 = SURFACE_STYLE_FILL_AREA(#11340);
#11340 = FILL_AREA_STYLE('',(#11341));
#11341 = FILL_AREA_STYLE_COLOUR('',#11264);
#11342 = STYLED_ITEM('color',(#11343),#5354);
#11343 = PRESENTATION_STYLE_ASSIGNMENT((#11344));
#11344 = SURFACE_STYLE_USAGE(.BOTH.,#11345);
#11345 = SURFACE_SIDE_STYLE('',(#11346));
#11346 = SURFACE_STYLE_FILL_AREA(#11347);
#11347 = FILL_AREA_STYLE('',(#11348));
#11348 = FILL_AREA_STYLE_COLOUR('',#11264);
#11349 = MECHANICAL_DESIGN_GEOMETRIC_PRESENTATION_REPRESENTATION('',(
    #11350),#10954);
#11350 = STYLED_ITEM('color',(#11351),#10592);
#11351 = PRESENTATION_STYLE_ASSIGNMENT((#11352));
#11352 = SURFACE_STYLE_USAGE(.BOTH.,#11353);
#11353 = SURFACE_SIDE_STYLE('',(#11354));
#11354 = SURFACE_STYLE_FILL_AREA(#11355);
#11355 = FILL_AREA_STYLE('',(#11356));
#11356 = FILL_AREA_STYLE_COLOUR('',#11357);
#11357 = COLOUR_RGB('',0.313304153717,0.484529207832,0.410020903123);
#11358 = MECHANICAL_DESIGN_GEOMETRIC_PRESENTATION_REPRESENTATION('',(
    #11359,#11366,#11373,#11380,#11387,#11394,#11401,#11408,#11415,
    #11422,#11429,#11436,#11443,#11450,#11457,#11464,#11471,#11478,
    #11485,#11492,#11499,#11506,#11513,#11520,#11527,#11534,#11541,
    #11548),#9332);
#11359 = STYLED_ITEM('color',(#11360),#8480);
#11360 = PRESENTATION_STYLE_ASSIGNMENT((#11361));
#11361 = SURFACE_STYLE_USAGE(.BOTH.,#11362);
#11362 = SURFACE_SIDE_STYLE('',(#11363));
#11363 = SURFACE_STYLE_FILL_AREA(#11364);
#11364 = FILL_AREA_STYLE('',(#11365));
#11365 = FILL_AREA_STYLE_COLOUR('',#10973);
#11366 = STYLED_ITEM('color',(#11367),#8556);
#11367 = PRESENTATION_STYLE_ASSIGNMENT((#11368));
#11368 = SURFACE_STYLE_USAGE(.BOTH.,#11369);
#11369 = SURFACE_SIDE_STYLE('',(#11370));
#11370 = SURFACE_STYLE_FILL_AREA(#11371);
#11371 = FILL_AREA_STYLE('',(#11372));
#11372 = FILL_AREA_STYLE_COLOUR('',#10973);
#11373 = STYLED_ITEM('color',(#11374),#8587);
#11374 = PRESENTATION_STYLE_ASSIGNMENT((#11375));
#11375 = SURFACE_STYLE_USAGE(.BOTH.,#11376);
#11376 = SURFACE_SIDE_STYLE('',(#11377));
#11377 = SURFACE_STYLE_FILL_AREA(#11378);
#11378 = FILL_AREA_STYLE('',(#11379));
#11379 = FILL_AREA_STYLE_COLOUR('',#10973);
#11380 = STYLED_ITEM('color',(#11381),#8612);
#11381 = PRESENTATION_STYLE_ASSIGNMENT((#11382));
#11382 = SURFACE_STYLE_USAGE(.BOTH.,#11383);
#11383 = SURFACE_SIDE_STYLE('',(#11384));
#11384 = SURFACE_STYLE_FILL_AREA(#11385);
#11385 = FILL_AREA_STYLE('',(#11386));
#11386 = FILL_AREA_STYLE_COLOUR('',#10973);
#11387 = STYLED_ITEM('color',(#11388),#8637);
#11388 = PRESENTATION_STYLE_ASSIGNMENT((#11389));
#11389 = SURFACE_STYLE_USAGE(.BOTH.,#11390);
#11390 = SURFACE_SIDE_STYLE('',(#11391));
#11391 = SURFACE_STYLE_FILL_AREA(#11392);
#11392 = FILL_AREA_STYLE('',(#11393));
#11393 = FILL_AREA_STYLE_COLOUR('',#10973);
#11394 = STYLED_ITEM('color',(#11395),#8661);
#11395 = PRESENTATION_STYLE_ASSIGNMENT((#11396));
#11396 = SURFACE_STYLE_USAGE(.BOTH.,#11397);
#11397 = SURFACE_SIDE_STYLE('',(#11398));
#11398 = SURFACE_STYLE_FILL_AREA(#11399);
#11399 = FILL_AREA_STYLE('',(#11400));
#11400 = FILL_AREA_STYLE_COLOUR('',#10973);
#11401 = STYLED_ITEM('color',(#11402),#8685);
#11402 = PRESENTATION_STYLE_ASSIGNMENT((#11403));
#11403 = SURFACE_STYLE_USAGE(.BOTH.,#11404);
#11404 = SURFACE_SIDE_STYLE('',(#11405));
#11405 = SURFACE_STYLE_FILL_AREA(#11406);
#11406 = FILL_AREA_STYLE('',(#11407));
#11407 = FILL_AREA_STYLE_COLOUR('',#10973);
#11408 = STYLED_ITEM('color',(#11409),#8710);
#11409 = PRESENTATION_STYLE_ASSIGNMENT((#11410));
#11410 = SURFACE_STYLE_USAGE(.BOTH.,#11411);
#11411 = SURFACE_SIDE_STYLE('',(#11412));
#11412 = SURFACE_STYLE_FILL_AREA(#11413);
#11413 = FILL_AREA_STYLE('',(#11414));
#11414 = FILL_AREA_STYLE_COLOUR('',#10973);
#11415 = STYLED_ITEM('color',(#11416),#8735);
#11416 = PRESENTATION_STYLE_ASSIGNMENT((#11417));
#11417 = SURFACE_STYLE_USAGE(.BOTH.,#11418);
#11418 = SURFACE_SIDE_STYLE('',(#11419));
#11419 = SURFACE_STYLE_FILL_AREA(#11420);
#11420 = FILL_AREA_STYLE('',(#11421));
#11421 = FILL_AREA_STYLE_COLOUR('',#10973);
#11422 = STYLED_ITEM('color',(#11423),#8752);
#11423 = PRESENTATION_STYLE_ASSIGNMENT((#11424));
#11424 = SURFACE_STYLE_USAGE(.BOTH.,#11425);
#11425 = SURFACE_SIDE_STYLE('',(#11426));
#11426 = SURFACE_STYLE_FILL_AREA(#11427);
#11427 = FILL_AREA_STYLE('',(#11428));
#11428 = FILL_AREA_STYLE_COLOUR('',#10973);
#11429 = STYLED_ITEM('color',(#11430),#8838);
#11430 = PRESENTATION_STYLE_ASSIGNMENT((#11431));
#11431 = SURFACE_STYLE_USAGE(.BOTH.,#11432);
#11432 = SURFACE_SIDE_STYLE('',(#11433));
#11433 = SURFACE_STYLE_FILL_AREA(#11434);
#11434 = FILL_AREA_STYLE('',(#11435));
#11435 = FILL_AREA_STYLE_COLOUR('',#11044);
#11436 = STYLED_ITEM('color',(#11437),#8870);
#11437 = PRESENTATION_STYLE_ASSIGNMENT((#11438));
#11438 = SURFACE_STYLE_USAGE(.BOTH.,#11439);
#11439 = SURFACE_SIDE_STYLE('',(#11440));
#11440 = SURFACE_STYLE_FILL_AREA(#11441);
#11441 = FILL_AREA_STYLE('',(#11442));
#11442 = FILL_AREA_STYLE_COLOUR('',#11044);
#11443 = STYLED_ITEM('color',(#11444),#8894);
#11444 = PRESENTATION_STYLE_ASSIGNMENT((#11445));
#11445 = SURFACE_STYLE_USAGE(.BOTH.,#11446);
#11446 = SURFACE_SIDE_STYLE('',(#11447));
#11447 = SURFACE_STYLE_FILL_AREA(#11448);
#11448 = FILL_AREA_STYLE('',(#11449));
#11449 = FILL_AREA_STYLE_COLOUR('',#11044);
#11450 = STYLED_ITEM('color',(#11451),#8919);
#11451 = PRESENTATION_STYLE_ASSIGNMENT((#11452));
#11452 = SURFACE_STYLE_USAGE(.BOTH.,#11453);
#11453 = SURFACE_SIDE_STYLE('',(#11454));
#11454 = SURFACE_STYLE_FILL_AREA(#11455);
#11455 = FILL_AREA_STYLE('',(#11456));
#11456 = FILL_AREA_STYLE_COLOUR('',#11044);
#11457 = STYLED_ITEM('color',(#11458),#8943);
#11458 = PRESENTATION_STYLE_ASSIGNMENT((#11459));
#11459 = SURFACE_STYLE_USAGE(.BOTH.,#11460);
#11460 = SURFACE_SIDE_STYLE('',(#11461));
#11461 = SURFACE_STYLE_FILL_AREA(#11462);
#11462 = FILL_AREA_STYLE('',(#11463));
#11463 = FILL_AREA_STYLE_COLOUR('',#11044);
#11464 = STYLED_ITEM('color',(#11465),#8968);
#11465 = PRESENTATION_STYLE_ASSIGNMENT((#11466));
#11466 = SURFACE_STYLE_USAGE(.BOTH.,#11467);
#11467 = SURFACE_SIDE_STYLE('',(#11468));
#11468 = SURFACE_STYLE_FILL_AREA(#11469);
#11469 = FILL_AREA_STYLE('',(#11470));
#11470 = FILL_AREA_STYLE_COLOUR('',#11044);
#11471 = STYLED_ITEM('color',(#11472),#8992);
#11472 = PRESENTATION_STYLE_ASSIGNMENT((#11473));
#11473 = SURFACE_STYLE_USAGE(.BOTH.,#11474);
#11474 = SURFACE_SIDE_STYLE('',(#11475));
#11475 = SURFACE_STYLE_FILL_AREA(#11476);
#11476 = FILL_AREA_STYLE('',(#11477));
#11477 = FILL_AREA_STYLE_COLOUR('',#11044);
#11478 = STYLED_ITEM('color',(#11479),#9017);
#11479 = PRESENTATION_STYLE_ASSIGNMENT((#11480));
#11480 = SURFACE_STYLE_USAGE(.BOTH.,#11481);
#11481 = SURFACE_SIDE_STYLE('',(#11482));
#11482 = SURFACE_STYLE_FILL_AREA(#11483);
#11483 = FILL_AREA_STYLE('',(#11484));
#11484 = FILL_AREA_STYLE_COLOUR('',#11044);
#11485 = STYLED_ITEM('color',(#11486),#9034);
#11486 = PRESENTATION_STYLE_ASSIGNMENT((#11487));
#11487 = SURFACE_STYLE_USAGE(.BOTH.,#11488);
#11488 = SURFACE_SIDE_STYLE('',(#11489));
#11489 = SURFACE_STYLE_FILL_AREA(#11490);
#11490 = FILL_AREA_STYLE('',(#11491));
#11491 = FILL_AREA_STYLE_COLOUR('',#10973);
#11492 = STYLED_ITEM('color',(#11493),#9120);
#11493 = PRESENTATION_STYLE_ASSIGNMENT((#11494));
#11494 = SURFACE_STYLE_USAGE(.BOTH.,#11495);
#11495 = SURFACE_SIDE_STYLE('',(#11496));
#11496 = SURFACE_STYLE_FILL_AREA(#11497);
#11497 = FILL_AREA_STYLE('',(#11498));
#11498 = FILL_AREA_STYLE_COLOUR('',#10973);
#11499 = STYLED_ITEM('color',(#11500),#9151);
#11500 = PRESENTATION_STYLE_ASSIGNMENT((#11501));
#11501 = SURFACE_STYLE_USAGE(.BOTH.,#11502);
#11502 = SURFACE_SIDE_STYLE('',(#11503));
#11503 = SURFACE_STYLE_FILL_AREA(#11504);
#11504 = FILL_AREA_STYLE('',(#11505));
#11505 = FILL_AREA_STYLE_COLOUR('',#10973);
#11506 = STYLED_ITEM('color',(#11507),#9176);
#11507 = PRESENTATION_STYLE_ASSIGNMENT((#11508));
#11508 = SURFACE_STYLE_USAGE(.BOTH.,#11509);
#11509 = SURFACE_SIDE_STYLE('',(#11510));
#11510 = SURFACE_STYLE_FILL_AREA(#11511);
#11511 = FILL_AREA_STYLE('',(#11512));
#11512 = FILL_AREA_STYLE_COLOUR('',#10973);
#11513 = STYLED_ITEM('color',(#11514),#9201);
#11514 = PRESENTATION_STYLE_ASSIGNMENT((#11515));
#11515 = SURFACE_STYLE_USAGE(.BOTH.,#11516);
#11516 = SURFACE_SIDE_STYLE('',(#11517));
#11517 = SURFACE_STYLE_FILL_AREA(#11518);
#11518 = FILL_AREA_STYLE('',(#11519));
#11519 = FILL_AREA_STYLE_COLOUR('',#10973);
#11520 = STYLED_ITEM('color',(#11521),#9225);
#11521 = PRESENTATION_STYLE_ASSIGNMENT((#11522));
#11522 = SURFACE_STYLE_USAGE(.BOTH.,#11523);
#11523 = SURFACE_SIDE_STYLE('',(#11524));
#11524 = SURFACE_STYLE_FILL_AREA(#11525);
#11525 = FILL_AREA_STYLE('',(#11526));
#11526 = FILL_AREA_STYLE_COLOUR('',#10973);
#11527 = STYLED_ITEM('color',(#11528),#9249);
#11528 = PRESENTATION_STYLE_ASSIGNMENT((#11529));
#11529 = SURFACE_STYLE_USAGE(.BOTH.,#11530);
#11530 = SURFACE_SIDE_STYLE('',(#11531));
#11531 = SURFACE_STYLE_FILL_AREA(#11532);
#11532 = FILL_AREA_STYLE('',(#11533));
#11533 = FILL_AREA_STYLE_COLOUR('',#10973);
#11534 = STYLED_ITEM('color',(#11535),#9274);
#11535 = PRESENTATION_STYLE_ASSIGNMENT((#11536));
#11536 = SURFACE_STYLE_USAGE(.BOTH.,#11537);
#11537 = SURFACE_SIDE_STYLE('',(#11538));
#11538 = SURFACE_STYLE_FILL_AREA(#11539);
#11539 = FILL_AREA_STYLE('',(#11540));
#11540 = FILL_AREA_STYLE_COLOUR('',#10973);
#11541 = STYLED_ITEM('color',(#11542),#9299);
#11542 = PRESENTATION_STYLE_ASSIGNMENT((#11543));
#11543 = SURFACE_STYLE_USAGE(.BOTH.,#11544);
#11544 = SURFACE_SIDE_STYLE('',(#11545));
#11545 = SURFACE_STYLE_FILL_AREA(#11546);
#11546 = FILL_AREA_STYLE('',(#11547));
#11547 = FILL_AREA_STYLE_COLOUR('',#10973);
#11548 = STYLED_ITEM('color',(#11549),#9316);
#11549 = PRESENTATION_STYLE_ASSIGNMENT((#11550));
#11550 = SURFACE_STYLE_USAGE(.BOTH.,#11551);
#11551 = SURFACE_SIDE_STYLE('',(#11552));
#11552 = SURFACE_STYLE_FILL_AREA(#11553);
#11553 = FILL_AREA_STYLE('',(#11554));
#11554 = FILL_AREA_STYLE_COLOUR('',#10973);
#11555 = MECHANICAL_DESIGN_GEOMETRIC_PRESENTATION_REPRESENTATION('',(
    #11556,#11566,#11575,#11584,#11593,#11602,#11611,#11620,#11629,
    #11638,#11647,#11656,#11665,#11674,#11683,#11692,#11701,#11710,
    #11719,#11728,#11737,#11746,#11755,#11764,#11773,#11782,#11791,
    #11800,#11809,#11818,#11827,#11836,#11845,#11854,#11863,#11872,
    #11881,#11890,#11899,#11908,#11917,#11926,#11935,#11944,#11953,
    #11962,#11971,#11980,#11989,#11998,#12007,#12016,#12025,#12034,
    #12043,#12052,#12061,#12070,#12079,#12088,#12097,#12106,#12115,
    #12124,#12133,#12142,#12151,#12160,#12169,#12178,#12187,#12196,
    #12205,#12214,#12223,#12232,#12241,#12250,#12259,#12268,#12277,
    #12286,#12295,#12304,#12313,#12322,#12331,#12340,#12349,#12358,
    #12367,#12376,#12385,#12394,#12403,#12412,#12421,#12430,#12439,
    #12448,#12457,#12466,#12475,#12484,#12493,#12502,#12511,#12520,
    #12529,#12538,#12547,#12556,#12565,#12574,#12583,#12592,#12601,
    #12610,#12619,#12628,#12637,#12646,#12655,#12664,#12673,#12682,
    #12691,#12700,#12709,#12718,#12727,#12736,#12745,#12754,#12763,
    #12772,#12781,#12790,#12799,#12808,#12817,#12826,#12835,#12844,
    #12853,#12862,#12871),#4557);
#11556 = STYLED_ITEM('color',(#11557),#91);
#11557 = PRESENTATION_STYLE_ASSIGNMENT((#11558,#11564));
#11558 = SURFACE_STYLE_USAGE(.BOTH.,#11559);
#11559 = SURFACE_SIDE_STYLE('',(#11560));
#11560 = SURFACE_STYLE_FILL_AREA(#11561);
#11561 = FILL_AREA_STYLE('',(#11562));
#11562 = FILL_AREA_STYLE_COLOUR('',#11563);
#11563 = COLOUR_RGB('',0.147999998088,0.145000001626,0.145000001626);
#11564 = CURVE_STYLE('',#11565,POSITIVE_LENGTH_MEASURE(0.1),#11563);
#11565 = DRAUGHTING_PRE_DEFINED_CURVE_FONT('continuous');
#11566 = STYLED_ITEM('color',(#11567),#129);
#11567 = PRESENTATION_STYLE_ASSIGNMENT((#11568,#11573));
#11568 = SURFACE_STYLE_USAGE(.BOTH.,#11569);
#11569 = SURFACE_SIDE_STYLE('',(#11570));
#11570 = SURFACE_STYLE_FILL_AREA(#11571);
#11571 = FILL_AREA_STYLE('',(#11572));
#11572 = FILL_AREA_STYLE_COLOUR('',#11563);
#11573 = CURVE_STYLE('',#11574,POSITIVE_LENGTH_MEASURE(0.1),#11563);
#11574 = DRAUGHTING_PRE_DEFINED_CURVE_FONT('continuous');
#11575 = STYLED_ITEM('color',(#11576),#192);
#11576 = PRESENTATION_STYLE_ASSIGNMENT((#11577,#11582));
#11577 = SURFACE_STYLE_USAGE(.BOTH.,#11578);
#11578 = SURFACE_SIDE_STYLE('',(#11579));
#11579 = SURFACE_STYLE_FILL_AREA(#11580);
#11580 = FILL_AREA_STYLE('',(#11581));
#11581 = FILL_AREA_STYLE_COLOUR('',#11563);
#11582 = CURVE_STYLE('',#11583,POSITIVE_LENGTH_MEASURE(0.1),#11563);
#11583 = DRAUGHTING_PRE_DEFINED_CURVE_FONT('continuous');
#11584 = STYLED_ITEM('color',(#11585),#215);
#11585 = PRESENTATION_STYLE_ASSIGNMENT((#11586,#11591));
#11586 = SURFACE_STYLE_USAGE(.BOTH.,#11587);
#11587 = SURFACE_SIDE_STYLE('',(#11588));
#11588 = SURFACE_STYLE_FILL_AREA(#11589);
#11589 = FILL_AREA_STYLE('',(#11590));
#11590 = FILL_AREA_STYLE_COLOUR('',#11563);
#11591 = CURVE_STYLE('',#11592,POSITIVE_LENGTH_MEASURE(0.1),#11563);
#11592 = DRAUGHTING_PRE_DEFINED_CURVE_FONT('continuous');
#11593 = STYLED_ITEM('color',(#11594),#244);
#11594 = PRESENTATION_STYLE_ASSIGNMENT((#11595,#11600));
#11595 = SURFACE_STYLE_USAGE(.BOTH.,#11596);
#11596 = SURFACE_SIDE_STYLE('',(#11597));
#11597 = SURFACE_STYLE_FILL_AREA(#11598);
#11598 = FILL_AREA_STYLE('',(#11599));
#11599 = FILL_AREA_STYLE_COLOUR('',#11563);
#11600 = CURVE_STYLE('',#11601,POSITIVE_LENGTH_MEASURE(0.1),#11563);
#11601 = DRAUGHTING_PRE_DEFINED_CURVE_FONT('continuous');
#11602 = STYLED_ITEM('color',(#11603),#267);
#11603 = PRESENTATION_STYLE_ASSIGNMENT((#11604,#11609));
#11604 = SURFACE_STYLE_USAGE(.BOTH.,#11605);
#11605 = SURFACE_SIDE_STYLE('',(#11606));
#11606 = SURFACE_STYLE_FILL_AREA(#11607);
#11607 = FILL_AREA_STYLE('',(#11608));
#11608 = FILL_AREA_STYLE_COLOUR('',#11563);
#11609 = CURVE_STYLE('',#11610,POSITIVE_LENGTH_MEASURE(0.1),#11563);
#11610 = DRAUGHTING_PRE_DEFINED_CURVE_FONT('continuous');
#11611 = STYLED_ITEM('color',(#11612),#354);
#11612 = PRESENTATION_STYLE_ASSIGNMENT((#11613,#11618));
#11613 = SURFACE_STYLE_USAGE(.BOTH.,#11614);
#11614 = SURFACE_SIDE_STYLE('',(#11615));
#11615 = SURFACE_STYLE_FILL_AREA(#11616);
#11616 = FILL_AREA_STYLE('',(#11617));
#11617 = FILL_AREA_STYLE_COLOUR('',#11563);
#11618 = CURVE_STYLE('',#11619,POSITIVE_LENGTH_MEASURE(0.1),#11563);
#11619 = DRAUGHTING_PRE_DEFINED_CURVE_FONT('continuous');
#11620 = STYLED_ITEM('color',(#11621),#441);
#11621 = PRESENTATION_STYLE_ASSIGNMENT((#11622,#11627));
#11622 = SURFACE_STYLE_USAGE(.BOTH.,#11623);
#11623 = SURFACE_SIDE_STYLE('',(#11624));
#11624 = SURFACE_STYLE_FILL_AREA(#11625);
#11625 = FILL_AREA_STYLE('',(#11626));
#11626 = FILL_AREA_STYLE_COLOUR('',#11563);
#11627 = CURVE_STYLE('',#11628,POSITIVE_LENGTH_MEASURE(0.1),#11563);
#11628 = DRAUGHTING_PRE_DEFINED_CURVE_FONT('continuous');
#11629 = STYLED_ITEM('color',(#11630),#464);
#11630 = PRESENTATION_STYLE_ASSIGNMENT((#11631,#11636));
#11631 = SURFACE_STYLE_USAGE(.BOTH.,#11632);
#11632 = SURFACE_SIDE_STYLE('',(#11633));
#11633 = SURFACE_STYLE_FILL_AREA(#11634);
#11634 = FILL_AREA_STYLE('',(#11635));
#11635 = FILL_AREA_STYLE_COLOUR('',#11563);
#11636 = CURVE_STYLE('',#11637,POSITIVE_LENGTH_MEASURE(0.1),#11563);
#11637 = DRAUGHTING_PRE_DEFINED_CURVE_FONT('continuous');
#11638 = STYLED_ITEM('color',(#11639),#487);
#11639 = PRESENTATION_STYLE_ASSIGNMENT((#11640,#11645));
#11640 = SURFACE_STYLE_USAGE(.BOTH.,#11641);
#11641 = SURFACE_SIDE_STYLE('',(#11642));
#11642 = SURFACE_STYLE_FILL_AREA(#11643);
#11643 = FILL_AREA_STYLE('',(#11644));
#11644 = FILL_AREA_STYLE_COLOUR('',#11563);
#11645 = CURVE_STYLE('',#11646,POSITIVE_LENGTH_MEASURE(0.1),#11563);
#11646 = DRAUGHTING_PRE_DEFINED_CURVE_FONT('continuous');
#11647 = STYLED_ITEM('color',(#11648),#504);
#11648 = PRESENTATION_STYLE_ASSIGNMENT((#11649,#11654));
#11649 = SURFACE_STYLE_USAGE(.BOTH.,#11650);
#11650 = SURFACE_SIDE_STYLE('',(#11651));
#11651 = SURFACE_STYLE_FILL_AREA(#11652);
#11652 = FILL_AREA_STYLE('',(#11653));
#11653 = FILL_AREA_STYLE_COLOUR('',#11563);
#11654 = CURVE_STYLE('',#11655,POSITIVE_LENGTH_MEASURE(0.1),#11563);
#11655 = DRAUGHTING_PRE_DEFINED_CURVE_FONT('continuous');
#11656 = STYLED_ITEM('color',(#11657),#527);
#11657 = PRESENTATION_STYLE_ASSIGNMENT((#11658,#11663));
#11658 = SURFACE_STYLE_USAGE(.BOTH.,#11659);
#11659 = SURFACE_SIDE_STYLE('',(#11660));
#11660 = SURFACE_STYLE_FILL_AREA(#11661);
#11661 = FILL_AREA_STYLE('',(#11662));
#11662 = FILL_AREA_STYLE_COLOUR('',#11563);
#11663 = CURVE_STYLE('',#11664,POSITIVE_LENGTH_MEASURE(0.1),#11563);
#11664 = DRAUGHTING_PRE_DEFINED_CURVE_FONT('continuous');
#11665 = STYLED_ITEM('color',(#11666),#615);
#11666 = PRESENTATION_STYLE_ASSIGNMENT((#11667,#11672));
#11667 = SURFACE_STYLE_USAGE(.BOTH.,#11668);
#11668 = SURFACE_SIDE_STYLE('',(#11669));
#11669 = SURFACE_STYLE_FILL_AREA(#11670);
#11670 = FILL_AREA_STYLE('',(#11671));
#11671 = FILL_AREA_STYLE_COLOUR('',#11563);
#11672 = CURVE_STYLE('',#11673,POSITIVE_LENGTH_MEASURE(0.1),#11563);
#11673 = DRAUGHTING_PRE_DEFINED_CURVE_FONT('continuous');
#11674 = STYLED_ITEM('color',(#11675),#631);
#11675 = PRESENTATION_STYLE_ASSIGNMENT((#11676,#11681));
#11676 = SURFACE_STYLE_USAGE(.BOTH.,#11677);
#11677 = SURFACE_SIDE_STYLE('',(#11678));
#11678 = SURFACE_STYLE_FILL_AREA(#11679);
#11679 = FILL_AREA_STYLE('',(#11680));
#11680 = FILL_AREA_STYLE_COLOUR('',#11563);
#11681 = CURVE_STYLE('',#11682,POSITIVE_LENGTH_MEASURE(0.1),#11563);
#11682 = DRAUGHTING_PRE_DEFINED_CURVE_FONT('continuous');
#11683 = STYLED_ITEM('color',(#11684),#661);
#11684 = PRESENTATION_STYLE_ASSIGNMENT((#11685,#11690));
#11685 = SURFACE_STYLE_USAGE(.BOTH.,#11686);
#11686 = SURFACE_SIDE_STYLE('',(#11687));
#11687 = SURFACE_STYLE_FILL_AREA(#11688);
#11688 = FILL_AREA_STYLE('',(#11689));
#11689 = FILL_AREA_STYLE_COLOUR('',#10973);
#11690 = CURVE_STYLE('',#11691,POSITIVE_LENGTH_MEASURE(0.1),#10973);
#11691 = DRAUGHTING_PRE_DEFINED_CURVE_FONT('continuous');
#11692 = STYLED_ITEM('color',(#11693),#692);
#11693 = PRESENTATION_STYLE_ASSIGNMENT((#11694,#11699));
#11694 = SURFACE_STYLE_USAGE(.BOTH.,#11695);
#11695 = SURFACE_SIDE_STYLE('',(#11696));
#11696 = SURFACE_STYLE_FILL_AREA(#11697);
#11697 = FILL_AREA_STYLE('',(#11698));
#11698 = FILL_AREA_STYLE_COLOUR('',#11563);
#11699 = CURVE_STYLE('',#11700,POSITIVE_LENGTH_MEASURE(0.1),#11563);
#11700 = DRAUGHTING_PRE_DEFINED_CURVE_FONT('continuous');
#11701 = STYLED_ITEM('color',(#11702),#723);
#11702 = PRESENTATION_STYLE_ASSIGNMENT((#11703,#11708));
#11703 = SURFACE_STYLE_USAGE(.BOTH.,#11704);
#11704 = SURFACE_SIDE_STYLE('',(#11705));
#11705 = SURFACE_STYLE_FILL_AREA(#11706);
#11706 = FILL_AREA_STYLE('',(#11707));
#11707 = FILL_AREA_STYLE_COLOUR('',#10973);
#11708 = CURVE_STYLE('',#11709,POSITIVE_LENGTH_MEASURE(0.1),#10973);
#11709 = DRAUGHTING_PRE_DEFINED_CURVE_FONT('continuous');
#11710 = STYLED_ITEM('color',(#11711),#754);
#11711 = PRESENTATION_STYLE_ASSIGNMENT((#11712,#11717));
#11712 = SURFACE_STYLE_USAGE(.BOTH.,#11713);
#11713 = SURFACE_SIDE_STYLE('',(#11714));
#11714 = SURFACE_STYLE_FILL_AREA(#11715);
#11715 = FILL_AREA_STYLE('',(#11716));
#11716 = FILL_AREA_STYLE_COLOUR('',#11563);
#11717 = CURVE_STYLE('',#11718,POSITIVE_LENGTH_MEASURE(0.1),#11563);
#11718 = DRAUGHTING_PRE_DEFINED_CURVE_FONT('continuous');
#11719 = STYLED_ITEM('color',(#11720),#785);
#11720 = PRESENTATION_STYLE_ASSIGNMENT((#11721,#11726));
#11721 = SURFACE_STYLE_USAGE(.BOTH.,#11722);
#11722 = SURFACE_SIDE_STYLE('',(#11723));
#11723 = SURFACE_STYLE_FILL_AREA(#11724);
#11724 = FILL_AREA_STYLE('',(#11725));
#11725 = FILL_AREA_STYLE_COLOUR('',#10973);
#11726 = CURVE_STYLE('',#11727,POSITIVE_LENGTH_MEASURE(0.1),#10973);
#11727 = DRAUGHTING_PRE_DEFINED_CURVE_FONT('continuous');
#11728 = STYLED_ITEM('color',(#11729),#816);
#11729 = PRESENTATION_STYLE_ASSIGNMENT((#11730,#11735));
#11730 = SURFACE_STYLE_USAGE(.BOTH.,#11731);
#11731 = SURFACE_SIDE_STYLE('',(#11732));
#11732 = SURFACE_STYLE_FILL_AREA(#11733);
#11733 = FILL_AREA_STYLE('',(#11734));
#11734 = FILL_AREA_STYLE_COLOUR('',#11563);
#11735 = CURVE_STYLE('',#11736,POSITIVE_LENGTH_MEASURE(0.1),#11563);
#11736 = DRAUGHTING_PRE_DEFINED_CURVE_FONT('continuous');
#11737 = STYLED_ITEM('color',(#11738),#847);
#11738 = PRESENTATION_STYLE_ASSIGNMENT((#11739,#11744));
#11739 = SURFACE_STYLE_USAGE(.BOTH.,#11740);
#11740 = SURFACE_SIDE_STYLE('',(#11741));
#11741 = SURFACE_STYLE_FILL_AREA(#11742);
#11742 = FILL_AREA_STYLE('',(#11743));
#11743 = FILL_AREA_STYLE_COLOUR('',#10973);
#11744 = CURVE_STYLE('',#11745,POSITIVE_LENGTH_MEASURE(0.1),#10973);
#11745 = DRAUGHTING_PRE_DEFINED_CURVE_FONT('continuous');
#11746 = STYLED_ITEM('color',(#11747),#878);
#11747 = PRESENTATION_STYLE_ASSIGNMENT((#11748,#11753));
#11748 = SURFACE_STYLE_USAGE(.BOTH.,#11749);
#11749 = SURFACE_SIDE_STYLE('',(#11750));
#11750 = SURFACE_STYLE_FILL_AREA(#11751);
#11751 = FILL_AREA_STYLE('',(#11752));
#11752 = FILL_AREA_STYLE_COLOUR('',#11563);
#11753 = CURVE_STYLE('',#11754,POSITIVE_LENGTH_MEASURE(0.1),#11563);
#11754 = DRAUGHTING_PRE_DEFINED_CURVE_FONT('continuous');
#11755 = STYLED_ITEM('color',(#11756),#895);
#11756 = PRESENTATION_STYLE_ASSIGNMENT((#11757,#11762));
#11757 = SURFACE_STYLE_USAGE(.BOTH.,#11758);
#11758 = SURFACE_SIDE_STYLE('',(#11759));
#11759 = SURFACE_STYLE_FILL_AREA(#11760);
#11760 = FILL_AREA_STYLE('',(#11761));
#11761 = FILL_AREA_STYLE_COLOUR('',#11563);
#11762 = CURVE_STYLE('',#11763,POSITIVE_LENGTH_MEASURE(0.1),#11563);
#11763 = DRAUGHTING_PRE_DEFINED_CURVE_FONT('continuous');
#11764 = STYLED_ITEM('color',(#11765),#912);
#11765 = PRESENTATION_STYLE_ASSIGNMENT((#11766,#11771));
#11766 = SURFACE_STYLE_USAGE(.BOTH.,#11767);
#11767 = SURFACE_SIDE_STYLE('',(#11768));
#11768 = SURFACE_STYLE_FILL_AREA(#11769);
#11769 = FILL_AREA_STYLE('',(#11770));
#11770 = FILL_AREA_STYLE_COLOUR('',#10973);
#11771 = CURVE_STYLE('',#11772,POSITIVE_LENGTH_MEASURE(0.1),#10973);
#11772 = DRAUGHTING_PRE_DEFINED_CURVE_FONT('continuous');
#11773 = STYLED_ITEM('color',(#11774),#943);
#11774 = PRESENTATION_STYLE_ASSIGNMENT((#11775,#11780));
#11775 = SURFACE_STYLE_USAGE(.BOTH.,#11776);
#11776 = SURFACE_SIDE_STYLE('',(#11777));
#11777 = SURFACE_STYLE_FILL_AREA(#11778);
#11778 = FILL_AREA_STYLE('',(#11779));
#11779 = FILL_AREA_STYLE_COLOUR('',#11563);
#11780 = CURVE_STYLE('',#11781,POSITIVE_LENGTH_MEASURE(0.1),#11563);
#11781 = DRAUGHTING_PRE_DEFINED_CURVE_FONT('continuous');
#11782 = STYLED_ITEM('color',(#11783),#974);
#11783 = PRESENTATION_STYLE_ASSIGNMENT((#11784,#11789));
#11784 = SURFACE_STYLE_USAGE(.BOTH.,#11785);
#11785 = SURFACE_SIDE_STYLE('',(#11786));
#11786 = SURFACE_STYLE_FILL_AREA(#11787);
#11787 = FILL_AREA_STYLE('',(#11788));
#11788 = FILL_AREA_STYLE_COLOUR('',#10973);
#11789 = CURVE_STYLE('',#11790,POSITIVE_LENGTH_MEASURE(0.1),#10973);
#11790 = DRAUGHTING_PRE_DEFINED_CURVE_FONT('continuous');
#11791 = STYLED_ITEM('color',(#11792),#1005);
#11792 = PRESENTATION_STYLE_ASSIGNMENT((#11793,#11798));
#11793 = SURFACE_STYLE_USAGE(.BOTH.,#11794);
#11794 = SURFACE_SIDE_STYLE('',(#11795));
#11795 = SURFACE_STYLE_FILL_AREA(#11796);
#11796 = FILL_AREA_STYLE('',(#11797));
#11797 = FILL_AREA_STYLE_COLOUR('',#11563);
#11798 = CURVE_STYLE('',#11799,POSITIVE_LENGTH_MEASURE(0.1),#11563);
#11799 = DRAUGHTING_PRE_DEFINED_CURVE_FONT('continuous');
#11800 = STYLED_ITEM('color',(#11801),#1036);
#11801 = PRESENTATION_STYLE_ASSIGNMENT((#11802,#11807));
#11802 = SURFACE_STYLE_USAGE(.BOTH.,#11803);
#11803 = SURFACE_SIDE_STYLE('',(#11804));
#11804 = SURFACE_STYLE_FILL_AREA(#11805);
#11805 = FILL_AREA_STYLE('',(#11806));
#11806 = FILL_AREA_STYLE_COLOUR('',#10973);
#11807 = CURVE_STYLE('',#11808,POSITIVE_LENGTH_MEASURE(0.1),#10973);
#11808 = DRAUGHTING_PRE_DEFINED_CURVE_FONT('continuous');
#11809 = STYLED_ITEM('color',(#11810),#1067);
#11810 = PRESENTATION_STYLE_ASSIGNMENT((#11811,#11816));
#11811 = SURFACE_STYLE_USAGE(.BOTH.,#11812);
#11812 = SURFACE_SIDE_STYLE('',(#11813));
#11813 = SURFACE_STYLE_FILL_AREA(#11814);
#11814 = FILL_AREA_STYLE('',(#11815));
#11815 = FILL_AREA_STYLE_COLOUR('',#11563);
#11816 = CURVE_STYLE('',#11817,POSITIVE_LENGTH_MEASURE(0.1),#11563);
#11817 = DRAUGHTING_PRE_DEFINED_CURVE_FONT('continuous');
#11818 = STYLED_ITEM('color',(#11819),#1098);
#11819 = PRESENTATION_STYLE_ASSIGNMENT((#11820,#11825));
#11820 = SURFACE_STYLE_USAGE(.BOTH.,#11821);
#11821 = SURFACE_SIDE_STYLE('',(#11822));
#11822 = SURFACE_STYLE_FILL_AREA(#11823);
#11823 = FILL_AREA_STYLE('',(#11824));
#11824 = FILL_AREA_STYLE_COLOUR('',#10973);
#11825 = CURVE_STYLE('',#11826,POSITIVE_LENGTH_MEASURE(0.1),#10973);
#11826 = DRAUGHTING_PRE_DEFINED_CURVE_FONT('continuous');
#11827 = STYLED_ITEM('color',(#11828),#1129);
#11828 = PRESENTATION_STYLE_ASSIGNMENT((#11829,#11834));
#11829 = SURFACE_STYLE_USAGE(.BOTH.,#11830);
#11830 = SURFACE_SIDE_STYLE('',(#11831));
#11831 = SURFACE_STYLE_FILL_AREA(#11832);
#11832 = FILL_AREA_STYLE('',(#11833));
#11833 = FILL_AREA_STYLE_COLOUR('',#11563);
#11834 = CURVE_STYLE('',#11835,POSITIVE_LENGTH_MEASURE(0.1),#11563);
#11835 = DRAUGHTING_PRE_DEFINED_CURVE_FONT('continuous');
#11836 = STYLED_ITEM('color',(#11837),#1159);
#11837 = PRESENTATION_STYLE_ASSIGNMENT((#11838,#11843));
#11838 = SURFACE_STYLE_USAGE(.BOTH.,#11839);
#11839 = SURFACE_SIDE_STYLE('',(#11840));
#11840 = SURFACE_STYLE_FILL_AREA(#11841);
#11841 = FILL_AREA_STYLE('',(#11842));
#11842 = FILL_AREA_STYLE_COLOUR('',#11563);
#11843 = CURVE_STYLE('',#11844,POSITIVE_LENGTH_MEASURE(0.1),#11563);
#11844 = DRAUGHTING_PRE_DEFINED_CURVE_FONT('continuous');
#11845 = STYLED_ITEM('color',(#11846),#1182);
#11846 = PRESENTATION_STYLE_ASSIGNMENT((#11847,#11852));
#11847 = SURFACE_STYLE_USAGE(.BOTH.,#11848);
#11848 = SURFACE_SIDE_STYLE('',(#11849));
#11849 = SURFACE_STYLE_FILL_AREA(#11850);
#11850 = FILL_AREA_STYLE('',(#11851));
#11851 = FILL_AREA_STYLE_COLOUR('',#11563);
#11852 = CURVE_STYLE('',#11853,POSITIVE_LENGTH_MEASURE(0.1),#11563);
#11853 = DRAUGHTING_PRE_DEFINED_CURVE_FONT('continuous');
#11854 = STYLED_ITEM('color',(#11855),#1205);
#11855 = PRESENTATION_STYLE_ASSIGNMENT((#11856,#11861));
#11856 = SURFACE_STYLE_USAGE(.BOTH.,#11857);
#11857 = SURFACE_SIDE_STYLE('',(#11858));
#11858 = SURFACE_STYLE_FILL_AREA(#11859);
#11859 = FILL_AREA_STYLE('',(#11860));
#11860 = FILL_AREA_STYLE_COLOUR('',#11563);
#11861 = CURVE_STYLE('',#11862,POSITIVE_LENGTH_MEASURE(0.1),#11563);
#11862 = DRAUGHTING_PRE_DEFINED_CURVE_FONT('continuous');
#11863 = STYLED_ITEM('color',(#11864),#1222);
#11864 = PRESENTATION_STYLE_ASSIGNMENT((#11865,#11870));
#11865 = SURFACE_STYLE_USAGE(.BOTH.,#11866);
#11866 = SURFACE_SIDE_STYLE('',(#11867));
#11867 = SURFACE_STYLE_FILL_AREA(#11868);
#11868 = FILL_AREA_STYLE('',(#11869));
#11869 = FILL_AREA_STYLE_COLOUR('',#10973);
#11870 = CURVE_STYLE('',#11871,POSITIVE_LENGTH_MEASURE(0.1),#10973);
#11871 = DRAUGHTING_PRE_DEFINED_CURVE_FONT('continuous');
#11872 = STYLED_ITEM('color',(#11873),#1267);
#11873 = PRESENTATION_STYLE_ASSIGNMENT((#11874,#11879));
#11874 = SURFACE_STYLE_USAGE(.BOTH.,#11875);
#11875 = SURFACE_SIDE_STYLE('',(#11876));
#11876 = SURFACE_STYLE_FILL_AREA(#11877);
#11877 = FILL_AREA_STYLE('',(#11878));
#11878 = FILL_AREA_STYLE_COLOUR('',#11563);
#11879 = CURVE_STYLE('',#11880,POSITIVE_LENGTH_MEASURE(0.1),#11563);
#11880 = DRAUGHTING_PRE_DEFINED_CURVE_FONT('continuous');
#11881 = STYLED_ITEM('color',(#11882),#1353);
#11882 = PRESENTATION_STYLE_ASSIGNMENT((#11883,#11888));
#11883 = SURFACE_STYLE_USAGE(.BOTH.,#11884);
#11884 = SURFACE_SIDE_STYLE('',(#11885));
#11885 = SURFACE_STYLE_FILL_AREA(#11886);
#11886 = FILL_AREA_STYLE('',(#11887));
#11887 = FILL_AREA_STYLE_COLOUR('',#11563);
#11888 = CURVE_STYLE('',#11889,POSITIVE_LENGTH_MEASURE(0.1),#11563);
#11889 = DRAUGHTING_PRE_DEFINED_CURVE_FONT('continuous');
#11890 = STYLED_ITEM('color',(#11891),#1376);
#11891 = PRESENTATION_STYLE_ASSIGNMENT((#11892,#11897));
#11892 = SURFACE_STYLE_USAGE(.BOTH.,#11893);
#11893 = SURFACE_SIDE_STYLE('',(#11894));
#11894 = SURFACE_STYLE_FILL_AREA(#11895);
#11895 = FILL_AREA_STYLE('',(#11896));
#11896 = FILL_AREA_STYLE_COLOUR('',#11563);
#11897 = CURVE_STYLE('',#11898,POSITIVE_LENGTH_MEASURE(0.1),#11563);
#11898 = DRAUGHTING_PRE_DEFINED_CURVE_FONT('continuous');
#11899 = STYLED_ITEM('color',(#11900),#1399);
#11900 = PRESENTATION_STYLE_ASSIGNMENT((#11901,#11906));
#11901 = SURFACE_STYLE_USAGE(.BOTH.,#11902);
#11902 = SURFACE_SIDE_STYLE('',(#11903));
#11903 = SURFACE_STYLE_FILL_AREA(#11904);
#11904 = FILL_AREA_STYLE('',(#11905));
#11905 = FILL_AREA_STYLE_COLOUR('',#11563);
#11906 = CURVE_STYLE('',#11907,POSITIVE_LENGTH_MEASURE(0.1),#11563);
#11907 = DRAUGHTING_PRE_DEFINED_CURVE_FONT('continuous');
#11908 = STYLED_ITEM('color',(#11909),#1422);
#11909 = PRESENTATION_STYLE_ASSIGNMENT((#11910,#11915));
#11910 = SURFACE_STYLE_USAGE(.BOTH.,#11911);
#11911 = SURFACE_SIDE_STYLE('',(#11912));
#11912 = SURFACE_STYLE_FILL_AREA(#11913);
#11913 = FILL_AREA_STYLE('',(#11914));
#11914 = FILL_AREA_STYLE_COLOUR('',#11563);
#11915 = CURVE_STYLE('',#11916,POSITIVE_LENGTH_MEASURE(0.1),#11563);
#11916 = DRAUGHTING_PRE_DEFINED_CURVE_FONT('continuous');
#11917 = STYLED_ITEM('color',(#11918),#1509);
#11918 = PRESENTATION_STYLE_ASSIGNMENT((#11919,#11924));
#11919 = SURFACE_STYLE_USAGE(.BOTH.,#11920);
#11920 = SURFACE_SIDE_STYLE('',(#11921));
#11921 = SURFACE_STYLE_FILL_AREA(#11922);
#11922 = FILL_AREA_STYLE('',(#11923));
#11923 = FILL_AREA_STYLE_COLOUR('',#10973);
#11924 = CURVE_STYLE('',#11925,POSITIVE_LENGTH_MEASURE(0.1),#10973);
#11925 = DRAUGHTING_PRE_DEFINED_CURVE_FONT('continuous');
#11926 = STYLED_ITEM('color',(#11927),#1547);
#11927 = PRESENTATION_STYLE_ASSIGNMENT((#11928,#11933));
#11928 = SURFACE_STYLE_USAGE(.BOTH.,#11929);
#11929 = SURFACE_SIDE_STYLE('',(#11930));
#11930 = SURFACE_STYLE_FILL_AREA(#11931);
#11931 = FILL_AREA_STYLE('',(#11932));
#11932 = FILL_AREA_STYLE_COLOUR('',#11563);
#11933 = CURVE_STYLE('',#11934,POSITIVE_LENGTH_MEASURE(0.1),#11563);
#11934 = DRAUGHTING_PRE_DEFINED_CURVE_FONT('continuous');
#11935 = STYLED_ITEM('color',(#11936),#1596);
#11936 = PRESENTATION_STYLE_ASSIGNMENT((#11937,#11942));
#11937 = SURFACE_STYLE_USAGE(.BOTH.,#11938);
#11938 = SURFACE_SIDE_STYLE('',(#11939));
#11939 = SURFACE_STYLE_FILL_AREA(#11940);
#11940 = FILL_AREA_STYLE('',(#11941));
#11941 = FILL_AREA_STYLE_COLOUR('',#10973);
#11942 = CURVE_STYLE('',#11943,POSITIVE_LENGTH_MEASURE(0.1),#10973);
#11943 = DRAUGHTING_PRE_DEFINED_CURVE_FONT('continuous');
#11944 = STYLED_ITEM('color',(#11945),#1688);
#11945 = PRESENTATION_STYLE_ASSIGNMENT((#11946,#11951));
#11946 = SURFACE_STYLE_USAGE(.BOTH.,#11947);
#11947 = SURFACE_SIDE_STYLE('',(#11948));
#11948 = SURFACE_STYLE_FILL_AREA(#11949);
#11949 = FILL_AREA_STYLE('',(#11950));
#11950 = FILL_AREA_STYLE_COLOUR('',#10973);
#11951 = CURVE_STYLE('',#11952,POSITIVE_LENGTH_MEASURE(0.1),#10973);
#11952 = DRAUGHTING_PRE_DEFINED_CURVE_FONT('continuous');
#11953 = STYLED_ITEM('color',(#11954),#1713);
#11954 = PRESENTATION_STYLE_ASSIGNMENT((#11955,#11960));
#11955 = SURFACE_STYLE_USAGE(.BOTH.,#11956);
#11956 = SURFACE_SIDE_STYLE('',(#11957));
#11957 = SURFACE_STYLE_FILL_AREA(#11958);
#11958 = FILL_AREA_STYLE('',(#11959));
#11959 = FILL_AREA_STYLE_COLOUR('',#10973);
#11960 = CURVE_STYLE('',#11961,POSITIVE_LENGTH_MEASURE(0.1),#10973);
#11961 = DRAUGHTING_PRE_DEFINED_CURVE_FONT('continuous');
#11962 = STYLED_ITEM('color',(#11963),#1797);
#11963 = PRESENTATION_STYLE_ASSIGNMENT((#11964,#11969));
#11964 = SURFACE_STYLE_USAGE(.BOTH.,#11965);
#11965 = SURFACE_SIDE_STYLE('',(#11966));
#11966 = SURFACE_STYLE_FILL_AREA(#11967);
#11967 = FILL_AREA_STYLE('',(#11968));
#11968 = FILL_AREA_STYLE_COLOUR('',#11563);
#11969 = CURVE_STYLE('',#11970,POSITIVE_LENGTH_MEASURE(0.1),#11563);
#11970 = DRAUGHTING_PRE_DEFINED_CURVE_FONT('continuous');
#11971 = STYLED_ITEM('color',(#11972),#1819);
#11972 = PRESENTATION_STYLE_ASSIGNMENT((#11973,#11978));
#11973 = SURFACE_STYLE_USAGE(.BOTH.,#11974);
#11974 = SURFACE_SIDE_STYLE('',(#11975));
#11975 = SURFACE_STYLE_FILL_AREA(#11976);
#11976 = FILL_AREA_STYLE('',(#11977));
#11977 = FILL_AREA_STYLE_COLOUR('',#10973);
#11978 = CURVE_STYLE('',#11979,POSITIVE_LENGTH_MEASURE(0.1),#10973);
#11979 = DRAUGHTING_PRE_DEFINED_CURVE_FONT('continuous');
#11980 = STYLED_ITEM('color',(#11981),#1911);
#11981 = PRESENTATION_STYLE_ASSIGNMENT((#11982,#11987));
#11982 = SURFACE_STYLE_USAGE(.BOTH.,#11983);
#11983 = SURFACE_SIDE_STYLE('',(#11984));
#11984 = SURFACE_STYLE_FILL_AREA(#11985);
#11985 = FILL_AREA_STYLE('',(#11986));
#11986 = FILL_AREA_STYLE_COLOUR('',#10973);
#11987 = CURVE_STYLE('',#11988,POSITIVE_LENGTH_MEASURE(0.1),#10973);
#11988 = DRAUGHTING_PRE_DEFINED_CURVE_FONT('continuous');
#11989 = STYLED_ITEM('color',(#11990),#1936);
#11990 = PRESENTATION_STYLE_ASSIGNMENT((#11991,#11996));
#11991 = SURFACE_STYLE_USAGE(.BOTH.,#11992);
#11992 = SURFACE_SIDE_STYLE('',(#11993));
#11993 = SURFACE_STYLE_FILL_AREA(#11994);
#11994 = FILL_AREA_STYLE('',(#11995));
#11995 = FILL_AREA_STYLE_COLOUR('',#10973);
#11996 = CURVE_STYLE('',#11997,POSITIVE_LENGTH_MEASURE(0.1),#10973);
#11997 = DRAUGHTING_PRE_DEFINED_CURVE_FONT('continuous');
#11998 = STYLED_ITEM('color',(#11999),#2020);
#11999 = PRESENTATION_STYLE_ASSIGNMENT((#12000,#12005));
#12000 = SURFACE_STYLE_USAGE(.BOTH.,#12001);
#12001 = SURFACE_SIDE_STYLE('',(#12002));
#12002 = SURFACE_STYLE_FILL_AREA(#12003);
#12003 = FILL_AREA_STYLE('',(#12004));
#12004 = FILL_AREA_STYLE_COLOUR('',#11563);
#12005 = CURVE_STYLE('',#12006,POSITIVE_LENGTH_MEASURE(0.1),#11563);
#12006 = DRAUGHTING_PRE_DEFINED_CURVE_FONT('continuous');
#12007 = STYLED_ITEM('color',(#12008),#2042);
#12008 = PRESENTATION_STYLE_ASSIGNMENT((#12009,#12014));
#12009 = SURFACE_STYLE_USAGE(.BOTH.,#12010);
#12010 = SURFACE_SIDE_STYLE('',(#12011));
#12011 = SURFACE_STYLE_FILL_AREA(#12012);
#12012 = FILL_AREA_STYLE('',(#12013));
#12013 = FILL_AREA_STYLE_COLOUR('',#10973);
#12014 = CURVE_STYLE('',#12015,POSITIVE_LENGTH_MEASURE(0.1),#10973);
#12015 = DRAUGHTING_PRE_DEFINED_CURVE_FONT('continuous');
#12016 = STYLED_ITEM('color',(#12017),#2134);
#12017 = PRESENTATION_STYLE_ASSIGNMENT((#12018,#12023));
#12018 = SURFACE_STYLE_USAGE(.BOTH.,#12019);
#12019 = SURFACE_SIDE_STYLE('',(#12020));
#12020 = SURFACE_STYLE_FILL_AREA(#12021);
#12021 = FILL_AREA_STYLE('',(#12022));
#12022 = FILL_AREA_STYLE_COLOUR('',#10973);
#12023 = CURVE_STYLE('',#12024,POSITIVE_LENGTH_MEASURE(0.1),#10973);
#12024 = DRAUGHTING_PRE_DEFINED_CURVE_FONT('continuous');
#12025 = STYLED_ITEM('color',(#12026),#2159);
#12026 = PRESENTATION_STYLE_ASSIGNMENT((#12027,#12032));
#12027 = SURFACE_STYLE_USAGE(.BOTH.,#12028);
#12028 = SURFACE_SIDE_STYLE('',(#12029));
#12029 = SURFACE_STYLE_FILL_AREA(#12030);
#12030 = FILL_AREA_STYLE('',(#12031));
#12031 = FILL_AREA_STYLE_COLOUR('',#10973);
#12032 = CURVE_STYLE('',#12033,POSITIVE_LENGTH_MEASURE(0.1),#10973);
#12033 = DRAUGHTING_PRE_DEFINED_CURVE_FONT('continuous');
#12034 = STYLED_ITEM('color',(#12035),#2243);
#12035 = PRESENTATION_STYLE_ASSIGNMENT((#12036,#12041));
#12036 = SURFACE_STYLE_USAGE(.BOTH.,#12037);
#12037 = SURFACE_SIDE_STYLE('',(#12038));
#12038 = SURFACE_STYLE_FILL_AREA(#12039);
#12039 = FILL_AREA_STYLE('',(#12040));
#12040 = FILL_AREA_STYLE_COLOUR('',#11563);
#12041 = CURVE_STYLE('',#12042,POSITIVE_LENGTH_MEASURE(0.1),#11563);
#12042 = DRAUGHTING_PRE_DEFINED_CURVE_FONT('continuous');
#12043 = STYLED_ITEM('color',(#12044),#2260);
#12044 = PRESENTATION_STYLE_ASSIGNMENT((#12045,#12050));
#12045 = SURFACE_STYLE_USAGE(.BOTH.,#12046);
#12046 = SURFACE_SIDE_STYLE('',(#12047));
#12047 = SURFACE_STYLE_FILL_AREA(#12048);
#12048 = FILL_AREA_STYLE('',(#12049));
#12049 = FILL_AREA_STYLE_COLOUR('',#10973);
#12050 = CURVE_STYLE('',#12051,POSITIVE_LENGTH_MEASURE(0.1),#10973);
#12051 = DRAUGHTING_PRE_DEFINED_CURVE_FONT('continuous');
#12052 = STYLED_ITEM('color',(#12053),#2345);
#12053 = PRESENTATION_STYLE_ASSIGNMENT((#12054,#12059));
#12054 = SURFACE_STYLE_USAGE(.BOTH.,#12055);
#12055 = SURFACE_SIDE_STYLE('',(#12056));
#12056 = SURFACE_STYLE_FILL_AREA(#12057);
#12057 = FILL_AREA_STYLE('',(#12058));
#12058 = FILL_AREA_STYLE_COLOUR('',#10973);
#12059 = CURVE_STYLE('',#12060,POSITIVE_LENGTH_MEASURE(0.1),#10973);
#12060 = DRAUGHTING_PRE_DEFINED_CURVE_FONT('continuous');
#12061 = STYLED_ITEM('color',(#12062),#2370);
#12062 = PRESENTATION_STYLE_ASSIGNMENT((#12063,#12068));
#12063 = SURFACE_STYLE_USAGE(.BOTH.,#12064);
#12064 = SURFACE_SIDE_STYLE('',(#12065));
#12065 = SURFACE_STYLE_FILL_AREA(#12066);
#12066 = FILL_AREA_STYLE('',(#12067));
#12067 = FILL_AREA_STYLE_COLOUR('',#10973);
#12068 = CURVE_STYLE('',#12069,POSITIVE_LENGTH_MEASURE(0.1),#10973);
#12069 = DRAUGHTING_PRE_DEFINED_CURVE_FONT('continuous');
#12070 = STYLED_ITEM('color',(#12071),#2447);
#12071 = PRESENTATION_STYLE_ASSIGNMENT((#12072,#12077));
#12072 = SURFACE_STYLE_USAGE(.BOTH.,#12073);
#12073 = SURFACE_SIDE_STYLE('',(#12074));
#12074 = SURFACE_STYLE_FILL_AREA(#12075);
#12075 = FILL_AREA_STYLE('',(#12076));
#12076 = FILL_AREA_STYLE_COLOUR('',#10973);
#12077 = CURVE_STYLE('',#12078,POSITIVE_LENGTH_MEASURE(0.1),#10973);
#12078 = DRAUGHTING_PRE_DEFINED_CURVE_FONT('continuous');
#12079 = STYLED_ITEM('color',(#12080),#2532);
#12080 = PRESENTATION_STYLE_ASSIGNMENT((#12081,#12086));
#12081 = SURFACE_STYLE_USAGE(.BOTH.,#12082);
#12082 = SURFACE_SIDE_STYLE('',(#12083));
#12083 = SURFACE_STYLE_FILL_AREA(#12084);
#12084 = FILL_AREA_STYLE('',(#12085));
#12085 = FILL_AREA_STYLE_COLOUR('',#10973);
#12086 = CURVE_STYLE('',#12087,POSITIVE_LENGTH_MEASURE(0.1),#10973);
#12087 = DRAUGHTING_PRE_DEFINED_CURVE_FONT('continuous');
#12088 = STYLED_ITEM('color',(#12089),#2557);
#12089 = PRESENTATION_STYLE_ASSIGNMENT((#12090,#12095));
#12090 = SURFACE_STYLE_USAGE(.BOTH.,#12091);
#12091 = SURFACE_SIDE_STYLE('',(#12092));
#12092 = SURFACE_STYLE_FILL_AREA(#12093);
#12093 = FILL_AREA_STYLE('',(#12094));
#12094 = FILL_AREA_STYLE_COLOUR('',#10973);
#12095 = CURVE_STYLE('',#12096,POSITIVE_LENGTH_MEASURE(0.1),#10973);
#12096 = DRAUGHTING_PRE_DEFINED_CURVE_FONT('continuous');
#12097 = STYLED_ITEM('color',(#12098),#2634);
#12098 = PRESENTATION_STYLE_ASSIGNMENT((#12099,#12104));
#12099 = SURFACE_STYLE_USAGE(.BOTH.,#12100);
#12100 = SURFACE_SIDE_STYLE('',(#12101));
#12101 = SURFACE_STYLE_FILL_AREA(#12102);
#12102 = FILL_AREA_STYLE('',(#12103));
#12103 = FILL_AREA_STYLE_COLOUR('',#11563);
#12104 = CURVE_STYLE('',#12105,POSITIVE_LENGTH_MEASURE(0.1),#11563);
#12105 = DRAUGHTING_PRE_DEFINED_CURVE_FONT('continuous');
#12106 = STYLED_ITEM('color',(#12107),#2651);
#12107 = PRESENTATION_STYLE_ASSIGNMENT((#12108,#12113));
#12108 = SURFACE_STYLE_USAGE(.BOTH.,#12109);
#12109 = SURFACE_SIDE_STYLE('',(#12110));
#12110 = SURFACE_STYLE_FILL_AREA(#12111);
#12111 = FILL_AREA_STYLE('',(#12112));
#12112 = FILL_AREA_STYLE_COLOUR('',#10973);
#12113 = CURVE_STYLE('',#12114,POSITIVE_LENGTH_MEASURE(0.1),#10973);
#12114 = DRAUGHTING_PRE_DEFINED_CURVE_FONT('continuous');
#12115 = STYLED_ITEM('color',(#12116),#2743);
#12116 = PRESENTATION_STYLE_ASSIGNMENT((#12117,#12122));
#12117 = SURFACE_STYLE_USAGE(.BOTH.,#12118);
#12118 = SURFACE_SIDE_STYLE('',(#12119));
#12119 = SURFACE_STYLE_FILL_AREA(#12120);
#12120 = FILL_AREA_STYLE('',(#12121));
#12121 = FILL_AREA_STYLE_COLOUR('',#10973);
#12122 = CURVE_STYLE('',#12123,POSITIVE_LENGTH_MEASURE(0.1),#10973);
#12123 = DRAUGHTING_PRE_DEFINED_CURVE_FONT('continuous');
#12124 = STYLED_ITEM('color',(#12125),#2768);
#12125 = PRESENTATION_STYLE_ASSIGNMENT((#12126,#12131));
#12126 = SURFACE_STYLE_USAGE(.BOTH.,#12127);
#12127 = SURFACE_SIDE_STYLE('',(#12128));
#12128 = SURFACE_STYLE_FILL_AREA(#12129);
#12129 = FILL_AREA_STYLE('',(#12130));
#12130 = FILL_AREA_STYLE_COLOUR('',#10973);
#12131 = CURVE_STYLE('',#12132,POSITIVE_LENGTH_MEASURE(0.1),#10973);
#12132 = DRAUGHTING_PRE_DEFINED_CURVE_FONT('continuous');
#12133 = STYLED_ITEM('color',(#12134),#2852);
#12134 = PRESENTATION_STYLE_ASSIGNMENT((#12135,#12140));
#12135 = SURFACE_STYLE_USAGE(.BOTH.,#12136);
#12136 = SURFACE_SIDE_STYLE('',(#12137));
#12137 = SURFACE_STYLE_FILL_AREA(#12138);
#12138 = FILL_AREA_STYLE('',(#12139));
#12139 = FILL_AREA_STYLE_COLOUR('',#11563);
#12140 = CURVE_STYLE('',#12141,POSITIVE_LENGTH_MEASURE(0.1),#11563);
#12141 = DRAUGHTING_PRE_DEFINED_CURVE_FONT('continuous');
#12142 = STYLED_ITEM('color',(#12143),#2874);
#12143 = PRESENTATION_STYLE_ASSIGNMENT((#12144,#12149));
#12144 = SURFACE_STYLE_USAGE(.BOTH.,#12145);
#12145 = SURFACE_SIDE_STYLE('',(#12146));
#12146 = SURFACE_STYLE_FILL_AREA(#12147);
#12147 = FILL_AREA_STYLE('',(#12148));
#12148 = FILL_AREA_STYLE_COLOUR('',#10973);
#12149 = CURVE_STYLE('',#12150,POSITIVE_LENGTH_MEASURE(0.1),#10973);
#12150 = DRAUGHTING_PRE_DEFINED_CURVE_FONT('continuous');
#12151 = STYLED_ITEM('color',(#12152),#2966);
#12152 = PRESENTATION_STYLE_ASSIGNMENT((#12153,#12158));
#12153 = SURFACE_STYLE_USAGE(.BOTH.,#12154);
#12154 = SURFACE_SIDE_STYLE('',(#12155));
#12155 = SURFACE_STYLE_FILL_AREA(#12156);
#12156 = FILL_AREA_STYLE('',(#12157));
#12157 = FILL_AREA_STYLE_COLOUR('',#10973);
#12158 = CURVE_STYLE('',#12159,POSITIVE_LENGTH_MEASURE(0.1),#10973);
#12159 = DRAUGHTING_PRE_DEFINED_CURVE_FONT('continuous');
#12160 = STYLED_ITEM('color',(#12161),#2991);
#12161 = PRESENTATION_STYLE_ASSIGNMENT((#12162,#12167));
#12162 = SURFACE_STYLE_USAGE(.BOTH.,#12163);
#12163 = SURFACE_SIDE_STYLE('',(#12164));
#12164 = SURFACE_STYLE_FILL_AREA(#12165);
#12165 = FILL_AREA_STYLE('',(#12166));
#12166 = FILL_AREA_STYLE_COLOUR('',#10973);
#12167 = CURVE_STYLE('',#12168,POSITIVE_LENGTH_MEASURE(0.1),#10973);
#12168 = DRAUGHTING_PRE_DEFINED_CURVE_FONT('continuous');
#12169 = STYLED_ITEM('color',(#12170),#3075);
#12170 = PRESENTATION_STYLE_ASSIGNMENT((#12171,#12176));
#12171 = SURFACE_STYLE_USAGE(.BOTH.,#12172);
#12172 = SURFACE_SIDE_STYLE('',(#12173));
#12173 = SURFACE_STYLE_FILL_AREA(#12174);
#12174 = FILL_AREA_STYLE('',(#12175));
#12175 = FILL_AREA_STYLE_COLOUR('',#11563);
#12176 = CURVE_STYLE('',#12177,POSITIVE_LENGTH_MEASURE(0.1),#11563);
#12177 = DRAUGHTING_PRE_DEFINED_CURVE_FONT('continuous');
#12178 = STYLED_ITEM('color',(#12179),#3097);
#12179 = PRESENTATION_STYLE_ASSIGNMENT((#12180,#12185));
#12180 = SURFACE_STYLE_USAGE(.BOTH.,#12181);
#12181 = SURFACE_SIDE_STYLE('',(#12182));
#12182 = SURFACE_STYLE_FILL_AREA(#12183);
#12183 = FILL_AREA_STYLE('',(#12184));
#12184 = FILL_AREA_STYLE_COLOUR('',#10973);
#12185 = CURVE_STYLE('',#12186,POSITIVE_LENGTH_MEASURE(0.1),#10973);
#12186 = DRAUGHTING_PRE_DEFINED_CURVE_FONT('continuous');
#12187 = STYLED_ITEM('color',(#12188),#3189);
#12188 = PRESENTATION_STYLE_ASSIGNMENT((#12189,#12194));
#12189 = SURFACE_STYLE_USAGE(.BOTH.,#12190);
#12190 = SURFACE_SIDE_STYLE('',(#12191));
#12191 = SURFACE_STYLE_FILL_AREA(#12192);
#12192 = FILL_AREA_STYLE('',(#12193));
#12193 = FILL_AREA_STYLE_COLOUR('',#10973);
#12194 = CURVE_STYLE('',#12195,POSITIVE_LENGTH_MEASURE(0.1),#10973);
#12195 = DRAUGHTING_PRE_DEFINED_CURVE_FONT('continuous');
#12196 = STYLED_ITEM('color',(#12197),#3214);
#12197 = PRESENTATION_STYLE_ASSIGNMENT((#12198,#12203));
#12198 = SURFACE_STYLE_USAGE(.BOTH.,#12199);
#12199 = SURFACE_SIDE_STYLE('',(#12200));
#12200 = SURFACE_STYLE_FILL_AREA(#12201);
#12201 = FILL_AREA_STYLE('',(#12202));
#12202 = FILL_AREA_STYLE_COLOUR('',#10973);
#12203 = CURVE_STYLE('',#12204,POSITIVE_LENGTH_MEASURE(0.1),#10973);
#12204 = DRAUGHTING_PRE_DEFINED_CURVE_FONT('continuous');
#12205 = STYLED_ITEM('color',(#12206),#3298);
#12206 = PRESENTATION_STYLE_ASSIGNMENT((#12207,#12212));
#12207 = SURFACE_STYLE_USAGE(.BOTH.,#12208);
#12208 = SURFACE_SIDE_STYLE('',(#12209));
#12209 = SURFACE_STYLE_FILL_AREA(#12210);
#12210 = FILL_AREA_STYLE('',(#12211));
#12211 = FILL_AREA_STYLE_COLOUR('',#10973);
#12212 = CURVE_STYLE('',#12213,POSITIVE_LENGTH_MEASURE(0.1),#10973);
#12213 = DRAUGHTING_PRE_DEFINED_CURVE_FONT('continuous');
#12214 = STYLED_ITEM('color',(#12215),#3315);
#12215 = PRESENTATION_STYLE_ASSIGNMENT((#12216,#12221));
#12216 = SURFACE_STYLE_USAGE(.BOTH.,#12217);
#12217 = SURFACE_SIDE_STYLE('',(#12218));
#12218 = SURFACE_STYLE_FILL_AREA(#12219);
#12219 = FILL_AREA_STYLE('',(#12220));
#12220 = FILL_AREA_STYLE_COLOUR('',#10973);
#12221 = CURVE_STYLE('',#12222,POSITIVE_LENGTH_MEASURE(0.1),#10973);
#12222 = DRAUGHTING_PRE_DEFINED_CURVE_FONT('continuous');
#12223 = STYLED_ITEM('color',(#12224),#3334);
#12224 = PRESENTATION_STYLE_ASSIGNMENT((#12225,#12230));
#12225 = SURFACE_STYLE_USAGE(.BOTH.,#12226);
#12226 = SURFACE_SIDE_STYLE('',(#12227));
#12227 = SURFACE_STYLE_FILL_AREA(#12228);
#12228 = FILL_AREA_STYLE('',(#12229));
#12229 = FILL_AREA_STYLE_COLOUR('',#10973);
#12230 = CURVE_STYLE('',#12231,POSITIVE_LENGTH_MEASURE(0.1),#10973);
#12231 = DRAUGHTING_PRE_DEFINED_CURVE_FONT('continuous');
#12232 = STYLED_ITEM('color',(#12233),#3353);
#12233 = PRESENTATION_STYLE_ASSIGNMENT((#12234,#12239));
#12234 = SURFACE_STYLE_USAGE(.BOTH.,#12235);
#12235 = SURFACE_SIDE_STYLE('',(#12236));
#12236 = SURFACE_STYLE_FILL_AREA(#12237);
#12237 = FILL_AREA_STYLE('',(#12238));
#12238 = FILL_AREA_STYLE_COLOUR('',#10973);
#12239 = CURVE_STYLE('',#12240,POSITIVE_LENGTH_MEASURE(0.1),#10973);
#12240 = DRAUGHTING_PRE_DEFINED_CURVE_FONT('continuous');
#12241 = STYLED_ITEM('color',(#12242),#3372);
#12242 = PRESENTATION_STYLE_ASSIGNMENT((#12243,#12248));
#12243 = SURFACE_STYLE_USAGE(.BOTH.,#12244);
#12244 = SURFACE_SIDE_STYLE('',(#12245));
#12245 = SURFACE_STYLE_FILL_AREA(#12246);
#12246 = FILL_AREA_STYLE('',(#12247));
#12247 = FILL_AREA_STYLE_COLOUR('',#11563);
#12248 = CURVE_STYLE('',#12249,POSITIVE_LENGTH_MEASURE(0.1),#11563);
#12249 = DRAUGHTING_PRE_DEFINED_CURVE_FONT('continuous');
#12250 = STYLED_ITEM('color',(#12251),#3418);
#12251 = PRESENTATION_STYLE_ASSIGNMENT((#12252,#12257));
#12252 = SURFACE_STYLE_USAGE(.BOTH.,#12253);
#12253 = SURFACE_SIDE_STYLE('',(#12254));
#12254 = SURFACE_STYLE_FILL_AREA(#12255);
#12255 = FILL_AREA_STYLE('',(#12256));
#12256 = FILL_AREA_STYLE_COLOUR('',#11563);
#12257 = CURVE_STYLE('',#12258,POSITIVE_LENGTH_MEASURE(0.1),#11563);
#12258 = DRAUGHTING_PRE_DEFINED_CURVE_FONT('continuous');
#12259 = STYLED_ITEM('color',(#12260),#3434);
#12260 = PRESENTATION_STYLE_ASSIGNMENT((#12261,#12266));
#12261 = SURFACE_STYLE_USAGE(.BOTH.,#12262);
#12262 = SURFACE_SIDE_STYLE('',(#12263));
#12263 = SURFACE_STYLE_FILL_AREA(#12264);
#12264 = FILL_AREA_STYLE('',(#12265));
#12265 = FILL_AREA_STYLE_COLOUR('',#10973);
#12266 = CURVE_STYLE('',#12267,POSITIVE_LENGTH_MEASURE(0.1),#10973);
#12267 = DRAUGHTING_PRE_DEFINED_CURVE_FONT('continuous');
#12268 = STYLED_ITEM('color',(#12269),#3453);
#12269 = PRESENTATION_STYLE_ASSIGNMENT((#12270,#12275));
#12270 = SURFACE_STYLE_USAGE(.BOTH.,#12271);
#12271 = SURFACE_SIDE_STYLE('',(#12272));
#12272 = SURFACE_STYLE_FILL_AREA(#12273);
#12273 = FILL_AREA_STYLE('',(#12274));
#12274 = FILL_AREA_STYLE_COLOUR('',#10973);
#12275 = CURVE_STYLE('',#12276,POSITIVE_LENGTH_MEASURE(0.1),#10973);
#12276 = DRAUGHTING_PRE_DEFINED_CURVE_FONT('continuous');
#12277 = STYLED_ITEM('color',(#12278),#3472);
#12278 = PRESENTATION_STYLE_ASSIGNMENT((#12279,#12284));
#12279 = SURFACE_STYLE_USAGE(.BOTH.,#12280);
#12280 = SURFACE_SIDE_STYLE('',(#12281));
#12281 = SURFACE_STYLE_FILL_AREA(#12282);
#12282 = FILL_AREA_STYLE('',(#12283));
#12283 = FILL_AREA_STYLE_COLOUR('',#10973);
#12284 = CURVE_STYLE('',#12285,POSITIVE_LENGTH_MEASURE(0.1),#10973);
#12285 = DRAUGHTING_PRE_DEFINED_CURVE_FONT('continuous');
#12286 = STYLED_ITEM('color',(#12287),#3491);
#12287 = PRESENTATION_STYLE_ASSIGNMENT((#12288,#12293));
#12288 = SURFACE_STYLE_USAGE(.BOTH.,#12289);
#12289 = SURFACE_SIDE_STYLE('',(#12290));
#12290 = SURFACE_STYLE_FILL_AREA(#12291);
#12291 = FILL_AREA_STYLE('',(#12292));
#12292 = FILL_AREA_STYLE_COLOUR('',#11563);
#12293 = CURVE_STYLE('',#12294,POSITIVE_LENGTH_MEASURE(0.1),#11563);
#12294 = DRAUGHTING_PRE_DEFINED_CURVE_FONT('continuous');
#12295 = STYLED_ITEM('color',(#12296),#3507);
#12296 = PRESENTATION_STYLE_ASSIGNMENT((#12297,#12302));
#12297 = SURFACE_STYLE_USAGE(.BOTH.,#12298);
#12298 = SURFACE_SIDE_STYLE('',(#12299));
#12299 = SURFACE_STYLE_FILL_AREA(#12300);
#12300 = FILL_AREA_STYLE('',(#12301));
#12301 = FILL_AREA_STYLE_COLOUR('',#10973);
#12302 = CURVE_STYLE('',#12303,POSITIVE_LENGTH_MEASURE(0.1),#10973);
#12303 = DRAUGHTING_PRE_DEFINED_CURVE_FONT('continuous');
#12304 = STYLED_ITEM('color',(#12305),#3524);
#12305 = PRESENTATION_STYLE_ASSIGNMENT((#12306,#12311));
#12306 = SURFACE_STYLE_USAGE(.BOTH.,#12307);
#12307 = SURFACE_SIDE_STYLE('',(#12308));
#12308 = SURFACE_STYLE_FILL_AREA(#12309);
#12309 = FILL_AREA_STYLE('',(#12310));
#12310 = FILL_AREA_STYLE_COLOUR('',#11563);
#12311 = CURVE_STYLE('',#12312,POSITIVE_LENGTH_MEASURE(0.1),#11563);
#12312 = DRAUGHTING_PRE_DEFINED_CURVE_FONT('continuous');
#12313 = STYLED_ITEM('color',(#12314),#3536);
#12314 = PRESENTATION_STYLE_ASSIGNMENT((#12315,#12320));
#12315 = SURFACE_STYLE_USAGE(.BOTH.,#12316);
#12316 = SURFACE_SIDE_STYLE('',(#12317));
#12317 = SURFACE_STYLE_FILL_AREA(#12318);
#12318 = FILL_AREA_STYLE('',(#12319));
#12319 = FILL_AREA_STYLE_COLOUR('',#10973);
#12320 = CURVE_STYLE('',#12321,POSITIVE_LENGTH_MEASURE(0.1),#10973);
#12321 = DRAUGHTING_PRE_DEFINED_CURVE_FONT('continuous');
#12322 = STYLED_ITEM('color',(#12323),#3553);
#12323 = PRESENTATION_STYLE_ASSIGNMENT((#12324,#12329));
#12324 = SURFACE_STYLE_USAGE(.BOTH.,#12325);
#12325 = SURFACE_SIDE_STYLE('',(#12326));
#12326 = SURFACE_STYLE_FILL_AREA(#12327);
#12327 = FILL_AREA_STYLE('',(#12328));
#12328 = FILL_AREA_STYLE_COLOUR('',#10973);
#12329 = CURVE_STYLE('',#12330,POSITIVE_LENGTH_MEASURE(0.1),#10973);
#12330 = DRAUGHTING_PRE_DEFINED_CURVE_FONT('continuous');
#12331 = STYLED_ITEM('color',(#12332),#3570);
#12332 = PRESENTATION_STYLE_ASSIGNMENT((#12333,#12338));
#12333 = SURFACE_STYLE_USAGE(.BOTH.,#12334);
#12334 = SURFACE_SIDE_STYLE('',(#12335));
#12335 = SURFACE_STYLE_FILL_AREA(#12336);
#12336 = FILL_AREA_STYLE('',(#12337));
#12337 = FILL_AREA_STYLE_COLOUR('',#10973);
#12338 = CURVE_STYLE('',#12339,POSITIVE_LENGTH_MEASURE(0.1),#10973);
#12339 = DRAUGHTING_PRE_DEFINED_CURVE_FONT('continuous');
#12340 = STYLED_ITEM('color',(#12341),#3587);
#12341 = PRESENTATION_STYLE_ASSIGNMENT((#12342,#12347));
#12342 = SURFACE_STYLE_USAGE(.BOTH.,#12343);
#12343 = SURFACE_SIDE_STYLE('',(#12344));
#12344 = SURFACE_STYLE_FILL_AREA(#12345);
#12345 = FILL_AREA_STYLE('',(#12346));
#12346 = FILL_AREA_STYLE_COLOUR('',#10973);
#12347 = CURVE_STYLE('',#12348,POSITIVE_LENGTH_MEASURE(0.1),#10973);
#12348 = DRAUGHTING_PRE_DEFINED_CURVE_FONT('continuous');
#12349 = STYLED_ITEM('color',(#12350),#3604);
#12350 = PRESENTATION_STYLE_ASSIGNMENT((#12351,#12356));
#12351 = SURFACE_STYLE_USAGE(.BOTH.,#12352);
#12352 = SURFACE_SIDE_STYLE('',(#12353));
#12353 = SURFACE_STYLE_FILL_AREA(#12354);
#12354 = FILL_AREA_STYLE('',(#12355));
#12355 = FILL_AREA_STYLE_COLOUR('',#10973);
#12356 = CURVE_STYLE('',#12357,POSITIVE_LENGTH_MEASURE(0.1),#10973);
#12357 = DRAUGHTING_PRE_DEFINED_CURVE_FONT('continuous');
#12358 = STYLED_ITEM('color',(#12359),#3621);
#12359 = PRESENTATION_STYLE_ASSIGNMENT((#12360,#12365));
#12360 = SURFACE_STYLE_USAGE(.BOTH.,#12361);
#12361 = SURFACE_SIDE_STYLE('',(#12362));
#12362 = SURFACE_STYLE_FILL_AREA(#12363);
#12363 = FILL_AREA_STYLE('',(#12364));
#12364 = FILL_AREA_STYLE_COLOUR('',#10973);
#12365 = CURVE_STYLE('',#12366,POSITIVE_LENGTH_MEASURE(0.1),#10973);
#12366 = DRAUGHTING_PRE_DEFINED_CURVE_FONT('continuous');
#12367 = STYLED_ITEM('color',(#12368),#3638);
#12368 = PRESENTATION_STYLE_ASSIGNMENT((#12369,#12374));
#12369 = SURFACE_STYLE_USAGE(.BOTH.,#12370);
#12370 = SURFACE_SIDE_STYLE('',(#12371));
#12371 = SURFACE_STYLE_FILL_AREA(#12372);
#12372 = FILL_AREA_STYLE('',(#12373));
#12373 = FILL_AREA_STYLE_COLOUR('',#10973);
#12374 = CURVE_STYLE('',#12375,POSITIVE_LENGTH_MEASURE(0.1),#10973);
#12375 = DRAUGHTING_PRE_DEFINED_CURVE_FONT('continuous');
#12376 = STYLED_ITEM('color',(#12377),#3655);
#12377 = PRESENTATION_STYLE_ASSIGNMENT((#12378,#12383));
#12378 = SURFACE_STYLE_USAGE(.BOTH.,#12379);
#12379 = SURFACE_SIDE_STYLE('',(#12380));
#12380 = SURFACE_STYLE_FILL_AREA(#12381);
#12381 = FILL_AREA_STYLE('',(#12382));
#12382 = FILL_AREA_STYLE_COLOUR('',#10973);
#12383 = CURVE_STYLE('',#12384,POSITIVE_LENGTH_MEASURE(0.1),#10973);
#12384 = DRAUGHTING_PRE_DEFINED_CURVE_FONT('continuous');
#12385 = STYLED_ITEM('color',(#12386),#3667);
#12386 = PRESENTATION_STYLE_ASSIGNMENT((#12387,#12392));
#12387 = SURFACE_STYLE_USAGE(.BOTH.,#12388);
#12388 = SURFACE_SIDE_STYLE('',(#12389));
#12389 = SURFACE_STYLE_FILL_AREA(#12390);
#12390 = FILL_AREA_STYLE('',(#12391));
#12391 = FILL_AREA_STYLE_COLOUR('',#10973);
#12392 = CURVE_STYLE('',#12393,POSITIVE_LENGTH_MEASURE(0.1),#10973);
#12393 = DRAUGHTING_PRE_DEFINED_CURVE_FONT('continuous');
#12394 = STYLED_ITEM('color',(#12395),#3684);
#12395 = PRESENTATION_STYLE_ASSIGNMENT((#12396,#12401));
#12396 = SURFACE_STYLE_USAGE(.BOTH.,#12397);
#12397 = SURFACE_SIDE_STYLE('',(#12398));
#12398 = SURFACE_STYLE_FILL_AREA(#12399);
#12399 = FILL_AREA_STYLE('',(#12400));
#12400 = FILL_AREA_STYLE_COLOUR('',#10973);
#12401 = CURVE_STYLE('',#12402,POSITIVE_LENGTH_MEASURE(0.1),#10973);
#12402 = DRAUGHTING_PRE_DEFINED_CURVE_FONT('continuous');
#12403 = STYLED_ITEM('color',(#12404),#3701);
#12404 = PRESENTATION_STYLE_ASSIGNMENT((#12405,#12410));
#12405 = SURFACE_STYLE_USAGE(.BOTH.,#12406);
#12406 = SURFACE_SIDE_STYLE('',(#12407));
#12407 = SURFACE_STYLE_FILL_AREA(#12408);
#12408 = FILL_AREA_STYLE('',(#12409));
#12409 = FILL_AREA_STYLE_COLOUR('',#10973);
#12410 = CURVE_STYLE('',#12411,POSITIVE_LENGTH_MEASURE(0.1),#10973);
#12411 = DRAUGHTING_PRE_DEFINED_CURVE_FONT('continuous');
#12412 = STYLED_ITEM('color',(#12413),#3718);
#12413 = PRESENTATION_STYLE_ASSIGNMENT((#12414,#12419));
#12414 = SURFACE_STYLE_USAGE(.BOTH.,#12415);
#12415 = SURFACE_SIDE_STYLE('',(#12416));
#12416 = SURFACE_STYLE_FILL_AREA(#12417);
#12417 = FILL_AREA_STYLE('',(#12418));
#12418 = FILL_AREA_STYLE_COLOUR('',#10973);
#12419 = CURVE_STYLE('',#12420,POSITIVE_LENGTH_MEASURE(0.1),#10973);
#12420 = DRAUGHTING_PRE_DEFINED_CURVE_FONT('continuous');
#12421 = STYLED_ITEM('color',(#12422),#3735);
#12422 = PRESENTATION_STYLE_ASSIGNMENT((#12423,#12428));
#12423 = SURFACE_STYLE_USAGE(.BOTH.,#12424);
#12424 = SURFACE_SIDE_STYLE('',(#12425));
#12425 = SURFACE_STYLE_FILL_AREA(#12426);
#12426 = FILL_AREA_STYLE('',(#12427));
#12427 = FILL_AREA_STYLE_COLOUR('',#10973);
#12428 = CURVE_STYLE('',#12429,POSITIVE_LENGTH_MEASURE(0.1),#10973);
#12429 = DRAUGHTING_PRE_DEFINED_CURVE_FONT('continuous');
#12430 = STYLED_ITEM('color',(#12431),#3752);
#12431 = PRESENTATION_STYLE_ASSIGNMENT((#12432,#12437));
#12432 = SURFACE_STYLE_USAGE(.BOTH.,#12433);
#12433 = SURFACE_SIDE_STYLE('',(#12434));
#12434 = SURFACE_STYLE_FILL_AREA(#12435);
#12435 = FILL_AREA_STYLE('',(#12436));
#12436 = FILL_AREA_STYLE_COLOUR('',#10973);
#12437 = CURVE_STYLE('',#12438,POSITIVE_LENGTH_MEASURE(0.1),#10973);
#12438 = DRAUGHTING_PRE_DEFINED_CURVE_FONT('continuous');
#12439 = STYLED_ITEM('color',(#12440),#3769);
#12440 = PRESENTATION_STYLE_ASSIGNMENT((#12441,#12446));
#12441 = SURFACE_STYLE_USAGE(.BOTH.,#12442);
#12442 = SURFACE_SIDE_STYLE('',(#12443));
#12443 = SURFACE_STYLE_FILL_AREA(#12444);
#12444 = FILL_AREA_STYLE('',(#12445));
#12445 = FILL_AREA_STYLE_COLOUR('',#10973);
#12446 = CURVE_STYLE('',#12447,POSITIVE_LENGTH_MEASURE(0.1),#10973);
#12447 = DRAUGHTING_PRE_DEFINED_CURVE_FONT('continuous');
#12448 = STYLED_ITEM('color',(#12449),#3786);
#12449 = PRESENTATION_STYLE_ASSIGNMENT((#12450,#12455));
#12450 = SURFACE_STYLE_USAGE(.BOTH.,#12451);
#12451 = SURFACE_SIDE_STYLE('',(#12452));
#12452 = SURFACE_STYLE_FILL_AREA(#12453);
#12453 = FILL_AREA_STYLE('',(#12454));
#12454 = FILL_AREA_STYLE_COLOUR('',#10973);
#12455 = CURVE_STYLE('',#12456,POSITIVE_LENGTH_MEASURE(0.1),#10973);
#12456 = DRAUGHTING_PRE_DEFINED_CURVE_FONT('continuous');
#12457 = STYLED_ITEM('color',(#12458),#3798);
#12458 = PRESENTATION_STYLE_ASSIGNMENT((#12459,#12464));
#12459 = SURFACE_STYLE_USAGE(.BOTH.,#12460);
#12460 = SURFACE_SIDE_STYLE('',(#12461));
#12461 = SURFACE_STYLE_FILL_AREA(#12462);
#12462 = FILL_AREA_STYLE('',(#12463));
#12463 = FILL_AREA_STYLE_COLOUR('',#10973);
#12464 = CURVE_STYLE('',#12465,POSITIVE_LENGTH_MEASURE(0.1),#10973);
#12465 = DRAUGHTING_PRE_DEFINED_CURVE_FONT('continuous');
#12466 = STYLED_ITEM('color',(#12467),#3815);
#12467 = PRESENTATION_STYLE_ASSIGNMENT((#12468,#12473));
#12468 = SURFACE_STYLE_USAGE(.BOTH.,#12469);
#12469 = SURFACE_SIDE_STYLE('',(#12470));
#12470 = SURFACE_STYLE_FILL_AREA(#12471);
#12471 = FILL_AREA_STYLE('',(#12472));
#12472 = FILL_AREA_STYLE_COLOUR('',#10973);
#12473 = CURVE_STYLE('',#12474,POSITIVE_LENGTH_MEASURE(0.1),#10973);
#12474 = DRAUGHTING_PRE_DEFINED_CURVE_FONT('continuous');
#12475 = STYLED_ITEM('color',(#12476),#3832);
#12476 = PRESENTATION_STYLE_ASSIGNMENT((#12477,#12482));
#12477 = SURFACE_STYLE_USAGE(.BOTH.,#12478);
#12478 = SURFACE_SIDE_STYLE('',(#12479));
#12479 = SURFACE_STYLE_FILL_AREA(#12480);
#12480 = FILL_AREA_STYLE('',(#12481));
#12481 = FILL_AREA_STYLE_COLOUR('',#10973);
#12482 = CURVE_STYLE('',#12483,POSITIVE_LENGTH_MEASURE(0.1),#10973);
#12483 = DRAUGHTING_PRE_DEFINED_CURVE_FONT('continuous');
#12484 = STYLED_ITEM('color',(#12485),#3849);
#12485 = PRESENTATION_STYLE_ASSIGNMENT((#12486,#12491));
#12486 = SURFACE_STYLE_USAGE(.BOTH.,#12487);
#12487 = SURFACE_SIDE_STYLE('',(#12488));
#12488 = SURFACE_STYLE_FILL_AREA(#12489);
#12489 = FILL_AREA_STYLE('',(#12490));
#12490 = FILL_AREA_STYLE_COLOUR('',#10973);
#12491 = CURVE_STYLE('',#12492,POSITIVE_LENGTH_MEASURE(0.1),#10973);
#12492 = DRAUGHTING_PRE_DEFINED_CURVE_FONT('continuous');
#12493 = STYLED_ITEM('color',(#12494),#3866);
#12494 = PRESENTATION_STYLE_ASSIGNMENT((#12495,#12500));
#12495 = SURFACE_STYLE_USAGE(.BOTH.,#12496);
#12496 = SURFACE_SIDE_STYLE('',(#12497));
#12497 = SURFACE_STYLE_FILL_AREA(#12498);
#12498 = FILL_AREA_STYLE('',(#12499));
#12499 = FILL_AREA_STYLE_COLOUR('',#10973);
#12500 = CURVE_STYLE('',#12501,POSITIVE_LENGTH_MEASURE(0.1),#10973);
#12501 = DRAUGHTING_PRE_DEFINED_CURVE_FONT('continuous');
#12502 = STYLED_ITEM('color',(#12503),#3883);
#12503 = PRESENTATION_STYLE_ASSIGNMENT((#12504,#12509));
#12504 = SURFACE_STYLE_USAGE(.BOTH.,#12505);
#12505 = SURFACE_SIDE_STYLE('',(#12506));
#12506 = SURFACE_STYLE_FILL_AREA(#12507);
#12507 = FILL_AREA_STYLE('',(#12508));
#12508 = FILL_AREA_STYLE_COLOUR('',#10973);
#12509 = CURVE_STYLE('',#12510,POSITIVE_LENGTH_MEASURE(0.1),#10973);
#12510 = DRAUGHTING_PRE_DEFINED_CURVE_FONT('continuous');
#12511 = STYLED_ITEM('color',(#12512),#3900);
#12512 = PRESENTATION_STYLE_ASSIGNMENT((#12513,#12518));
#12513 = SURFACE_STYLE_USAGE(.BOTH.,#12514);
#12514 = SURFACE_SIDE_STYLE('',(#12515));
#12515 = SURFACE_STYLE_FILL_AREA(#12516);
#12516 = FILL_AREA_STYLE('',(#12517));
#12517 = FILL_AREA_STYLE_COLOUR('',#10973);
#12518 = CURVE_STYLE('',#12519,POSITIVE_LENGTH_MEASURE(0.1),#10973);
#12519 = DRAUGHTING_PRE_DEFINED_CURVE_FONT('continuous');
#12520 = STYLED_ITEM('color',(#12521),#3917);
#12521 = PRESENTATION_STYLE_ASSIGNMENT((#12522,#12527));
#12522 = SURFACE_STYLE_USAGE(.BOTH.,#12523);
#12523 = SURFACE_SIDE_STYLE('',(#12524));
#12524 = SURFACE_STYLE_FILL_AREA(#12525);
#12525 = FILL_AREA_STYLE('',(#12526));
#12526 = FILL_AREA_STYLE_COLOUR('',#10973);
#12527 = CURVE_STYLE('',#12528,POSITIVE_LENGTH_MEASURE(0.1),#10973);
#12528 = DRAUGHTING_PRE_DEFINED_CURVE_FONT('continuous');
#12529 = STYLED_ITEM('color',(#12530),#3929);
#12530 = PRESENTATION_STYLE_ASSIGNMENT((#12531,#12536));
#12531 = SURFACE_STYLE_USAGE(.BOTH.,#12532);
#12532 = SURFACE_SIDE_STYLE('',(#12533));
#12533 = SURFACE_STYLE_FILL_AREA(#12534);
#12534 = FILL_AREA_STYLE('',(#12535));
#12535 = FILL_AREA_STYLE_COLOUR('',#10973);
#12536 = CURVE_STYLE('',#12537,POSITIVE_LENGTH_MEASURE(0.1),#10973);
#12537 = DRAUGHTING_PRE_DEFINED_CURVE_FONT('continuous');
#12538 = STYLED_ITEM('color',(#12539),#3946);
#12539 = PRESENTATION_STYLE_ASSIGNMENT((#12540,#12545));
#12540 = SURFACE_STYLE_USAGE(.BOTH.,#12541);
#12541 = SURFACE_SIDE_STYLE('',(#12542));
#12542 = SURFACE_STYLE_FILL_AREA(#12543);
#12543 = FILL_AREA_STYLE('',(#12544));
#12544 = FILL_AREA_STYLE_COLOUR('',#10973);
#12545 = CURVE_STYLE('',#12546,POSITIVE_LENGTH_MEASURE(0.1),#10973);
#12546 = DRAUGHTING_PRE_DEFINED_CURVE_FONT('continuous');
#12547 = STYLED_ITEM('color',(#12548),#3963);
#12548 = PRESENTATION_STYLE_ASSIGNMENT((#12549,#12554));
#12549 = SURFACE_STYLE_USAGE(.BOTH.,#12550);
#12550 = SURFACE_SIDE_STYLE('',(#12551));
#12551 = SURFACE_STYLE_FILL_AREA(#12552);
#12552 = FILL_AREA_STYLE('',(#12553));
#12553 = FILL_AREA_STYLE_COLOUR('',#10973);
#12554 = CURVE_STYLE('',#12555,POSITIVE_LENGTH_MEASURE(0.1),#10973);
#12555 = DRAUGHTING_PRE_DEFINED_CURVE_FONT('continuous');
#12556 = STYLED_ITEM('color',(#12557),#3980);
#12557 = PRESENTATION_STYLE_ASSIGNMENT((#12558,#12563));
#12558 = SURFACE_STYLE_USAGE(.BOTH.,#12559);
#12559 = SURFACE_SIDE_STYLE('',(#12560));
#12560 = SURFACE_STYLE_FILL_AREA(#12561);
#12561 = FILL_AREA_STYLE('',(#12562));
#12562 = FILL_AREA_STYLE_COLOUR('',#10973);
#12563 = CURVE_STYLE('',#12564,POSITIVE_LENGTH_MEASURE(0.1),#10973);
#12564 = DRAUGHTING_PRE_DEFINED_CURVE_FONT('continuous');
#12565 = STYLED_ITEM('color',(#12566),#3997);
#12566 = PRESENTATION_STYLE_ASSIGNMENT((#12567,#12572));
#12567 = SURFACE_STYLE_USAGE(.BOTH.,#12568);
#12568 = SURFACE_SIDE_STYLE('',(#12569));
#12569 = SURFACE_STYLE_FILL_AREA(#12570);
#12570 = FILL_AREA_STYLE('',(#12571));
#12571 = FILL_AREA_STYLE_COLOUR('',#10973);
#12572 = CURVE_STYLE('',#12573,POSITIVE_LENGTH_MEASURE(0.1),#10973);
#12573 = DRAUGHTING_PRE_DEFINED_CURVE_FONT('continuous');
#12574 = STYLED_ITEM('color',(#12575),#4014);
#12575 = PRESENTATION_STYLE_ASSIGNMENT((#12576,#12581));
#12576 = SURFACE_STYLE_USAGE(.BOTH.,#12577);
#12577 = SURFACE_SIDE_STYLE('',(#12578));
#12578 = SURFACE_STYLE_FILL_AREA(#12579);
#12579 = FILL_AREA_STYLE('',(#12580));
#12580 = FILL_AREA_STYLE_COLOUR('',#10973);
#12581 = CURVE_STYLE('',#12582,POSITIVE_LENGTH_MEASURE(0.1),#10973);
#12582 = DRAUGHTING_PRE_DEFINED_CURVE_FONT('continuous');
#12583 = STYLED_ITEM('color',(#12584),#4031);
#12584 = PRESENTATION_STYLE_ASSIGNMENT((#12585,#12590));
#12585 = SURFACE_STYLE_USAGE(.BOTH.,#12586);
#12586 = SURFACE_SIDE_STYLE('',(#12587));
#12587 = SURFACE_STYLE_FILL_AREA(#12588);
#12588 = FILL_AREA_STYLE('',(#12589));
#12589 = FILL_AREA_STYLE_COLOUR('',#10973);
#12590 = CURVE_STYLE('',#12591,POSITIVE_LENGTH_MEASURE(0.1),#10973);
#12591 = DRAUGHTING_PRE_DEFINED_CURVE_FONT('continuous');
#12592 = STYLED_ITEM('color',(#12593),#4043);
#12593 = PRESENTATION_STYLE_ASSIGNMENT((#12594,#12599));
#12594 = SURFACE_STYLE_USAGE(.BOTH.,#12595);
#12595 = SURFACE_SIDE_STYLE('',(#12596));
#12596 = SURFACE_STYLE_FILL_AREA(#12597);
#12597 = FILL_AREA_STYLE('',(#12598));
#12598 = FILL_AREA_STYLE_COLOUR('',#10973);
#12599 = CURVE_STYLE('',#12600,POSITIVE_LENGTH_MEASURE(0.1),#10973);
#12600 = DRAUGHTING_PRE_DEFINED_CURVE_FONT('continuous');
#12601 = STYLED_ITEM('color',(#12602),#4060);
#12602 = PRESENTATION_STYLE_ASSIGNMENT((#12603,#12608));
#12603 = SURFACE_STYLE_USAGE(.BOTH.,#12604);
#12604 = SURFACE_SIDE_STYLE('',(#12605));
#12605 = SURFACE_STYLE_FILL_AREA(#12606);
#12606 = FILL_AREA_STYLE('',(#12607));
#12607 = FILL_AREA_STYLE_COLOUR('',#10973);
#12608 = CURVE_STYLE('',#12609,POSITIVE_LENGTH_MEASURE(0.1),#10973);
#12609 = DRAUGHTING_PRE_DEFINED_CURVE_FONT('continuous');
#12610 = STYLED_ITEM('color',(#12611),#4077);
#12611 = PRESENTATION_STYLE_ASSIGNMENT((#12612,#12617));
#12612 = SURFACE_STYLE_USAGE(.BOTH.,#12613);
#12613 = SURFACE_SIDE_STYLE('',(#12614));
#12614 = SURFACE_STYLE_FILL_AREA(#12615);
#12615 = FILL_AREA_STYLE('',(#12616));
#12616 = FILL_AREA_STYLE_COLOUR('',#10973);
#12617 = CURVE_STYLE('',#12618,POSITIVE_LENGTH_MEASURE(0.1),#10973);
#12618 = DRAUGHTING_PRE_DEFINED_CURVE_FONT('continuous');
#12619 = STYLED_ITEM('color',(#12620),#4094);
#12620 = PRESENTATION_STYLE_ASSIGNMENT((#12621,#12626));
#12621 = SURFACE_STYLE_USAGE(.BOTH.,#12622);
#12622 = SURFACE_SIDE_STYLE('',(#12623));
#12623 = SURFACE_STYLE_FILL_AREA(#12624);
#12624 = FILL_AREA_STYLE('',(#12625));
#12625 = FILL_AREA_STYLE_COLOUR('',#10973);
#12626 = CURVE_STYLE('',#12627,POSITIVE_LENGTH_MEASURE(0.1),#10973);
#12627 = DRAUGHTING_PRE_DEFINED_CURVE_FONT('continuous');
#12628 = STYLED_ITEM('color',(#12629),#4111);
#12629 = PRESENTATION_STYLE_ASSIGNMENT((#12630,#12635));
#12630 = SURFACE_STYLE_USAGE(.BOTH.,#12631);
#12631 = SURFACE_SIDE_STYLE('',(#12632));
#12632 = SURFACE_STYLE_FILL_AREA(#12633);
#12633 = FILL_AREA_STYLE('',(#12634));
#12634 = FILL_AREA_STYLE_COLOUR('',#10973);
#12635 = CURVE_STYLE('',#12636,POSITIVE_LENGTH_MEASURE(0.1),#10973);
#12636 = DRAUGHTING_PRE_DEFINED_CURVE_FONT('continuous');
#12637 = STYLED_ITEM('color',(#12638),#4128);
#12638 = PRESENTATION_STYLE_ASSIGNMENT((#12639,#12644));
#12639 = SURFACE_STYLE_USAGE(.BOTH.,#12640);
#12640 = SURFACE_SIDE_STYLE('',(#12641));
#12641 = SURFACE_STYLE_FILL_AREA(#12642);
#12642 = FILL_AREA_STYLE('',(#12643));
#12643 = FILL_AREA_STYLE_COLOUR('',#10973);
#12644 = CURVE_STYLE('',#12645,POSITIVE_LENGTH_MEASURE(0.1),#10973);
#12645 = DRAUGHTING_PRE_DEFINED_CURVE_FONT('continuous');
#12646 = STYLED_ITEM('color',(#12647),#4145);
#12647 = PRESENTATION_STYLE_ASSIGNMENT((#12648,#12653));
#12648 = SURFACE_STYLE_USAGE(.BOTH.,#12649);
#12649 = SURFACE_SIDE_STYLE('',(#12650));
#12650 = SURFACE_STYLE_FILL_AREA(#12651);
#12651 = FILL_AREA_STYLE('',(#12652));
#12652 = FILL_AREA_STYLE_COLOUR('',#10973);
#12653 = CURVE_STYLE('',#12654,POSITIVE_LENGTH_MEASURE(0.1),#10973);
#12654 = DRAUGHTING_PRE_DEFINED_CURVE_FONT('continuous');
#12655 = STYLED_ITEM('color',(#12656),#4157);
#12656 = PRESENTATION_STYLE_ASSIGNMENT((#12657,#12662));
#12657 = SURFACE_STYLE_USAGE(.BOTH.,#12658);
#12658 = SURFACE_SIDE_STYLE('',(#12659));
#12659 = SURFACE_STYLE_FILL_AREA(#12660);
#12660 = FILL_AREA_STYLE('',(#12661));
#12661 = FILL_AREA_STYLE_COLOUR('',#10973);
#12662 = CURVE_STYLE('',#12663,POSITIVE_LENGTH_MEASURE(0.1),#10973);
#12663 = DRAUGHTING_PRE_DEFINED_CURVE_FONT('continuous');
#12664 = STYLED_ITEM('color',(#12665),#4174);
#12665 = PRESENTATION_STYLE_ASSIGNMENT((#12666,#12671));
#12666 = SURFACE_STYLE_USAGE(.BOTH.,#12667);
#12667 = SURFACE_SIDE_STYLE('',(#12668));
#12668 = SURFACE_STYLE_FILL_AREA(#12669);
#12669 = FILL_AREA_STYLE('',(#12670));
#12670 = FILL_AREA_STYLE_COLOUR('',#10973);
#12671 = CURVE_STYLE('',#12672,POSITIVE_LENGTH_MEASURE(0.1),#10973);
#12672 = DRAUGHTING_PRE_DEFINED_CURVE_FONT('continuous');
#12673 = STYLED_ITEM('color',(#12674),#4191);
#12674 = PRESENTATION_STYLE_ASSIGNMENT((#12675,#12680));
#12675 = SURFACE_STYLE_USAGE(.BOTH.,#12676);
#12676 = SURFACE_SIDE_STYLE('',(#12677));
#12677 = SURFACE_STYLE_FILL_AREA(#12678);
#12678 = FILL_AREA_STYLE('',(#12679));
#12679 = FILL_AREA_STYLE_COLOUR('',#10973);
#12680 = CURVE_STYLE('',#12681,POSITIVE_LENGTH_MEASURE(0.1),#10973);
#12681 = DRAUGHTING_PRE_DEFINED_CURVE_FONT('continuous');
#12682 = STYLED_ITEM('color',(#12683),#4208);
#12683 = PRESENTATION_STYLE_ASSIGNMENT((#12684,#12689));
#12684 = SURFACE_STYLE_USAGE(.BOTH.,#12685);
#12685 = SURFACE_SIDE_STYLE('',(#12686));
#12686 = SURFACE_STYLE_FILL_AREA(#12687);
#12687 = FILL_AREA_STYLE('',(#12688));
#12688 = FILL_AREA_STYLE_COLOUR('',#10973);
#12689 = CURVE_STYLE('',#12690,POSITIVE_LENGTH_MEASURE(0.1),#10973);
#12690 = DRAUGHTING_PRE_DEFINED_CURVE_FONT('continuous');
#12691 = STYLED_ITEM('color',(#12692),#4225);
#12692 = PRESENTATION_STYLE_ASSIGNMENT((#12693,#12698));
#12693 = SURFACE_STYLE_USAGE(.BOTH.,#12694);
#12694 = SURFACE_SIDE_STYLE('',(#12695));
#12695 = SURFACE_STYLE_FILL_AREA(#12696);
#12696 = FILL_AREA_STYLE('',(#12697));
#12697 = FILL_AREA_STYLE_COLOUR('',#10973);
#12698 = CURVE_STYLE('',#12699,POSITIVE_LENGTH_MEASURE(0.1),#10973);
#12699 = DRAUGHTING_PRE_DEFINED_CURVE_FONT('continuous');
#12700 = STYLED_ITEM('color',(#12701),#4242);
#12701 = PRESENTATION_STYLE_ASSIGNMENT((#12702,#12707));
#12702 = SURFACE_STYLE_USAGE(.BOTH.,#12703);
#12703 = SURFACE_SIDE_STYLE('',(#12704));
#12704 = SURFACE_STYLE_FILL_AREA(#12705);
#12705 = FILL_AREA_STYLE('',(#12706));
#12706 = FILL_AREA_STYLE_COLOUR('',#10973);
#12707 = CURVE_STYLE('',#12708,POSITIVE_LENGTH_MEASURE(0.1),#10973);
#12708 = DRAUGHTING_PRE_DEFINED_CURVE_FONT('continuous');
#12709 = STYLED_ITEM('color',(#12710),#4259);
#12710 = PRESENTATION_STYLE_ASSIGNMENT((#12711,#12716));
#12711 = SURFACE_STYLE_USAGE(.BOTH.,#12712);
#12712 = SURFACE_SIDE_STYLE('',(#12713));
#12713 = SURFACE_STYLE_FILL_AREA(#12714);
#12714 = FILL_AREA_STYLE('',(#12715));
#12715 = FILL_AREA_STYLE_COLOUR('',#10973);
#12716 = CURVE_STYLE('',#12717,POSITIVE_LENGTH_MEASURE(0.1),#10973);
#12717 = DRAUGHTING_PRE_DEFINED_CURVE_FONT('continuous');
#12718 = STYLED_ITEM('color',(#12719),#4276);
#12719 = PRESENTATION_STYLE_ASSIGNMENT((#12720,#12725));
#12720 = SURFACE_STYLE_USAGE(.BOTH.,#12721);
#12721 = SURFACE_SIDE_STYLE('',(#12722));
#12722 = SURFACE_STYLE_FILL_AREA(#12723);
#12723 = FILL_AREA_STYLE('',(#12724));
#12724 = FILL_AREA_STYLE_COLOUR('',#10973);
#12725 = CURVE_STYLE('',#12726,POSITIVE_LENGTH_MEASURE(0.1),#10973);
#12726 = DRAUGHTING_PRE_DEFINED_CURVE_FONT('continuous');
#12727 = STYLED_ITEM('color',(#12728),#4288);
#12728 = PRESENTATION_STYLE_ASSIGNMENT((#12729,#12734));
#12729 = SURFACE_STYLE_USAGE(.BOTH.,#12730);
#12730 = SURFACE_SIDE_STYLE('',(#12731));
#12731 = SURFACE_STYLE_FILL_AREA(#12732);
#12732 = FILL_AREA_STYLE('',(#12733));
#12733 = FILL_AREA_STYLE_COLOUR('',#10973);
#12734 = CURVE_STYLE('',#12735,POSITIVE_LENGTH_MEASURE(0.1),#10973);
#12735 = DRAUGHTING_PRE_DEFINED_CURVE_FONT('continuous');
#12736 = STYLED_ITEM('color',(#12737),#4305);
#12737 = PRESENTATION_STYLE_ASSIGNMENT((#12738,#12743));
#12738 = SURFACE_STYLE_USAGE(.BOTH.,#12739);
#12739 = SURFACE_SIDE_STYLE('',(#12740));
#12740 = SURFACE_STYLE_FILL_AREA(#12741);
#12741 = FILL_AREA_STYLE('',(#12742));
#12742 = FILL_AREA_STYLE_COLOUR('',#10973);
#12743 = CURVE_STYLE('',#12744,POSITIVE_LENGTH_MEASURE(0.1),#10973);
#12744 = DRAUGHTING_PRE_DEFINED_CURVE_FONT('continuous');
#12745 = STYLED_ITEM('color',(#12746),#4322);
#12746 = PRESENTATION_STYLE_ASSIGNMENT((#12747,#12752));
#12747 = SURFACE_STYLE_USAGE(.BOTH.,#12748);
#12748 = SURFACE_SIDE_STYLE('',(#12749));
#12749 = SURFACE_STYLE_FILL_AREA(#12750);
#12750 = FILL_AREA_STYLE('',(#12751));
#12751 = FILL_AREA_STYLE_COLOUR('',#10973);
#12752 = CURVE_STYLE('',#12753,POSITIVE_LENGTH_MEASURE(0.1),#10973);
#12753 = DRAUGHTING_PRE_DEFINED_CURVE_FONT('continuous');
#12754 = STYLED_ITEM('color',(#12755),#4339);
#12755 = PRESENTATION_STYLE_ASSIGNMENT((#12756,#12761));
#12756 = SURFACE_STYLE_USAGE(.BOTH.,#12757);
#12757 = SURFACE_SIDE_STYLE('',(#12758));
#12758 = SURFACE_STYLE_FILL_AREA(#12759);
#12759 = FILL_AREA_STYLE('',(#12760));
#12760 = FILL_AREA_STYLE_COLOUR('',#10973);
#12761 = CURVE_STYLE('',#12762,POSITIVE_LENGTH_MEASURE(0.1),#10973);
#12762 = DRAUGHTING_PRE_DEFINED_CURVE_FONT('continuous');
#12763 = STYLED_ITEM('color',(#12764),#4356);
#12764 = PRESENTATION_STYLE_ASSIGNMENT((#12765,#12770));
#12765 = SURFACE_STYLE_USAGE(.BOTH.,#12766);
#12766 = SURFACE_SIDE_STYLE('',(#12767));
#12767 = SURFACE_STYLE_FILL_AREA(#12768);
#12768 = FILL_AREA_STYLE('',(#12769));
#12769 = FILL_AREA_STYLE_COLOUR('',#10973);
#12770 = CURVE_STYLE('',#12771,POSITIVE_LENGTH_MEASURE(0.1),#10973);
#12771 = DRAUGHTING_PRE_DEFINED_CURVE_FONT('continuous');
#12772 = STYLED_ITEM('color',(#12773),#4373);
#12773 = PRESENTATION_STYLE_ASSIGNMENT((#12774,#12779));
#12774 = SURFACE_STYLE_USAGE(.BOTH.,#12775);
#12775 = SURFACE_SIDE_STYLE('',(#12776));
#12776 = SURFACE_STYLE_FILL_AREA(#12777);
#12777 = FILL_AREA_STYLE('',(#12778));
#12778 = FILL_AREA_STYLE_COLOUR('',#10973);
#12779 = CURVE_STYLE('',#12780,POSITIVE_LENGTH_MEASURE(0.1),#10973);
#12780 = DRAUGHTING_PRE_DEFINED_CURVE_FONT('continuous');
#12781 = STYLED_ITEM('color',(#12782),#4390);
#12782 = PRESENTATION_STYLE_ASSIGNMENT((#12783,#12788));
#12783 = SURFACE_STYLE_USAGE(.BOTH.,#12784);
#12784 = SURFACE_SIDE_STYLE('',(#12785));
#12785 = SURFACE_STYLE_FILL_AREA(#12786);
#12786 = FILL_AREA_STYLE('',(#12787));
#12787 = FILL_AREA_STYLE_COLOUR('',#10973);
#12788 = CURVE_STYLE('',#12789,POSITIVE_LENGTH_MEASURE(0.1),#10973);
#12789 = DRAUGHTING_PRE_DEFINED_CURVE_FONT('continuous');
#12790 = STYLED_ITEM('color',(#12791),#4407);
#12791 = PRESENTATION_STYLE_ASSIGNMENT((#12792,#12797));
#12792 = SURFACE_STYLE_USAGE(.BOTH.,#12793);
#12793 = SURFACE_SIDE_STYLE('',(#12794));
#12794 = SURFACE_STYLE_FILL_AREA(#12795);
#12795 = FILL_AREA_STYLE('',(#12796));
#12796 = FILL_AREA_STYLE_COLOUR('',#10973);
#12797 = CURVE_STYLE('',#12798,POSITIVE_LENGTH_MEASURE(0.1),#10973);
#12798 = DRAUGHTING_PRE_DEFINED_CURVE_FONT('continuous');
#12799 = STYLED_ITEM('color',(#12800),#4419);
#12800 = PRESENTATION_STYLE_ASSIGNMENT((#12801,#12806));
#12801 = SURFACE_STYLE_USAGE(.BOTH.,#12802);
#12802 = SURFACE_SIDE_STYLE('',(#12803));
#12803 = SURFACE_STYLE_FILL_AREA(#12804);
#12804 = FILL_AREA_STYLE('',(#12805));
#12805 = FILL_AREA_STYLE_COLOUR('',#10973);
#12806 = CURVE_STYLE('',#12807,POSITIVE_LENGTH_MEASURE(0.1),#10973);
#12807 = DRAUGHTING_PRE_DEFINED_CURVE_FONT('continuous');
#12808 = STYLED_ITEM('color',(#12809),#4436);
#12809 = PRESENTATION_STYLE_ASSIGNMENT((#12810,#12815));
#12810 = SURFACE_STYLE_USAGE(.BOTH.,#12811);
#12811 = SURFACE_SIDE_STYLE('',(#12812));
#12812 = SURFACE_STYLE_FILL_AREA(#12813);
#12813 = FILL_AREA_STYLE('',(#12814));
#12814 = FILL_AREA_STYLE_COLOUR('',#10973);
#12815 = CURVE_STYLE('',#12816,POSITIVE_LENGTH_MEASURE(0.1),#10973);
#12816 = DRAUGHTING_PRE_DEFINED_CURVE_FONT('continuous');
#12817 = STYLED_ITEM('color',(#12818),#4453);
#12818 = PRESENTATION_STYLE_ASSIGNMENT((#12819,#12824));
#12819 = SURFACE_STYLE_USAGE(.BOTH.,#12820);
#12820 = SURFACE_SIDE_STYLE('',(#12821));
#12821 = SURFACE_STYLE_FILL_AREA(#12822);
#12822 = FILL_AREA_STYLE('',(#12823));
#12823 = FILL_AREA_STYLE_COLOUR('',#10973);
#12824 = CURVE_STYLE('',#12825,POSITIVE_LENGTH_MEASURE(0.1),#10973);
#12825 = DRAUGHTING_PRE_DEFINED_CURVE_FONT('continuous');
#12826 = STYLED_ITEM('color',(#12827),#4470);
#12827 = PRESENTATION_STYLE_ASSIGNMENT((#12828,#12833));
#12828 = SURFACE_STYLE_USAGE(.BOTH.,#12829);
#12829 = SURFACE_SIDE_STYLE('',(#12830));
#12830 = SURFACE_STYLE_FILL_AREA(#12831);
#12831 = FILL_AREA_STYLE('',(#12832));
#12832 = FILL_AREA_STYLE_COLOUR('',#10973);
#12833 = CURVE_STYLE('',#12834,POSITIVE_LENGTH_MEASURE(0.1),#10973);
#12834 = DRAUGHTING_PRE_DEFINED_CURVE_FONT('continuous');
#12835 = STYLED_ITEM('color',(#12836),#4487);
#12836 = PRESENTATION_STYLE_ASSIGNMENT((#12837,#12842));
#12837 = SURFACE_STYLE_USAGE(.BOTH.,#12838);
#12838 = SURFACE_SIDE_STYLE('',(#12839));
#12839 = SURFACE_STYLE_FILL_AREA(#12840);
#12840 = FILL_AREA_STYLE('',(#12841));
#12841 = FILL_AREA_STYLE_COLOUR('',#10973);
#12842 = CURVE_STYLE('',#12843,POSITIVE_LENGTH_MEASURE(0.1),#10973);
#12843 = DRAUGHTING_PRE_DEFINED_CURVE_FONT('continuous');
#12844 = STYLED_ITEM('color',(#12845),#4504);
#12845 = PRESENTATION_STYLE_ASSIGNMENT((#12846,#12851));
#12846 = SURFACE_STYLE_USAGE(.BOTH.,#12847);
#12847 = SURFACE_SIDE_STYLE('',(#12848));
#12848 = SURFACE_STYLE_FILL_AREA(#12849);
#12849 = FILL_AREA_STYLE('',(#12850));
#12850 = FILL_AREA_STYLE_COLOUR('',#10973);
#12851 = CURVE_STYLE('',#12852,POSITIVE_LENGTH_MEASURE(0.1),#10973);
#12852 = DRAUGHTING_PRE_DEFINED_CURVE_FONT('continuous');
#12853 = STYLED_ITEM('color',(#12854),#4521);
#12854 = PRESENTATION_STYLE_ASSIGNMENT((#12855,#12860));
#12855 = SURFACE_STYLE_USAGE(.BOTH.,#12856);
#12856 = SURFACE_SIDE_STYLE('',(#12857));
#12857 = SURFACE_STYLE_FILL_AREA(#12858);
#12858 = FILL_AREA_STYLE('',(#12859));
#12859 = FILL_AREA_STYLE_COLOUR('',#10973);
#12860 = CURVE_STYLE('',#12861,POSITIVE_LENGTH_MEASURE(0.1),#10973);
#12861 = DRAUGHTING_PRE_DEFINED_CURVE_FONT('continuous');
#12862 = STYLED_ITEM('color',(#12863),#4538);
#12863 = PRESENTATION_STYLE_ASSIGNMENT((#12864,#12869));
#12864 = SURFACE_STYLE_USAGE(.BOTH.,#12865);
#12865 = SURFACE_SIDE_STYLE('',(#12866));
#12866 = SURFACE_STYLE_FILL_AREA(#12867);
#12867 = FILL_AREA_STYLE('',(#12868));
#12868 = FILL_AREA_STYLE_COLOUR('',#10973);
#12869 = CURVE_STYLE('',#12870,POSITIVE_LENGTH_MEASURE(0.1),#10973);
#12870 = DRAUGHTING_PRE_DEFINED_CURVE_FONT('continuous');
#12871 = STYLED_ITEM('color',(#12872),#4550);
#12872 = PRESENTATION_STYLE_ASSIGNMENT((#12873,#12879));
#12873 = SURFACE_STYLE_USAGE(.BOTH.,#12874);
#12874 = SURFACE_SIDE_STYLE('',(#12875));
#12875 = SURFACE_STYLE_FILL_AREA(#12876);
#12876 = FILL_AREA_STYLE('',(#12877));
#12877 = FILL_AREA_STYLE_COLOUR('',#12878);
#12878 = COLOUR_RGB('',0.690999998585,0.664000007176,0.597999987832);
#12879 = CURVE_STYLE('',#12880,POSITIVE_LENGTH_MEASURE(0.1),#12878);
#12880 = DRAUGHTING_PRE_DEFINED_CURVE_FONT('continuous');
#12881 = MECHANICAL_DESIGN_GEOMETRIC_PRESENTATION_REPRESENTATION('',(
    #12882,#12891,#12900,#12909,#12918,#12927,#12936,#12945,#12954,
    #12963,#12972,#12981,#12990,#12999,#13008,#13017,#13026,#13035,
    #13044,#13053,#13062,#13071,#13080,#13089,#13098,#13107,#13116,
    #13125,#13134,#13143,#13152,#13161,#13170,#13179,#13188,#13197,
    #13206,#13215,#13224,#13233,#13242,#13251,#13260,#13269,#13278,
    #13287,#13296,#13305,#13314,#13323,#13332,#13341,#13350,#13359,
    #13368,#13377,#13386,#13395,#13404,#13413,#13422,#13431,#13440,
    #13449,#13458,#13467,#13476,#13485,#13494,#13503,#13512,#13521,
    #13530,#13539,#13548,#13557,#13566,#13575,#13584,#13593,#13602,
    #13611,#13620,#13629,#13638,#13647,#13656,#13665,#13674,#13683,
    #13692,#13701,#13710,#13719,#13728,#13737,#13746,#13755,#13764,
    #13773,#13782,#13791),#8459);
#12882 = STYLED_ITEM('color',(#12883),#5392);
#12883 = PRESENTATION_STYLE_ASSIGNMENT((#12884,#12889));
#12884 = SURFACE_STYLE_USAGE(.BOTH.,#12885);
#12885 = SURFACE_SIDE_STYLE('',(#12886));
#12886 = SURFACE_STYLE_FILL_AREA(#12887);
#12887 = FILL_AREA_STYLE('',(#12888));
#12888 = FILL_AREA_STYLE_COLOUR('',#11563);
#12889 = CURVE_STYLE('',#12890,POSITIVE_LENGTH_MEASURE(0.1),#11563);
#12890 = DRAUGHTING_PRE_DEFINED_CURVE_FONT('continuous');
#12891 = STYLED_ITEM('color',(#12892),#5430);
#12892 = PRESENTATION_STYLE_ASSIGNMENT((#12893,#12898));
#12893 = SURFACE_STYLE_USAGE(.BOTH.,#12894);
#12894 = SURFACE_SIDE_STYLE('',(#12895));
#12895 = SURFACE_STYLE_FILL_AREA(#12896);
#12896 = FILL_AREA_STYLE('',(#12897));
#12897 = FILL_AREA_STYLE_COLOUR('',#11563);
#12898 = CURVE_STYLE('',#12899,POSITIVE_LENGTH_MEASURE(0.1),#11563);
#12899 = DRAUGHTING_PRE_DEFINED_CURVE_FONT('continuous');
#12900 = STYLED_ITEM('color',(#12901),#5493);
#12901 = PRESENTATION_STYLE_ASSIGNMENT((#12902,#12907));
#12902 = SURFACE_STYLE_USAGE(.BOTH.,#12903);
#12903 = SURFACE_SIDE_STYLE('',(#12904));
#12904 = SURFACE_STYLE_FILL_AREA(#12905);
#12905 = FILL_AREA_STYLE('',(#12906));
#12906 = FILL_AREA_STYLE_COLOUR('',#11563);
#12907 = CURVE_STYLE('',#12908,POSITIVE_LENGTH_MEASURE(0.1),#11563);
#12908 = DRAUGHTING_PRE_DEFINED_CURVE_FONT('continuous');
#12909 = STYLED_ITEM('color',(#12910),#5516);
#12910 = PRESENTATION_STYLE_ASSIGNMENT((#12911,#12916));
#12911 = SURFACE_STYLE_USAGE(.BOTH.,#12912);
#12912 = SURFACE_SIDE_STYLE('',(#12913));
#12913 = SURFACE_STYLE_FILL_AREA(#12914);
#12914 = FILL_AREA_STYLE('',(#12915));
#12915 = FILL_AREA_STYLE_COLOUR('',#11563);
#12916 = CURVE_STYLE('',#12917,POSITIVE_LENGTH_MEASURE(0.1),#11563);
#12917 = DRAUGHTING_PRE_DEFINED_CURVE_FONT('continuous');
#12918 = STYLED_ITEM('color',(#12919),#5545);
#12919 = PRESENTATION_STYLE_ASSIGNMENT((#12920,#12925));
#12920 = SURFACE_STYLE_USAGE(.BOTH.,#12921);
#12921 = SURFACE_SIDE_STYLE('',(#12922));
#12922 = SURFACE_STYLE_FILL_AREA(#12923);
#12923 = FILL_AREA_STYLE('',(#12924));
#12924 = FILL_AREA_STYLE_COLOUR('',#11563);
#12925 = CURVE_STYLE('',#12926,POSITIVE_LENGTH_MEASURE(0.1),#11563);
#12926 = DRAUGHTING_PRE_DEFINED_CURVE_FONT('continuous');
#12927 = STYLED_ITEM('color',(#12928),#5568);
#12928 = PRESENTATION_STYLE_ASSIGNMENT((#12929,#12934));
#12929 = SURFACE_STYLE_USAGE(.BOTH.,#12930);
#12930 = SURFACE_SIDE_STYLE('',(#12931));
#12931 = SURFACE_STYLE_FILL_AREA(#12932);
#12932 = FILL_AREA_STYLE('',(#12933));
#12933 = FILL_AREA_STYLE_COLOUR('',#11563);
#12934 = CURVE_STYLE('',#12935,POSITIVE_LENGTH_MEASURE(0.1),#11563);
#12935 = DRAUGHTING_PRE_DEFINED_CURVE_FONT('continuous');
#12936 = STYLED_ITEM('color',(#12937),#5639);
#12937 = PRESENTATION_STYLE_ASSIGNMENT((#12938,#12943));
#12938 = SURFACE_STYLE_USAGE(.BOTH.,#12939);
#12939 = SURFACE_SIDE_STYLE('',(#12940));
#12940 = SURFACE_STYLE_FILL_AREA(#12941);
#12941 = FILL_AREA_STYLE('',(#12942));
#12942 = FILL_AREA_STYLE_COLOUR('',#11563);
#12943 = CURVE_STYLE('',#12944,POSITIVE_LENGTH_MEASURE(0.1),#11563);
#12944 = DRAUGHTING_PRE_DEFINED_CURVE_FONT('continuous');
#12945 = STYLED_ITEM('color',(#12946),#5694);
#12946 = PRESENTATION_STYLE_ASSIGNMENT((#12947,#12952));
#12947 = SURFACE_STYLE_USAGE(.BOTH.,#12948);
#12948 = SURFACE_SIDE_STYLE('',(#12949));
#12949 = SURFACE_STYLE_FILL_AREA(#12950);
#12950 = FILL_AREA_STYLE('',(#12951));
#12951 = FILL_AREA_STYLE_COLOUR('',#11563);
#12952 = CURVE_STYLE('',#12953,POSITIVE_LENGTH_MEASURE(0.1),#11563);
#12953 = DRAUGHTING_PRE_DEFINED_CURVE_FONT('continuous');
#12954 = STYLED_ITEM('color',(#12955),#5717);
#12955 = PRESENTATION_STYLE_ASSIGNMENT((#12956,#12961));
#12956 = SURFACE_STYLE_USAGE(.BOTH.,#12957);
#12957 = SURFACE_SIDE_STYLE('',(#12958));
#12958 = SURFACE_STYLE_FILL_AREA(#12959);
#12959 = FILL_AREA_STYLE('',(#12960));
#12960 = FILL_AREA_STYLE_COLOUR('',#11563);
#12961 = CURVE_STYLE('',#12962,POSITIVE_LENGTH_MEASURE(0.1),#11563);
#12962 = DRAUGHTING_PRE_DEFINED_CURVE_FONT('continuous');
#12963 = STYLED_ITEM('color',(#12964),#5740);
#12964 = PRESENTATION_STYLE_ASSIGNMENT((#12965,#12970));
#12965 = SURFACE_STYLE_USAGE(.BOTH.,#12966);
#12966 = SURFACE_SIDE_STYLE('',(#12967));
#12967 = SURFACE_STYLE_FILL_AREA(#12968);
#12968 = FILL_AREA_STYLE('',(#12969));
#12969 = FILL_AREA_STYLE_COLOUR('',#11563);
#12970 = CURVE_STYLE('',#12971,POSITIVE_LENGTH_MEASURE(0.1),#11563);
#12971 = DRAUGHTING_PRE_DEFINED_CURVE_FONT('continuous');
#12972 = STYLED_ITEM('color',(#12973),#5757);
#12973 = PRESENTATION_STYLE_ASSIGNMENT((#12974,#12979));
#12974 = SURFACE_STYLE_USAGE(.BOTH.,#12975);
#12975 = SURFACE_SIDE_STYLE('',(#12976));
#12976 = SURFACE_STYLE_FILL_AREA(#12977);
#12977 = FILL_AREA_STYLE('',(#12978));
#12978 = FILL_AREA_STYLE_COLOUR('',#11563);
#12979 = CURVE_STYLE('',#12980,POSITIVE_LENGTH_MEASURE(0.1),#11563);
#12980 = DRAUGHTING_PRE_DEFINED_CURVE_FONT('continuous');
#12981 = STYLED_ITEM('color',(#12982),#5780);
#12982 = PRESENTATION_STYLE_ASSIGNMENT((#12983,#12988));
#12983 = SURFACE_STYLE_USAGE(.BOTH.,#12984);
#12984 = SURFACE_SIDE_STYLE('',(#12985));
#12985 = SURFACE_STYLE_FILL_AREA(#12986);
#12986 = FILL_AREA_STYLE('',(#12987));
#12987 = FILL_AREA_STYLE_COLOUR('',#11563);
#12988 = CURVE_STYLE('',#12989,POSITIVE_LENGTH_MEASURE(0.1),#11563);
#12989 = DRAUGHTING_PRE_DEFINED_CURVE_FONT('continuous');
#12990 = STYLED_ITEM('color',(#12991),#5868);
#12991 = PRESENTATION_STYLE_ASSIGNMENT((#12992,#12997));
#12992 = SURFACE_STYLE_USAGE(.BOTH.,#12993);
#12993 = SURFACE_SIDE_STYLE('',(#12994));
#12994 = SURFACE_STYLE_FILL_AREA(#12995);
#12995 = FILL_AREA_STYLE('',(#12996));
#12996 = FILL_AREA_STYLE_COLOUR('',#11563);
#12997 = CURVE_STYLE('',#12998,POSITIVE_LENGTH_MEASURE(0.1),#11563);
#12998 = DRAUGHTING_PRE_DEFINED_CURVE_FONT('continuous');
#12999 = STYLED_ITEM('color',(#13000),#5884);
#13000 = PRESENTATION_STYLE_ASSIGNMENT((#13001,#13006));
#13001 = SURFACE_STYLE_USAGE(.BOTH.,#13002);
#13002 = SURFACE_SIDE_STYLE('',(#13003));
#13003 = SURFACE_STYLE_FILL_AREA(#13004);
#13004 = FILL_AREA_STYLE('',(#13005));
#13005 = FILL_AREA_STYLE_COLOUR('',#11563);
#13006 = CURVE_STYLE('',#13007,POSITIVE_LENGTH_MEASURE(0.1),#11563);
#13007 = DRAUGHTING_PRE_DEFINED_CURVE_FONT('continuous');
#13008 = STYLED_ITEM('color',(#13009),#5914);
#13009 = PRESENTATION_STYLE_ASSIGNMENT((#13010,#13015));
#13010 = SURFACE_STYLE_USAGE(.BOTH.,#13011);
#13011 = SURFACE_SIDE_STYLE('',(#13012));
#13012 = SURFACE_STYLE_FILL_AREA(#13013);
#13013 = FILL_AREA_STYLE('',(#13014));
#13014 = FILL_AREA_STYLE_COLOUR('',#10973);
#13015 = CURVE_STYLE('',#13016,POSITIVE_LENGTH_MEASURE(0.1),#10973);
#13016 = DRAUGHTING_PRE_DEFINED_CURVE_FONT('continuous');
#13017 = STYLED_ITEM('color',(#13018),#5945);
#13018 = PRESENTATION_STYLE_ASSIGNMENT((#13019,#13024));
#13019 = SURFACE_STYLE_USAGE(.BOTH.,#13020);
#13020 = SURFACE_SIDE_STYLE('',(#13021));
#13021 = SURFACE_STYLE_FILL_AREA(#13022);
#13022 = FILL_AREA_STYLE('',(#13023));
#13023 = FILL_AREA_STYLE_COLOUR('',#11563);
#13024 = CURVE_STYLE('',#13025,POSITIVE_LENGTH_MEASURE(0.1),#11563);
#13025 = DRAUGHTING_PRE_DEFINED_CURVE_FONT('continuous');
#13026 = STYLED_ITEM('color',(#13027),#5976);
#13027 = PRESENTATION_STYLE_ASSIGNMENT((#13028,#13033));
#13028 = SURFACE_STYLE_USAGE(.BOTH.,#13029);
#13029 = SURFACE_SIDE_STYLE('',(#13030));
#13030 = SURFACE_STYLE_FILL_AREA(#13031);
#13031 = FILL_AREA_STYLE('',(#13032));
#13032 = FILL_AREA_STYLE_COLOUR('',#10973);
#13033 = CURVE_STYLE('',#13034,POSITIVE_LENGTH_MEASURE(0.1),#10973);
#13034 = DRAUGHTING_PRE_DEFINED_CURVE_FONT('continuous');
#13035 = STYLED_ITEM('color',(#13036),#6007);
#13036 = PRESENTATION_STYLE_ASSIGNMENT((#13037,#13042));
#13037 = SURFACE_STYLE_USAGE(.BOTH.,#13038);
#13038 = SURFACE_SIDE_STYLE('',(#13039));
#13039 = SURFACE_STYLE_FILL_AREA(#13040);
#13040 = FILL_AREA_STYLE('',(#13041));
#13041 = FILL_AREA_STYLE_COLOUR('',#11563);
#13042 = CURVE_STYLE('',#13043,POSITIVE_LENGTH_MEASURE(0.1),#11563);
#13043 = DRAUGHTING_PRE_DEFINED_CURVE_FONT('continuous');
#13044 = STYLED_ITEM('color',(#13045),#6038);
#13045 = PRESENTATION_STYLE_ASSIGNMENT((#13046,#13051));
#13046 = SURFACE_STYLE_USAGE(.BOTH.,#13047);
#13047 = SURFACE_SIDE_STYLE('',(#13048));
#13048 = SURFACE_STYLE_FILL_AREA(#13049);
#13049 = FILL_AREA_STYLE('',(#13050));
#13050 = FILL_AREA_STYLE_COLOUR('',#10973);
#13051 = CURVE_STYLE('',#13052,POSITIVE_LENGTH_MEASURE(0.1),#10973);
#13052 = DRAUGHTING_PRE_DEFINED_CURVE_FONT('continuous');
#13053 = STYLED_ITEM('color',(#13054),#6069);
#13054 = PRESENTATION_STYLE_ASSIGNMENT((#13055,#13060));
#13055 = SURFACE_STYLE_USAGE(.BOTH.,#13056);
#13056 = SURFACE_SIDE_STYLE('',(#13057));
#13057 = SURFACE_STYLE_FILL_AREA(#13058);
#13058 = FILL_AREA_STYLE('',(#13059));
#13059 = FILL_AREA_STYLE_COLOUR('',#11563);
#13060 = CURVE_STYLE('',#13061,POSITIVE_LENGTH_MEASURE(0.1),#11563);
#13061 = DRAUGHTING_PRE_DEFINED_CURVE_FONT('continuous');
#13062 = STYLED_ITEM('color',(#13063),#6086);
#13063 = PRESENTATION_STYLE_ASSIGNMENT((#13064,#13069));
#13064 = SURFACE_STYLE_USAGE(.BOTH.,#13065);
#13065 = SURFACE_SIDE_STYLE('',(#13066));
#13066 = SURFACE_STYLE_FILL_AREA(#13067);
#13067 = FILL_AREA_STYLE('',(#13068));
#13068 = FILL_AREA_STYLE_COLOUR('',#11563);
#13069 = CURVE_STYLE('',#13070,POSITIVE_LENGTH_MEASURE(0.1),#11563);
#13070 = DRAUGHTING_PRE_DEFINED_CURVE_FONT('continuous');
#13071 = STYLED_ITEM('color',(#13072),#6103);
#13072 = PRESENTATION_STYLE_ASSIGNMENT((#13073,#13078));
#13073 = SURFACE_STYLE_USAGE(.BOTH.,#13074);
#13074 = SURFACE_SIDE_STYLE('',(#13075));
#13075 = SURFACE_STYLE_FILL_AREA(#13076);
#13076 = FILL_AREA_STYLE('',(#13077));
#13077 = FILL_AREA_STYLE_COLOUR('',#10973);
#13078 = CURVE_STYLE('',#13079,POSITIVE_LENGTH_MEASURE(0.1),#10973);
#13079 = DRAUGHTING_PRE_DEFINED_CURVE_FONT('continuous');
#13080 = STYLED_ITEM('color',(#13081),#6134);
#13081 = PRESENTATION_STYLE_ASSIGNMENT((#13082,#13087));
#13082 = SURFACE_STYLE_USAGE(.BOTH.,#13083);
#13083 = SURFACE_SIDE_STYLE('',(#13084));
#13084 = SURFACE_STYLE_FILL_AREA(#13085);
#13085 = FILL_AREA_STYLE('',(#13086));
#13086 = FILL_AREA_STYLE_COLOUR('',#11563);
#13087 = CURVE_STYLE('',#13088,POSITIVE_LENGTH_MEASURE(0.1),#11563);
#13088 = DRAUGHTING_PRE_DEFINED_CURVE_FONT('continuous');
#13089 = STYLED_ITEM('color',(#13090),#6165);
#13090 = PRESENTATION_STYLE_ASSIGNMENT((#13091,#13096));
#13091 = SURFACE_STYLE_USAGE(.BOTH.,#13092);
#13092 = SURFACE_SIDE_STYLE('',(#13093));
#13093 = SURFACE_STYLE_FILL_AREA(#13094);
#13094 = FILL_AREA_STYLE('',(#13095));
#13095 = FILL_AREA_STYLE_COLOUR('',#10973);
#13096 = CURVE_STYLE('',#13097,POSITIVE_LENGTH_MEASURE(0.1),#10973);
#13097 = DRAUGHTING_PRE_DEFINED_CURVE_FONT('continuous');
#13098 = STYLED_ITEM('color',(#13099),#6196);
#13099 = PRESENTATION_STYLE_ASSIGNMENT((#13100,#13105));
#13100 = SURFACE_STYLE_USAGE(.BOTH.,#13101);
#13101 = SURFACE_SIDE_STYLE('',(#13102));
#13102 = SURFACE_STYLE_FILL_AREA(#13103);
#13103 = FILL_AREA_STYLE('',(#13104));
#13104 = FILL_AREA_STYLE_COLOUR('',#11563);
#13105 = CURVE_STYLE('',#13106,POSITIVE_LENGTH_MEASURE(0.1),#11563);
#13106 = DRAUGHTING_PRE_DEFINED_CURVE_FONT('continuous');
#13107 = STYLED_ITEM('color',(#13108),#6226);
#13108 = PRESENTATION_STYLE_ASSIGNMENT((#13109,#13114));
#13109 = SURFACE_STYLE_USAGE(.BOTH.,#13110);
#13110 = SURFACE_SIDE_STYLE('',(#13111));
#13111 = SURFACE_STYLE_FILL_AREA(#13112);
#13112 = FILL_AREA_STYLE('',(#13113));
#13113 = FILL_AREA_STYLE_COLOUR('',#11563);
#13114 = CURVE_STYLE('',#13115,POSITIVE_LENGTH_MEASURE(0.1),#11563);
#13115 = DRAUGHTING_PRE_DEFINED_CURVE_FONT('continuous');
#13116 = STYLED_ITEM('color',(#13117),#6249);
#13117 = PRESENTATION_STYLE_ASSIGNMENT((#13118,#13123));
#13118 = SURFACE_STYLE_USAGE(.BOTH.,#13119);
#13119 = SURFACE_SIDE_STYLE('',(#13120));
#13120 = SURFACE_STYLE_FILL_AREA(#13121);
#13121 = FILL_AREA_STYLE('',(#13122));
#13122 = FILL_AREA_STYLE_COLOUR('',#11563);
#13123 = CURVE_STYLE('',#13124,POSITIVE_LENGTH_MEASURE(0.1),#11563);
#13124 = DRAUGHTING_PRE_DEFINED_CURVE_FONT('continuous');
#13125 = STYLED_ITEM('color',(#13126),#6272);
#13126 = PRESENTATION_STYLE_ASSIGNMENT((#13127,#13132));
#13127 = SURFACE_STYLE_USAGE(.BOTH.,#13128);
#13128 = SURFACE_SIDE_STYLE('',(#13129));
#13129 = SURFACE_STYLE_FILL_AREA(#13130);
#13130 = FILL_AREA_STYLE('',(#13131));
#13131 = FILL_AREA_STYLE_COLOUR('',#11563);
#13132 = CURVE_STYLE('',#13133,POSITIVE_LENGTH_MEASURE(0.1),#11563);
#13133 = DRAUGHTING_PRE_DEFINED_CURVE_FONT('continuous');
#13134 = STYLED_ITEM('color',(#13135),#6289);
#13135 = PRESENTATION_STYLE_ASSIGNMENT((#13136,#13141));
#13136 = SURFACE_STYLE_USAGE(.BOTH.,#13137);
#13137 = SURFACE_SIDE_STYLE('',(#13138));
#13138 = SURFACE_STYLE_FILL_AREA(#13139);
#13139 = FILL_AREA_STYLE('',(#13140));
#13140 = FILL_AREA_STYLE_COLOUR('',#10973);
#13141 = CURVE_STYLE('',#13142,POSITIVE_LENGTH_MEASURE(0.1),#10973);
#13142 = DRAUGHTING_PRE_DEFINED_CURVE_FONT('continuous');
#13143 = STYLED_ITEM('color',(#13144),#6334);
#13144 = PRESENTATION_STYLE_ASSIGNMENT((#13145,#13150));
#13145 = SURFACE_STYLE_USAGE(.BOTH.,#13146);
#13146 = SURFACE_SIDE_STYLE('',(#13147));
#13147 = SURFACE_STYLE_FILL_AREA(#13148);
#13148 = FILL_AREA_STYLE('',(#13149));
#13149 = FILL_AREA_STYLE_COLOUR('',#11563);
#13150 = CURVE_STYLE('',#13151,POSITIVE_LENGTH_MEASURE(0.1),#11563);
#13151 = DRAUGHTING_PRE_DEFINED_CURVE_FONT('continuous');
#13152 = STYLED_ITEM('color',(#13153),#6404);
#13153 = PRESENTATION_STYLE_ASSIGNMENT((#13154,#13159));
#13154 = SURFACE_STYLE_USAGE(.BOTH.,#13155);
#13155 = SURFACE_SIDE_STYLE('',(#13156));
#13156 = SURFACE_STYLE_FILL_AREA(#13157);
#13157 = FILL_AREA_STYLE('',(#13158));
#13158 = FILL_AREA_STYLE_COLOUR('',#11563);
#13159 = CURVE_STYLE('',#13160,POSITIVE_LENGTH_MEASURE(0.1),#11563);
#13160 = DRAUGHTING_PRE_DEFINED_CURVE_FONT('continuous');
#13161 = STYLED_ITEM('color',(#13162),#6427);
#13162 = PRESENTATION_STYLE_ASSIGNMENT((#13163,#13168));
#13163 = SURFACE_STYLE_USAGE(.BOTH.,#13164);
#13164 = SURFACE_SIDE_STYLE('',(#13165));
#13165 = SURFACE_STYLE_FILL_AREA(#13166);
#13166 = FILL_AREA_STYLE('',(#13167));
#13167 = FILL_AREA_STYLE_COLOUR('',#11563);
#13168 = CURVE_STYLE('',#13169,POSITIVE_LENGTH_MEASURE(0.1),#11563);
#13169 = DRAUGHTING_PRE_DEFINED_CURVE_FONT('continuous');
#13170 = STYLED_ITEM('color',(#13171),#6450);
#13171 = PRESENTATION_STYLE_ASSIGNMENT((#13172,#13177));
#13172 = SURFACE_STYLE_USAGE(.BOTH.,#13173);
#13173 = SURFACE_SIDE_STYLE('',(#13174));
#13174 = SURFACE_STYLE_FILL_AREA(#13175);
#13175 = FILL_AREA_STYLE('',(#13176));
#13176 = FILL_AREA_STYLE_COLOUR('',#11563);
#13177 = CURVE_STYLE('',#13178,POSITIVE_LENGTH_MEASURE(0.1),#11563);
#13178 = DRAUGHTING_PRE_DEFINED_CURVE_FONT('continuous');
#13179 = STYLED_ITEM('color',(#13180),#6473);
#13180 = PRESENTATION_STYLE_ASSIGNMENT((#13181,#13186));
#13181 = SURFACE_STYLE_USAGE(.BOTH.,#13182);
#13182 = SURFACE_SIDE_STYLE('',(#13183));
#13183 = SURFACE_STYLE_FILL_AREA(#13184);
#13184 = FILL_AREA_STYLE('',(#13185));
#13185 = FILL_AREA_STYLE_COLOUR('',#11563);
#13186 = CURVE_STYLE('',#13187,POSITIVE_LENGTH_MEASURE(0.1),#11563);
#13187 = DRAUGHTING_PRE_DEFINED_CURVE_FONT('continuous');
#13188 = STYLED_ITEM('color',(#13189),#6528);
#13189 = PRESENTATION_STYLE_ASSIGNMENT((#13190,#13195));
#13190 = SURFACE_STYLE_USAGE(.BOTH.,#13191);
#13191 = SURFACE_SIDE_STYLE('',(#13192));
#13192 = SURFACE_STYLE_FILL_AREA(#13193);
#13193 = FILL_AREA_STYLE('',(#13194));
#13194 = FILL_AREA_STYLE_COLOUR('',#10973);
#13195 = CURVE_STYLE('',#13196,POSITIVE_LENGTH_MEASURE(0.1),#10973);
#13196 = DRAUGHTING_PRE_DEFINED_CURVE_FONT('continuous');
#13197 = STYLED_ITEM('color',(#13198),#6566);
#13198 = PRESENTATION_STYLE_ASSIGNMENT((#13199,#13204));
#13199 = SURFACE_STYLE_USAGE(.BOTH.,#13200);
#13200 = SURFACE_SIDE_STYLE('',(#13201));
#13201 = SURFACE_STYLE_FILL_AREA(#13202);
#13202 = FILL_AREA_STYLE('',(#13203));
#13203 = FILL_AREA_STYLE_COLOUR('',#11563);
#13204 = CURVE_STYLE('',#13205,POSITIVE_LENGTH_MEASURE(0.1),#11563);
#13205 = DRAUGHTING_PRE_DEFINED_CURVE_FONT('continuous');
#13206 = STYLED_ITEM('color',(#13207),#6615);
#13207 = PRESENTATION_STYLE_ASSIGNMENT((#13208,#13213));
#13208 = SURFACE_STYLE_USAGE(.BOTH.,#13209);
#13209 = SURFACE_SIDE_STYLE('',(#13210));
#13210 = SURFACE_STYLE_FILL_AREA(#13211);
#13211 = FILL_AREA_STYLE('',(#13212));
#13212 = FILL_AREA_STYLE_COLOUR('',#10973);
#13213 = CURVE_STYLE('',#13214,POSITIVE_LENGTH_MEASURE(0.1),#10973);
#13214 = DRAUGHTING_PRE_DEFINED_CURVE_FONT('continuous');
#13215 = STYLED_ITEM('color',(#13216),#6707);
#13216 = PRESENTATION_STYLE_ASSIGNMENT((#13217,#13222));
#13217 = SURFACE_STYLE_USAGE(.BOTH.,#13218);
#13218 = SURFACE_SIDE_STYLE('',(#13219));
#13219 = SURFACE_STYLE_FILL_AREA(#13220);
#13220 = FILL_AREA_STYLE('',(#13221));
#13221 = FILL_AREA_STYLE_COLOUR('',#10973);
#13222 = CURVE_STYLE('',#13223,POSITIVE_LENGTH_MEASURE(0.1),#10973);
#13223 = DRAUGHTING_PRE_DEFINED_CURVE_FONT('continuous');
#13224 = STYLED_ITEM('color',(#13225),#6732);
#13225 = PRESENTATION_STYLE_ASSIGNMENT((#13226,#13231));
#13226 = SURFACE_STYLE_USAGE(.BOTH.,#13227);
#13227 = SURFACE_SIDE_STYLE('',(#13228));
#13228 = SURFACE_STYLE_FILL_AREA(#13229);
#13229 = FILL_AREA_STYLE('',(#13230));
#13230 = FILL_AREA_STYLE_COLOUR('',#10973);
#13231 = CURVE_STYLE('',#13232,POSITIVE_LENGTH_MEASURE(0.1),#10973);
#13232 = DRAUGHTING_PRE_DEFINED_CURVE_FONT('continuous');
#13233 = STYLED_ITEM('color',(#13234),#6816);
#13234 = PRESENTATION_STYLE_ASSIGNMENT((#13235,#13240));
#13235 = SURFACE_STYLE_USAGE(.BOTH.,#13236);
#13236 = SURFACE_SIDE_STYLE('',(#13237));
#13237 = SURFACE_STYLE_FILL_AREA(#13238);
#13238 = FILL_AREA_STYLE('',(#13239));
#13239 = FILL_AREA_STYLE_COLOUR('',#11563);
#13240 = CURVE_STYLE('',#13241,POSITIVE_LENGTH_MEASURE(0.1),#11563);
#13241 = DRAUGHTING_PRE_DEFINED_CURVE_FONT('continuous');
#13242 = STYLED_ITEM('color',(#13243),#6838);
#13243 = PRESENTATION_STYLE_ASSIGNMENT((#13244,#13249));
#13244 = SURFACE_STYLE_USAGE(.BOTH.,#13245);
#13245 = SURFACE_SIDE_STYLE('',(#13246));
#13246 = SURFACE_STYLE_FILL_AREA(#13247);
#13247 = FILL_AREA_STYLE('',(#13248));
#13248 = FILL_AREA_STYLE_COLOUR('',#10973);
#13249 = CURVE_STYLE('',#13250,POSITIVE_LENGTH_MEASURE(0.1),#10973);
#13250 = DRAUGHTING_PRE_DEFINED_CURVE_FONT('continuous');
#13251 = STYLED_ITEM('color',(#13252),#6930);
#13252 = PRESENTATION_STYLE_ASSIGNMENT((#13253,#13258));
#13253 = SURFACE_STYLE_USAGE(.BOTH.,#13254);
#13254 = SURFACE_SIDE_STYLE('',(#13255));
#13255 = SURFACE_STYLE_FILL_AREA(#13256);
#13256 = FILL_AREA_STYLE('',(#13257));
#13257 = FILL_AREA_STYLE_COLOUR('',#10973);
#13258 = CURVE_STYLE('',#13259,POSITIVE_LENGTH_MEASURE(0.1),#10973);
#13259 = DRAUGHTING_PRE_DEFINED_CURVE_FONT('continuous');
#13260 = STYLED_ITEM('color',(#13261),#6955);
#13261 = PRESENTATION_STYLE_ASSIGNMENT((#13262,#13267));
#13262 = SURFACE_STYLE_USAGE(.BOTH.,#13263);
#13263 = SURFACE_SIDE_STYLE('',(#13264));
#13264 = SURFACE_STYLE_FILL_AREA(#13265);
#13265 = FILL_AREA_STYLE('',(#13266));
#13266 = FILL_AREA_STYLE_COLOUR('',#10973);
#13267 = CURVE_STYLE('',#13268,POSITIVE_LENGTH_MEASURE(0.1),#10973);
#13268 = DRAUGHTING_PRE_DEFINED_CURVE_FONT('continuous');
#13269 = STYLED_ITEM('color',(#13270),#7039);
#13270 = PRESENTATION_STYLE_ASSIGNMENT((#13271,#13276));
#13271 = SURFACE_STYLE_USAGE(.BOTH.,#13272);
#13272 = SURFACE_SIDE_STYLE('',(#13273));
#13273 = SURFACE_STYLE_FILL_AREA(#13274);
#13274 = FILL_AREA_STYLE('',(#13275));
#13275 = FILL_AREA_STYLE_COLOUR('',#11563);
#13276 = CURVE_STYLE('',#13277,POSITIVE_LENGTH_MEASURE(0.1),#11563);
#13277 = DRAUGHTING_PRE_DEFINED_CURVE_FONT('continuous');
#13278 = STYLED_ITEM('color',(#13279),#7056);
#13279 = PRESENTATION_STYLE_ASSIGNMENT((#13280,#13285));
#13280 = SURFACE_STYLE_USAGE(.BOTH.,#13281);
#13281 = SURFACE_SIDE_STYLE('',(#13282));
#13282 = SURFACE_STYLE_FILL_AREA(#13283);
#13283 = FILL_AREA_STYLE('',(#13284));
#13284 = FILL_AREA_STYLE_COLOUR('',#10973);
#13285 = CURVE_STYLE('',#13286,POSITIVE_LENGTH_MEASURE(0.1),#10973);
#13286 = DRAUGHTING_PRE_DEFINED_CURVE_FONT('continuous');
#13287 = STYLED_ITEM('color',(#13288),#7141);
#13288 = PRESENTATION_STYLE_ASSIGNMENT((#13289,#13294));
#13289 = SURFACE_STYLE_USAGE(.BOTH.,#13290);
#13290 = SURFACE_SIDE_STYLE('',(#13291));
#13291 = SURFACE_STYLE_FILL_AREA(#13292);
#13292 = FILL_AREA_STYLE('',(#13293));
#13293 = FILL_AREA_STYLE_COLOUR('',#10973);
#13294 = CURVE_STYLE('',#13295,POSITIVE_LENGTH_MEASURE(0.1),#10973);
#13295 = DRAUGHTING_PRE_DEFINED_CURVE_FONT('continuous');
#13296 = STYLED_ITEM('color',(#13297),#7166);
#13297 = PRESENTATION_STYLE_ASSIGNMENT((#13298,#13303));
#13298 = SURFACE_STYLE_USAGE(.BOTH.,#13299);
#13299 = SURFACE_SIDE_STYLE('',(#13300));
#13300 = SURFACE_STYLE_FILL_AREA(#13301);
#13301 = FILL_AREA_STYLE('',(#13302));
#13302 = FILL_AREA_STYLE_COLOUR('',#10973);
#13303 = CURVE_STYLE('',#13304,POSITIVE_LENGTH_MEASURE(0.1),#10973);
#13304 = DRAUGHTING_PRE_DEFINED_CURVE_FONT('continuous');
#13305 = STYLED_ITEM('color',(#13306),#7243);
#13306 = PRESENTATION_STYLE_ASSIGNMENT((#13307,#13312));
#13307 = SURFACE_STYLE_USAGE(.BOTH.,#13308);
#13308 = SURFACE_SIDE_STYLE('',(#13309));
#13309 = SURFACE_STYLE_FILL_AREA(#13310);
#13310 = FILL_AREA_STYLE('',(#13311));
#13311 = FILL_AREA_STYLE_COLOUR('',#10973);
#13312 = CURVE_STYLE('',#13313,POSITIVE_LENGTH_MEASURE(0.1),#10973);
#13313 = DRAUGHTING_PRE_DEFINED_CURVE_FONT('continuous');
#13314 = STYLED_ITEM('color',(#13315),#7328);
#13315 = PRESENTATION_STYLE_ASSIGNMENT((#13316,#13321));
#13316 = SURFACE_STYLE_USAGE(.BOTH.,#13317);
#13317 = SURFACE_SIDE_STYLE('',(#13318));
#13318 = SURFACE_STYLE_FILL_AREA(#13319);
#13319 = FILL_AREA_STYLE('',(#13320));
#13320 = FILL_AREA_STYLE_COLOUR('',#10973);
#13321 = CURVE_STYLE('',#13322,POSITIVE_LENGTH_MEASURE(0.1),#10973);
#13322 = DRAUGHTING_PRE_DEFINED_CURVE_FONT('continuous');
#13323 = STYLED_ITEM('color',(#13324),#7353);
#13324 = PRESENTATION_STYLE_ASSIGNMENT((#13325,#13330));
#13325 = SURFACE_STYLE_USAGE(.BOTH.,#13326);
#13326 = SURFACE_SIDE_STYLE('',(#13327));
#13327 = SURFACE_STYLE_FILL_AREA(#13328);
#13328 = FILL_AREA_STYLE('',(#13329));
#13329 = FILL_AREA_STYLE_COLOUR('',#10973);
#13330 = CURVE_STYLE('',#13331,POSITIVE_LENGTH_MEASURE(0.1),#10973);
#13331 = DRAUGHTING_PRE_DEFINED_CURVE_FONT('continuous');
#13332 = STYLED_ITEM('color',(#13333),#7430);
#13333 = PRESENTATION_STYLE_ASSIGNMENT((#13334,#13339));
#13334 = SURFACE_STYLE_USAGE(.BOTH.,#13335);
#13335 = SURFACE_SIDE_STYLE('',(#13336));
#13336 = SURFACE_STYLE_FILL_AREA(#13337);
#13337 = FILL_AREA_STYLE('',(#13338));
#13338 = FILL_AREA_STYLE_COLOUR('',#11563);
#13339 = CURVE_STYLE('',#13340,POSITIVE_LENGTH_MEASURE(0.1),#11563);
#13340 = DRAUGHTING_PRE_DEFINED_CURVE_FONT('continuous');
#13341 = STYLED_ITEM('color',(#13342),#7447);
#13342 = PRESENTATION_STYLE_ASSIGNMENT((#13343,#13348));
#13343 = SURFACE_STYLE_USAGE(.BOTH.,#13344);
#13344 = SURFACE_SIDE_STYLE('',(#13345));
#13345 = SURFACE_STYLE_FILL_AREA(#13346);
#13346 = FILL_AREA_STYLE('',(#13347));
#13347 = FILL_AREA_STYLE_COLOUR('',#10973);
#13348 = CURVE_STYLE('',#13349,POSITIVE_LENGTH_MEASURE(0.1),#10973);
#13349 = DRAUGHTING_PRE_DEFINED_CURVE_FONT('continuous');
#13350 = STYLED_ITEM('color',(#13351),#7539);
#13351 = PRESENTATION_STYLE_ASSIGNMENT((#13352,#13357));
#13352 = SURFACE_STYLE_USAGE(.BOTH.,#13353);
#13353 = SURFACE_SIDE_STYLE('',(#13354));
#13354 = SURFACE_STYLE_FILL_AREA(#13355);
#13355 = FILL_AREA_STYLE('',(#13356));
#13356 = FILL_AREA_STYLE_COLOUR('',#10973);
#13357 = CURVE_STYLE('',#13358,POSITIVE_LENGTH_MEASURE(0.1),#10973);
#13358 = DRAUGHTING_PRE_DEFINED_CURVE_FONT('continuous');
#13359 = STYLED_ITEM('color',(#13360),#7564);
#13360 = PRESENTATION_STYLE_ASSIGNMENT((#13361,#13366));
#13361 = SURFACE_STYLE_USAGE(.BOTH.,#13362);
#13362 = SURFACE_SIDE_STYLE('',(#13363));
#13363 = SURFACE_STYLE_FILL_AREA(#13364);
#13364 = FILL_AREA_STYLE('',(#13365));
#13365 = FILL_AREA_STYLE_COLOUR('',#10973);
#13366 = CURVE_STYLE('',#13367,POSITIVE_LENGTH_MEASURE(0.1),#10973);
#13367 = DRAUGHTING_PRE_DEFINED_CURVE_FONT('continuous');
#13368 = STYLED_ITEM('color',(#13369),#7648);
#13369 = PRESENTATION_STYLE_ASSIGNMENT((#13370,#13375));
#13370 = SURFACE_STYLE_USAGE(.BOTH.,#13371);
#13371 = SURFACE_SIDE_STYLE('',(#13372));
#13372 = SURFACE_STYLE_FILL_AREA(#13373);
#13373 = FILL_AREA_STYLE('',(#13374));
#13374 = FILL_AREA_STYLE_COLOUR('',#10973);
#13375 = CURVE_STYLE('',#13376,POSITIVE_LENGTH_MEASURE(0.1),#10973);
#13376 = DRAUGHTING_PRE_DEFINED_CURVE_FONT('continuous');
#13377 = STYLED_ITEM('color',(#13378),#7665);
#13378 = PRESENTATION_STYLE_ASSIGNMENT((#13379,#13384));
#13379 = SURFACE_STYLE_USAGE(.BOTH.,#13380);
#13380 = SURFACE_SIDE_STYLE('',(#13381));
#13381 = SURFACE_STYLE_FILL_AREA(#13382);
#13382 = FILL_AREA_STYLE('',(#13383));
#13383 = FILL_AREA_STYLE_COLOUR('',#10973);
#13384 = CURVE_STYLE('',#13385,POSITIVE_LENGTH_MEASURE(0.1),#10973);
#13385 = DRAUGHTING_PRE_DEFINED_CURVE_FONT('continuous');
#13386 = STYLED_ITEM('color',(#13387),#7684);
#13387 = PRESENTATION_STYLE_ASSIGNMENT((#13388,#13393));
#13388 = SURFACE_STYLE_USAGE(.BOTH.,#13389);
#13389 = SURFACE_SIDE_STYLE('',(#13390));
#13390 = SURFACE_STYLE_FILL_AREA(#13391);
#13391 = FILL_AREA_STYLE('',(#13392));
#13392 = FILL_AREA_STYLE_COLOUR('',#10973);
#13393 = CURVE_STYLE('',#13394,POSITIVE_LENGTH_MEASURE(0.1),#10973);
#13394 = DRAUGHTING_PRE_DEFINED_CURVE_FONT('continuous');
#13395 = STYLED_ITEM('color',(#13396),#7703);
#13396 = PRESENTATION_STYLE_ASSIGNMENT((#13397,#13402));
#13397 = SURFACE_STYLE_USAGE(.BOTH.,#13398);
#13398 = SURFACE_SIDE_STYLE('',(#13399));
#13399 = SURFACE_STYLE_FILL_AREA(#13400);
#13400 = FILL_AREA_STYLE('',(#13401));
#13401 = FILL_AREA_STYLE_COLOUR('',#11563);
#13402 = CURVE_STYLE('',#13403,POSITIVE_LENGTH_MEASURE(0.1),#11563);
#13403 = DRAUGHTING_PRE_DEFINED_CURVE_FONT('continuous');
#13404 = STYLED_ITEM('color',(#13405),#7749);
#13405 = PRESENTATION_STYLE_ASSIGNMENT((#13406,#13411));
#13406 = SURFACE_STYLE_USAGE(.BOTH.,#13407);
#13407 = SURFACE_SIDE_STYLE('',(#13408));
#13408 = SURFACE_STYLE_FILL_AREA(#13409);
#13409 = FILL_AREA_STYLE('',(#13410));
#13410 = FILL_AREA_STYLE_COLOUR('',#11563);
#13411 = CURVE_STYLE('',#13412,POSITIVE_LENGTH_MEASURE(0.1),#11563);
#13412 = DRAUGHTING_PRE_DEFINED_CURVE_FONT('continuous');
#13413 = STYLED_ITEM('color',(#13414),#7765);
#13414 = PRESENTATION_STYLE_ASSIGNMENT((#13415,#13420));
#13415 = SURFACE_STYLE_USAGE(.BOTH.,#13416);
#13416 = SURFACE_SIDE_STYLE('',(#13417));
#13417 = SURFACE_STYLE_FILL_AREA(#13418);
#13418 = FILL_AREA_STYLE('',(#13419));
#13419 = FILL_AREA_STYLE_COLOUR('',#10973);
#13420 = CURVE_STYLE('',#13421,POSITIVE_LENGTH_MEASURE(0.1),#10973);
#13421 = DRAUGHTING_PRE_DEFINED_CURVE_FONT('continuous');
#13422 = STYLED_ITEM('color',(#13423),#7784);
#13423 = PRESENTATION_STYLE_ASSIGNMENT((#13424,#13429));
#13424 = SURFACE_STYLE_USAGE(.BOTH.,#13425);
#13425 = SURFACE_SIDE_STYLE('',(#13426));
#13426 = SURFACE_STYLE_FILL_AREA(#13427);
#13427 = FILL_AREA_STYLE('',(#13428));
#13428 = FILL_AREA_STYLE_COLOUR('',#11563);
#13429 = CURVE_STYLE('',#13430,POSITIVE_LENGTH_MEASURE(0.1),#11563);
#13430 = DRAUGHTING_PRE_DEFINED_CURVE_FONT('continuous');
#13431 = STYLED_ITEM('color',(#13432),#7800);
#13432 = PRESENTATION_STYLE_ASSIGNMENT((#13433,#13438));
#13433 = SURFACE_STYLE_USAGE(.BOTH.,#13434);
#13434 = SURFACE_SIDE_STYLE('',(#13435));
#13435 = SURFACE_STYLE_FILL_AREA(#13436);
#13436 = FILL_AREA_STYLE('',(#13437));
#13437 = FILL_AREA_STYLE_COLOUR('',#10973);
#13438 = CURVE_STYLE('',#13439,POSITIVE_LENGTH_MEASURE(0.1),#10973);
#13439 = DRAUGHTING_PRE_DEFINED_CURVE_FONT('continuous');
#13440 = STYLED_ITEM('color',(#13441),#7817);
#13441 = PRESENTATION_STYLE_ASSIGNMENT((#13442,#13447));
#13442 = SURFACE_STYLE_USAGE(.BOTH.,#13443);
#13443 = SURFACE_SIDE_STYLE('',(#13444));
#13444 = SURFACE_STYLE_FILL_AREA(#13445);
#13445 = FILL_AREA_STYLE('',(#13446));
#13446 = FILL_AREA_STYLE_COLOUR('',#11563);
#13447 = CURVE_STYLE('',#13448,POSITIVE_LENGTH_MEASURE(0.1),#11563);
#13448 = DRAUGHTING_PRE_DEFINED_CURVE_FONT('continuous');
#13449 = STYLED_ITEM('color',(#13450),#7829);
#13450 = PRESENTATION_STYLE_ASSIGNMENT((#13451,#13456));
#13451 = SURFACE_STYLE_USAGE(.BOTH.,#13452);
#13452 = SURFACE_SIDE_STYLE('',(#13453));
#13453 = SURFACE_STYLE_FILL_AREA(#13454);
#13454 = FILL_AREA_STYLE('',(#13455));
#13455 = FILL_AREA_STYLE_COLOUR('',#10973);
#13456 = CURVE_STYLE('',#13457,POSITIVE_LENGTH_MEASURE(0.1),#10973);
#13457 = DRAUGHTING_PRE_DEFINED_CURVE_FONT('continuous');
#13458 = STYLED_ITEM('color',(#13459),#7846);
#13459 = PRESENTATION_STYLE_ASSIGNMENT((#13460,#13465));
#13460 = SURFACE_STYLE_USAGE(.BOTH.,#13461);
#13461 = SURFACE_SIDE_STYLE('',(#13462));
#13462 = SURFACE_STYLE_FILL_AREA(#13463);
#13463 = FILL_AREA_STYLE('',(#13464));
#13464 = FILL_AREA_STYLE_COLOUR('',#10973);
#13465 = CURVE_STYLE('',#13466,POSITIVE_LENGTH_MEASURE(0.1),#10973);
#13466 = DRAUGHTING_PRE_DEFINED_CURVE_FONT('continuous');
#13467 = STYLED_ITEM('color',(#13468),#7863);
#13468 = PRESENTATION_STYLE_ASSIGNMENT((#13469,#13474));
#13469 = SURFACE_STYLE_USAGE(.BOTH.,#13470);
#13470 = SURFACE_SIDE_STYLE('',(#13471));
#13471 = SURFACE_STYLE_FILL_AREA(#13472);
#13472 = FILL_AREA_STYLE('',(#13473));
#13473 = FILL_AREA_STYLE_COLOUR('',#10973);
#13474 = CURVE_STYLE('',#13475,POSITIVE_LENGTH_MEASURE(0.1),#10973);
#13475 = DRAUGHTING_PRE_DEFINED_CURVE_FONT('continuous');
#13476 = STYLED_ITEM('color',(#13477),#7880);
#13477 = PRESENTATION_STYLE_ASSIGNMENT((#13478,#13483));
#13478 = SURFACE_STYLE_USAGE(.BOTH.,#13479);
#13479 = SURFACE_SIDE_STYLE('',(#13480));
#13480 = SURFACE_STYLE_FILL_AREA(#13481);
#13481 = FILL_AREA_STYLE('',(#13482));
#13482 = FILL_AREA_STYLE_COLOUR('',#10973);
#13483 = CURVE_STYLE('',#13484,POSITIVE_LENGTH_MEASURE(0.1),#10973);
#13484 = DRAUGHTING_PRE_DEFINED_CURVE_FONT('continuous');
#13485 = STYLED_ITEM('color',(#13486),#7897);
#13486 = PRESENTATION_STYLE_ASSIGNMENT((#13487,#13492));
#13487 = SURFACE_STYLE_USAGE(.BOTH.,#13488);
#13488 = SURFACE_SIDE_STYLE('',(#13489));
#13489 = SURFACE_STYLE_FILL_AREA(#13490);
#13490 = FILL_AREA_STYLE('',(#13491));
#13491 = FILL_AREA_STYLE_COLOUR('',#10973);
#13492 = CURVE_STYLE('',#13493,POSITIVE_LENGTH_MEASURE(0.1),#10973);
#13493 = DRAUGHTING_PRE_DEFINED_CURVE_FONT('continuous');
#13494 = STYLED_ITEM('color',(#13495),#7914);
#13495 = PRESENTATION_STYLE_ASSIGNMENT((#13496,#13501));
#13496 = SURFACE_STYLE_USAGE(.BOTH.,#13497);
#13497 = SURFACE_SIDE_STYLE('',(#13498));
#13498 = SURFACE_STYLE_FILL_AREA(#13499);
#13499 = FILL_AREA_STYLE('',(#13500));
#13500 = FILL_AREA_STYLE_COLOUR('',#10973);
#13501 = CURVE_STYLE('',#13502,POSITIVE_LENGTH_MEASURE(0.1),#10973);
#13502 = DRAUGHTING_PRE_DEFINED_CURVE_FONT('continuous');
#13503 = STYLED_ITEM('color',(#13504),#7931);
#13504 = PRESENTATION_STYLE_ASSIGNMENT((#13505,#13510));
#13505 = SURFACE_STYLE_USAGE(.BOTH.,#13506);
#13506 = SURFACE_SIDE_STYLE('',(#13507));
#13507 = SURFACE_STYLE_FILL_AREA(#13508);
#13508 = FILL_AREA_STYLE('',(#13509));
#13509 = FILL_AREA_STYLE_COLOUR('',#10973);
#13510 = CURVE_STYLE('',#13511,POSITIVE_LENGTH_MEASURE(0.1),#10973);
#13511 = DRAUGHTING_PRE_DEFINED_CURVE_FONT('continuous');
#13512 = STYLED_ITEM('color',(#13513),#7948);
#13513 = PRESENTATION_STYLE_ASSIGNMENT((#13514,#13519));
#13514 = SURFACE_STYLE_USAGE(.BOTH.,#13515);
#13515 = SURFACE_SIDE_STYLE('',(#13516));
#13516 = SURFACE_STYLE_FILL_AREA(#13517);
#13517 = FILL_AREA_STYLE('',(#13518));
#13518 = FILL_AREA_STYLE_COLOUR('',#10973);
#13519 = CURVE_STYLE('',#13520,POSITIVE_LENGTH_MEASURE(0.1),#10973);
#13520 = DRAUGHTING_PRE_DEFINED_CURVE_FONT('continuous');
#13521 = STYLED_ITEM('color',(#13522),#7960);
#13522 = PRESENTATION_STYLE_ASSIGNMENT((#13523,#13528));
#13523 = SURFACE_STYLE_USAGE(.BOTH.,#13524);
#13524 = SURFACE_SIDE_STYLE('',(#13525));
#13525 = SURFACE_STYLE_FILL_AREA(#13526);
#13526 = FILL_AREA_STYLE('',(#13527));
#13527 = FILL_AREA_STYLE_COLOUR('',#10973);
#13528 = CURVE_STYLE('',#13529,POSITIVE_LENGTH_MEASURE(0.1),#10973);
#13529 = DRAUGHTING_PRE_DEFINED_CURVE_FONT('continuous');
#13530 = STYLED_ITEM('color',(#13531),#7977);
#13531 = PRESENTATION_STYLE_ASSIGNMENT((#13532,#13537));
#13532 = SURFACE_STYLE_USAGE(.BOTH.,#13533);
#13533 = SURFACE_SIDE_STYLE('',(#13534));
#13534 = SURFACE_STYLE_FILL_AREA(#13535);
#13535 = FILL_AREA_STYLE('',(#13536));
#13536 = FILL_AREA_STYLE_COLOUR('',#10973);
#13537 = CURVE_STYLE('',#13538,POSITIVE_LENGTH_MEASURE(0.1),#10973);
#13538 = DRAUGHTING_PRE_DEFINED_CURVE_FONT('continuous');
#13539 = STYLED_ITEM('color',(#13540),#7994);
#13540 = PRESENTATION_STYLE_ASSIGNMENT((#13541,#13546));
#13541 = SURFACE_STYLE_USAGE(.BOTH.,#13542);
#13542 = SURFACE_SIDE_STYLE('',(#13543));
#13543 = SURFACE_STYLE_FILL_AREA(#13544);
#13544 = FILL_AREA_STYLE('',(#13545));
#13545 = FILL_AREA_STYLE_COLOUR('',#10973);
#13546 = CURVE_STYLE('',#13547,POSITIVE_LENGTH_MEASURE(0.1),#10973);
#13547 = DRAUGHTING_PRE_DEFINED_CURVE_FONT('continuous');
#13548 = STYLED_ITEM('color',(#13549),#8011);
#13549 = PRESENTATION_STYLE_ASSIGNMENT((#13550,#13555));
#13550 = SURFACE_STYLE_USAGE(.BOTH.,#13551);
#13551 = SURFACE_SIDE_STYLE('',(#13552));
#13552 = SURFACE_STYLE_FILL_AREA(#13553);
#13553 = FILL_AREA_STYLE('',(#13554));
#13554 = FILL_AREA_STYLE_COLOUR('',#10973);
#13555 = CURVE_STYLE('',#13556,POSITIVE_LENGTH_MEASURE(0.1),#10973);
#13556 = DRAUGHTING_PRE_DEFINED_CURVE_FONT('continuous');
#13557 = STYLED_ITEM('color',(#13558),#8028);
#13558 = PRESENTATION_STYLE_ASSIGNMENT((#13559,#13564));
#13559 = SURFACE_STYLE_USAGE(.BOTH.,#13560);
#13560 = SURFACE_SIDE_STYLE('',(#13561));
#13561 = SURFACE_STYLE_FILL_AREA(#13562);
#13562 = FILL_AREA_STYLE('',(#13563));
#13563 = FILL_AREA_STYLE_COLOUR('',#10973);
#13564 = CURVE_STYLE('',#13565,POSITIVE_LENGTH_MEASURE(0.1),#10973);
#13565 = DRAUGHTING_PRE_DEFINED_CURVE_FONT('continuous');
#13566 = STYLED_ITEM('color',(#13567),#8045);
#13567 = PRESENTATION_STYLE_ASSIGNMENT((#13568,#13573));
#13568 = SURFACE_STYLE_USAGE(.BOTH.,#13569);
#13569 = SURFACE_SIDE_STYLE('',(#13570));
#13570 = SURFACE_STYLE_FILL_AREA(#13571);
#13571 = FILL_AREA_STYLE('',(#13572));
#13572 = FILL_AREA_STYLE_COLOUR('',#10973);
#13573 = CURVE_STYLE('',#13574,POSITIVE_LENGTH_MEASURE(0.1),#10973);
#13574 = DRAUGHTING_PRE_DEFINED_CURVE_FONT('continuous');
#13575 = STYLED_ITEM('color',(#13576),#8062);
#13576 = PRESENTATION_STYLE_ASSIGNMENT((#13577,#13582));
#13577 = SURFACE_STYLE_USAGE(.BOTH.,#13578);
#13578 = SURFACE_SIDE_STYLE('',(#13579));
#13579 = SURFACE_STYLE_FILL_AREA(#13580);
#13580 = FILL_AREA_STYLE('',(#13581));
#13581 = FILL_AREA_STYLE_COLOUR('',#10973);
#13582 = CURVE_STYLE('',#13583,POSITIVE_LENGTH_MEASURE(0.1),#10973);
#13583 = DRAUGHTING_PRE_DEFINED_CURVE_FONT('continuous');
#13584 = STYLED_ITEM('color',(#13585),#8079);
#13585 = PRESENTATION_STYLE_ASSIGNMENT((#13586,#13591));
#13586 = SURFACE_STYLE_USAGE(.BOTH.,#13587);
#13587 = SURFACE_SIDE_STYLE('',(#13588));
#13588 = SURFACE_STYLE_FILL_AREA(#13589);
#13589 = FILL_AREA_STYLE('',(#13590));
#13590 = FILL_AREA_STYLE_COLOUR('',#10973);
#13591 = CURVE_STYLE('',#13592,POSITIVE_LENGTH_MEASURE(0.1),#10973);
#13592 = DRAUGHTING_PRE_DEFINED_CURVE_FONT('continuous');
#13593 = STYLED_ITEM('color',(#13594),#8091);
#13594 = PRESENTATION_STYLE_ASSIGNMENT((#13595,#13600));
#13595 = SURFACE_STYLE_USAGE(.BOTH.,#13596);
#13596 = SURFACE_SIDE_STYLE('',(#13597));
#13597 = SURFACE_STYLE_FILL_AREA(#13598);
#13598 = FILL_AREA_STYLE('',(#13599));
#13599 = FILL_AREA_STYLE_COLOUR('',#10973);
#13600 = CURVE_STYLE('',#13601,POSITIVE_LENGTH_MEASURE(0.1),#10973);
#13601 = DRAUGHTING_PRE_DEFINED_CURVE_FONT('continuous');
#13602 = STYLED_ITEM('color',(#13603),#8108);
#13603 = PRESENTATION_STYLE_ASSIGNMENT((#13604,#13609));
#13604 = SURFACE_STYLE_USAGE(.BOTH.,#13605);
#13605 = SURFACE_SIDE_STYLE('',(#13606));
#13606 = SURFACE_STYLE_FILL_AREA(#13607);
#13607 = FILL_AREA_STYLE('',(#13608));
#13608 = FILL_AREA_STYLE_COLOUR('',#10973);
#13609 = CURVE_STYLE('',#13610,POSITIVE_LENGTH_MEASURE(0.1),#10973);
#13610 = DRAUGHTING_PRE_DEFINED_CURVE_FONT('continuous');
#13611 = STYLED_ITEM('color',(#13612),#8125);
#13612 = PRESENTATION_STYLE_ASSIGNMENT((#13613,#13618));
#13613 = SURFACE_STYLE_USAGE(.BOTH.,#13614);
#13614 = SURFACE_SIDE_STYLE('',(#13615));
#13615 = SURFACE_STYLE_FILL_AREA(#13616);
#13616 = FILL_AREA_STYLE('',(#13617));
#13617 = FILL_AREA_STYLE_COLOUR('',#10973);
#13618 = CURVE_STYLE('',#13619,POSITIVE_LENGTH_MEASURE(0.1),#10973);
#13619 = DRAUGHTING_PRE_DEFINED_CURVE_FONT('continuous');
#13620 = STYLED_ITEM('color',(#13621),#8142);
#13621 = PRESENTATION_STYLE_ASSIGNMENT((#13622,#13627));
#13622 = SURFACE_STYLE_USAGE(.BOTH.,#13623);
#13623 = SURFACE_SIDE_STYLE('',(#13624));
#13624 = SURFACE_STYLE_FILL_AREA(#13625);
#13625 = FILL_AREA_STYLE('',(#13626));
#13626 = FILL_AREA_STYLE_COLOUR('',#10973);
#13627 = CURVE_STYLE('',#13628,POSITIVE_LENGTH_MEASURE(0.1),#10973);
#13628 = DRAUGHTING_PRE_DEFINED_CURVE_FONT('continuous');
#13629 = STYLED_ITEM('color',(#13630),#8159);
#13630 = PRESENTATION_STYLE_ASSIGNMENT((#13631,#13636));
#13631 = SURFACE_STYLE_USAGE(.BOTH.,#13632);
#13632 = SURFACE_SIDE_STYLE('',(#13633));
#13633 = SURFACE_STYLE_FILL_AREA(#13634);
#13634 = FILL_AREA_STYLE('',(#13635));
#13635 = FILL_AREA_STYLE_COLOUR('',#10973);
#13636 = CURVE_STYLE('',#13637,POSITIVE_LENGTH_MEASURE(0.1),#10973);
#13637 = DRAUGHTING_PRE_DEFINED_CURVE_FONT('continuous');
#13638 = STYLED_ITEM('color',(#13639),#8176);
#13639 = PRESENTATION_STYLE_ASSIGNMENT((#13640,#13645));
#13640 = SURFACE_STYLE_USAGE(.BOTH.,#13641);
#13641 = SURFACE_SIDE_STYLE('',(#13642));
#13642 = SURFACE_STYLE_FILL_AREA(#13643);
#13643 = FILL_AREA_STYLE('',(#13644));
#13644 = FILL_AREA_STYLE_COLOUR('',#10973);
#13645 = CURVE_STYLE('',#13646,POSITIVE_LENGTH_MEASURE(0.1),#10973);
#13646 = DRAUGHTING_PRE_DEFINED_CURVE_FONT('continuous');
#13647 = STYLED_ITEM('color',(#13648),#8193);
#13648 = PRESENTATION_STYLE_ASSIGNMENT((#13649,#13654));
#13649 = SURFACE_STYLE_USAGE(.BOTH.,#13650);
#13650 = SURFACE_SIDE_STYLE('',(#13651));
#13651 = SURFACE_STYLE_FILL_AREA(#13652);
#13652 = FILL_AREA_STYLE('',(#13653));
#13653 = FILL_AREA_STYLE_COLOUR('',#10973);
#13654 = CURVE_STYLE('',#13655,POSITIVE_LENGTH_MEASURE(0.1),#10973);
#13655 = DRAUGHTING_PRE_DEFINED_CURVE_FONT('continuous');
#13656 = STYLED_ITEM('color',(#13657),#8205);
#13657 = PRESENTATION_STYLE_ASSIGNMENT((#13658,#13663));
#13658 = SURFACE_STYLE_USAGE(.BOTH.,#13659);
#13659 = SURFACE_SIDE_STYLE('',(#13660));
#13660 = SURFACE_STYLE_FILL_AREA(#13661);
#13661 = FILL_AREA_STYLE('',(#13662));
#13662 = FILL_AREA_STYLE_COLOUR('',#10973);
#13663 = CURVE_STYLE('',#13664,POSITIVE_LENGTH_MEASURE(0.1),#10973);
#13664 = DRAUGHTING_PRE_DEFINED_CURVE_FONT('continuous');
#13665 = STYLED_ITEM('color',(#13666),#8222);
#13666 = PRESENTATION_STYLE_ASSIGNMENT((#13667,#13672));
#13667 = SURFACE_STYLE_USAGE(.BOTH.,#13668);
#13668 = SURFACE_SIDE_STYLE('',(#13669));
#13669 = SURFACE_STYLE_FILL_AREA(#13670);
#13670 = FILL_AREA_STYLE('',(#13671));
#13671 = FILL_AREA_STYLE_COLOUR('',#10973);
#13672 = CURVE_STYLE('',#13673,POSITIVE_LENGTH_MEASURE(0.1),#10973);
#13673 = DRAUGHTING_PRE_DEFINED_CURVE_FONT('continuous');
#13674 = STYLED_ITEM('color',(#13675),#8239);
#13675 = PRESENTATION_STYLE_ASSIGNMENT((#13676,#13681));
#13676 = SURFACE_STYLE_USAGE(.BOTH.,#13677);
#13677 = SURFACE_SIDE_STYLE('',(#13678));
#13678 = SURFACE_STYLE_FILL_AREA(#13679);
#13679 = FILL_AREA_STYLE('',(#13680));
#13680 = FILL_AREA_STYLE_COLOUR('',#10973);
#13681 = CURVE_STYLE('',#13682,POSITIVE_LENGTH_MEASURE(0.1),#10973);
#13682 = DRAUGHTING_PRE_DEFINED_CURVE_FONT('continuous');
#13683 = STYLED_ITEM('color',(#13684),#8256);
#13684 = PRESENTATION_STYLE_ASSIGNMENT((#13685,#13690));
#13685 = SURFACE_STYLE_USAGE(.BOTH.,#13686);
#13686 = SURFACE_SIDE_STYLE('',(#13687));
#13687 = SURFACE_STYLE_FILL_AREA(#13688);
#13688 = FILL_AREA_STYLE('',(#13689));
#13689 = FILL_AREA_STYLE_COLOUR('',#10973);
#13690 = CURVE_STYLE('',#13691,POSITIVE_LENGTH_MEASURE(0.1),#10973);
#13691 = DRAUGHTING_PRE_DEFINED_CURVE_FONT('continuous');
#13692 = STYLED_ITEM('color',(#13693),#8273);
#13693 = PRESENTATION_STYLE_ASSIGNMENT((#13694,#13699));
#13694 = SURFACE_STYLE_USAGE(.BOTH.,#13695);
#13695 = SURFACE_SIDE_STYLE('',(#13696));
#13696 = SURFACE_STYLE_FILL_AREA(#13697);
#13697 = FILL_AREA_STYLE('',(#13698));
#13698 = FILL_AREA_STYLE_COLOUR('',#10973);
#13699 = CURVE_STYLE('',#13700,POSITIVE_LENGTH_MEASURE(0.1),#10973);
#13700 = DRAUGHTING_PRE_DEFINED_CURVE_FONT('continuous');
#13701 = STYLED_ITEM('color',(#13702),#8290);
#13702 = PRESENTATION_STYLE_ASSIGNMENT((#13703,#13708));
#13703 = SURFACE_STYLE_USAGE(.BOTH.,#13704);
#13704 = SURFACE_SIDE_STYLE('',(#13705));
#13705 = SURFACE_STYLE_FILL_AREA(#13706);
#13706 = FILL_AREA_STYLE('',(#13707));
#13707 = FILL_AREA_STYLE_COLOUR('',#10973);
#13708 = CURVE_STYLE('',#13709,POSITIVE_LENGTH_MEASURE(0.1),#10973);
#13709 = DRAUGHTING_PRE_DEFINED_CURVE_FONT('continuous');
#13710 = STYLED_ITEM('color',(#13711),#8307);
#13711 = PRESENTATION_STYLE_ASSIGNMENT((#13712,#13717));
#13712 = SURFACE_STYLE_USAGE(.BOTH.,#13713);
#13713 = SURFACE_SIDE_STYLE('',(#13714));
#13714 = SURFACE_STYLE_FILL_AREA(#13715);
#13715 = FILL_AREA_STYLE('',(#13716));
#13716 = FILL_AREA_STYLE_COLOUR('',#10973);
#13717 = CURVE_STYLE('',#13718,POSITIVE_LENGTH_MEASURE(0.1),#10973);
#13718 = DRAUGHTING_PRE_DEFINED_CURVE_FONT('continuous');
#13719 = STYLED_ITEM('color',(#13720),#8319);
#13720 = PRESENTATION_STYLE_ASSIGNMENT((#13721,#13726));
#13721 = SURFACE_STYLE_USAGE(.BOTH.,#13722);
#13722 = SURFACE_SIDE_STYLE('',(#13723));
#13723 = SURFACE_STYLE_FILL_AREA(#13724);
#13724 = FILL_AREA_STYLE('',(#13725));
#13725 = FILL_AREA_STYLE_COLOUR('',#10973);
#13726 = CURVE_STYLE('',#13727,POSITIVE_LENGTH_MEASURE(0.1),#10973);
#13727 = DRAUGHTING_PRE_DEFINED_CURVE_FONT('continuous');
#13728 = STYLED_ITEM('color',(#13729),#8336);
#13729 = PRESENTATION_STYLE_ASSIGNMENT((#13730,#13735));
#13730 = SURFACE_STYLE_USAGE(.BOTH.,#13731);
#13731 = SURFACE_SIDE_STYLE('',(#13732));
#13732 = SURFACE_STYLE_FILL_AREA(#13733);
#13733 = FILL_AREA_STYLE('',(#13734));
#13734 = FILL_AREA_STYLE_COLOUR('',#10973);
#13735 = CURVE_STYLE('',#13736,POSITIVE_LENGTH_MEASURE(0.1),#10973);
#13736 = DRAUGHTING_PRE_DEFINED_CURVE_FONT('continuous');
#13737 = STYLED_ITEM('color',(#13738),#8353);
#13738 = PRESENTATION_STYLE_ASSIGNMENT((#13739,#13744));
#13739 = SURFACE_STYLE_USAGE(.BOTH.,#13740);
#13740 = SURFACE_SIDE_STYLE('',(#13741));
#13741 = SURFACE_STYLE_FILL_AREA(#13742);
#13742 = FILL_AREA_STYLE('',(#13743));
#13743 = FILL_AREA_STYLE_COLOUR('',#10973);
#13744 = CURVE_STYLE('',#13745,POSITIVE_LENGTH_MEASURE(0.1),#10973);
#13745 = DRAUGHTING_PRE_DEFINED_CURVE_FONT('continuous');
#13746 = STYLED_ITEM('color',(#13747),#8370);
#13747 = PRESENTATION_STYLE_ASSIGNMENT((#13748,#13753));
#13748 = SURFACE_STYLE_USAGE(.BOTH.,#13749);
#13749 = SURFACE_SIDE_STYLE('',(#13750));
#13750 = SURFACE_STYLE_FILL_AREA(#13751);
#13751 = FILL_AREA_STYLE('',(#13752));
#13752 = FILL_AREA_STYLE_COLOUR('',#10973);
#13753 = CURVE_STYLE('',#13754,POSITIVE_LENGTH_MEASURE(0.1),#10973);
#13754 = DRAUGHTING_PRE_DEFINED_CURVE_FONT('continuous');
#13755 = STYLED_ITEM('color',(#13756),#8387);
#13756 = PRESENTATION_STYLE_ASSIGNMENT((#13757,#13762));
#13757 = SURFACE_STYLE_USAGE(.BOTH.,#13758);
#13758 = SURFACE_SIDE_STYLE('',(#13759));
#13759 = SURFACE_STYLE_FILL_AREA(#13760);
#13760 = FILL_AREA_STYLE('',(#13761));
#13761 = FILL_AREA_STYLE_COLOUR('',#10973);
#13762 = CURVE_STYLE('',#13763,POSITIVE_LENGTH_MEASURE(0.1),#10973);
#13763 = DRAUGHTING_PRE_DEFINED_CURVE_FONT('continuous');
#13764 = STYLED_ITEM('color',(#13765),#8404);
#13765 = PRESENTATION_STYLE_ASSIGNMENT((#13766,#13771));
#13766 = SURFACE_STYLE_USAGE(.BOTH.,#13767);
#13767 = SURFACE_SIDE_STYLE('',(#13768));
#13768 = SURFACE_STYLE_FILL_AREA(#13769);
#13769 = FILL_AREA_STYLE('',(#13770));
#13770 = FILL_AREA_STYLE_COLOUR('',#10973);
#13771 = CURVE_STYLE('',#13772,POSITIVE_LENGTH_MEASURE(0.1),#10973);
#13772 = DRAUGHTING_PRE_DEFINED_CURVE_FONT('continuous');
#13773 = STYLED_ITEM('color',(#13774),#8421);
#13774 = PRESENTATION_STYLE_ASSIGNMENT((#13775,#13780));
#13775 = SURFACE_STYLE_USAGE(.BOTH.,#13776);
#13776 = SURFACE_SIDE_STYLE('',(#13777));
#13777 = SURFACE_STYLE_FILL_AREA(#13778);
#13778 = FILL_AREA_STYLE('',(#13779));
#13779 = FILL_AREA_STYLE_COLOUR('',#10973);
#13780 = CURVE_STYLE('',#13781,POSITIVE_LENGTH_MEASURE(0.1),#10973);
#13781 = DRAUGHTING_PRE_DEFINED_CURVE_FONT('continuous');
#13782 = STYLED_ITEM('color',(#13783),#8438);
#13783 = PRESENTATION_STYLE_ASSIGNMENT((#13784,#13789));
#13784 = SURFACE_STYLE_USAGE(.BOTH.,#13785);
#13785 = SURFACE_SIDE_STYLE('',(#13786));
#13786 = SURFACE_STYLE_FILL_AREA(#13787);
#13787 = FILL_AREA_STYLE('',(#13788));
#13788 = FILL_AREA_STYLE_COLOUR('',#10973);
#13789 = CURVE_STYLE('',#13790,POSITIVE_LENGTH_MEASURE(0.1),#10973);
#13790 = DRAUGHTING_PRE_DEFINED_CURVE_FONT('continuous');
#13791 = STYLED_ITEM('color',(#13792),#8450);
#13792 = PRESENTATION_STYLE_ASSIGNMENT((#13793,#13798));
#13793 = SURFACE_STYLE_USAGE(.BOTH.,#13794);
#13794 = SURFACE_SIDE_STYLE('',(#13795));
#13795 = SURFACE_STYLE_FILL_AREA(#13796);
#13796 = FILL_AREA_STYLE('',(#13797));
#13797 = FILL_AREA_STYLE_COLOUR('',#12878);
#13798 = CURVE_STYLE('',#13799,POSITIVE_LENGTH_MEASURE(0.1),#12878);
#13799 = DRAUGHTING_PRE_DEFINED_CURVE_FONT('continuous');
ENDSEC;
END-ISO-10303-21;
