ISO-10303-21;
HEADER;
FILE_DESCRIPTION(('FreeCAD Model'),'2;1');
FILE_NAME('Open CASCADE Shape Model','2026-09-10T13:21:02',('FreeCAD'),(
    'FreeCAD'),'Open CASCADE STEP processor 7.8','FreeCAD','Unknown');
FILE_SCHEMA(('AUTOMOTIVE_DESIGN { 1 0 10303 214 1 1 1 1 }'));
ENDSEC;
DATA;
#1 = APPLICATION_PROTOCOL_DEFINITION('international standard',
  'automotive_design',2000,#2);
#2 = APPLICATION_CONTEXT(
  'core data for automotive mechanical design processes');
#3 = SHAPE_DEFINITION_REPRESENTATION(#4,#10);
#4 = PRODUCT_DEFINITION_SHAPE('','',#5);
#5 = PRODUCT_DEFINITION('design','',#6,#9);
#6 = PRODUCT_DEFINITION_FORMATION('','',#7);
#7 = PRODUCT('Open CASCADE STEP translator 7.8 2',
  'Open CASCADE STEP translator 7.8 2','',(#8));
#8 = PRODUCT_CONTEXT('',#2,'mechanical');
#9 = PRODUCT_DEFINITION_CONTEXT('part definition',#2,'design');
#10 = SHAPE_REPRESENTATION('',(#11,#15,#6039,#9696,#11396,#12394,#12544,
    #12694,#12844,#12994,#13144,#13294,#13444,#13594,#13744,#13894,
    #14044,#14194,#14344,#14494,#14644,#14794,#14944,#15094,#15244,
    #15394,#15544,#15694,#15844,#15994,#16144,#16294,#16444,#16594,
    #16744,#16894,#17044,#17194,#17344,#17494,#17644,#17794,#17944,
    #18094,#18244,#18394,#18544,#18694,#18844,#18994,#19144,#19294,
    #19444,#19594,#19744,#19894,#20044,#20194,#20344,#20494,#20786,
    #20936,#21086,#21236,#21289,#21342,#21599),#21856);
#11 = AXIS2_PLACEMENT_3D('',#12,#13,#14);
#12 = CARTESIAN_POINT('',(0.,0.,0.));
#13 = DIRECTION('',(0.,0.,1.));
#14 = DIRECTION('',(1.,0.,-0.));
#15 = MANIFOLD_SOLID_BREP('',#16);
#16 = CLOSED_SHELL('',(#17,#57,#104,#290,#330,#347,#364,#381,#416,#448,
    #540,#564,#589,#614,#638,#730,#748,#773,#798,#822,#847,#871,#896,
    #952,#976,#1066,#1083,#1117,#1148,#1172,#1196,#1213,#1244,#1268,
    #1292,#1309,#1340,#1364,#1388,#1405,#1436,#1460,#1484,#1501,#1625,
    #1637,#1688,#1700,#1731,#1755,#1779,#1796,#1808,#1820,#1832,#1844,
    #1876,#1955,#1979,#2019,#2044,#2084,#2108,#2125,#2150,#2174,#2192,
    #2229,#2253,#2277,#2294,#2380,#2651,#2676,#2835,#2852,#2876,#2909,
    #2951,#2963,#2985,#3002,#3019,#3036,#3053,#3093,#3110,#3122,#3162,
    #3179,#3219,#3236,#3253,#3270,#3282,#3313,#3337,#3361,#3378,#3425,
    #3449,#3489,#3506,#3553,#3577,#3617,#3634,#3665,#3721,#3745,#3794,
    #3841,#3865,#3905,#3922,#3987,#4052,#4069,#4086,#4098,#4115,#4132,
    #4144,#4323,#4370,#4382,#4399,#4416,#4428,#4445,#4462,#4706,#4778,
    #4795,#4807,#4820,#4851,#4912,#4924,#4936,#4960,#4982,#4999,#5016,
    #5101,#5113,#5130,#5210,#5232,#5249,#5261,#5278,#5290,#5302,#5314,
    #5345,#5369,#5393,#5410,#5441,#5465,#5489,#5506,#5530,#5554,#5571,
    #5583,#5614,#5638,#5662,#5679,#5710,#5734,#5758,#5775,#5806,#5830,
    #5854,#5871,#5902,#5926,#5950,#5967,#5979,#5991,#6003,#6015,#6027));
#17 = ADVANCED_FACE('',(#18),#52,.F.);
#18 = FACE_BOUND('',#19,.F.);
#19 = EDGE_LOOP('',(#20,#30,#38,#46));
#20 = ORIENTED_EDGE('',*,*,#21,.F.);
#21 = EDGE_CURVE('',#22,#24,#26,.T.);
#22 = VERTEX_POINT('',#23);
#23 = CARTESIAN_POINT('',(-4.4,28.,3.));
#24 = VERTEX_POINT('',#25);
#25 = CARTESIAN_POINT('',(-4.4,28.,3.5));
#26 = LINE('',#27,#28);
#27 = CARTESIAN_POINT('',(-4.4,28.,3.));
#28 = VECTOR('',#29,1.);
#29 = DIRECTION('',(0.,0.,1.));
#30 = ORIENTED_EDGE('',*,*,#31,.T.);
#31 = EDGE_CURVE('',#22,#32,#34,.T.);
#32 = VERTEX_POINT('',#33);
#33 = CARTESIAN_POINT('',(-4.4,31.,3.));
#34 = LINE('',#35,#36);
#35 = CARTESIAN_POINT('',(-4.4,28.,3.));
#36 = VECTOR('',#37,1.);
#37 = DIRECTION('',(0.,1.,0.));
#38 = ORIENTED_EDGE('',*,*,#39,.T.);
#39 = EDGE_CURVE('',#32,#40,#42,.T.);
#40 = VERTEX_POINT('',#41);
#41 = CARTESIAN_POINT('',(-4.4,31.,3.5));
#42 = LINE('',#43,#44);
#43 = CARTESIAN_POINT('',(-4.4,31.,3.));
#44 = VECTOR('',#45,1.);
#45 = DIRECTION('',(0.,0.,1.));
#46 = ORIENTED_EDGE('',*,*,#47,.T.);
#47 = EDGE_CURVE('',#40,#24,#48,.T.);
#48 = LINE('',#49,#50);
#49 = CARTESIAN_POINT('',(-4.4,25.5,3.5));
#50 = VECTOR('',#51,1.);
#51 = DIRECTION('',(0.,-1.,0.));
#52 = PLANE('',#53);
#53 = AXIS2_PLACEMENT_3D('',#54,#55,#56);
#54 = CARTESIAN_POINT('',(-4.4,28.,3.));
#55 = DIRECTION('',(1.,0.,0.));
#56 = DIRECTION('',(0.,0.,1.));
#57 = ADVANCED_FACE('',(#58),#99,.F.);
#58 = FACE_BOUND('',#59,.F.);
#59 = EDGE_LOOP('',(#60,#70,#76,#77,#85,#93));
#60 = ORIENTED_EDGE('',*,*,#61,.F.);
#61 = EDGE_CURVE('',#62,#64,#66,.T.);
#62 = VERTEX_POINT('',#63);
#63 = CARTESIAN_POINT('',(-3.9,28.,3.));
#64 = VERTEX_POINT('',#65);
#65 = CARTESIAN_POINT('',(-3.9,28.,6.));
#66 = LINE('',#67,#68);
#67 = CARTESIAN_POINT('',(-3.9,28.,3.));
#68 = VECTOR('',#69,1.);
#69 = DIRECTION('',(0.,0.,1.));
#70 = ORIENTED_EDGE('',*,*,#71,.F.);
#71 = EDGE_CURVE('',#22,#62,#72,.T.);
#72 = LINE('',#73,#74);
#73 = CARTESIAN_POINT('',(-4.4,28.,3.));
#74 = VECTOR('',#75,1.);
#75 = DIRECTION('',(1.,0.,0.));
#76 = ORIENTED_EDGE('',*,*,#21,.T.);
#77 = ORIENTED_EDGE('',*,*,#78,.T.);
#78 = EDGE_CURVE('',#24,#79,#81,.T.);
#79 = VERTEX_POINT('',#80);
#80 = CARTESIAN_POINT('',(-4.12,28.,3.5));
#81 = LINE('',#82,#83);
#82 = CARTESIAN_POINT('',(3.05,28.,3.5));
#83 = VECTOR('',#84,1.);
#84 = DIRECTION('',(1.,0.,0.));
#85 = ORIENTED_EDGE('',*,*,#86,.T.);
#86 = EDGE_CURVE('',#79,#87,#89,.T.);
#87 = VERTEX_POINT('',#88);
#88 = CARTESIAN_POINT('',(-4.12,28.,6.));
#89 = LINE('',#90,#91);
#90 = CARTESIAN_POINT('',(-4.12,28.,3.245));
#91 = VECTOR('',#92,1.);
#92 = DIRECTION('',(0.,0.,1.));
#93 = ORIENTED_EDGE('',*,*,#94,.T.);
#94 = EDGE_CURVE('',#87,#64,#95,.T.);
#95 = LINE('',#96,#97);
#96 = CARTESIAN_POINT('',(-4.4,28.,6.));
#97 = VECTOR('',#98,1.);
#98 = DIRECTION('',(1.,0.,0.));
#99 = PLANE('',#100);
#100 = AXIS2_PLACEMENT_3D('',#101,#102,#103);
#101 = CARTESIAN_POINT('',(-4.4,28.,3.));
#102 = DIRECTION('',(0.,1.,0.));
#103 = DIRECTION('',(0.,0.,1.));
#104 = ADVANCED_FACE('',(#105,#175),#285,.T.);
#105 = FACE_BOUND('',#106,.T.);
#106 = EDGE_LOOP('',(#107,#118,#126,#135,#143,#152,#160,#169));
#107 = ORIENTED_EDGE('',*,*,#108,.F.);
#108 = EDGE_CURVE('',#109,#111,#113,.T.);
#109 = VERTEX_POINT('',#110);
#110 = CARTESIAN_POINT('',(-5.32,7.5,3.5));
#111 = VERTEX_POINT('',#112);
#112 = CARTESIAN_POINT('',(-2.5,4.68,3.5));
#113 = CIRCLE('',#114,2.82);
#114 = AXIS2_PLACEMENT_3D('',#115,#116,#117);
#115 = CARTESIAN_POINT('',(-2.5,7.5,3.5));
#116 = DIRECTION('',(0.,0.,1.));
#117 = DIRECTION('',(1.,0.,0.));
#118 = ORIENTED_EDGE('',*,*,#119,.T.);
#119 = EDGE_CURVE('',#109,#120,#122,.T.);
#120 = VERTEX_POINT('',#121);
#121 = CARTESIAN_POINT('',(-5.32,38.5,3.5));
#122 = LINE('',#123,#124);
#123 = CARTESIAN_POINT('',(-5.32,7.5,3.5));
#124 = VECTOR('',#125,1.);
#125 = DIRECTION('',(0.,1.,0.));
#126 = ORIENTED_EDGE('',*,*,#127,.F.);
#127 = EDGE_CURVE('',#128,#120,#130,.T.);
#128 = VERTEX_POINT('',#129);
#129 = CARTESIAN_POINT('',(-2.5,41.32,3.5));
#130 = CIRCLE('',#131,2.82);
#131 = AXIS2_PLACEMENT_3D('',#132,#133,#134);
#132 = CARTESIAN_POINT('',(-2.5,38.5,3.5));
#133 = DIRECTION('',(0.,0.,1.));
#134 = DIRECTION('',(1.,0.,0.));
#135 = ORIENTED_EDGE('',*,*,#136,.T.);
#136 = EDGE_CURVE('',#128,#137,#139,.T.);
#137 = VERTEX_POINT('',#138);
#138 = CARTESIAN_POINT('',(23.5,41.32,3.5));
#139 = LINE('',#140,#141);
#140 = CARTESIAN_POINT('',(-2.5,41.32,3.5));
#141 = VECTOR('',#142,1.);
#142 = DIRECTION('',(1.,0.,0.));
#143 = ORIENTED_EDGE('',*,*,#144,.F.);
#144 = EDGE_CURVE('',#145,#137,#147,.T.);
#145 = VERTEX_POINT('',#146);
#146 = CARTESIAN_POINT('',(26.32,38.5,3.5));
#147 = CIRCLE('',#148,2.82);
#148 = AXIS2_PLACEMENT_3D('',#149,#150,#151);
#149 = CARTESIAN_POINT('',(23.5,38.5,3.5));
#150 = DIRECTION('',(0.,0.,1.));
#151 = DIRECTION('',(1.,0.,0.));
#152 = ORIENTED_EDGE('',*,*,#153,.F.);
#153 = EDGE_CURVE('',#154,#145,#156,.T.);
#154 = VERTEX_POINT('',#155);
#155 = CARTESIAN_POINT('',(26.32,7.5,3.5));
#156 = LINE('',#157,#158);
#157 = CARTESIAN_POINT('',(26.32,7.5,3.5));
#158 = VECTOR('',#159,1.);
#159 = DIRECTION('',(0.,1.,0.));
#160 = ORIENTED_EDGE('',*,*,#161,.F.);
#161 = EDGE_CURVE('',#162,#154,#164,.T.);
#162 = VERTEX_POINT('',#163);
#163 = CARTESIAN_POINT('',(23.5,4.68,3.5));
#164 = CIRCLE('',#165,2.82);
#165 = AXIS2_PLACEMENT_3D('',#166,#167,#168);
#166 = CARTESIAN_POINT('',(23.5,7.5,3.5));
#167 = DIRECTION('',(0.,0.,1.));
#168 = DIRECTION('',(1.,0.,0.));
#169 = ORIENTED_EDGE('',*,*,#170,.F.);
#170 = EDGE_CURVE('',#111,#162,#171,.T.);
#171 = LINE('',#172,#173);
#172 = CARTESIAN_POINT('',(-2.5,4.68,3.5));
#173 = VECTOR('',#174,1.);
#174 = DIRECTION('',(1.,0.,0.));
#175 = FACE_BOUND('',#176,.T.);
#176 = EDGE_LOOP('',(#177,#188,#196,#204,#212,#220,#229,#237,#246,#254,
    #263,#271,#277,#278,#279));
#177 = ORIENTED_EDGE('',*,*,#178,.F.);
#178 = EDGE_CURVE('',#179,#181,#183,.T.);
#179 = VERTEX_POINT('',#180);
#180 = CARTESIAN_POINT('',(-2.5,5.88,3.5));
#181 = VERTEX_POINT('',#182);
#182 = CARTESIAN_POINT('',(-4.12,7.5,3.5));
#183 = CIRCLE('',#184,1.62);
#184 = AXIS2_PLACEMENT_3D('',#185,#186,#187);
#185 = CARTESIAN_POINT('',(-2.5,7.5,3.5));
#186 = DIRECTION('',(0.,0.,-1.));
#187 = DIRECTION('',(1.,0.,0.));
#188 = ORIENTED_EDGE('',*,*,#189,.T.);
#189 = EDGE_CURVE('',#179,#190,#192,.T.);
#190 = VERTEX_POINT('',#191);
#191 = CARTESIAN_POINT('',(0.6,5.88,3.5));
#192 = LINE('',#193,#194);
#193 = CARTESIAN_POINT('',(4.,5.88,3.5));
#194 = VECTOR('',#195,1.);
#195 = DIRECTION('',(1.,0.,0.));
#196 = ORIENTED_EDGE('',*,*,#197,.T.);
#197 = EDGE_CURVE('',#190,#198,#200,.T.);
#198 = VERTEX_POINT('',#199);
#199 = CARTESIAN_POINT('',(0.6,5.2,3.5));
#200 = LINE('',#201,#202);
#201 = CARTESIAN_POINT('',(0.6,14.1,3.5));
#202 = VECTOR('',#203,1.);
#203 = DIRECTION('',(0.,-1.,0.));
#204 = ORIENTED_EDGE('',*,*,#205,.T.);
#205 = EDGE_CURVE('',#198,#206,#208,.T.);
#206 = VERTEX_POINT('',#207);
#207 = CARTESIAN_POINT('',(24.4,5.2,3.5));
#208 = LINE('',#209,#210);
#209 = CARTESIAN_POINT('',(5.55,5.2,3.5));
#210 = VECTOR('',#211,1.);
#211 = DIRECTION('',(1.,0.,0.));
#212 = ORIENTED_EDGE('',*,*,#213,.F.);
#213 = EDGE_CURVE('',#214,#206,#216,.T.);
#214 = VERTEX_POINT('',#215);
#215 = CARTESIAN_POINT('',(24.4,6.153003340761,3.5));
#216 = LINE('',#217,#218);
#217 = CARTESIAN_POINT('',(24.4,14.1,3.5));
#218 = VECTOR('',#219,1.);
#219 = DIRECTION('',(0.,-1.,0.));
#220 = ORIENTED_EDGE('',*,*,#221,.F.);
#221 = EDGE_CURVE('',#222,#214,#224,.T.);
#222 = VERTEX_POINT('',#223);
#223 = CARTESIAN_POINT('',(25.12,7.5,3.5));
#224 = CIRCLE('',#225,1.62);
#225 = AXIS2_PLACEMENT_3D('',#226,#227,#228);
#226 = CARTESIAN_POINT('',(23.5,7.5,3.5));
#227 = DIRECTION('',(0.,0.,-1.));
#228 = DIRECTION('',(1.,0.,0.));
#229 = ORIENTED_EDGE('',*,*,#230,.F.);
#230 = EDGE_CURVE('',#231,#222,#233,.T.);
#231 = VERTEX_POINT('',#232);
#232 = CARTESIAN_POINT('',(25.12,38.5,3.5));
#233 = LINE('',#234,#235);
#234 = CARTESIAN_POINT('',(25.12,15.25,3.5));
#235 = VECTOR('',#236,1.);
#236 = DIRECTION('',(0.,-1.,0.));
#237 = ORIENTED_EDGE('',*,*,#238,.F.);
#238 = EDGE_CURVE('',#239,#231,#241,.T.);
#239 = VERTEX_POINT('',#240);
#240 = CARTESIAN_POINT('',(23.5,40.12,3.5));
#241 = CIRCLE('',#242,1.62);
#242 = AXIS2_PLACEMENT_3D('',#243,#244,#245);
#243 = CARTESIAN_POINT('',(23.5,38.5,3.5));
#244 = DIRECTION('',(0.,0.,-1.));
#245 = DIRECTION('',(1.,0.,0.));
#246 = ORIENTED_EDGE('',*,*,#247,.F.);
#247 = EDGE_CURVE('',#248,#239,#250,.T.);
#248 = VERTEX_POINT('',#249);
#249 = CARTESIAN_POINT('',(-2.5,40.12,3.5));
#250 = LINE('',#251,#252);
#251 = CARTESIAN_POINT('',(4.,40.12,3.5));
#252 = VECTOR('',#253,1.);
#253 = DIRECTION('',(1.,0.,0.));
#254 = ORIENTED_EDGE('',*,*,#255,.F.);
#255 = EDGE_CURVE('',#256,#248,#258,.T.);
#256 = VERTEX_POINT('',#257);
#257 = CARTESIAN_POINT('',(-4.12,38.5,3.5));
#258 = CIRCLE('',#259,1.62);
#259 = AXIS2_PLACEMENT_3D('',#260,#261,#262);
#260 = CARTESIAN_POINT('',(-2.5,38.5,3.5));
#261 = DIRECTION('',(0.,0.,-1.));
#262 = DIRECTION('',(1.,0.,0.));
#263 = ORIENTED_EDGE('',*,*,#264,.T.);
#264 = EDGE_CURVE('',#256,#265,#267,.T.);
#265 = VERTEX_POINT('',#266);
#266 = CARTESIAN_POINT('',(-4.12,31.,3.5));
#267 = LINE('',#268,#269);
#268 = CARTESIAN_POINT('',(-4.12,15.25,3.5));
#269 = VECTOR('',#270,1.);
#270 = DIRECTION('',(0.,-1.,0.));
#271 = ORIENTED_EDGE('',*,*,#272,.F.);
#272 = EDGE_CURVE('',#40,#265,#273,.T.);
#273 = LINE('',#274,#275);
#274 = CARTESIAN_POINT('',(3.05,31.,3.5));
#275 = VECTOR('',#276,1.);
#276 = DIRECTION('',(1.,0.,0.));
#277 = ORIENTED_EDGE('',*,*,#47,.T.);
#278 = ORIENTED_EDGE('',*,*,#78,.T.);
#279 = ORIENTED_EDGE('',*,*,#280,.T.);
#280 = EDGE_CURVE('',#79,#181,#281,.T.);
#281 = LINE('',#282,#283);
#282 = CARTESIAN_POINT('',(-4.12,15.25,3.5));
#283 = VECTOR('',#284,1.);
#284 = DIRECTION('',(0.,-1.,0.));
#285 = PLANE('',#286);
#286 = AXIS2_PLACEMENT_3D('',#287,#288,#289);
#287 = CARTESIAN_POINT('',(10.5,23.,3.5));
#288 = DIRECTION('',(-0.,-0.,-1.));
#289 = DIRECTION('',(-1.,0.,0.));
#290 = ADVANCED_FACE('',(#291),#325,.T.);
#291 = FACE_BOUND('',#292,.T.);
#292 = EDGE_LOOP('',(#293,#303,#309,#310,#311,#319));
#293 = ORIENTED_EDGE('',*,*,#294,.F.);
#294 = EDGE_CURVE('',#295,#297,#299,.T.);
#295 = VERTEX_POINT('',#296);
#296 = CARTESIAN_POINT('',(-3.9,31.,3.));
#297 = VERTEX_POINT('',#298);
#298 = CARTESIAN_POINT('',(-3.9,31.,6.));
#299 = LINE('',#300,#301);
#300 = CARTESIAN_POINT('',(-3.9,31.,3.));
#301 = VECTOR('',#302,1.);
#302 = DIRECTION('',(0.,0.,1.));
#303 = ORIENTED_EDGE('',*,*,#304,.F.);
#304 = EDGE_CURVE('',#32,#295,#305,.T.);
#305 = LINE('',#306,#307);
#306 = CARTESIAN_POINT('',(-4.4,31.,3.));
#307 = VECTOR('',#308,1.);
#308 = DIRECTION('',(1.,0.,0.));
#309 = ORIENTED_EDGE('',*,*,#39,.T.);
#310 = ORIENTED_EDGE('',*,*,#272,.T.);
#311 = ORIENTED_EDGE('',*,*,#312,.T.);
#312 = EDGE_CURVE('',#265,#313,#315,.T.);
#313 = VERTEX_POINT('',#314);
#314 = CARTESIAN_POINT('',(-4.12,31.,6.));
#315 = LINE('',#316,#317);
#316 = CARTESIAN_POINT('',(-4.12,31.,3.245));
#317 = VECTOR('',#318,1.);
#318 = DIRECTION('',(0.,0.,1.));
#319 = ORIENTED_EDGE('',*,*,#320,.T.);
#320 = EDGE_CURVE('',#313,#297,#321,.T.);
#321 = LINE('',#322,#323);
#322 = CARTESIAN_POINT('',(-4.4,31.,6.));
#323 = VECTOR('',#324,1.);
#324 = DIRECTION('',(1.,0.,0.));
#325 = PLANE('',#326);
#326 = AXIS2_PLACEMENT_3D('',#327,#328,#329);
#327 = CARTESIAN_POINT('',(-4.4,31.,3.));
#328 = DIRECTION('',(0.,1.,0.));
#329 = DIRECTION('',(0.,0.,1.));
#330 = ADVANCED_FACE('',(#331),#342,.F.);
#331 = FACE_BOUND('',#332,.F.);
#332 = EDGE_LOOP('',(#333,#334,#335,#341));
#333 = ORIENTED_EDGE('',*,*,#31,.F.);
#334 = ORIENTED_EDGE('',*,*,#71,.T.);
#335 = ORIENTED_EDGE('',*,*,#336,.T.);
#336 = EDGE_CURVE('',#62,#295,#337,.T.);
#337 = LINE('',#338,#339);
#338 = CARTESIAN_POINT('',(-3.9,28.,3.));
#339 = VECTOR('',#340,1.);
#340 = DIRECTION('',(0.,1.,0.));
#341 = ORIENTED_EDGE('',*,*,#304,.F.);
#342 = PLANE('',#343);
#343 = AXIS2_PLACEMENT_3D('',#344,#345,#346);
#344 = CARTESIAN_POINT('',(-4.4,28.,3.));
#345 = DIRECTION('',(0.,0.,1.));
#346 = DIRECTION('',(1.,0.,0.));
#347 = ADVANCED_FACE('',(#348),#359,.T.);
#348 = FACE_BOUND('',#349,.T.);
#349 = EDGE_LOOP('',(#350,#351,#352,#353));
#350 = ORIENTED_EDGE('',*,*,#61,.F.);
#351 = ORIENTED_EDGE('',*,*,#336,.T.);
#352 = ORIENTED_EDGE('',*,*,#294,.T.);
#353 = ORIENTED_EDGE('',*,*,#354,.F.);
#354 = EDGE_CURVE('',#64,#297,#355,.T.);
#355 = LINE('',#356,#357);
#356 = CARTESIAN_POINT('',(-3.9,28.,6.));
#357 = VECTOR('',#358,1.);
#358 = DIRECTION('',(0.,1.,0.));
#359 = PLANE('',#360);
#360 = AXIS2_PLACEMENT_3D('',#361,#362,#363);
#361 = CARTESIAN_POINT('',(-3.9,28.,3.));
#362 = DIRECTION('',(1.,0.,0.));
#363 = DIRECTION('',(0.,0.,1.));
#364 = ADVANCED_FACE('',(#365),#376,.T.);
#365 = FACE_BOUND('',#366,.T.);
#366 = EDGE_LOOP('',(#367,#368,#374,#375));
#367 = ORIENTED_EDGE('',*,*,#320,.F.);
#368 = ORIENTED_EDGE('',*,*,#369,.T.);
#369 = EDGE_CURVE('',#313,#87,#370,.T.);
#370 = LINE('',#371,#372);
#371 = CARTESIAN_POINT('',(-4.12,17.75,6.));
#372 = VECTOR('',#373,1.);
#373 = DIRECTION('',(0.,-1.,0.));
#374 = ORIENTED_EDGE('',*,*,#94,.T.);
#375 = ORIENTED_EDGE('',*,*,#354,.T.);
#376 = PLANE('',#377);
#377 = AXIS2_PLACEMENT_3D('',#378,#379,#380);
#378 = CARTESIAN_POINT('',(-4.4,28.,6.));
#379 = DIRECTION('',(0.,0.,1.));
#380 = DIRECTION('',(1.,0.,0.));
#381 = ADVANCED_FACE('',(#382),#411,.T.);
#382 = FACE_BOUND('',#383,.T.);
#383 = EDGE_LOOP('',(#384,#392,#393,#394,#395,#396,#397,#405));
#384 = ORIENTED_EDGE('',*,*,#385,.F.);
#385 = EDGE_CURVE('',#181,#386,#388,.T.);
#386 = VERTEX_POINT('',#387);
#387 = CARTESIAN_POINT('',(-4.12,7.5,6.6));
#388 = LINE('',#389,#390);
#389 = CARTESIAN_POINT('',(-4.12,7.5,3.49));
#390 = VECTOR('',#391,1.);
#391 = DIRECTION('',(0.,0.,1.));
#392 = ORIENTED_EDGE('',*,*,#280,.F.);
#393 = ORIENTED_EDGE('',*,*,#86,.T.);
#394 = ORIENTED_EDGE('',*,*,#369,.F.);
#395 = ORIENTED_EDGE('',*,*,#312,.F.);
#396 = ORIENTED_EDGE('',*,*,#264,.F.);
#397 = ORIENTED_EDGE('',*,*,#398,.T.);
#398 = EDGE_CURVE('',#256,#399,#401,.T.);
#399 = VERTEX_POINT('',#400);
#400 = CARTESIAN_POINT('',(-4.12,38.5,6.6));
#401 = LINE('',#402,#403);
#402 = CARTESIAN_POINT('',(-4.12,38.5,3.49));
#403 = VECTOR('',#404,1.);
#404 = DIRECTION('',(0.,0.,1.));
#405 = ORIENTED_EDGE('',*,*,#406,.F.);
#406 = EDGE_CURVE('',#386,#399,#407,.T.);
#407 = LINE('',#408,#409);
#408 = CARTESIAN_POINT('',(-4.12,15.25,6.6));
#409 = VECTOR('',#410,1.);
#410 = DIRECTION('',(0.,1.,0.));
#411 = PLANE('',#412);
#412 = AXIS2_PLACEMENT_3D('',#413,#414,#415);
#413 = CARTESIAN_POINT('',(-4.12,7.5,3.49));
#414 = DIRECTION('',(1.,0.,0.));
#415 = DIRECTION('',(0.,0.,1.));
#416 = ADVANCED_FACE('',(#417),#443,.T.);
#417 = FACE_BOUND('',#418,.F.);
#418 = EDGE_LOOP('',(#419,#427,#428,#436));
#419 = ORIENTED_EDGE('',*,*,#420,.F.);
#420 = EDGE_CURVE('',#111,#421,#423,.T.);
#421 = VERTEX_POINT('',#422);
#422 = CARTESIAN_POINT('',(-2.5,4.68,6.6));
#423 = LINE('',#424,#425);
#424 = CARTESIAN_POINT('',(-2.5,4.68,3.5));
#425 = VECTOR('',#426,1.);
#426 = DIRECTION('',(0.,0.,1.));
#427 = ORIENTED_EDGE('',*,*,#108,.F.);
#428 = ORIENTED_EDGE('',*,*,#429,.T.);
#429 = EDGE_CURVE('',#109,#430,#432,.T.);
#430 = VERTEX_POINT('',#431);
#431 = CARTESIAN_POINT('',(-5.32,7.5,6.6));
#432 = LINE('',#433,#434);
#433 = CARTESIAN_POINT('',(-5.32,7.5,3.5));
#434 = VECTOR('',#435,1.);
#435 = DIRECTION('',(0.,0.,1.));
#436 = ORIENTED_EDGE('',*,*,#437,.T.);
#437 = EDGE_CURVE('',#430,#421,#438,.T.);
#438 = CIRCLE('',#439,2.82);
#439 = AXIS2_PLACEMENT_3D('',#440,#441,#442);
#440 = CARTESIAN_POINT('',(-2.5,7.5,6.6));
#441 = DIRECTION('',(0.,0.,1.));
#442 = DIRECTION('',(1.,0.,0.));
#443 = CYLINDRICAL_SURFACE('',#444,2.82);
#444 = AXIS2_PLACEMENT_3D('',#445,#446,#447);
#445 = CARTESIAN_POINT('',(-2.5,7.5,3.5));
#446 = DIRECTION('',(-0.,-0.,-1.));
#447 = DIRECTION('',(1.,0.,0.));
#448 = ADVANCED_FACE('',(#449,#467,#501),#535,.F.);
#449 = FACE_BOUND('',#450,.F.);
#450 = EDGE_LOOP('',(#451,#452,#453,#461));
#451 = ORIENTED_EDGE('',*,*,#429,.F.);
#452 = ORIENTED_EDGE('',*,*,#119,.T.);
#453 = ORIENTED_EDGE('',*,*,#454,.T.);
#454 = EDGE_CURVE('',#120,#455,#457,.T.);
#455 = VERTEX_POINT('',#456);
#456 = CARTESIAN_POINT('',(-5.32,38.5,6.6));
#457 = LINE('',#458,#459);
#458 = CARTESIAN_POINT('',(-5.32,38.5,3.5));
#459 = VECTOR('',#460,1.);
#460 = DIRECTION('',(0.,0.,1.));
#461 = ORIENTED_EDGE('',*,*,#462,.F.);
#462 = EDGE_CURVE('',#430,#455,#463,.T.);
#463 = LINE('',#464,#465);
#464 = CARTESIAN_POINT('',(-5.32,7.5,6.6));
#465 = VECTOR('',#466,1.);
#466 = DIRECTION('',(0.,1.,0.));
#467 = FACE_BOUND('',#468,.F.);
#468 = EDGE_LOOP('',(#469,#479,#487,#495));
#469 = ORIENTED_EDGE('',*,*,#470,.F.);
#470 = EDGE_CURVE('',#471,#473,#475,.T.);
#471 = VERTEX_POINT('',#472);
#472 = CARTESIAN_POINT('',(-5.32,36.,4.22));
#473 = VERTEX_POINT('',#474);
#474 = CARTESIAN_POINT('',(-5.32,36.,5.08));
#475 = LINE('',#476,#477);
#476 = CARTESIAN_POINT('',(-5.32,36.,4.075));
#477 = VECTOR('',#478,1.);
#478 = DIRECTION('',(0.,0.,1.));
#479 = ORIENTED_EDGE('',*,*,#480,.T.);
#480 = EDGE_CURVE('',#471,#481,#483,.T.);
#481 = VERTEX_POINT('',#482);
#482 = CARTESIAN_POINT('',(-5.32,31.,4.22));
#483 = LINE('',#484,#485);
#484 = CARTESIAN_POINT('',(-5.32,19.25,4.22));
#485 = VECTOR('',#486,1.);
#486 = DIRECTION('',(0.,-1.,0.));
#487 = ORIENTED_EDGE('',*,*,#488,.T.);
#488 = EDGE_CURVE('',#481,#489,#491,.T.);
#489 = VERTEX_POINT('',#490);
#490 = CARTESIAN_POINT('',(-5.32,31.,5.08));
#491 = LINE('',#492,#493);
#492 = CARTESIAN_POINT('',(-5.32,31.,4.075));
#493 = VECTOR('',#494,1.);
#494 = DIRECTION('',(0.,0.,1.));
#495 = ORIENTED_EDGE('',*,*,#496,.T.);
#496 = EDGE_CURVE('',#489,#473,#497,.T.);
#497 = LINE('',#498,#499);
#498 = CARTESIAN_POINT('',(-5.32,19.25,5.08));
#499 = VECTOR('',#500,1.);
#500 = DIRECTION('',(0.,1.,0.));
#501 = FACE_BOUND('',#502,.F.);
#502 = EDGE_LOOP('',(#503,#513,#521,#529));
#503 = ORIENTED_EDGE('',*,*,#504,.F.);
#504 = EDGE_CURVE('',#505,#507,#509,.T.);
#505 = VERTEX_POINT('',#506);
#506 = CARTESIAN_POINT('',(-5.32,17.,4.22));
#507 = VERTEX_POINT('',#508);
#508 = CARTESIAN_POINT('',(-5.32,17.,5.08));
#509 = LINE('',#510,#511);
#510 = CARTESIAN_POINT('',(-5.32,17.,4.075));
#511 = VECTOR('',#512,1.);
#512 = DIRECTION('',(0.,0.,1.));
#513 = ORIENTED_EDGE('',*,*,#514,.T.);
#514 = EDGE_CURVE('',#505,#515,#517,.T.);
#515 = VERTEX_POINT('',#516);
#516 = CARTESIAN_POINT('',(-5.32,12.,4.22));
#517 = LINE('',#518,#519);
#518 = CARTESIAN_POINT('',(-5.32,9.75,4.22));
#519 = VECTOR('',#520,1.);
#520 = DIRECTION('',(0.,-1.,0.));
#521 = ORIENTED_EDGE('',*,*,#522,.T.);
#522 = EDGE_CURVE('',#515,#523,#525,.T.);
#523 = VERTEX_POINT('',#524);
#524 = CARTESIAN_POINT('',(-5.32,12.,5.08));
#525 = LINE('',#526,#527);
#526 = CARTESIAN_POINT('',(-5.32,12.,4.075));
#527 = VECTOR('',#528,1.);
#528 = DIRECTION('',(0.,0.,1.));
#529 = ORIENTED_EDGE('',*,*,#530,.T.);
#530 = EDGE_CURVE('',#523,#507,#531,.T.);
#531 = LINE('',#532,#533);
#532 = CARTESIAN_POINT('',(-5.32,9.75,5.08));
#533 = VECTOR('',#534,1.);
#534 = DIRECTION('',(0.,1.,0.));
#535 = PLANE('',#536);
#536 = AXIS2_PLACEMENT_3D('',#537,#538,#539);
#537 = CARTESIAN_POINT('',(-5.32,7.5,3.5));
#538 = DIRECTION('',(1.,0.,0.));
#539 = DIRECTION('',(0.,0.,1.));
#540 = ADVANCED_FACE('',(#541),#559,.F.);
#541 = FACE_BOUND('',#542,.F.);
#542 = EDGE_LOOP('',(#543,#544,#545,#553));
#543 = ORIENTED_EDGE('',*,*,#170,.F.);
#544 = ORIENTED_EDGE('',*,*,#420,.T.);
#545 = ORIENTED_EDGE('',*,*,#546,.T.);
#546 = EDGE_CURVE('',#421,#547,#549,.T.);
#547 = VERTEX_POINT('',#548);
#548 = CARTESIAN_POINT('',(23.5,4.68,6.6));
#549 = LINE('',#550,#551);
#550 = CARTESIAN_POINT('',(-2.5,4.68,6.6));
#551 = VECTOR('',#552,1.);
#552 = DIRECTION('',(1.,0.,0.));
#553 = ORIENTED_EDGE('',*,*,#554,.F.);
#554 = EDGE_CURVE('',#162,#547,#555,.T.);
#555 = LINE('',#556,#557);
#556 = CARTESIAN_POINT('',(23.5,4.68,3.5));
#557 = VECTOR('',#558,1.);
#558 = DIRECTION('',(0.,0.,1.));
#559 = PLANE('',#560);
#560 = AXIS2_PLACEMENT_3D('',#561,#562,#563);
#561 = CARTESIAN_POINT('',(-2.5,4.68,3.5));
#562 = DIRECTION('',(0.,1.,0.));
#563 = DIRECTION('',(0.,0.,1.));
#564 = ADVANCED_FACE('',(#565),#584,.T.);
#565 = FACE_BOUND('',#566,.F.);
#566 = EDGE_LOOP('',(#567,#568,#576,#583));
#567 = ORIENTED_EDGE('',*,*,#127,.F.);
#568 = ORIENTED_EDGE('',*,*,#569,.T.);
#569 = EDGE_CURVE('',#128,#570,#572,.T.);
#570 = VERTEX_POINT('',#571);
#571 = CARTESIAN_POINT('',(-2.5,41.32,6.6));
#572 = LINE('',#573,#574);
#573 = CARTESIAN_POINT('',(-2.5,41.32,3.5));
#574 = VECTOR('',#575,1.);
#575 = DIRECTION('',(0.,0.,1.));
#576 = ORIENTED_EDGE('',*,*,#577,.T.);
#577 = EDGE_CURVE('',#570,#455,#578,.T.);
#578 = CIRCLE('',#579,2.82);
#579 = AXIS2_PLACEMENT_3D('',#580,#581,#582);
#580 = CARTESIAN_POINT('',(-2.5,38.5,6.6));
#581 = DIRECTION('',(0.,0.,1.));
#582 = DIRECTION('',(1.,0.,0.));
#583 = ORIENTED_EDGE('',*,*,#454,.F.);
#584 = CYLINDRICAL_SURFACE('',#585,2.82);
#585 = AXIS2_PLACEMENT_3D('',#586,#587,#588);
#586 = CARTESIAN_POINT('',(-2.5,38.5,3.5));
#587 = DIRECTION('',(-0.,-0.,-1.));
#588 = DIRECTION('',(1.,0.,0.));
#589 = ADVANCED_FACE('',(#590),#609,.T.);
#590 = FACE_BOUND('',#591,.F.);
#591 = EDGE_LOOP('',(#592,#600,#601,#602));
#592 = ORIENTED_EDGE('',*,*,#593,.F.);
#593 = EDGE_CURVE('',#154,#594,#596,.T.);
#594 = VERTEX_POINT('',#595);
#595 = CARTESIAN_POINT('',(26.32,7.5,6.6));
#596 = LINE('',#597,#598);
#597 = CARTESIAN_POINT('',(26.32,7.5,3.5));
#598 = VECTOR('',#599,1.);
#599 = DIRECTION('',(0.,0.,1.));
#600 = ORIENTED_EDGE('',*,*,#161,.F.);
#601 = ORIENTED_EDGE('',*,*,#554,.T.);
#602 = ORIENTED_EDGE('',*,*,#603,.T.);
#603 = EDGE_CURVE('',#547,#594,#604,.T.);
#604 = CIRCLE('',#605,2.82);
#605 = AXIS2_PLACEMENT_3D('',#606,#607,#608);
#606 = CARTESIAN_POINT('',(23.5,7.5,6.6));
#607 = DIRECTION('',(0.,0.,1.));
#608 = DIRECTION('',(1.,0.,0.));
#609 = CYLINDRICAL_SURFACE('',#610,2.82);
#610 = AXIS2_PLACEMENT_3D('',#611,#612,#613);
#611 = CARTESIAN_POINT('',(23.5,7.5,3.5));
#612 = DIRECTION('',(-0.,-0.,-1.));
#613 = DIRECTION('',(1.,0.,0.));
#614 = ADVANCED_FACE('',(#615),#633,.T.);
#615 = FACE_BOUND('',#616,.T.);
#616 = EDGE_LOOP('',(#617,#618,#619,#627));
#617 = ORIENTED_EDGE('',*,*,#136,.F.);
#618 = ORIENTED_EDGE('',*,*,#569,.T.);
#619 = ORIENTED_EDGE('',*,*,#620,.T.);
#620 = EDGE_CURVE('',#570,#621,#623,.T.);
#621 = VERTEX_POINT('',#622);
#622 = CARTESIAN_POINT('',(23.5,41.32,6.6));
#623 = LINE('',#624,#625);
#624 = CARTESIAN_POINT('',(-2.5,41.32,6.6));
#625 = VECTOR('',#626,1.);
#626 = DIRECTION('',(1.,0.,0.));
#627 = ORIENTED_EDGE('',*,*,#628,.F.);
#628 = EDGE_CURVE('',#137,#621,#629,.T.);
#629 = LINE('',#630,#631);
#630 = CARTESIAN_POINT('',(23.5,41.32,3.5));
#631 = VECTOR('',#632,1.);
#632 = DIRECTION('',(0.,0.,1.));
#633 = PLANE('',#634);
#634 = AXIS2_PLACEMENT_3D('',#635,#636,#637);
#635 = CARTESIAN_POINT('',(-2.5,41.32,3.5));
#636 = DIRECTION('',(0.,1.,0.));
#637 = DIRECTION('',(0.,0.,1.));
#638 = ADVANCED_FACE('',(#639,#657,#691),#725,.T.);
#639 = FACE_BOUND('',#640,.T.);
#640 = EDGE_LOOP('',(#641,#642,#643,#651));
#641 = ORIENTED_EDGE('',*,*,#593,.F.);
#642 = ORIENTED_EDGE('',*,*,#153,.T.);
#643 = ORIENTED_EDGE('',*,*,#644,.T.);
#644 = EDGE_CURVE('',#145,#645,#647,.T.);
#645 = VERTEX_POINT('',#646);
#646 = CARTESIAN_POINT('',(26.32,38.5,6.6));
#647 = LINE('',#648,#649);
#648 = CARTESIAN_POINT('',(26.32,38.5,3.5));
#649 = VECTOR('',#650,1.);
#650 = DIRECTION('',(0.,0.,1.));
#651 = ORIENTED_EDGE('',*,*,#652,.F.);
#652 = EDGE_CURVE('',#594,#645,#653,.T.);
#653 = LINE('',#654,#655);
#654 = CARTESIAN_POINT('',(26.32,7.5,6.6));
#655 = VECTOR('',#656,1.);
#656 = DIRECTION('',(0.,1.,0.));
#657 = FACE_BOUND('',#658,.T.);
#658 = EDGE_LOOP('',(#659,#669,#677,#685));
#659 = ORIENTED_EDGE('',*,*,#660,.F.);
#660 = EDGE_CURVE('',#661,#663,#665,.T.);
#661 = VERTEX_POINT('',#662);
#662 = CARTESIAN_POINT('',(26.32,31.,4.22));
#663 = VERTEX_POINT('',#664);
#664 = CARTESIAN_POINT('',(26.32,36.,4.22));
#665 = LINE('',#666,#667);
#666 = CARTESIAN_POINT('',(26.32,19.25,4.22));
#667 = VECTOR('',#668,1.);
#668 = DIRECTION('',(0.,1.,0.));
#669 = ORIENTED_EDGE('',*,*,#670,.F.);
#670 = EDGE_CURVE('',#671,#661,#673,.T.);
#671 = VERTEX_POINT('',#672);
#672 = CARTESIAN_POINT('',(26.32,31.,5.08));
#673 = LINE('',#674,#675);
#674 = CARTESIAN_POINT('',(26.32,31.,4.075));
#675 = VECTOR('',#676,1.);
#676 = DIRECTION('',(0.,0.,-1.));
#677 = ORIENTED_EDGE('',*,*,#678,.F.);
#678 = EDGE_CURVE('',#679,#671,#681,.T.);
#679 = VERTEX_POINT('',#680);
#680 = CARTESIAN_POINT('',(26.32,36.,5.08));
#681 = LINE('',#682,#683);
#682 = CARTESIAN_POINT('',(26.32,19.25,5.08));
#683 = VECTOR('',#684,1.);
#684 = DIRECTION('',(0.,-1.,0.));
#685 = ORIENTED_EDGE('',*,*,#686,.T.);
#686 = EDGE_CURVE('',#679,#663,#687,.T.);
#687 = LINE('',#688,#689);
#688 = CARTESIAN_POINT('',(26.32,36.,4.075));
#689 = VECTOR('',#690,1.);
#690 = DIRECTION('',(0.,0.,-1.));
#691 = FACE_BOUND('',#692,.T.);
#692 = EDGE_LOOP('',(#693,#703,#711,#719));
#693 = ORIENTED_EDGE('',*,*,#694,.F.);
#694 = EDGE_CURVE('',#695,#697,#699,.T.);
#695 = VERTEX_POINT('',#696);
#696 = CARTESIAN_POINT('',(26.32,12.,4.22));
#697 = VERTEX_POINT('',#698);
#698 = CARTESIAN_POINT('',(26.32,17.,4.22));
#699 = LINE('',#700,#701);
#700 = CARTESIAN_POINT('',(26.32,9.75,4.22));
#701 = VECTOR('',#702,1.);
#702 = DIRECTION('',(0.,1.,0.));
#703 = ORIENTED_EDGE('',*,*,#704,.F.);
#704 = EDGE_CURVE('',#705,#695,#707,.T.);
#705 = VERTEX_POINT('',#706);
#706 = CARTESIAN_POINT('',(26.32,12.,5.08));
#707 = LINE('',#708,#709);
#708 = CARTESIAN_POINT('',(26.32,12.,4.075));
#709 = VECTOR('',#710,1.);
#710 = DIRECTION('',(0.,0.,-1.));
#711 = ORIENTED_EDGE('',*,*,#712,.F.);
#712 = EDGE_CURVE('',#713,#705,#715,.T.);
#713 = VERTEX_POINT('',#714);
#714 = CARTESIAN_POINT('',(26.32,17.,5.08));
#715 = LINE('',#716,#717);
#716 = CARTESIAN_POINT('',(26.32,9.75,5.08));
#717 = VECTOR('',#718,1.);
#718 = DIRECTION('',(0.,-1.,0.));
#719 = ORIENTED_EDGE('',*,*,#720,.T.);
#720 = EDGE_CURVE('',#713,#697,#721,.T.);
#721 = LINE('',#722,#723);
#722 = CARTESIAN_POINT('',(26.32,17.,4.075));
#723 = VECTOR('',#724,1.);
#724 = DIRECTION('',(0.,0.,-1.));
#725 = PLANE('',#726);
#726 = AXIS2_PLACEMENT_3D('',#727,#728,#729);
#727 = CARTESIAN_POINT('',(26.32,7.5,3.5));
#728 = DIRECTION('',(1.,0.,0.));
#729 = DIRECTION('',(0.,0.,1.));
#730 = ADVANCED_FACE('',(#731),#743,.T.);
#731 = FACE_BOUND('',#732,.F.);
#732 = EDGE_LOOP('',(#733,#734,#735,#742));
#733 = ORIENTED_EDGE('',*,*,#144,.F.);
#734 = ORIENTED_EDGE('',*,*,#644,.T.);
#735 = ORIENTED_EDGE('',*,*,#736,.T.);
#736 = EDGE_CURVE('',#645,#621,#737,.T.);
#737 = CIRCLE('',#738,2.82);
#738 = AXIS2_PLACEMENT_3D('',#739,#740,#741);
#739 = CARTESIAN_POINT('',(23.5,38.5,6.6));
#740 = DIRECTION('',(0.,0.,1.));
#741 = DIRECTION('',(1.,0.,0.));
#742 = ORIENTED_EDGE('',*,*,#628,.F.);
#743 = CYLINDRICAL_SURFACE('',#744,2.82);
#744 = AXIS2_PLACEMENT_3D('',#745,#746,#747);
#745 = CARTESIAN_POINT('',(23.5,38.5,3.5));
#746 = DIRECTION('',(-0.,-0.,-1.));
#747 = DIRECTION('',(1.,0.,0.));
#748 = ADVANCED_FACE('',(#749),#768,.F.);
#749 = FACE_BOUND('',#750,.T.);
#750 = EDGE_LOOP('',(#751,#759,#760,#761));
#751 = ORIENTED_EDGE('',*,*,#752,.F.);
#752 = EDGE_CURVE('',#179,#753,#755,.T.);
#753 = VERTEX_POINT('',#754);
#754 = CARTESIAN_POINT('',(-2.5,5.88,6.6));
#755 = LINE('',#756,#757);
#756 = CARTESIAN_POINT('',(-2.5,5.88,3.49));
#757 = VECTOR('',#758,1.);
#758 = DIRECTION('',(0.,0.,1.));
#759 = ORIENTED_EDGE('',*,*,#178,.T.);
#760 = ORIENTED_EDGE('',*,*,#385,.T.);
#761 = ORIENTED_EDGE('',*,*,#762,.F.);
#762 = EDGE_CURVE('',#753,#386,#763,.T.);
#763 = CIRCLE('',#764,1.62);
#764 = AXIS2_PLACEMENT_3D('',#765,#766,#767);
#765 = CARTESIAN_POINT('',(-2.5,7.5,6.6));
#766 = DIRECTION('',(0.,0.,-1.));
#767 = DIRECTION('',(1.,0.,0.));
#768 = CYLINDRICAL_SURFACE('',#769,1.62);
#769 = AXIS2_PLACEMENT_3D('',#770,#771,#772);
#770 = CARTESIAN_POINT('',(-2.5,7.5,3.49));
#771 = DIRECTION('',(-0.,-0.,-1.));
#772 = DIRECTION('',(1.,0.,0.));
#773 = ADVANCED_FACE('',(#774),#793,.F.);
#774 = FACE_BOUND('',#775,.T.);
#775 = EDGE_LOOP('',(#776,#777,#785,#792));
#776 = ORIENTED_EDGE('',*,*,#255,.T.);
#777 = ORIENTED_EDGE('',*,*,#778,.T.);
#778 = EDGE_CURVE('',#248,#779,#781,.T.);
#779 = VERTEX_POINT('',#780);
#780 = CARTESIAN_POINT('',(-2.5,40.12,6.6));
#781 = LINE('',#782,#783);
#782 = CARTESIAN_POINT('',(-2.5,40.12,3.49));
#783 = VECTOR('',#784,1.);
#784 = DIRECTION('',(0.,0.,1.));
#785 = ORIENTED_EDGE('',*,*,#786,.F.);
#786 = EDGE_CURVE('',#399,#779,#787,.T.);
#787 = CIRCLE('',#788,1.62);
#788 = AXIS2_PLACEMENT_3D('',#789,#790,#791);
#789 = CARTESIAN_POINT('',(-2.5,38.5,6.6));
#790 = DIRECTION('',(0.,0.,-1.));
#791 = DIRECTION('',(1.,0.,0.));
#792 = ORIENTED_EDGE('',*,*,#398,.F.);
#793 = CYLINDRICAL_SURFACE('',#794,1.62);
#794 = AXIS2_PLACEMENT_3D('',#795,#796,#797);
#795 = CARTESIAN_POINT('',(-2.5,38.5,3.49));
#796 = DIRECTION('',(-0.,-0.,-1.));
#797 = DIRECTION('',(1.,0.,0.));
#798 = ADVANCED_FACE('',(#799),#817,.F.);
#799 = FACE_BOUND('',#800,.F.);
#800 = EDGE_LOOP('',(#801,#802,#803,#811));
#801 = ORIENTED_EDGE('',*,*,#247,.F.);
#802 = ORIENTED_EDGE('',*,*,#778,.T.);
#803 = ORIENTED_EDGE('',*,*,#804,.F.);
#804 = EDGE_CURVE('',#805,#779,#807,.T.);
#805 = VERTEX_POINT('',#806);
#806 = CARTESIAN_POINT('',(23.5,40.12,6.6));
#807 = LINE('',#808,#809);
#808 = CARTESIAN_POINT('',(4.,40.12,6.6));
#809 = VECTOR('',#810,1.);
#810 = DIRECTION('',(-1.,0.,0.));
#811 = ORIENTED_EDGE('',*,*,#812,.F.);
#812 = EDGE_CURVE('',#239,#805,#813,.T.);
#813 = LINE('',#814,#815);
#814 = CARTESIAN_POINT('',(23.5,40.12,3.49));
#815 = VECTOR('',#816,1.);
#816 = DIRECTION('',(0.,0.,1.));
#817 = PLANE('',#818);
#818 = AXIS2_PLACEMENT_3D('',#819,#820,#821);
#819 = CARTESIAN_POINT('',(-2.5,40.12,3.49));
#820 = DIRECTION('',(0.,1.,0.));
#821 = DIRECTION('',(0.,0.,1.));
#822 = ADVANCED_FACE('',(#823),#842,.F.);
#823 = FACE_BOUND('',#824,.T.);
#824 = EDGE_LOOP('',(#825,#826,#834,#841));
#825 = ORIENTED_EDGE('',*,*,#238,.T.);
#826 = ORIENTED_EDGE('',*,*,#827,.T.);
#827 = EDGE_CURVE('',#231,#828,#830,.T.);
#828 = VERTEX_POINT('',#829);
#829 = CARTESIAN_POINT('',(25.12,38.5,6.6));
#830 = LINE('',#831,#832);
#831 = CARTESIAN_POINT('',(25.12,38.5,3.49));
#832 = VECTOR('',#833,1.);
#833 = DIRECTION('',(0.,0.,1.));
#834 = ORIENTED_EDGE('',*,*,#835,.F.);
#835 = EDGE_CURVE('',#805,#828,#836,.T.);
#836 = CIRCLE('',#837,1.62);
#837 = AXIS2_PLACEMENT_3D('',#838,#839,#840);
#838 = CARTESIAN_POINT('',(23.5,38.5,6.6));
#839 = DIRECTION('',(0.,0.,-1.));
#840 = DIRECTION('',(1.,0.,0.));
#841 = ORIENTED_EDGE('',*,*,#812,.F.);
#842 = CYLINDRICAL_SURFACE('',#843,1.62);
#843 = AXIS2_PLACEMENT_3D('',#844,#845,#846);
#844 = CARTESIAN_POINT('',(23.5,38.5,3.49));
#845 = DIRECTION('',(-0.,-0.,-1.));
#846 = DIRECTION('',(1.,0.,0.));
#847 = ADVANCED_FACE('',(#848),#866,.F.);
#848 = FACE_BOUND('',#849,.F.);
#849 = EDGE_LOOP('',(#850,#858,#859,#860));
#850 = ORIENTED_EDGE('',*,*,#851,.F.);
#851 = EDGE_CURVE('',#222,#852,#854,.T.);
#852 = VERTEX_POINT('',#853);
#853 = CARTESIAN_POINT('',(25.12,7.5,6.6));
#854 = LINE('',#855,#856);
#855 = CARTESIAN_POINT('',(25.12,7.5,3.49));
#856 = VECTOR('',#857,1.);
#857 = DIRECTION('',(0.,0.,1.));
#858 = ORIENTED_EDGE('',*,*,#230,.F.);
#859 = ORIENTED_EDGE('',*,*,#827,.T.);
#860 = ORIENTED_EDGE('',*,*,#861,.F.);
#861 = EDGE_CURVE('',#852,#828,#862,.T.);
#862 = LINE('',#863,#864);
#863 = CARTESIAN_POINT('',(25.12,15.25,6.6));
#864 = VECTOR('',#865,1.);
#865 = DIRECTION('',(0.,1.,0.));
#866 = PLANE('',#867);
#867 = AXIS2_PLACEMENT_3D('',#868,#869,#870);
#868 = CARTESIAN_POINT('',(25.12,7.5,3.49));
#869 = DIRECTION('',(1.,0.,0.));
#870 = DIRECTION('',(0.,0.,1.));
#871 = ADVANCED_FACE('',(#872),#891,.F.);
#872 = FACE_BOUND('',#873,.T.);
#873 = EDGE_LOOP('',(#874,#875,#876,#884));
#874 = ORIENTED_EDGE('',*,*,#851,.F.);
#875 = ORIENTED_EDGE('',*,*,#221,.T.);
#876 = ORIENTED_EDGE('',*,*,#877,.F.);
#877 = EDGE_CURVE('',#878,#214,#880,.T.);
#878 = VERTEX_POINT('',#879);
#879 = CARTESIAN_POINT('',(24.4,6.153003340761,6.6));
#880 = LINE('',#881,#882);
#881 = CARTESIAN_POINT('',(24.4,6.153003340761,3.49));
#882 = VECTOR('',#883,1.);
#883 = DIRECTION('',(-0.,-0.,-1.));
#884 = ORIENTED_EDGE('',*,*,#885,.F.);
#885 = EDGE_CURVE('',#852,#878,#886,.T.);
#886 = CIRCLE('',#887,1.62);
#887 = AXIS2_PLACEMENT_3D('',#888,#889,#890);
#888 = CARTESIAN_POINT('',(23.5,7.5,6.6));
#889 = DIRECTION('',(0.,0.,-1.));
#890 = DIRECTION('',(1.,0.,0.));
#891 = CYLINDRICAL_SURFACE('',#892,1.62);
#892 = AXIS2_PLACEMENT_3D('',#893,#894,#895);
#893 = CARTESIAN_POINT('',(23.5,7.5,3.49));
#894 = DIRECTION('',(-0.,-0.,-1.));
#895 = DIRECTION('',(1.,0.,0.));
#896 = ADVANCED_FACE('',(#897),#947,.T.);
#897 = FACE_BOUND('',#898,.T.);
#898 = EDGE_LOOP('',(#899,#909,#917,#923,#924,#925,#933,#941));
#899 = ORIENTED_EDGE('',*,*,#900,.T.);
#900 = EDGE_CURVE('',#901,#903,#905,.T.);
#901 = VERTEX_POINT('',#902);
#902 = CARTESIAN_POINT('',(24.4,38.8,6.8));
#903 = VERTEX_POINT('',#904);
#904 = CARTESIAN_POINT('',(24.4,5.2,6.8));
#905 = LINE('',#906,#907);
#906 = CARTESIAN_POINT('',(24.4,14.1,6.8));
#907 = VECTOR('',#908,1.);
#908 = DIRECTION('',(0.,-1.,0.));
#909 = ORIENTED_EDGE('',*,*,#910,.F.);
#910 = EDGE_CURVE('',#911,#903,#913,.T.);
#911 = VERTEX_POINT('',#912);
#912 = CARTESIAN_POINT('',(24.4,5.2,6.6));
#913 = LINE('',#914,#915);
#914 = CARTESIAN_POINT('',(24.4,5.2,1.4));
#915 = VECTOR('',#916,1.);
#916 = DIRECTION('',(0.,0.,1.));
#917 = ORIENTED_EDGE('',*,*,#918,.T.);
#918 = EDGE_CURVE('',#911,#878,#919,.T.);
#919 = LINE('',#920,#921);
#920 = CARTESIAN_POINT('',(24.4,14.1,6.6));
#921 = VECTOR('',#922,1.);
#922 = DIRECTION('',(0.,1.,0.));
#923 = ORIENTED_EDGE('',*,*,#877,.T.);
#924 = ORIENTED_EDGE('',*,*,#213,.T.);
#925 = ORIENTED_EDGE('',*,*,#926,.F.);
#926 = EDGE_CURVE('',#927,#206,#929,.T.);
#927 = VERTEX_POINT('',#928);
#928 = CARTESIAN_POINT('',(24.4,5.2,1.4));
#929 = LINE('',#930,#931);
#930 = CARTESIAN_POINT('',(24.4,5.2,1.4));
#931 = VECTOR('',#932,1.);
#932 = DIRECTION('',(0.,0.,1.));
#933 = ORIENTED_EDGE('',*,*,#934,.T.);
#934 = EDGE_CURVE('',#927,#935,#937,.T.);
#935 = VERTEX_POINT('',#936);
#936 = CARTESIAN_POINT('',(24.4,38.8,1.4));
#937 = LINE('',#938,#939);
#938 = CARTESIAN_POINT('',(24.4,37.7,1.4));
#939 = VECTOR('',#940,1.);
#940 = DIRECTION('',(0.,1.,0.));
#941 = ORIENTED_EDGE('',*,*,#942,.T.);
#942 = EDGE_CURVE('',#935,#901,#943,.T.);
#943 = LINE('',#944,#945);
#944 = CARTESIAN_POINT('',(24.4,38.8,1.4));
#945 = VECTOR('',#946,1.);
#946 = DIRECTION('',(0.,0.,1.));
#947 = PLANE('',#948);
#948 = AXIS2_PLACEMENT_3D('',#949,#950,#951);
#949 = CARTESIAN_POINT('',(24.4,21.647606135069,4.122660453483));
#950 = DIRECTION('',(1.,0.,0.));
#951 = DIRECTION('',(0.,0.,1.));
#952 = ADVANCED_FACE('',(#953),#971,.F.);
#953 = FACE_BOUND('',#954,.F.);
#954 = EDGE_LOOP('',(#955,#956,#964,#970));
#955 = ORIENTED_EDGE('',*,*,#926,.F.);
#956 = ORIENTED_EDGE('',*,*,#957,.F.);
#957 = EDGE_CURVE('',#958,#927,#960,.T.);
#958 = VERTEX_POINT('',#959);
#959 = CARTESIAN_POINT('',(0.6,5.2,1.4));
#960 = LINE('',#961,#962);
#961 = CARTESIAN_POINT('',(0.6,5.2,1.4));
#962 = VECTOR('',#963,1.);
#963 = DIRECTION('',(1.,0.,0.));
#964 = ORIENTED_EDGE('',*,*,#965,.T.);
#965 = EDGE_CURVE('',#958,#198,#966,.T.);
#966 = LINE('',#967,#968);
#967 = CARTESIAN_POINT('',(0.6,5.2,1.4));
#968 = VECTOR('',#969,1.);
#969 = DIRECTION('',(0.,0.,1.));
#970 = ORIENTED_EDGE('',*,*,#205,.T.);
#971 = PLANE('',#972);
#972 = AXIS2_PLACEMENT_3D('',#973,#974,#975);
#973 = CARTESIAN_POINT('',(0.6,5.2,1.4));
#974 = DIRECTION('',(0.,1.,0.));
#975 = DIRECTION('',(0.,0.,1.));
#976 = ADVANCED_FACE('',(#977,#1027),#1061,.T.);
#977 = FACE_BOUND('',#978,.T.);
#978 = EDGE_LOOP('',(#979,#989,#997,#1003,#1004,#1005,#1013,#1021));
#979 = ORIENTED_EDGE('',*,*,#980,.F.);
#980 = EDGE_CURVE('',#981,#983,#985,.T.);
#981 = VERTEX_POINT('',#982);
#982 = CARTESIAN_POINT('',(0.6,38.8,6.8));
#983 = VERTEX_POINT('',#984);
#984 = CARTESIAN_POINT('',(0.6,5.2,6.8));
#985 = LINE('',#986,#987);
#986 = CARTESIAN_POINT('',(0.6,30.35,6.8));
#987 = VECTOR('',#988,1.);
#988 = DIRECTION('',(0.,-1.,0.));
#989 = ORIENTED_EDGE('',*,*,#990,.F.);
#990 = EDGE_CURVE('',#991,#981,#993,.T.);
#991 = VERTEX_POINT('',#992);
#992 = CARTESIAN_POINT('',(0.6,38.8,1.4));
#993 = LINE('',#994,#995);
#994 = CARTESIAN_POINT('',(0.6,38.8,1.4));
#995 = VECTOR('',#996,1.);
#996 = DIRECTION('',(0.,0.,1.));
#997 = ORIENTED_EDGE('',*,*,#998,.F.);
#998 = EDGE_CURVE('',#958,#991,#999,.T.);
#999 = LINE('',#1000,#1001);
#1000 = CARTESIAN_POINT('',(0.6,37.7,1.4));
#1001 = VECTOR('',#1002,1.);
#1002 = DIRECTION('',(0.,1.,0.));
#1003 = ORIENTED_EDGE('',*,*,#965,.T.);
#1004 = ORIENTED_EDGE('',*,*,#197,.F.);
#1005 = ORIENTED_EDGE('',*,*,#1006,.F.);
#1006 = EDGE_CURVE('',#1007,#190,#1009,.T.);
#1007 = VERTEX_POINT('',#1008);
#1008 = CARTESIAN_POINT('',(0.6,5.88,6.6));
#1009 = LINE('',#1010,#1011);
#1010 = CARTESIAN_POINT('',(0.6,5.88,2.445));
#1011 = VECTOR('',#1012,1.);
#1012 = DIRECTION('',(0.,0.,-1.));
#1013 = ORIENTED_EDGE('',*,*,#1014,.F.);
#1014 = EDGE_CURVE('',#1015,#1007,#1017,.T.);
#1015 = VERTEX_POINT('',#1016);
#1016 = CARTESIAN_POINT('',(0.6,5.2,6.6));
#1017 = LINE('',#1018,#1019);
#1018 = CARTESIAN_POINT('',(0.6,14.1,6.6));
#1019 = VECTOR('',#1020,1.);
#1020 = DIRECTION('',(0.,1.,0.));
#1021 = ORIENTED_EDGE('',*,*,#1022,.T.);
#1022 = EDGE_CURVE('',#1015,#983,#1023,.T.);
#1023 = LINE('',#1024,#1025);
#1024 = CARTESIAN_POINT('',(0.6,5.2,1.4));
#1025 = VECTOR('',#1026,1.);
#1026 = DIRECTION('',(0.,0.,1.));
#1027 = FACE_BOUND('',#1028,.T.);
#1028 = EDGE_LOOP('',(#1029,#1039,#1047,#1055));
#1029 = ORIENTED_EDGE('',*,*,#1030,.F.);
#1030 = EDGE_CURVE('',#1031,#1033,#1035,.T.);
#1031 = VERTEX_POINT('',#1032);
#1032 = CARTESIAN_POINT('',(0.6,19.5,6.3));
#1033 = VERTEX_POINT('',#1034);
#1034 = CARTESIAN_POINT('',(0.6,28.5,6.3));
#1035 = LINE('',#1036,#1037);
#1036 = CARTESIAN_POINT('',(0.6,20.622242943548,6.3));
#1037 = VECTOR('',#1038,1.);
#1038 = DIRECTION('',(0.,1.,0.));
#1039 = ORIENTED_EDGE('',*,*,#1040,.T.);
#1040 = EDGE_CURVE('',#1031,#1041,#1043,.T.);
#1041 = VERTEX_POINT('',#1042);
#1042 = CARTESIAN_POINT('',(0.6,19.5,1.7));
#1043 = LINE('',#1044,#1045);
#1044 = CARTESIAN_POINT('',(0.6,19.5,2.908140120968));
#1045 = VECTOR('',#1046,1.);
#1046 = DIRECTION('',(0.,0.,-1.));
#1047 = ORIENTED_EDGE('',*,*,#1048,.T.);
#1048 = EDGE_CURVE('',#1041,#1049,#1051,.T.);
#1049 = VERTEX_POINT('',#1050);
#1050 = CARTESIAN_POINT('',(0.6,28.5,1.7));
#1051 = LINE('',#1052,#1053);
#1052 = CARTESIAN_POINT('',(0.6,20.622242943548,1.7));
#1053 = VECTOR('',#1054,1.);
#1054 = DIRECTION('',(0.,1.,0.));
#1055 = ORIENTED_EDGE('',*,*,#1056,.F.);
#1056 = EDGE_CURVE('',#1033,#1049,#1057,.T.);
#1057 = LINE('',#1058,#1059);
#1058 = CARTESIAN_POINT('',(0.6,28.5,2.908140120968));
#1059 = VECTOR('',#1060,1.);
#1060 = DIRECTION('',(0.,0.,-1.));
#1061 = PLANE('',#1062);
#1062 = AXIS2_PLACEMENT_3D('',#1063,#1064,#1065);
#1063 = CARTESIAN_POINT('',(0.6,21.744485887097,4.116280241935));
#1064 = DIRECTION('',(-1.,-0.,-0.));
#1065 = DIRECTION('',(0.,0.,-1.));
#1066 = ADVANCED_FACE('',(#1067),#1078,.T.);
#1067 = FACE_BOUND('',#1068,.T.);
#1068 = EDGE_LOOP('',(#1069,#1070,#1071,#1077));
#1069 = ORIENTED_EDGE('',*,*,#189,.F.);
#1070 = ORIENTED_EDGE('',*,*,#752,.T.);
#1071 = ORIENTED_EDGE('',*,*,#1072,.F.);
#1072 = EDGE_CURVE('',#1007,#753,#1073,.T.);
#1073 = LINE('',#1074,#1075);
#1074 = CARTESIAN_POINT('',(4.,5.88,6.6));
#1075 = VECTOR('',#1076,1.);
#1076 = DIRECTION('',(-1.,0.,0.));
#1077 = ORIENTED_EDGE('',*,*,#1006,.T.);
#1078 = PLANE('',#1079);
#1079 = AXIS2_PLACEMENT_3D('',#1080,#1081,#1082);
#1080 = CARTESIAN_POINT('',(-2.5,5.88,3.49));
#1081 = DIRECTION('',(0.,1.,0.));
#1082 = DIRECTION('',(0.,0.,1.));
#1083 = ADVANCED_FACE('',(#1084,#1094),#1112,.T.);
#1084 = FACE_BOUND('',#1085,.T.);
#1085 = EDGE_LOOP('',(#1086,#1087,#1088,#1089,#1090,#1091,#1092,#1093));
#1086 = ORIENTED_EDGE('',*,*,#437,.T.);
#1087 = ORIENTED_EDGE('',*,*,#546,.T.);
#1088 = ORIENTED_EDGE('',*,*,#603,.T.);
#1089 = ORIENTED_EDGE('',*,*,#652,.T.);
#1090 = ORIENTED_EDGE('',*,*,#736,.T.);
#1091 = ORIENTED_EDGE('',*,*,#620,.F.);
#1092 = ORIENTED_EDGE('',*,*,#577,.T.);
#1093 = ORIENTED_EDGE('',*,*,#462,.F.);
#1094 = FACE_BOUND('',#1095,.T.);
#1095 = EDGE_LOOP('',(#1096,#1097,#1098,#1099,#1100,#1101,#1102,#1103,
    #1104,#1105,#1106));
#1096 = ORIENTED_EDGE('',*,*,#1014,.T.);
#1097 = ORIENTED_EDGE('',*,*,#1072,.T.);
#1098 = ORIENTED_EDGE('',*,*,#762,.T.);
#1099 = ORIENTED_EDGE('',*,*,#406,.T.);
#1100 = ORIENTED_EDGE('',*,*,#786,.T.);
#1101 = ORIENTED_EDGE('',*,*,#804,.F.);
#1102 = ORIENTED_EDGE('',*,*,#835,.T.);
#1103 = ORIENTED_EDGE('',*,*,#861,.F.);
#1104 = ORIENTED_EDGE('',*,*,#885,.T.);
#1105 = ORIENTED_EDGE('',*,*,#918,.F.);
#1106 = ORIENTED_EDGE('',*,*,#1107,.T.);
#1107 = EDGE_CURVE('',#911,#1015,#1108,.T.);
#1108 = LINE('',#1109,#1110);
#1109 = CARTESIAN_POINT('',(5.55,5.2,6.6));
#1110 = VECTOR('',#1111,1.);
#1111 = DIRECTION('',(-1.,0.,0.));
#1112 = PLANE('',#1113);
#1113 = AXIS2_PLACEMENT_3D('',#1114,#1115,#1116);
#1114 = CARTESIAN_POINT('',(10.5,23.,6.6));
#1115 = DIRECTION('',(0.,0.,1.));
#1116 = DIRECTION('',(1.,0.,0.));
#1117 = ADVANCED_FACE('',(#1118),#1143,.T.);
#1118 = FACE_BOUND('',#1119,.T.);
#1119 = EDGE_LOOP('',(#1120,#1121,#1129,#1137));
#1120 = ORIENTED_EDGE('',*,*,#470,.F.);
#1121 = ORIENTED_EDGE('',*,*,#1122,.T.);
#1122 = EDGE_CURVE('',#471,#1123,#1125,.T.);
#1123 = VERTEX_POINT('',#1124);
#1124 = CARTESIAN_POINT('',(-5.62,36.,4.52));
#1125 = LINE('',#1126,#1127);
#1126 = CARTESIAN_POINT('',(-5.3,36.,4.2));
#1127 = VECTOR('',#1128,1.);
#1128 = DIRECTION('',(-0.707106781187,0.,0.707106781187));
#1129 = ORIENTED_EDGE('',*,*,#1130,.T.);
#1130 = EDGE_CURVE('',#1123,#1131,#1133,.T.);
#1131 = VERTEX_POINT('',#1132);
#1132 = CARTESIAN_POINT('',(-5.62,36.,4.78));
#1133 = LINE('',#1134,#1135);
#1134 = CARTESIAN_POINT('',(-5.62,36.,4.52));
#1135 = VECTOR('',#1136,1.);
#1136 = DIRECTION('',(0.,0.,1.));
#1137 = ORIENTED_EDGE('',*,*,#1138,.T.);
#1138 = EDGE_CURVE('',#1131,#473,#1139,.T.);
#1139 = LINE('',#1140,#1141);
#1140 = CARTESIAN_POINT('',(-5.62,36.,4.78));
#1141 = VECTOR('',#1142,1.);
#1142 = DIRECTION('',(0.707106781187,0.,0.707106781187));
#1143 = PLANE('',#1144);
#1144 = AXIS2_PLACEMENT_3D('',#1145,#1146,#1147);
#1145 = CARTESIAN_POINT('',(-5.410413943814,36.,4.65));
#1146 = DIRECTION('',(0.,1.,0.));
#1147 = DIRECTION('',(0.,0.,1.));
#1148 = ADVANCED_FACE('',(#1149),#1167,.F.);
#1149 = FACE_BOUND('',#1150,.F.);
#1150 = EDGE_LOOP('',(#1151,#1159,#1165,#1166));
#1151 = ORIENTED_EDGE('',*,*,#1152,.F.);
#1152 = EDGE_CURVE('',#1153,#489,#1155,.T.);
#1153 = VERTEX_POINT('',#1154);
#1154 = CARTESIAN_POINT('',(-5.62,31.,4.78));
#1155 = LINE('',#1156,#1157);
#1156 = CARTESIAN_POINT('',(-5.62,31.,4.78));
#1157 = VECTOR('',#1158,1.);
#1158 = DIRECTION('',(0.707106781187,0.,0.707106781187));
#1159 = ORIENTED_EDGE('',*,*,#1160,.T.);
#1160 = EDGE_CURVE('',#1153,#1131,#1161,.T.);
#1161 = LINE('',#1162,#1163);
#1162 = CARTESIAN_POINT('',(-5.62,31.,4.78));
#1163 = VECTOR('',#1164,1.);
#1164 = DIRECTION('',(0.,1.,0.));
#1165 = ORIENTED_EDGE('',*,*,#1138,.T.);
#1166 = ORIENTED_EDGE('',*,*,#496,.F.);
#1167 = PLANE('',#1168);
#1168 = AXIS2_PLACEMENT_3D('',#1169,#1170,#1171);
#1169 = CARTESIAN_POINT('',(-5.62,31.,4.78));
#1170 = DIRECTION('',(0.707106781187,0.,-0.707106781187));
#1171 = DIRECTION('',(0.707106781187,0.,0.707106781187));
#1172 = ADVANCED_FACE('',(#1173),#1191,.F.);
#1173 = FACE_BOUND('',#1174,.F.);
#1174 = EDGE_LOOP('',(#1175,#1176,#1184,#1190));
#1175 = ORIENTED_EDGE('',*,*,#488,.F.);
#1176 = ORIENTED_EDGE('',*,*,#1177,.T.);
#1177 = EDGE_CURVE('',#481,#1178,#1180,.T.);
#1178 = VERTEX_POINT('',#1179);
#1179 = CARTESIAN_POINT('',(-5.62,31.,4.52));
#1180 = LINE('',#1181,#1182);
#1181 = CARTESIAN_POINT('',(-5.3,31.,4.2));
#1182 = VECTOR('',#1183,1.);
#1183 = DIRECTION('',(-0.707106781187,0.,0.707106781187));
#1184 = ORIENTED_EDGE('',*,*,#1185,.T.);
#1185 = EDGE_CURVE('',#1178,#1153,#1186,.T.);
#1186 = LINE('',#1187,#1188);
#1187 = CARTESIAN_POINT('',(-5.62,31.,4.52));
#1188 = VECTOR('',#1189,1.);
#1189 = DIRECTION('',(0.,0.,1.));
#1190 = ORIENTED_EDGE('',*,*,#1152,.T.);
#1191 = PLANE('',#1192);
#1192 = AXIS2_PLACEMENT_3D('',#1193,#1194,#1195);
#1193 = CARTESIAN_POINT('',(-5.410413943814,31.,4.65));
#1194 = DIRECTION('',(0.,1.,0.));
#1195 = DIRECTION('',(0.,0.,1.));
#1196 = ADVANCED_FACE('',(#1197),#1208,.F.);
#1197 = FACE_BOUND('',#1198,.F.);
#1198 = EDGE_LOOP('',(#1199,#1200,#1201,#1202));
#1199 = ORIENTED_EDGE('',*,*,#1177,.F.);
#1200 = ORIENTED_EDGE('',*,*,#480,.F.);
#1201 = ORIENTED_EDGE('',*,*,#1122,.T.);
#1202 = ORIENTED_EDGE('',*,*,#1203,.F.);
#1203 = EDGE_CURVE('',#1178,#1123,#1204,.T.);
#1204 = LINE('',#1205,#1206);
#1205 = CARTESIAN_POINT('',(-5.62,31.,4.52));
#1206 = VECTOR('',#1207,1.);
#1207 = DIRECTION('',(0.,1.,0.));
#1208 = PLANE('',#1209);
#1209 = AXIS2_PLACEMENT_3D('',#1210,#1211,#1212);
#1210 = CARTESIAN_POINT('',(-5.3,31.,4.2));
#1211 = DIRECTION('',(0.707106781187,0.,0.707106781187));
#1212 = DIRECTION('',(-0.707106781187,0.,0.707106781187));
#1213 = ADVANCED_FACE('',(#1214),#1239,.T.);
#1214 = FACE_BOUND('',#1215,.T.);
#1215 = EDGE_LOOP('',(#1216,#1217,#1225,#1233));
#1216 = ORIENTED_EDGE('',*,*,#504,.F.);
#1217 = ORIENTED_EDGE('',*,*,#1218,.T.);
#1218 = EDGE_CURVE('',#505,#1219,#1221,.T.);
#1219 = VERTEX_POINT('',#1220);
#1220 = CARTESIAN_POINT('',(-5.62,17.,4.52));
#1221 = LINE('',#1222,#1223);
#1222 = CARTESIAN_POINT('',(-5.3,17.,4.2));
#1223 = VECTOR('',#1224,1.);
#1224 = DIRECTION('',(-0.707106781187,0.,0.707106781187));
#1225 = ORIENTED_EDGE('',*,*,#1226,.T.);
#1226 = EDGE_CURVE('',#1219,#1227,#1229,.T.);
#1227 = VERTEX_POINT('',#1228);
#1228 = CARTESIAN_POINT('',(-5.62,17.,4.78));
#1229 = LINE('',#1230,#1231);
#1230 = CARTESIAN_POINT('',(-5.62,17.,4.52));
#1231 = VECTOR('',#1232,1.);
#1232 = DIRECTION('',(0.,0.,1.));
#1233 = ORIENTED_EDGE('',*,*,#1234,.T.);
#1234 = EDGE_CURVE('',#1227,#507,#1235,.T.);
#1235 = LINE('',#1236,#1237);
#1236 = CARTESIAN_POINT('',(-5.62,17.,4.78));
#1237 = VECTOR('',#1238,1.);
#1238 = DIRECTION('',(0.707106781187,0.,0.707106781187));
#1239 = PLANE('',#1240);
#1240 = AXIS2_PLACEMENT_3D('',#1241,#1242,#1243);
#1241 = CARTESIAN_POINT('',(-5.410413943814,17.,4.65));
#1242 = DIRECTION('',(0.,1.,0.));
#1243 = DIRECTION('',(0.,0.,1.));
#1244 = ADVANCED_FACE('',(#1245),#1263,.F.);
#1245 = FACE_BOUND('',#1246,.F.);
#1246 = EDGE_LOOP('',(#1247,#1255,#1261,#1262));
#1247 = ORIENTED_EDGE('',*,*,#1248,.F.);
#1248 = EDGE_CURVE('',#1249,#523,#1251,.T.);
#1249 = VERTEX_POINT('',#1250);
#1250 = CARTESIAN_POINT('',(-5.62,12.,4.78));
#1251 = LINE('',#1252,#1253);
#1252 = CARTESIAN_POINT('',(-5.62,12.,4.78));
#1253 = VECTOR('',#1254,1.);
#1254 = DIRECTION('',(0.707106781187,0.,0.707106781187));
#1255 = ORIENTED_EDGE('',*,*,#1256,.T.);
#1256 = EDGE_CURVE('',#1249,#1227,#1257,.T.);
#1257 = LINE('',#1258,#1259);
#1258 = CARTESIAN_POINT('',(-5.62,12.,4.78));
#1259 = VECTOR('',#1260,1.);
#1260 = DIRECTION('',(0.,1.,0.));
#1261 = ORIENTED_EDGE('',*,*,#1234,.T.);
#1262 = ORIENTED_EDGE('',*,*,#530,.F.);
#1263 = PLANE('',#1264);
#1264 = AXIS2_PLACEMENT_3D('',#1265,#1266,#1267);
#1265 = CARTESIAN_POINT('',(-5.62,12.,4.78));
#1266 = DIRECTION('',(0.707106781187,0.,-0.707106781187));
#1267 = DIRECTION('',(0.707106781187,0.,0.707106781187));
#1268 = ADVANCED_FACE('',(#1269),#1287,.F.);
#1269 = FACE_BOUND('',#1270,.F.);
#1270 = EDGE_LOOP('',(#1271,#1272,#1280,#1286));
#1271 = ORIENTED_EDGE('',*,*,#522,.F.);
#1272 = ORIENTED_EDGE('',*,*,#1273,.T.);
#1273 = EDGE_CURVE('',#515,#1274,#1276,.T.);
#1274 = VERTEX_POINT('',#1275);
#1275 = CARTESIAN_POINT('',(-5.62,12.,4.52));
#1276 = LINE('',#1277,#1278);
#1277 = CARTESIAN_POINT('',(-5.3,12.,4.2));
#1278 = VECTOR('',#1279,1.);
#1279 = DIRECTION('',(-0.707106781187,0.,0.707106781187));
#1280 = ORIENTED_EDGE('',*,*,#1281,.T.);
#1281 = EDGE_CURVE('',#1274,#1249,#1282,.T.);
#1282 = LINE('',#1283,#1284);
#1283 = CARTESIAN_POINT('',(-5.62,12.,4.52));
#1284 = VECTOR('',#1285,1.);
#1285 = DIRECTION('',(0.,0.,1.));
#1286 = ORIENTED_EDGE('',*,*,#1248,.T.);
#1287 = PLANE('',#1288);
#1288 = AXIS2_PLACEMENT_3D('',#1289,#1290,#1291);
#1289 = CARTESIAN_POINT('',(-5.410413943814,12.,4.65));
#1290 = DIRECTION('',(0.,1.,0.));
#1291 = DIRECTION('',(0.,0.,1.));
#1292 = ADVANCED_FACE('',(#1293),#1304,.F.);
#1293 = FACE_BOUND('',#1294,.F.);
#1294 = EDGE_LOOP('',(#1295,#1296,#1297,#1298));
#1295 = ORIENTED_EDGE('',*,*,#1273,.F.);
#1296 = ORIENTED_EDGE('',*,*,#514,.F.);
#1297 = ORIENTED_EDGE('',*,*,#1218,.T.);
#1298 = ORIENTED_EDGE('',*,*,#1299,.F.);
#1299 = EDGE_CURVE('',#1274,#1219,#1300,.T.);
#1300 = LINE('',#1301,#1302);
#1301 = CARTESIAN_POINT('',(-5.62,12.,4.52));
#1302 = VECTOR('',#1303,1.);
#1303 = DIRECTION('',(0.,1.,0.));
#1304 = PLANE('',#1305);
#1305 = AXIS2_PLACEMENT_3D('',#1306,#1307,#1308);
#1306 = CARTESIAN_POINT('',(-5.3,12.,4.2));
#1307 = DIRECTION('',(0.707106781187,0.,0.707106781187));
#1308 = DIRECTION('',(-0.707106781187,0.,0.707106781187));
#1309 = ADVANCED_FACE('',(#1310),#1335,.T.);
#1310 = FACE_BOUND('',#1311,.T.);
#1311 = EDGE_LOOP('',(#1312,#1320,#1321,#1329));
#1312 = ORIENTED_EDGE('',*,*,#1313,.F.);
#1313 = EDGE_CURVE('',#661,#1314,#1316,.T.);
#1314 = VERTEX_POINT('',#1315);
#1315 = CARTESIAN_POINT('',(26.62,31.,4.52));
#1316 = LINE('',#1317,#1318);
#1317 = CARTESIAN_POINT('',(26.3,31.,4.2));
#1318 = VECTOR('',#1319,1.);
#1319 = DIRECTION('',(0.707106781187,0.,0.707106781187));
#1320 = ORIENTED_EDGE('',*,*,#660,.T.);
#1321 = ORIENTED_EDGE('',*,*,#1322,.T.);
#1322 = EDGE_CURVE('',#663,#1323,#1325,.T.);
#1323 = VERTEX_POINT('',#1324);
#1324 = CARTESIAN_POINT('',(26.62,36.,4.52));
#1325 = LINE('',#1326,#1327);
#1326 = CARTESIAN_POINT('',(26.3,36.,4.2));
#1327 = VECTOR('',#1328,1.);
#1328 = DIRECTION('',(0.707106781187,0.,0.707106781187));
#1329 = ORIENTED_EDGE('',*,*,#1330,.F.);
#1330 = EDGE_CURVE('',#1314,#1323,#1331,.T.);
#1331 = LINE('',#1332,#1333);
#1332 = CARTESIAN_POINT('',(26.62,31.,4.52));
#1333 = VECTOR('',#1334,1.);
#1334 = DIRECTION('',(0.,1.,0.));
#1335 = PLANE('',#1336);
#1336 = AXIS2_PLACEMENT_3D('',#1337,#1338,#1339);
#1337 = CARTESIAN_POINT('',(26.3,31.,4.2));
#1338 = DIRECTION('',(0.707106781187,0.,-0.707106781187));
#1339 = DIRECTION('',(0.707106781187,0.,0.707106781187));
#1340 = ADVANCED_FACE('',(#1341),#1359,.F.);
#1341 = FACE_BOUND('',#1342,.F.);
#1342 = EDGE_LOOP('',(#1343,#1344,#1345,#1353));
#1343 = ORIENTED_EDGE('',*,*,#686,.T.);
#1344 = ORIENTED_EDGE('',*,*,#1322,.T.);
#1345 = ORIENTED_EDGE('',*,*,#1346,.T.);
#1346 = EDGE_CURVE('',#1323,#1347,#1349,.T.);
#1347 = VERTEX_POINT('',#1348);
#1348 = CARTESIAN_POINT('',(26.62,36.,4.78));
#1349 = LINE('',#1350,#1351);
#1350 = CARTESIAN_POINT('',(26.62,36.,4.52));
#1351 = VECTOR('',#1352,1.);
#1352 = DIRECTION('',(0.,0.,1.));
#1353 = ORIENTED_EDGE('',*,*,#1354,.T.);
#1354 = EDGE_CURVE('',#1347,#679,#1355,.T.);
#1355 = LINE('',#1356,#1357);
#1356 = CARTESIAN_POINT('',(26.62,36.,4.78));
#1357 = VECTOR('',#1358,1.);
#1358 = DIRECTION('',(-0.707106781187,0.,0.707106781187));
#1359 = PLANE('',#1360);
#1360 = AXIS2_PLACEMENT_3D('',#1361,#1362,#1363);
#1361 = CARTESIAN_POINT('',(26.410413943814,36.,4.65));
#1362 = DIRECTION('',(-0.,-1.,-0.));
#1363 = DIRECTION('',(0.,0.,-1.));
#1364 = ADVANCED_FACE('',(#1365),#1383,.T.);
#1365 = FACE_BOUND('',#1366,.T.);
#1366 = EDGE_LOOP('',(#1367,#1375,#1381,#1382));
#1367 = ORIENTED_EDGE('',*,*,#1368,.F.);
#1368 = EDGE_CURVE('',#1369,#671,#1371,.T.);
#1369 = VERTEX_POINT('',#1370);
#1370 = CARTESIAN_POINT('',(26.62,31.,4.78));
#1371 = LINE('',#1372,#1373);
#1372 = CARTESIAN_POINT('',(26.62,31.,4.78));
#1373 = VECTOR('',#1374,1.);
#1374 = DIRECTION('',(-0.707106781187,0.,0.707106781187));
#1375 = ORIENTED_EDGE('',*,*,#1376,.T.);
#1376 = EDGE_CURVE('',#1369,#1347,#1377,.T.);
#1377 = LINE('',#1378,#1379);
#1378 = CARTESIAN_POINT('',(26.62,31.,4.78));
#1379 = VECTOR('',#1380,1.);
#1380 = DIRECTION('',(0.,1.,0.));
#1381 = ORIENTED_EDGE('',*,*,#1354,.T.);
#1382 = ORIENTED_EDGE('',*,*,#678,.T.);
#1383 = PLANE('',#1384);
#1384 = AXIS2_PLACEMENT_3D('',#1385,#1386,#1387);
#1385 = CARTESIAN_POINT('',(26.62,31.,4.78));
#1386 = DIRECTION('',(0.707106781187,0.,0.707106781187));
#1387 = DIRECTION('',(-0.707106781187,0.,0.707106781187));
#1388 = ADVANCED_FACE('',(#1389),#1400,.T.);
#1389 = FACE_BOUND('',#1390,.T.);
#1390 = EDGE_LOOP('',(#1391,#1392,#1393,#1399));
#1391 = ORIENTED_EDGE('',*,*,#670,.T.);
#1392 = ORIENTED_EDGE('',*,*,#1313,.T.);
#1393 = ORIENTED_EDGE('',*,*,#1394,.T.);
#1394 = EDGE_CURVE('',#1314,#1369,#1395,.T.);
#1395 = LINE('',#1396,#1397);
#1396 = CARTESIAN_POINT('',(26.62,31.,4.52));
#1397 = VECTOR('',#1398,1.);
#1398 = DIRECTION('',(0.,0.,1.));
#1399 = ORIENTED_EDGE('',*,*,#1368,.T.);
#1400 = PLANE('',#1401);
#1401 = AXIS2_PLACEMENT_3D('',#1402,#1403,#1404);
#1402 = CARTESIAN_POINT('',(26.410413943814,31.,4.65));
#1403 = DIRECTION('',(-0.,-1.,-0.));
#1404 = DIRECTION('',(0.,0.,-1.));
#1405 = ADVANCED_FACE('',(#1406),#1431,.T.);
#1406 = FACE_BOUND('',#1407,.T.);
#1407 = EDGE_LOOP('',(#1408,#1416,#1417,#1425));
#1408 = ORIENTED_EDGE('',*,*,#1409,.F.);
#1409 = EDGE_CURVE('',#695,#1410,#1412,.T.);
#1410 = VERTEX_POINT('',#1411);
#1411 = CARTESIAN_POINT('',(26.62,12.,4.52));
#1412 = LINE('',#1413,#1414);
#1413 = CARTESIAN_POINT('',(26.3,12.,4.2));
#1414 = VECTOR('',#1415,1.);
#1415 = DIRECTION('',(0.707106781187,0.,0.707106781187));
#1416 = ORIENTED_EDGE('',*,*,#694,.T.);
#1417 = ORIENTED_EDGE('',*,*,#1418,.T.);
#1418 = EDGE_CURVE('',#697,#1419,#1421,.T.);
#1419 = VERTEX_POINT('',#1420);
#1420 = CARTESIAN_POINT('',(26.62,17.,4.52));
#1421 = LINE('',#1422,#1423);
#1422 = CARTESIAN_POINT('',(26.3,17.,4.2));
#1423 = VECTOR('',#1424,1.);
#1424 = DIRECTION('',(0.707106781187,0.,0.707106781187));
#1425 = ORIENTED_EDGE('',*,*,#1426,.F.);
#1426 = EDGE_CURVE('',#1410,#1419,#1427,.T.);
#1427 = LINE('',#1428,#1429);
#1428 = CARTESIAN_POINT('',(26.62,12.,4.52));
#1429 = VECTOR('',#1430,1.);
#1430 = DIRECTION('',(0.,1.,0.));
#1431 = PLANE('',#1432);
#1432 = AXIS2_PLACEMENT_3D('',#1433,#1434,#1435);
#1433 = CARTESIAN_POINT('',(26.3,12.,4.2));
#1434 = DIRECTION('',(0.707106781187,0.,-0.707106781187));
#1435 = DIRECTION('',(0.707106781187,0.,0.707106781187));
#1436 = ADVANCED_FACE('',(#1437),#1455,.F.);
#1437 = FACE_BOUND('',#1438,.F.);
#1438 = EDGE_LOOP('',(#1439,#1440,#1441,#1449));
#1439 = ORIENTED_EDGE('',*,*,#720,.T.);
#1440 = ORIENTED_EDGE('',*,*,#1418,.T.);
#1441 = ORIENTED_EDGE('',*,*,#1442,.T.);
#1442 = EDGE_CURVE('',#1419,#1443,#1445,.T.);
#1443 = VERTEX_POINT('',#1444);
#1444 = CARTESIAN_POINT('',(26.62,17.,4.78));
#1445 = LINE('',#1446,#1447);
#1446 = CARTESIAN_POINT('',(26.62,17.,4.52));
#1447 = VECTOR('',#1448,1.);
#1448 = DIRECTION('',(0.,0.,1.));
#1449 = ORIENTED_EDGE('',*,*,#1450,.T.);
#1450 = EDGE_CURVE('',#1443,#713,#1451,.T.);
#1451 = LINE('',#1452,#1453);
#1452 = CARTESIAN_POINT('',(26.62,17.,4.78));
#1453 = VECTOR('',#1454,1.);
#1454 = DIRECTION('',(-0.707106781187,0.,0.707106781187));
#1455 = PLANE('',#1456);
#1456 = AXIS2_PLACEMENT_3D('',#1457,#1458,#1459);
#1457 = CARTESIAN_POINT('',(26.410413943814,17.,4.65));
#1458 = DIRECTION('',(-0.,-1.,-0.));
#1459 = DIRECTION('',(0.,0.,-1.));
#1460 = ADVANCED_FACE('',(#1461),#1479,.T.);
#1461 = FACE_BOUND('',#1462,.T.);
#1462 = EDGE_LOOP('',(#1463,#1471,#1477,#1478));
#1463 = ORIENTED_EDGE('',*,*,#1464,.F.);
#1464 = EDGE_CURVE('',#1465,#705,#1467,.T.);
#1465 = VERTEX_POINT('',#1466);
#1466 = CARTESIAN_POINT('',(26.62,12.,4.78));
#1467 = LINE('',#1468,#1469);
#1468 = CARTESIAN_POINT('',(26.62,12.,4.78));
#1469 = VECTOR('',#1470,1.);
#1470 = DIRECTION('',(-0.707106781187,0.,0.707106781187));
#1471 = ORIENTED_EDGE('',*,*,#1472,.T.);
#1472 = EDGE_CURVE('',#1465,#1443,#1473,.T.);
#1473 = LINE('',#1474,#1475);
#1474 = CARTESIAN_POINT('',(26.62,12.,4.78));
#1475 = VECTOR('',#1476,1.);
#1476 = DIRECTION('',(0.,1.,0.));
#1477 = ORIENTED_EDGE('',*,*,#1450,.T.);
#1478 = ORIENTED_EDGE('',*,*,#712,.T.);
#1479 = PLANE('',#1480);
#1480 = AXIS2_PLACEMENT_3D('',#1481,#1482,#1483);
#1481 = CARTESIAN_POINT('',(26.62,12.,4.78));
#1482 = DIRECTION('',(0.707106781187,0.,0.707106781187));
#1483 = DIRECTION('',(-0.707106781187,0.,0.707106781187));
#1484 = ADVANCED_FACE('',(#1485),#1496,.T.);
#1485 = FACE_BOUND('',#1486,.T.);
#1486 = EDGE_LOOP('',(#1487,#1488,#1489,#1495));
#1487 = ORIENTED_EDGE('',*,*,#704,.T.);
#1488 = ORIENTED_EDGE('',*,*,#1409,.T.);
#1489 = ORIENTED_EDGE('',*,*,#1490,.T.);
#1490 = EDGE_CURVE('',#1410,#1465,#1491,.T.);
#1491 = LINE('',#1492,#1493);
#1492 = CARTESIAN_POINT('',(26.62,12.,4.52));
#1493 = VECTOR('',#1494,1.);
#1494 = DIRECTION('',(0.,0.,1.));
#1495 = ORIENTED_EDGE('',*,*,#1464,.T.);
#1496 = PLANE('',#1497);
#1497 = AXIS2_PLACEMENT_3D('',#1498,#1499,#1500);
#1498 = CARTESIAN_POINT('',(26.410413943814,12.,4.65));
#1499 = DIRECTION('',(-0.,-1.,-0.));
#1500 = DIRECTION('',(0.,0.,-1.));
#1501 = ADVANCED_FACE('',(#1502,#1604),#1620,.T.);
#1502 = FACE_BOUND('',#1503,.T.);
#1503 = EDGE_LOOP('',(#1504,#1515,#1523,#1531,#1539,#1547,#1555,#1564,
    #1572,#1581,#1589,#1598));
#1504 = ORIENTED_EDGE('',*,*,#1505,.F.);
#1505 = EDGE_CURVE('',#1506,#1508,#1510,.T.);
#1506 = VERTEX_POINT('',#1507);
#1507 = CARTESIAN_POINT('',(-5.5,7.5,6.8));
#1508 = VERTEX_POINT('',#1509);
#1509 = CARTESIAN_POINT('',(-2.5,4.5,6.8));
#1510 = CIRCLE('',#1511,3.);
#1511 = AXIS2_PLACEMENT_3D('',#1512,#1513,#1514);
#1512 = CARTESIAN_POINT('',(-2.5,7.5,6.8));
#1513 = DIRECTION('',(0.,0.,1.));
#1514 = DIRECTION('',(1.,0.,0.));
#1515 = ORIENTED_EDGE('',*,*,#1516,.T.);
#1516 = EDGE_CURVE('',#1506,#1517,#1519,.T.);
#1517 = VERTEX_POINT('',#1518);
#1518 = CARTESIAN_POINT('',(-5.5,10.,6.8));
#1519 = LINE('',#1520,#1521);
#1520 = CARTESIAN_POINT('',(-5.5,7.5,6.8));
#1521 = VECTOR('',#1522,1.);
#1522 = DIRECTION('',(0.,1.,0.));
#1523 = ORIENTED_EDGE('',*,*,#1524,.T.);
#1524 = EDGE_CURVE('',#1517,#1525,#1527,.T.);
#1525 = VERTEX_POINT('',#1526);
#1526 = CARTESIAN_POINT('',(0.,10.,6.8));
#1527 = LINE('',#1528,#1529);
#1528 = CARTESIAN_POINT('',(2.25,10.,6.8));
#1529 = VECTOR('',#1530,1.);
#1530 = DIRECTION('',(1.,0.,0.));
#1531 = ORIENTED_EDGE('',*,*,#1532,.F.);
#1532 = EDGE_CURVE('',#1533,#1525,#1535,.T.);
#1533 = VERTEX_POINT('',#1534);
#1534 = CARTESIAN_POINT('',(0.,36.,6.8));
#1535 = LINE('',#1536,#1537);
#1536 = CARTESIAN_POINT('',(0.,16.5,6.8));
#1537 = VECTOR('',#1538,1.);
#1538 = DIRECTION('',(0.,-1.,0.));
#1539 = ORIENTED_EDGE('',*,*,#1540,.F.);
#1540 = EDGE_CURVE('',#1541,#1533,#1543,.T.);
#1541 = VERTEX_POINT('',#1542);
#1542 = CARTESIAN_POINT('',(-5.5,36.,6.8));
#1543 = LINE('',#1544,#1545);
#1544 = CARTESIAN_POINT('',(2.25,36.,6.8));
#1545 = VECTOR('',#1546,1.);
#1546 = DIRECTION('',(1.,0.,0.));
#1547 = ORIENTED_EDGE('',*,*,#1548,.T.);
#1548 = EDGE_CURVE('',#1541,#1549,#1551,.T.);
#1549 = VERTEX_POINT('',#1550);
#1550 = CARTESIAN_POINT('',(-5.5,38.5,6.8));
#1551 = LINE('',#1552,#1553);
#1552 = CARTESIAN_POINT('',(-5.5,7.5,6.8));
#1553 = VECTOR('',#1554,1.);
#1554 = DIRECTION('',(0.,1.,0.));
#1555 = ORIENTED_EDGE('',*,*,#1556,.F.);
#1556 = EDGE_CURVE('',#1557,#1549,#1559,.T.);
#1557 = VERTEX_POINT('',#1558);
#1558 = CARTESIAN_POINT('',(-2.5,41.5,6.8));
#1559 = CIRCLE('',#1560,3.);
#1560 = AXIS2_PLACEMENT_3D('',#1561,#1562,#1563);
#1561 = CARTESIAN_POINT('',(-2.5,38.5,6.8));
#1562 = DIRECTION('',(0.,0.,1.));
#1563 = DIRECTION('',(1.,0.,0.));
#1564 = ORIENTED_EDGE('',*,*,#1565,.T.);
#1565 = EDGE_CURVE('',#1557,#1566,#1568,.T.);
#1566 = VERTEX_POINT('',#1567);
#1567 = CARTESIAN_POINT('',(23.5,41.5,6.8));
#1568 = LINE('',#1569,#1570);
#1569 = CARTESIAN_POINT('',(-2.5,41.5,6.8));
#1570 = VECTOR('',#1571,1.);
#1571 = DIRECTION('',(1.,0.,0.));
#1572 = ORIENTED_EDGE('',*,*,#1573,.F.);
#1573 = EDGE_CURVE('',#1574,#1566,#1576,.T.);
#1574 = VERTEX_POINT('',#1575);
#1575 = CARTESIAN_POINT('',(26.5,38.5,6.8));
#1576 = CIRCLE('',#1577,3.);
#1577 = AXIS2_PLACEMENT_3D('',#1578,#1579,#1580);
#1578 = CARTESIAN_POINT('',(23.5,38.5,6.8));
#1579 = DIRECTION('',(0.,0.,1.));
#1580 = DIRECTION('',(1.,0.,0.));
#1581 = ORIENTED_EDGE('',*,*,#1582,.F.);
#1582 = EDGE_CURVE('',#1583,#1574,#1585,.T.);
#1583 = VERTEX_POINT('',#1584);
#1584 = CARTESIAN_POINT('',(26.5,7.5,6.8));
#1585 = LINE('',#1586,#1587);
#1586 = CARTESIAN_POINT('',(26.5,7.5,6.8));
#1587 = VECTOR('',#1588,1.);
#1588 = DIRECTION('',(0.,1.,0.));
#1589 = ORIENTED_EDGE('',*,*,#1590,.F.);
#1590 = EDGE_CURVE('',#1591,#1583,#1593,.T.);
#1591 = VERTEX_POINT('',#1592);
#1592 = CARTESIAN_POINT('',(23.5,4.5,6.8));
#1593 = CIRCLE('',#1594,3.);
#1594 = AXIS2_PLACEMENT_3D('',#1595,#1596,#1597);
#1595 = CARTESIAN_POINT('',(23.5,7.5,6.8));
#1596 = DIRECTION('',(0.,0.,1.));
#1597 = DIRECTION('',(1.,0.,0.));
#1598 = ORIENTED_EDGE('',*,*,#1599,.F.);
#1599 = EDGE_CURVE('',#1508,#1591,#1600,.T.);
#1600 = LINE('',#1601,#1602);
#1601 = CARTESIAN_POINT('',(-2.5,4.5,6.8));
#1602 = VECTOR('',#1603,1.);
#1603 = DIRECTION('',(1.,0.,0.));
#1604 = FACE_BOUND('',#1605,.T.);
#1605 = EDGE_LOOP('',(#1606,#1607,#1613,#1614));
#1606 = ORIENTED_EDGE('',*,*,#980,.T.);
#1607 = ORIENTED_EDGE('',*,*,#1608,.T.);
#1608 = EDGE_CURVE('',#983,#903,#1609,.T.);
#1609 = LINE('',#1610,#1611);
#1610 = CARTESIAN_POINT('',(5.55,5.2,6.8));
#1611 = VECTOR('',#1612,1.);
#1612 = DIRECTION('',(1.,0.,0.));
#1613 = ORIENTED_EDGE('',*,*,#900,.F.);
#1614 = ORIENTED_EDGE('',*,*,#1615,.F.);
#1615 = EDGE_CURVE('',#981,#901,#1616,.T.);
#1616 = LINE('',#1617,#1618);
#1617 = CARTESIAN_POINT('',(5.55,38.8,6.8));
#1618 = VECTOR('',#1619,1.);
#1619 = DIRECTION('',(1.,0.,0.));
#1620 = PLANE('',#1621);
#1621 = AXIS2_PLACEMENT_3D('',#1622,#1623,#1624);
#1622 = CARTESIAN_POINT('',(10.5,23.,6.8));
#1623 = DIRECTION('',(-0.,-0.,-1.));
#1624 = DIRECTION('',(-1.,0.,0.));
#1625 = ADVANCED_FACE('',(#1626),#1632,.F.);
#1626 = FACE_BOUND('',#1627,.F.);
#1627 = EDGE_LOOP('',(#1628,#1629,#1630,#1631));
#1628 = ORIENTED_EDGE('',*,*,#910,.F.);
#1629 = ORIENTED_EDGE('',*,*,#1107,.T.);
#1630 = ORIENTED_EDGE('',*,*,#1022,.T.);
#1631 = ORIENTED_EDGE('',*,*,#1608,.T.);
#1632 = PLANE('',#1633);
#1633 = AXIS2_PLACEMENT_3D('',#1634,#1635,#1636);
#1634 = CARTESIAN_POINT('',(0.6,5.2,1.4));
#1635 = DIRECTION('',(0.,1.,0.));
#1636 = DIRECTION('',(0.,0.,1.));
#1637 = ADVANCED_FACE('',(#1638,#1649),#1683,.T.);
#1638 = FACE_BOUND('',#1639,.T.);
#1639 = EDGE_LOOP('',(#1640,#1641,#1647,#1648));
#1640 = ORIENTED_EDGE('',*,*,#998,.T.);
#1641 = ORIENTED_EDGE('',*,*,#1642,.T.);
#1642 = EDGE_CURVE('',#991,#935,#1643,.T.);
#1643 = LINE('',#1644,#1645);
#1644 = CARTESIAN_POINT('',(0.6,38.8,1.4));
#1645 = VECTOR('',#1646,1.);
#1646 = DIRECTION('',(1.,0.,0.));
#1647 = ORIENTED_EDGE('',*,*,#934,.F.);
#1648 = ORIENTED_EDGE('',*,*,#957,.F.);
#1649 = FACE_BOUND('',#1650,.T.);
#1650 = EDGE_LOOP('',(#1651,#1661,#1669,#1677));
#1651 = ORIENTED_EDGE('',*,*,#1652,.F.);
#1652 = EDGE_CURVE('',#1653,#1655,#1657,.T.);
#1653 = VERTEX_POINT('',#1654);
#1654 = CARTESIAN_POINT('',(1.8,6.3,1.4));
#1655 = VERTEX_POINT('',#1656);
#1656 = CARTESIAN_POINT('',(1.8,37.7,1.4));
#1657 = LINE('',#1658,#1659);
#1658 = CARTESIAN_POINT('',(1.8,6.2,1.4));
#1659 = VECTOR('',#1660,1.);
#1660 = DIRECTION('',(0.,1.,0.));
#1661 = ORIENTED_EDGE('',*,*,#1662,.T.);
#1662 = EDGE_CURVE('',#1653,#1663,#1665,.T.);
#1663 = VERTEX_POINT('',#1664);
#1664 = CARTESIAN_POINT('',(23.2,6.3,1.4));
#1665 = LINE('',#1666,#1667);
#1666 = CARTESIAN_POINT('',(0.6,6.3,1.4));
#1667 = VECTOR('',#1668,1.);
#1668 = DIRECTION('',(1.,0.,0.));
#1669 = ORIENTED_EDGE('',*,*,#1670,.T.);
#1670 = EDGE_CURVE('',#1663,#1671,#1673,.T.);
#1671 = VERTEX_POINT('',#1672);
#1672 = CARTESIAN_POINT('',(23.2,37.7,1.4));
#1673 = LINE('',#1674,#1675);
#1674 = CARTESIAN_POINT('',(23.2,6.2,1.4));
#1675 = VECTOR('',#1676,1.);
#1676 = DIRECTION('',(0.,1.,0.));
#1677 = ORIENTED_EDGE('',*,*,#1678,.F.);
#1678 = EDGE_CURVE('',#1655,#1671,#1679,.T.);
#1679 = LINE('',#1680,#1681);
#1680 = CARTESIAN_POINT('',(0.6,37.7,1.4));
#1681 = VECTOR('',#1682,1.);
#1682 = DIRECTION('',(1.,0.,0.));
#1683 = PLANE('',#1684);
#1684 = AXIS2_PLACEMENT_3D('',#1685,#1686,#1687);
#1685 = CARTESIAN_POINT('',(12.5,22.,1.4));
#1686 = DIRECTION('',(-0.,-0.,-1.));
#1687 = DIRECTION('',(-1.,0.,0.));
#1688 = ADVANCED_FACE('',(#1689),#1695,.T.);
#1689 = FACE_BOUND('',#1690,.T.);
#1690 = EDGE_LOOP('',(#1691,#1692,#1693,#1694));
#1691 = ORIENTED_EDGE('',*,*,#942,.F.);
#1692 = ORIENTED_EDGE('',*,*,#1642,.F.);
#1693 = ORIENTED_EDGE('',*,*,#990,.T.);
#1694 = ORIENTED_EDGE('',*,*,#1615,.T.);
#1695 = PLANE('',#1696);
#1696 = AXIS2_PLACEMENT_3D('',#1697,#1698,#1699);
#1697 = CARTESIAN_POINT('',(0.6,38.8,1.4));
#1698 = DIRECTION('',(0.,1.,0.));
#1699 = DIRECTION('',(0.,0.,1.));
#1700 = ADVANCED_FACE('',(#1701),#1726,.F.);
#1701 = FACE_BOUND('',#1702,.F.);
#1702 = EDGE_LOOP('',(#1703,#1711,#1712,#1720));
#1703 = ORIENTED_EDGE('',*,*,#1704,.F.);
#1704 = EDGE_CURVE('',#1033,#1705,#1707,.T.);
#1705 = VERTEX_POINT('',#1706);
#1706 = CARTESIAN_POINT('',(1.8,28.5,6.3));
#1707 = LINE('',#1708,#1709);
#1708 = CARTESIAN_POINT('',(0.4,28.5,6.3));
#1709 = VECTOR('',#1710,1.);
#1710 = DIRECTION('',(1.,0.,0.));
#1711 = ORIENTED_EDGE('',*,*,#1030,.F.);
#1712 = ORIENTED_EDGE('',*,*,#1713,.T.);
#1713 = EDGE_CURVE('',#1031,#1714,#1716,.T.);
#1714 = VERTEX_POINT('',#1715);
#1715 = CARTESIAN_POINT('',(1.8,19.5,6.3));
#1716 = LINE('',#1717,#1718);
#1717 = CARTESIAN_POINT('',(0.4,19.5,6.3));
#1718 = VECTOR('',#1719,1.);
#1719 = DIRECTION('',(1.,0.,0.));
#1720 = ORIENTED_EDGE('',*,*,#1721,.F.);
#1721 = EDGE_CURVE('',#1705,#1714,#1722,.T.);
#1722 = LINE('',#1723,#1724);
#1723 = CARTESIAN_POINT('',(1.8,12.85,6.3));
#1724 = VECTOR('',#1725,1.);
#1725 = DIRECTION('',(0.,-1.,0.));
#1726 = PLANE('',#1727);
#1727 = AXIS2_PLACEMENT_3D('',#1728,#1729,#1730);
#1728 = CARTESIAN_POINT('',(0.4,19.5,6.3));
#1729 = DIRECTION('',(0.,0.,1.));
#1730 = DIRECTION('',(1.,0.,0.));
#1731 = ADVANCED_FACE('',(#1732),#1750,.F.);
#1732 = FACE_BOUND('',#1733,.F.);
#1733 = EDGE_LOOP('',(#1734,#1742,#1743,#1744));
#1734 = ORIENTED_EDGE('',*,*,#1735,.F.);
#1735 = EDGE_CURVE('',#1049,#1736,#1738,.T.);
#1736 = VERTEX_POINT('',#1737);
#1737 = CARTESIAN_POINT('',(1.8,28.5,1.7));
#1738 = LINE('',#1739,#1740);
#1739 = CARTESIAN_POINT('',(0.4,28.5,1.7));
#1740 = VECTOR('',#1741,1.);
#1741 = DIRECTION('',(1.,0.,0.));
#1742 = ORIENTED_EDGE('',*,*,#1056,.F.);
#1743 = ORIENTED_EDGE('',*,*,#1704,.T.);
#1744 = ORIENTED_EDGE('',*,*,#1745,.F.);
#1745 = EDGE_CURVE('',#1736,#1705,#1746,.T.);
#1746 = LINE('',#1747,#1748);
#1747 = CARTESIAN_POINT('',(1.8,28.5,1.55));
#1748 = VECTOR('',#1749,1.);
#1749 = DIRECTION('',(0.,0.,1.));
#1750 = PLANE('',#1751);
#1751 = AXIS2_PLACEMENT_3D('',#1752,#1753,#1754);
#1752 = CARTESIAN_POINT('',(0.4,28.5,1.7));
#1753 = DIRECTION('',(0.,1.,0.));
#1754 = DIRECTION('',(0.,0.,1.));
#1755 = ADVANCED_FACE('',(#1756),#1774,.T.);
#1756 = FACE_BOUND('',#1757,.T.);
#1757 = EDGE_LOOP('',(#1758,#1759,#1760,#1768));
#1758 = ORIENTED_EDGE('',*,*,#1735,.F.);
#1759 = ORIENTED_EDGE('',*,*,#1048,.F.);
#1760 = ORIENTED_EDGE('',*,*,#1761,.T.);
#1761 = EDGE_CURVE('',#1041,#1762,#1764,.T.);
#1762 = VERTEX_POINT('',#1763);
#1763 = CARTESIAN_POINT('',(1.8,19.5,1.7));
#1764 = LINE('',#1765,#1766);
#1765 = CARTESIAN_POINT('',(0.4,19.5,1.7));
#1766 = VECTOR('',#1767,1.);
#1767 = DIRECTION('',(1.,0.,0.));
#1768 = ORIENTED_EDGE('',*,*,#1769,.F.);
#1769 = EDGE_CURVE('',#1736,#1762,#1770,.T.);
#1770 = LINE('',#1771,#1772);
#1771 = CARTESIAN_POINT('',(1.8,12.85,1.7));
#1772 = VECTOR('',#1773,1.);
#1773 = DIRECTION('',(0.,-1.,0.));
#1774 = PLANE('',#1775);
#1775 = AXIS2_PLACEMENT_3D('',#1776,#1777,#1778);
#1776 = CARTESIAN_POINT('',(0.4,19.5,1.7));
#1777 = DIRECTION('',(0.,0.,1.));
#1778 = DIRECTION('',(1.,0.,0.));
#1779 = ADVANCED_FACE('',(#1780),#1791,.T.);
#1780 = FACE_BOUND('',#1781,.T.);
#1781 = EDGE_LOOP('',(#1782,#1783,#1784,#1785));
#1782 = ORIENTED_EDGE('',*,*,#1761,.F.);
#1783 = ORIENTED_EDGE('',*,*,#1040,.F.);
#1784 = ORIENTED_EDGE('',*,*,#1713,.T.);
#1785 = ORIENTED_EDGE('',*,*,#1786,.F.);
#1786 = EDGE_CURVE('',#1762,#1714,#1787,.T.);
#1787 = LINE('',#1788,#1789);
#1788 = CARTESIAN_POINT('',(1.8,19.5,1.55));
#1789 = VECTOR('',#1790,1.);
#1790 = DIRECTION('',(0.,0.,1.));
#1791 = PLANE('',#1792);
#1792 = AXIS2_PLACEMENT_3D('',#1793,#1794,#1795);
#1793 = CARTESIAN_POINT('',(0.4,19.5,1.7));
#1794 = DIRECTION('',(0.,1.,0.));
#1795 = DIRECTION('',(0.,0.,1.));
#1796 = ADVANCED_FACE('',(#1797),#1803,.F.);
#1797 = FACE_BOUND('',#1798,.F.);
#1798 = EDGE_LOOP('',(#1799,#1800,#1801,#1802));
#1799 = ORIENTED_EDGE('',*,*,#1203,.T.);
#1800 = ORIENTED_EDGE('',*,*,#1130,.T.);
#1801 = ORIENTED_EDGE('',*,*,#1160,.F.);
#1802 = ORIENTED_EDGE('',*,*,#1185,.F.);
#1803 = PLANE('',#1804);
#1804 = AXIS2_PLACEMENT_3D('',#1805,#1806,#1807);
#1805 = CARTESIAN_POINT('',(-5.62,31.,4.52));
#1806 = DIRECTION('',(1.,0.,0.));
#1807 = DIRECTION('',(0.,0.,1.));
#1808 = ADVANCED_FACE('',(#1809),#1815,.F.);
#1809 = FACE_BOUND('',#1810,.F.);
#1810 = EDGE_LOOP('',(#1811,#1812,#1813,#1814));
#1811 = ORIENTED_EDGE('',*,*,#1299,.T.);
#1812 = ORIENTED_EDGE('',*,*,#1226,.T.);
#1813 = ORIENTED_EDGE('',*,*,#1256,.F.);
#1814 = ORIENTED_EDGE('',*,*,#1281,.F.);
#1815 = PLANE('',#1816);
#1816 = AXIS2_PLACEMENT_3D('',#1817,#1818,#1819);
#1817 = CARTESIAN_POINT('',(-5.62,12.,4.52));
#1818 = DIRECTION('',(1.,0.,0.));
#1819 = DIRECTION('',(0.,0.,1.));
#1820 = ADVANCED_FACE('',(#1821),#1827,.T.);
#1821 = FACE_BOUND('',#1822,.T.);
#1822 = EDGE_LOOP('',(#1823,#1824,#1825,#1826));
#1823 = ORIENTED_EDGE('',*,*,#1330,.T.);
#1824 = ORIENTED_EDGE('',*,*,#1346,.T.);
#1825 = ORIENTED_EDGE('',*,*,#1376,.F.);
#1826 = ORIENTED_EDGE('',*,*,#1394,.F.);
#1827 = PLANE('',#1828);
#1828 = AXIS2_PLACEMENT_3D('',#1829,#1830,#1831);
#1829 = CARTESIAN_POINT('',(26.62,31.,4.52));
#1830 = DIRECTION('',(1.,0.,0.));
#1831 = DIRECTION('',(0.,0.,1.));
#1832 = ADVANCED_FACE('',(#1833),#1839,.T.);
#1833 = FACE_BOUND('',#1834,.T.);
#1834 = EDGE_LOOP('',(#1835,#1836,#1837,#1838));
#1835 = ORIENTED_EDGE('',*,*,#1426,.T.);
#1836 = ORIENTED_EDGE('',*,*,#1442,.T.);
#1837 = ORIENTED_EDGE('',*,*,#1472,.F.);
#1838 = ORIENTED_EDGE('',*,*,#1490,.F.);
#1839 = PLANE('',#1840);
#1840 = AXIS2_PLACEMENT_3D('',#1841,#1842,#1843);
#1841 = CARTESIAN_POINT('',(26.62,12.,4.52));
#1842 = DIRECTION('',(1.,0.,0.));
#1843 = DIRECTION('',(0.,0.,1.));
#1844 = ADVANCED_FACE('',(#1845),#1871,.F.);
#1845 = FACE_BOUND('',#1846,.T.);
#1846 = EDGE_LOOP('',(#1847,#1855,#1864,#1870));
#1847 = ORIENTED_EDGE('',*,*,#1848,.F.);
#1848 = EDGE_CURVE('',#1849,#1508,#1851,.T.);
#1849 = VERTEX_POINT('',#1850);
#1850 = CARTESIAN_POINT('',(-2.5,4.5,6.5));
#1851 = LINE('',#1852,#1853);
#1852 = CARTESIAN_POINT('',(-2.5,4.5,6.4));
#1853 = VECTOR('',#1854,1.);
#1854 = DIRECTION('',(0.,0.,1.));
#1855 = ORIENTED_EDGE('',*,*,#1856,.T.);
#1856 = EDGE_CURVE('',#1849,#1857,#1859,.T.);
#1857 = VERTEX_POINT('',#1858);
#1858 = CARTESIAN_POINT('',(-5.5,7.5,6.5));
#1859 = CIRCLE('',#1860,3.);
#1860 = AXIS2_PLACEMENT_3D('',#1861,#1862,#1863);
#1861 = CARTESIAN_POINT('',(-2.5,7.5,6.5));
#1862 = DIRECTION('',(0.,0.,-1.));
#1863 = DIRECTION('',(1.,0.,0.));
#1864 = ORIENTED_EDGE('',*,*,#1865,.T.);
#1865 = EDGE_CURVE('',#1857,#1506,#1866,.T.);
#1866 = LINE('',#1867,#1868);
#1867 = CARTESIAN_POINT('',(-5.5,7.5,6.4));
#1868 = VECTOR('',#1869,1.);
#1869 = DIRECTION('',(0.,0.,1.));
#1870 = ORIENTED_EDGE('',*,*,#1505,.T.);
#1871 = CYLINDRICAL_SURFACE('',#1872,3.);
#1872 = AXIS2_PLACEMENT_3D('',#1873,#1874,#1875);
#1873 = CARTESIAN_POINT('',(-2.5,7.5,6.4));
#1874 = DIRECTION('',(-0.,-0.,-1.));
#1875 = DIRECTION('',(1.,0.,0.));
#1876 = ADVANCED_FACE('',(#1877),#1950,.T.);
#1877 = FACE_BOUND('',#1878,.T.);
#1878 = EDGE_LOOP('',(#1879,#1880,#1888,#1894,#1895,#1903,#1911,#1919,
    #1927,#1935,#1943,#1949));
#1879 = ORIENTED_EDGE('',*,*,#1865,.F.);
#1880 = ORIENTED_EDGE('',*,*,#1881,.F.);
#1881 = EDGE_CURVE('',#1882,#1857,#1884,.T.);
#1882 = VERTEX_POINT('',#1883);
#1883 = CARTESIAN_POINT('',(-5.5,38.5,6.5));
#1884 = LINE('',#1885,#1886);
#1885 = CARTESIAN_POINT('',(-5.5,15.25,6.5));
#1886 = VECTOR('',#1887,1.);
#1887 = DIRECTION('',(0.,-1.,0.));
#1888 = ORIENTED_EDGE('',*,*,#1889,.T.);
#1889 = EDGE_CURVE('',#1882,#1549,#1890,.T.);
#1890 = LINE('',#1891,#1892);
#1891 = CARTESIAN_POINT('',(-5.5,38.5,6.4));
#1892 = VECTOR('',#1893,1.);
#1893 = DIRECTION('',(0.,0.,1.));
#1894 = ORIENTED_EDGE('',*,*,#1548,.F.);
#1895 = ORIENTED_EDGE('',*,*,#1896,.T.);
#1896 = EDGE_CURVE('',#1541,#1897,#1899,.T.);
#1897 = VERTEX_POINT('',#1898);
#1898 = CARTESIAN_POINT('',(-5.5,36.,8.));
#1899 = LINE('',#1900,#1901);
#1900 = CARTESIAN_POINT('',(-5.5,36.,6.75));
#1901 = VECTOR('',#1902,1.);
#1902 = DIRECTION('',(0.,0.,1.));
#1903 = ORIENTED_EDGE('',*,*,#1904,.T.);
#1904 = EDGE_CURVE('',#1897,#1905,#1907,.T.);
#1905 = VERTEX_POINT('',#1906);
#1906 = CARTESIAN_POINT('',(-5.5,38.5,8.));
#1907 = LINE('',#1908,#1909);
#1908 = CARTESIAN_POINT('',(-5.5,7.5,8.));
#1909 = VECTOR('',#1910,1.);
#1910 = DIRECTION('',(0.,1.,0.));
#1911 = ORIENTED_EDGE('',*,*,#1912,.T.);
#1912 = EDGE_CURVE('',#1905,#1913,#1915,.T.);
#1913 = VERTEX_POINT('',#1914);
#1914 = CARTESIAN_POINT('',(-5.5,38.5,10.5));
#1915 = LINE('',#1916,#1917);
#1916 = CARTESIAN_POINT('',(-5.5,38.5,6.4));
#1917 = VECTOR('',#1918,1.);
#1918 = DIRECTION('',(0.,0.,1.));
#1919 = ORIENTED_EDGE('',*,*,#1920,.F.);
#1920 = EDGE_CURVE('',#1921,#1913,#1923,.T.);
#1921 = VERTEX_POINT('',#1922);
#1922 = CARTESIAN_POINT('',(-5.5,7.5,10.5));
#1923 = LINE('',#1924,#1925);
#1924 = CARTESIAN_POINT('',(-5.5,15.25,10.5));
#1925 = VECTOR('',#1926,1.);
#1926 = DIRECTION('',(0.,1.,0.));
#1927 = ORIENTED_EDGE('',*,*,#1928,.F.);
#1928 = EDGE_CURVE('',#1929,#1921,#1931,.T.);
#1929 = VERTEX_POINT('',#1930);
#1930 = CARTESIAN_POINT('',(-5.5,7.5,8.));
#1931 = LINE('',#1932,#1933);
#1932 = CARTESIAN_POINT('',(-5.5,7.5,6.4));
#1933 = VECTOR('',#1934,1.);
#1934 = DIRECTION('',(0.,0.,1.));
#1935 = ORIENTED_EDGE('',*,*,#1936,.T.);
#1936 = EDGE_CURVE('',#1929,#1937,#1939,.T.);
#1937 = VERTEX_POINT('',#1938);
#1938 = CARTESIAN_POINT('',(-5.5,10.,8.));
#1939 = LINE('',#1940,#1941);
#1940 = CARTESIAN_POINT('',(-5.5,7.5,8.));
#1941 = VECTOR('',#1942,1.);
#1942 = DIRECTION('',(0.,1.,0.));
#1943 = ORIENTED_EDGE('',*,*,#1944,.F.);
#1944 = EDGE_CURVE('',#1517,#1937,#1945,.T.);
#1945 = LINE('',#1946,#1947);
#1946 = CARTESIAN_POINT('',(-5.5,10.,6.75));
#1947 = VECTOR('',#1948,1.);
#1948 = DIRECTION('',(0.,0.,1.));
#1949 = ORIENTED_EDGE('',*,*,#1516,.F.);
#1950 = PLANE('',#1951);
#1951 = AXIS2_PLACEMENT_3D('',#1952,#1953,#1954);
#1952 = CARTESIAN_POINT('',(-5.5,7.5,6.4));
#1953 = DIRECTION('',(1.,0.,0.));
#1954 = DIRECTION('',(0.,0.,1.));
#1955 = ADVANCED_FACE('',(#1956),#1974,.T.);
#1956 = FACE_BOUND('',#1957,.T.);
#1957 = EDGE_LOOP('',(#1958,#1966,#1967,#1968));
#1958 = ORIENTED_EDGE('',*,*,#1959,.F.);
#1959 = EDGE_CURVE('',#1849,#1960,#1962,.T.);
#1960 = VERTEX_POINT('',#1961);
#1961 = CARTESIAN_POINT('',(23.5,4.5,6.5));
#1962 = LINE('',#1963,#1964);
#1963 = CARTESIAN_POINT('',(4.,4.5,6.5));
#1964 = VECTOR('',#1965,1.);
#1965 = DIRECTION('',(1.,0.,0.));
#1966 = ORIENTED_EDGE('',*,*,#1848,.T.);
#1967 = ORIENTED_EDGE('',*,*,#1599,.T.);
#1968 = ORIENTED_EDGE('',*,*,#1969,.F.);
#1969 = EDGE_CURVE('',#1960,#1591,#1970,.T.);
#1970 = LINE('',#1971,#1972);
#1971 = CARTESIAN_POINT('',(23.5,4.5,6.4));
#1972 = VECTOR('',#1973,1.);
#1973 = DIRECTION('',(0.,0.,1.));
#1974 = PLANE('',#1975);
#1975 = AXIS2_PLACEMENT_3D('',#1976,#1977,#1978);
#1976 = CARTESIAN_POINT('',(-2.5,4.5,6.4));
#1977 = DIRECTION('',(0.,1.,0.));
#1978 = DIRECTION('',(0.,0.,1.));
#1979 = ADVANCED_FACE('',(#1980),#2014,.T.);
#1980 = FACE_BOUND('',#1981,.T.);
#1981 = EDGE_LOOP('',(#1982,#1990,#1991,#1992,#2000,#2008));
#1982 = ORIENTED_EDGE('',*,*,#1983,.F.);
#1983 = EDGE_CURVE('',#1525,#1984,#1986,.T.);
#1984 = VERTEX_POINT('',#1985);
#1985 = CARTESIAN_POINT('',(0.,10.,7.9));
#1986 = LINE('',#1987,#1988);
#1987 = CARTESIAN_POINT('',(0.,10.,6.7));
#1988 = VECTOR('',#1989,1.);
#1989 = DIRECTION('',(0.,0.,1.));
#1990 = ORIENTED_EDGE('',*,*,#1524,.F.);
#1991 = ORIENTED_EDGE('',*,*,#1944,.T.);
#1992 = ORIENTED_EDGE('',*,*,#1993,.F.);
#1993 = EDGE_CURVE('',#1994,#1937,#1996,.T.);
#1994 = VERTEX_POINT('',#1995);
#1995 = CARTESIAN_POINT('',(-1.3,10.,8.));
#1996 = LINE('',#1997,#1998);
#1997 = CARTESIAN_POINT('',(2.25,10.,8.));
#1998 = VECTOR('',#1999,1.);
#1999 = DIRECTION('',(-1.,0.,0.));
#2000 = ORIENTED_EDGE('',*,*,#2001,.T.);
#2001 = EDGE_CURVE('',#1994,#2002,#2004,.T.);
#2002 = VERTEX_POINT('',#2003);
#2003 = CARTESIAN_POINT('',(-1.3,10.,7.9));
#2004 = LINE('',#2005,#2006);
#2005 = CARTESIAN_POINT('',(-1.3,10.,7.3));
#2006 = VECTOR('',#2007,1.);
#2007 = DIRECTION('',(0.,0.,-1.));
#2008 = ORIENTED_EDGE('',*,*,#2009,.T.);
#2009 = EDGE_CURVE('',#2002,#1984,#2010,.T.);
#2010 = LINE('',#2011,#2012);
#2011 = CARTESIAN_POINT('',(-3.65,10.,7.9));
#2012 = VECTOR('',#2013,1.);
#2013 = DIRECTION('',(1.,0.,0.));
#2014 = PLANE('',#2015);
#2015 = AXIS2_PLACEMENT_3D('',#2016,#2017,#2018);
#2016 = CARTESIAN_POINT('',(-6.,10.,6.7));
#2017 = DIRECTION('',(0.,1.,0.));
#2018 = DIRECTION('',(0.,0.,1.));
#2019 = ADVANCED_FACE('',(#2020),#2039,.F.);
#2020 = FACE_BOUND('',#2021,.T.);
#2021 = EDGE_LOOP('',(#2022,#2030,#2037,#2038));
#2022 = ORIENTED_EDGE('',*,*,#2023,.F.);
#2023 = EDGE_CURVE('',#2024,#1583,#2026,.T.);
#2024 = VERTEX_POINT('',#2025);
#2025 = CARTESIAN_POINT('',(26.5,7.5,6.5));
#2026 = LINE('',#2027,#2028);
#2027 = CARTESIAN_POINT('',(26.5,7.5,6.4));
#2028 = VECTOR('',#2029,1.);
#2029 = DIRECTION('',(0.,0.,1.));
#2030 = ORIENTED_EDGE('',*,*,#2031,.T.);
#2031 = EDGE_CURVE('',#2024,#1960,#2032,.T.);
#2032 = CIRCLE('',#2033,3.);
#2033 = AXIS2_PLACEMENT_3D('',#2034,#2035,#2036);
#2034 = CARTESIAN_POINT('',(23.5,7.5,6.5));
#2035 = DIRECTION('',(0.,0.,-1.));
#2036 = DIRECTION('',(1.,0.,0.));
#2037 = ORIENTED_EDGE('',*,*,#1969,.T.);
#2038 = ORIENTED_EDGE('',*,*,#1590,.T.);
#2039 = CYLINDRICAL_SURFACE('',#2040,3.);
#2040 = AXIS2_PLACEMENT_3D('',#2041,#2042,#2043);
#2041 = CARTESIAN_POINT('',(23.5,7.5,6.4));
#2042 = DIRECTION('',(-0.,-0.,-1.));
#2043 = DIRECTION('',(1.,0.,0.));
#2044 = ADVANCED_FACE('',(#2045),#2079,.F.);
#2045 = FACE_BOUND('',#2046,.F.);
#2046 = EDGE_LOOP('',(#2047,#2048,#2049,#2057,#2065,#2073));
#2047 = ORIENTED_EDGE('',*,*,#1983,.F.);
#2048 = ORIENTED_EDGE('',*,*,#1532,.F.);
#2049 = ORIENTED_EDGE('',*,*,#2050,.T.);
#2050 = EDGE_CURVE('',#1533,#2051,#2053,.T.);
#2051 = VERTEX_POINT('',#2052);
#2052 = CARTESIAN_POINT('',(0.,36.,8.));
#2053 = LINE('',#2054,#2055);
#2054 = CARTESIAN_POINT('',(0.,36.,6.7));
#2055 = VECTOR('',#2056,1.);
#2056 = DIRECTION('',(0.,0.,1.));
#2057 = ORIENTED_EDGE('',*,*,#2058,.F.);
#2058 = EDGE_CURVE('',#2059,#2051,#2061,.T.);
#2059 = VERTEX_POINT('',#2060);
#2060 = CARTESIAN_POINT('',(0.,11.2,8.));
#2061 = LINE('',#2062,#2063);
#2062 = CARTESIAN_POINT('',(0.,16.5,8.));
#2063 = VECTOR('',#2064,1.);
#2064 = DIRECTION('',(0.,1.,0.));
#2065 = ORIENTED_EDGE('',*,*,#2066,.F.);
#2066 = EDGE_CURVE('',#2067,#2059,#2069,.T.);
#2067 = VERTEX_POINT('',#2068);
#2068 = CARTESIAN_POINT('',(0.,11.2,7.9));
#2069 = LINE('',#2070,#2071);
#2070 = CARTESIAN_POINT('',(0.,11.2,7.3));
#2071 = VECTOR('',#2072,1.);
#2072 = DIRECTION('',(0.,0.,1.));
#2073 = ORIENTED_EDGE('',*,*,#2074,.T.);
#2074 = EDGE_CURVE('',#2067,#1984,#2075,.T.);
#2075 = LINE('',#2076,#2077);
#2076 = CARTESIAN_POINT('',(0.,9.6,7.9));
#2077 = VECTOR('',#2078,1.);
#2078 = DIRECTION('',(0.,-1.,0.));
#2079 = PLANE('',#2080);
#2080 = AXIS2_PLACEMENT_3D('',#2081,#2082,#2083);
#2081 = CARTESIAN_POINT('',(0.,10.,6.7));
#2082 = DIRECTION('',(1.,0.,0.));
#2083 = DIRECTION('',(0.,0.,1.));
#2084 = ADVANCED_FACE('',(#2085),#2103,.F.);
#2085 = FACE_BOUND('',#2086,.F.);
#2086 = EDGE_LOOP('',(#2087,#2088,#2096,#2102));
#2087 = ORIENTED_EDGE('',*,*,#2023,.F.);
#2088 = ORIENTED_EDGE('',*,*,#2089,.F.);
#2089 = EDGE_CURVE('',#2090,#2024,#2092,.T.);
#2090 = VERTEX_POINT('',#2091);
#2091 = CARTESIAN_POINT('',(26.5,38.5,6.5));
#2092 = LINE('',#2093,#2094);
#2093 = CARTESIAN_POINT('',(26.5,15.25,6.5));
#2094 = VECTOR('',#2095,1.);
#2095 = DIRECTION('',(0.,-1.,0.));
#2096 = ORIENTED_EDGE('',*,*,#2097,.T.);
#2097 = EDGE_CURVE('',#2090,#1574,#2098,.T.);
#2098 = LINE('',#2099,#2100);
#2099 = CARTESIAN_POINT('',(26.5,38.5,6.4));
#2100 = VECTOR('',#2101,1.);
#2101 = DIRECTION('',(0.,0.,1.));
#2102 = ORIENTED_EDGE('',*,*,#1582,.F.);
#2103 = PLANE('',#2104);
#2104 = AXIS2_PLACEMENT_3D('',#2105,#2106,#2107);
#2105 = CARTESIAN_POINT('',(26.5,7.5,6.4));
#2106 = DIRECTION('',(1.,0.,0.));
#2107 = DIRECTION('',(0.,0.,1.));
#2108 = ADVANCED_FACE('',(#2109),#2120,.F.);
#2109 = FACE_BOUND('',#2110,.F.);
#2110 = EDGE_LOOP('',(#2111,#2112,#2113,#2114));
#2111 = ORIENTED_EDGE('',*,*,#2050,.F.);
#2112 = ORIENTED_EDGE('',*,*,#1540,.F.);
#2113 = ORIENTED_EDGE('',*,*,#1896,.T.);
#2114 = ORIENTED_EDGE('',*,*,#2115,.F.);
#2115 = EDGE_CURVE('',#2051,#1897,#2116,.T.);
#2116 = LINE('',#2117,#2118);
#2117 = CARTESIAN_POINT('',(2.25,36.,8.));
#2118 = VECTOR('',#2119,1.);
#2119 = DIRECTION('',(-1.,0.,0.));
#2120 = PLANE('',#2121);
#2121 = AXIS2_PLACEMENT_3D('',#2122,#2123,#2124);
#2122 = CARTESIAN_POINT('',(-6.,36.,6.7));
#2123 = DIRECTION('',(0.,1.,0.));
#2124 = DIRECTION('',(0.,0.,1.));
#2125 = ADVANCED_FACE('',(#2126),#2145,.F.);
#2126 = FACE_BOUND('',#2127,.T.);
#2127 = EDGE_LOOP('',(#2128,#2136,#2143,#2144));
#2128 = ORIENTED_EDGE('',*,*,#2129,.F.);
#2129 = EDGE_CURVE('',#2130,#1566,#2132,.T.);
#2130 = VERTEX_POINT('',#2131);
#2131 = CARTESIAN_POINT('',(23.5,41.5,6.5));
#2132 = LINE('',#2133,#2134);
#2133 = CARTESIAN_POINT('',(23.5,41.5,6.4));
#2134 = VECTOR('',#2135,1.);
#2135 = DIRECTION('',(0.,0.,1.));
#2136 = ORIENTED_EDGE('',*,*,#2137,.T.);
#2137 = EDGE_CURVE('',#2130,#2090,#2138,.T.);
#2138 = CIRCLE('',#2139,3.);
#2139 = AXIS2_PLACEMENT_3D('',#2140,#2141,#2142);
#2140 = CARTESIAN_POINT('',(23.5,38.5,6.5));
#2141 = DIRECTION('',(0.,0.,-1.));
#2142 = DIRECTION('',(1.,0.,0.));
#2143 = ORIENTED_EDGE('',*,*,#2097,.T.);
#2144 = ORIENTED_EDGE('',*,*,#1573,.T.);
#2145 = CYLINDRICAL_SURFACE('',#2146,3.);
#2146 = AXIS2_PLACEMENT_3D('',#2147,#2148,#2149);
#2147 = CARTESIAN_POINT('',(23.5,38.5,6.4));
#2148 = DIRECTION('',(-0.,-0.,-1.));
#2149 = DIRECTION('',(1.,0.,0.));
#2150 = ADVANCED_FACE('',(#2151),#2169,.F.);
#2151 = FACE_BOUND('',#2152,.F.);
#2152 = EDGE_LOOP('',(#2153,#2161,#2167,#2168));
#2153 = ORIENTED_EDGE('',*,*,#2154,.F.);
#2154 = EDGE_CURVE('',#2155,#2130,#2157,.T.);
#2155 = VERTEX_POINT('',#2156);
#2156 = CARTESIAN_POINT('',(-2.5,41.5,6.5));
#2157 = LINE('',#2158,#2159);
#2158 = CARTESIAN_POINT('',(4.,41.5,6.5));
#2159 = VECTOR('',#2160,1.);
#2160 = DIRECTION('',(1.,0.,0.));
#2161 = ORIENTED_EDGE('',*,*,#2162,.T.);
#2162 = EDGE_CURVE('',#2155,#1557,#2163,.T.);
#2163 = LINE('',#2164,#2165);
#2164 = CARTESIAN_POINT('',(-2.5,41.5,6.4));
#2165 = VECTOR('',#2166,1.);
#2166 = DIRECTION('',(0.,0.,1.));
#2167 = ORIENTED_EDGE('',*,*,#1565,.T.);
#2168 = ORIENTED_EDGE('',*,*,#2129,.F.);
#2169 = PLANE('',#2170);
#2170 = AXIS2_PLACEMENT_3D('',#2171,#2172,#2173);
#2171 = CARTESIAN_POINT('',(-2.5,41.5,6.4));
#2172 = DIRECTION('',(0.,1.,0.));
#2173 = DIRECTION('',(0.,0.,1.));
#2174 = ADVANCED_FACE('',(#2175),#2187,.F.);
#2175 = FACE_BOUND('',#2176,.T.);
#2176 = EDGE_LOOP('',(#2177,#2178,#2185,#2186));
#2177 = ORIENTED_EDGE('',*,*,#1889,.F.);
#2178 = ORIENTED_EDGE('',*,*,#2179,.T.);
#2179 = EDGE_CURVE('',#1882,#2155,#2180,.T.);
#2180 = CIRCLE('',#2181,3.);
#2181 = AXIS2_PLACEMENT_3D('',#2182,#2183,#2184);
#2182 = CARTESIAN_POINT('',(-2.5,38.5,6.5));
#2183 = DIRECTION('',(0.,0.,-1.));
#2184 = DIRECTION('',(1.,0.,0.));
#2185 = ORIENTED_EDGE('',*,*,#2162,.T.);
#2186 = ORIENTED_EDGE('',*,*,#1556,.T.);
#2187 = CYLINDRICAL_SURFACE('',#2188,3.);
#2188 = AXIS2_PLACEMENT_3D('',#2189,#2190,#2191);
#2189 = CARTESIAN_POINT('',(-2.5,38.5,6.4));
#2190 = DIRECTION('',(-0.,-0.,-1.));
#2191 = DIRECTION('',(1.,0.,0.));
#2192 = ADVANCED_FACE('',(#2193,#2218),#2224,.T.);
#2193 = FACE_BOUND('',#2194,.T.);
#2194 = EDGE_LOOP('',(#2195,#2203,#2204,#2212));
#2195 = ORIENTED_EDGE('',*,*,#2196,.F.);
#2196 = EDGE_CURVE('',#1653,#2197,#2199,.T.);
#2197 = VERTEX_POINT('',#2198);
#2198 = CARTESIAN_POINT('',(1.8,6.3,6.8));
#2199 = LINE('',#2200,#2201);
#2200 = CARTESIAN_POINT('',(1.8,6.3,1.4));
#2201 = VECTOR('',#2202,1.);
#2202 = DIRECTION('',(0.,0.,1.));
#2203 = ORIENTED_EDGE('',*,*,#1652,.T.);
#2204 = ORIENTED_EDGE('',*,*,#2205,.T.);
#2205 = EDGE_CURVE('',#1655,#2206,#2208,.T.);
#2206 = VERTEX_POINT('',#2207);
#2207 = CARTESIAN_POINT('',(1.8,37.7,6.8));
#2208 = LINE('',#2209,#2210);
#2209 = CARTESIAN_POINT('',(1.8,37.7,1.4));
#2210 = VECTOR('',#2211,1.);
#2211 = DIRECTION('',(0.,0.,1.));
#2212 = ORIENTED_EDGE('',*,*,#2213,.T.);
#2213 = EDGE_CURVE('',#2206,#2197,#2214,.T.);
#2214 = LINE('',#2215,#2216);
#2215 = CARTESIAN_POINT('',(1.8,14.6,6.8));
#2216 = VECTOR('',#2217,1.);
#2217 = DIRECTION('',(0.,-1.,0.));
#2218 = FACE_BOUND('',#2219,.T.);
#2219 = EDGE_LOOP('',(#2220,#2221,#2222,#2223));
#2220 = ORIENTED_EDGE('',*,*,#1769,.T.);
#2221 = ORIENTED_EDGE('',*,*,#1786,.T.);
#2222 = ORIENTED_EDGE('',*,*,#1721,.F.);
#2223 = ORIENTED_EDGE('',*,*,#1745,.F.);
#2224 = PLANE('',#2225);
#2225 = AXIS2_PLACEMENT_3D('',#2226,#2227,#2228);
#2226 = CARTESIAN_POINT('',(1.8,6.2,1.4));
#2227 = DIRECTION('',(1.,0.,0.));
#2228 = DIRECTION('',(0.,0.,1.));
#2229 = ADVANCED_FACE('',(#2230),#2248,.T.);
#2230 = FACE_BOUND('',#2231,.T.);
#2231 = EDGE_LOOP('',(#2232,#2233,#2234,#2242));
#2232 = ORIENTED_EDGE('',*,*,#1662,.F.);
#2233 = ORIENTED_EDGE('',*,*,#2196,.T.);
#2234 = ORIENTED_EDGE('',*,*,#2235,.T.);
#2235 = EDGE_CURVE('',#2197,#2236,#2238,.T.);
#2236 = VERTEX_POINT('',#2237);
#2237 = CARTESIAN_POINT('',(23.2,6.3,6.8));
#2238 = LINE('',#2239,#2240);
#2239 = CARTESIAN_POINT('',(5.55,6.3,6.8));
#2240 = VECTOR('',#2241,1.);
#2241 = DIRECTION('',(1.,0.,0.));
#2242 = ORIENTED_EDGE('',*,*,#2243,.F.);
#2243 = EDGE_CURVE('',#1663,#2236,#2244,.T.);
#2244 = LINE('',#2245,#2246);
#2245 = CARTESIAN_POINT('',(23.2,6.3,1.4));
#2246 = VECTOR('',#2247,1.);
#2247 = DIRECTION('',(0.,0.,1.));
#2248 = PLANE('',#2249);
#2249 = AXIS2_PLACEMENT_3D('',#2250,#2251,#2252);
#2250 = CARTESIAN_POINT('',(0.6,6.3,1.4));
#2251 = DIRECTION('',(0.,1.,0.));
#2252 = DIRECTION('',(0.,0.,1.));
#2253 = ADVANCED_FACE('',(#2254),#2272,.F.);
#2254 = FACE_BOUND('',#2255,.F.);
#2255 = EDGE_LOOP('',(#2256,#2257,#2258,#2266));
#2256 = ORIENTED_EDGE('',*,*,#2243,.F.);
#2257 = ORIENTED_EDGE('',*,*,#1670,.T.);
#2258 = ORIENTED_EDGE('',*,*,#2259,.T.);
#2259 = EDGE_CURVE('',#1671,#2260,#2262,.T.);
#2260 = VERTEX_POINT('',#2261);
#2261 = CARTESIAN_POINT('',(23.2,37.7,6.8));
#2262 = LINE('',#2263,#2264);
#2263 = CARTESIAN_POINT('',(23.2,37.7,1.4));
#2264 = VECTOR('',#2265,1.);
#2265 = DIRECTION('',(0.,0.,1.));
#2266 = ORIENTED_EDGE('',*,*,#2267,.T.);
#2267 = EDGE_CURVE('',#2260,#2236,#2268,.T.);
#2268 = LINE('',#2269,#2270);
#2269 = CARTESIAN_POINT('',(23.2,14.6,6.8));
#2270 = VECTOR('',#2271,1.);
#2271 = DIRECTION('',(0.,-1.,0.));
#2272 = PLANE('',#2273);
#2273 = AXIS2_PLACEMENT_3D('',#2274,#2275,#2276);
#2274 = CARTESIAN_POINT('',(23.2,6.2,1.4));
#2275 = DIRECTION('',(1.,0.,0.));
#2276 = DIRECTION('',(0.,0.,1.));
#2277 = ADVANCED_FACE('',(#2278),#2289,.F.);
#2278 = FACE_BOUND('',#2279,.F.);
#2279 = EDGE_LOOP('',(#2280,#2281,#2282,#2288));
#2280 = ORIENTED_EDGE('',*,*,#1678,.F.);
#2281 = ORIENTED_EDGE('',*,*,#2205,.T.);
#2282 = ORIENTED_EDGE('',*,*,#2283,.T.);
#2283 = EDGE_CURVE('',#2206,#2260,#2284,.T.);
#2284 = LINE('',#2285,#2286);
#2285 = CARTESIAN_POINT('',(5.55,37.7,6.8));
#2286 = VECTOR('',#2287,1.);
#2287 = DIRECTION('',(1.,0.,0.));
#2288 = ORIENTED_EDGE('',*,*,#2259,.F.);
#2289 = PLANE('',#2290);
#2290 = AXIS2_PLACEMENT_3D('',#2291,#2292,#2293);
#2291 = CARTESIAN_POINT('',(0.6,37.7,1.4));
#2292 = DIRECTION('',(0.,1.,0.));
#2293 = DIRECTION('',(0.,0.,1.));
#2294 = ADVANCED_FACE('',(#2295,#2365),#2375,.T.);
#2295 = FACE_BOUND('',#2296,.T.);
#2296 = EDGE_LOOP('',(#2297,#2308,#2316,#2325,#2333,#2342,#2350,#2359));
#2297 = ORIENTED_EDGE('',*,*,#2298,.F.);
#2298 = EDGE_CURVE('',#2299,#2301,#2303,.T.);
#2299 = VERTEX_POINT('',#2300);
#2300 = CARTESIAN_POINT('',(-6.3,7.5,6.5));
#2301 = VERTEX_POINT('',#2302);
#2302 = CARTESIAN_POINT('',(-2.5,3.7,6.5));
#2303 = CIRCLE('',#2304,3.8);
#2304 = AXIS2_PLACEMENT_3D('',#2305,#2306,#2307);
#2305 = CARTESIAN_POINT('',(-2.5,7.5,6.5));
#2306 = DIRECTION('',(0.,0.,1.));
#2307 = DIRECTION('',(1.,0.,0.));
#2308 = ORIENTED_EDGE('',*,*,#2309,.T.);
#2309 = EDGE_CURVE('',#2299,#2310,#2312,.T.);
#2310 = VERTEX_POINT('',#2311);
#2311 = CARTESIAN_POINT('',(-6.3,38.5,6.5));
#2312 = LINE('',#2313,#2314);
#2313 = CARTESIAN_POINT('',(-6.3,7.5,6.5));
#2314 = VECTOR('',#2315,1.);
#2315 = DIRECTION('',(0.,1.,0.));
#2316 = ORIENTED_EDGE('',*,*,#2317,.F.);
#2317 = EDGE_CURVE('',#2318,#2310,#2320,.T.);
#2318 = VERTEX_POINT('',#2319);
#2319 = CARTESIAN_POINT('',(-2.5,42.3,6.5));
#2320 = CIRCLE('',#2321,3.8);
#2321 = AXIS2_PLACEMENT_3D('',#2322,#2323,#2324);
#2322 = CARTESIAN_POINT('',(-2.5,38.5,6.5));
#2323 = DIRECTION('',(0.,0.,1.));
#2324 = DIRECTION('',(1.,0.,0.));
#2325 = ORIENTED_EDGE('',*,*,#2326,.T.);
#2326 = EDGE_CURVE('',#2318,#2327,#2329,.T.);
#2327 = VERTEX_POINT('',#2328);
#2328 = CARTESIAN_POINT('',(23.5,42.3,6.5));
#2329 = LINE('',#2330,#2331);
#2330 = CARTESIAN_POINT('',(-2.5,42.3,6.5));
#2331 = VECTOR('',#2332,1.);
#2332 = DIRECTION('',(1.,0.,0.));
#2333 = ORIENTED_EDGE('',*,*,#2334,.F.);
#2334 = EDGE_CURVE('',#2335,#2327,#2337,.T.);
#2335 = VERTEX_POINT('',#2336);
#2336 = CARTESIAN_POINT('',(27.3,38.5,6.5));
#2337 = CIRCLE('',#2338,3.8);
#2338 = AXIS2_PLACEMENT_3D('',#2339,#2340,#2341);
#2339 = CARTESIAN_POINT('',(23.5,38.5,6.5));
#2340 = DIRECTION('',(0.,0.,1.));
#2341 = DIRECTION('',(1.,0.,0.));
#2342 = ORIENTED_EDGE('',*,*,#2343,.F.);
#2343 = EDGE_CURVE('',#2344,#2335,#2346,.T.);
#2344 = VERTEX_POINT('',#2345);
#2345 = CARTESIAN_POINT('',(27.3,7.5,6.5));
#2346 = LINE('',#2347,#2348);
#2347 = CARTESIAN_POINT('',(27.3,7.5,6.5));
#2348 = VECTOR('',#2349,1.);
#2349 = DIRECTION('',(0.,1.,0.));
#2350 = ORIENTED_EDGE('',*,*,#2351,.F.);
#2351 = EDGE_CURVE('',#2352,#2344,#2354,.T.);
#2352 = VERTEX_POINT('',#2353);
#2353 = CARTESIAN_POINT('',(23.5,3.7,6.5));
#2354 = CIRCLE('',#2355,3.8);
#2355 = AXIS2_PLACEMENT_3D('',#2356,#2357,#2358);
#2356 = CARTESIAN_POINT('',(23.5,7.5,6.5));
#2357 = DIRECTION('',(0.,0.,1.));
#2358 = DIRECTION('',(1.,0.,0.));
#2359 = ORIENTED_EDGE('',*,*,#2360,.F.);
#2360 = EDGE_CURVE('',#2301,#2352,#2361,.T.);
#2361 = LINE('',#2362,#2363);
#2362 = CARTESIAN_POINT('',(-2.5,3.7,6.5));
#2363 = VECTOR('',#2364,1.);
#2364 = DIRECTION('',(1.,0.,0.));
#2365 = FACE_BOUND('',#2366,.T.);
#2366 = EDGE_LOOP('',(#2367,#2368,#2369,#2370,#2371,#2372,#2373,#2374));
#2367 = ORIENTED_EDGE('',*,*,#1856,.F.);
#2368 = ORIENTED_EDGE('',*,*,#1959,.T.);
#2369 = ORIENTED_EDGE('',*,*,#2031,.F.);
#2370 = ORIENTED_EDGE('',*,*,#2089,.F.);
#2371 = ORIENTED_EDGE('',*,*,#2137,.F.);
#2372 = ORIENTED_EDGE('',*,*,#2154,.F.);
#2373 = ORIENTED_EDGE('',*,*,#2179,.F.);
#2374 = ORIENTED_EDGE('',*,*,#1881,.T.);
#2375 = PLANE('',#2376);
#2376 = AXIS2_PLACEMENT_3D('',#2377,#2378,#2379);
#2377 = CARTESIAN_POINT('',(10.5,23.,6.5));
#2378 = DIRECTION('',(-0.,-0.,-1.));
#2379 = DIRECTION('',(-1.,0.,0.));
#2380 = ADVANCED_FACE('',(#2381,#2476,#2510,#2544,#2578,#2612),#2646,.T.
  );
#2381 = FACE_BOUND('',#2382,.T.);
#2382 = EDGE_LOOP('',(#2383,#2384,#2393,#2401,#2410,#2418,#2427,#2435,
    #2442,#2443,#2444,#2445,#2453,#2461,#2469,#2475));
#2383 = ORIENTED_EDGE('',*,*,#1936,.F.);
#2384 = ORIENTED_EDGE('',*,*,#2385,.T.);
#2385 = EDGE_CURVE('',#1929,#2386,#2388,.T.);
#2386 = VERTEX_POINT('',#2387);
#2387 = CARTESIAN_POINT('',(-2.5,4.5,8.));
#2388 = CIRCLE('',#2389,3.);
#2389 = AXIS2_PLACEMENT_3D('',#2390,#2391,#2392);
#2390 = CARTESIAN_POINT('',(-2.5,7.5,8.));
#2391 = DIRECTION('',(0.,0.,1.));
#2392 = DIRECTION('',(1.,0.,0.));
#2393 = ORIENTED_EDGE('',*,*,#2394,.T.);
#2394 = EDGE_CURVE('',#2386,#2395,#2397,.T.);
#2395 = VERTEX_POINT('',#2396);
#2396 = CARTESIAN_POINT('',(23.5,4.5,8.));
#2397 = LINE('',#2398,#2399);
#2398 = CARTESIAN_POINT('',(-2.5,4.5,8.));
#2399 = VECTOR('',#2400,1.);
#2400 = DIRECTION('',(1.,0.,0.));
#2401 = ORIENTED_EDGE('',*,*,#2402,.T.);
#2402 = EDGE_CURVE('',#2395,#2403,#2405,.T.);
#2403 = VERTEX_POINT('',#2404);
#2404 = CARTESIAN_POINT('',(26.5,7.5,8.));
#2405 = CIRCLE('',#2406,3.);
#2406 = AXIS2_PLACEMENT_3D('',#2407,#2408,#2409);
#2407 = CARTESIAN_POINT('',(23.5,7.5,8.));
#2408 = DIRECTION('',(0.,0.,1.));
#2409 = DIRECTION('',(1.,0.,0.));
#2410 = ORIENTED_EDGE('',*,*,#2411,.T.);
#2411 = EDGE_CURVE('',#2403,#2412,#2414,.T.);
#2412 = VERTEX_POINT('',#2413);
#2413 = CARTESIAN_POINT('',(26.5,38.5,8.));
#2414 = LINE('',#2415,#2416);
#2415 = CARTESIAN_POINT('',(26.5,7.5,8.));
#2416 = VECTOR('',#2417,1.);
#2417 = DIRECTION('',(0.,1.,0.));
#2418 = ORIENTED_EDGE('',*,*,#2419,.T.);
#2419 = EDGE_CURVE('',#2412,#2420,#2422,.T.);
#2420 = VERTEX_POINT('',#2421);
#2421 = CARTESIAN_POINT('',(23.5,41.5,8.));
#2422 = CIRCLE('',#2423,3.);
#2423 = AXIS2_PLACEMENT_3D('',#2424,#2425,#2426);
#2424 = CARTESIAN_POINT('',(23.5,38.5,8.));
#2425 = DIRECTION('',(0.,0.,1.));
#2426 = DIRECTION('',(1.,0.,0.));
#2427 = ORIENTED_EDGE('',*,*,#2428,.F.);
#2428 = EDGE_CURVE('',#2429,#2420,#2431,.T.);
#2429 = VERTEX_POINT('',#2430);
#2430 = CARTESIAN_POINT('',(-2.5,41.5,8.));
#2431 = LINE('',#2432,#2433);
#2432 = CARTESIAN_POINT('',(-2.5,41.5,8.));
#2433 = VECTOR('',#2434,1.);
#2434 = DIRECTION('',(1.,0.,0.));
#2435 = ORIENTED_EDGE('',*,*,#2436,.T.);
#2436 = EDGE_CURVE('',#2429,#1905,#2437,.T.);
#2437 = CIRCLE('',#2438,3.);
#2438 = AXIS2_PLACEMENT_3D('',#2439,#2440,#2441);
#2439 = CARTESIAN_POINT('',(-2.5,38.5,8.));
#2440 = DIRECTION('',(0.,0.,1.));
#2441 = DIRECTION('',(1.,0.,0.));
#2442 = ORIENTED_EDGE('',*,*,#1904,.F.);
#2443 = ORIENTED_EDGE('',*,*,#2115,.F.);
#2444 = ORIENTED_EDGE('',*,*,#2058,.F.);
#2445 = ORIENTED_EDGE('',*,*,#2446,.F.);
#2446 = EDGE_CURVE('',#2447,#2059,#2449,.T.);
#2447 = VERTEX_POINT('',#2448);
#2448 = CARTESIAN_POINT('',(0.7,11.2,8.));
#2449 = LINE('',#2450,#2451);
#2450 = CARTESIAN_POINT('',(5.,11.2,8.));
#2451 = VECTOR('',#2452,1.);
#2452 = DIRECTION('',(-1.,0.,0.));
#2453 = ORIENTED_EDGE('',*,*,#2454,.F.);
#2454 = EDGE_CURVE('',#2455,#2447,#2457,.T.);
#2455 = VERTEX_POINT('',#2456);
#2456 = CARTESIAN_POINT('',(0.7,9.2,8.));
#2457 = LINE('',#2458,#2459);
#2458 = CARTESIAN_POINT('',(0.7,16.1,8.));
#2459 = VECTOR('',#2460,1.);
#2460 = DIRECTION('',(0.,1.,0.));
#2461 = ORIENTED_EDGE('',*,*,#2462,.T.);
#2462 = EDGE_CURVE('',#2455,#2463,#2465,.T.);
#2463 = VERTEX_POINT('',#2464);
#2464 = CARTESIAN_POINT('',(-1.3,9.2,8.));
#2465 = LINE('',#2466,#2467);
#2466 = CARTESIAN_POINT('',(5.,9.2,8.));
#2467 = VECTOR('',#2468,1.);
#2468 = DIRECTION('',(-1.,0.,0.));
#2469 = ORIENTED_EDGE('',*,*,#2470,.T.);
#2470 = EDGE_CURVE('',#2463,#1994,#2471,.T.);
#2471 = LINE('',#2472,#2473);
#2472 = CARTESIAN_POINT('',(-1.3,16.1,8.));
#2473 = VECTOR('',#2474,1.);
#2474 = DIRECTION('',(0.,1.,0.));
#2475 = ORIENTED_EDGE('',*,*,#1993,.T.);
#2476 = FACE_BOUND('',#2477,.T.);
#2477 = EDGE_LOOP('',(#2478,#2488,#2496,#2504));
#2478 = ORIENTED_EDGE('',*,*,#2479,.T.);
#2479 = EDGE_CURVE('',#2480,#2482,#2484,.T.);
#2480 = VERTEX_POINT('',#2481);
#2481 = CARTESIAN_POINT('',(14.,7.4,8.));
#2482 = VERTEX_POINT('',#2483);
#2483 = CARTESIAN_POINT('',(8.,7.4,8.));
#2484 = LINE('',#2485,#2486);
#2485 = CARTESIAN_POINT('',(9.25,7.4,8.));
#2486 = VECTOR('',#2487,1.);
#2487 = DIRECTION('',(-1.,0.,0.));
#2488 = ORIENTED_EDGE('',*,*,#2489,.T.);
#2489 = EDGE_CURVE('',#2482,#2490,#2492,.T.);
#2490 = VERTEX_POINT('',#2491);
#2491 = CARTESIAN_POINT('',(8.,8.75,8.));
#2492 = LINE('',#2493,#2494);
#2493 = CARTESIAN_POINT('',(8.,15.2,8.));
#2494 = VECTOR('',#2495,1.);
#2495 = DIRECTION('',(0.,1.,0.));
#2496 = ORIENTED_EDGE('',*,*,#2497,.F.);
#2497 = EDGE_CURVE('',#2498,#2490,#2500,.T.);
#2498 = VERTEX_POINT('',#2499);
#2499 = CARTESIAN_POINT('',(14.,8.75,8.));
#2500 = LINE('',#2501,#2502);
#2501 = CARTESIAN_POINT('',(9.25,8.75,8.));
#2502 = VECTOR('',#2503,1.);
#2503 = DIRECTION('',(-1.,0.,0.));
#2504 = ORIENTED_EDGE('',*,*,#2505,.F.);
#2505 = EDGE_CURVE('',#2480,#2498,#2506,.T.);
#2506 = LINE('',#2507,#2508);
#2507 = CARTESIAN_POINT('',(14.,15.2,8.));
#2508 = VECTOR('',#2509,1.);
#2509 = DIRECTION('',(0.,1.,0.));
#2510 = FACE_BOUND('',#2511,.T.);
#2511 = EDGE_LOOP('',(#2512,#2522,#2530,#2538));
#2512 = ORIENTED_EDGE('',*,*,#2513,.T.);
#2513 = EDGE_CURVE('',#2514,#2516,#2518,.T.);
#2514 = VERTEX_POINT('',#2515);
#2515 = CARTESIAN_POINT('',(26.3,9.2,8.));
#2516 = VERTEX_POINT('',#2517);
#2517 = CARTESIAN_POINT('',(24.1,9.2,8.));
#2518 = LINE('',#2519,#2520);
#2519 = CARTESIAN_POINT('',(17.875,9.2,8.));
#2520 = VECTOR('',#2521,1.);
#2521 = DIRECTION('',(-1.,0.,0.));
#2522 = ORIENTED_EDGE('',*,*,#2523,.T.);
#2523 = EDGE_CURVE('',#2516,#2524,#2526,.T.);
#2524 = VERTEX_POINT('',#2525);
#2525 = CARTESIAN_POINT('',(24.1,11.2,8.));
#2526 = LINE('',#2527,#2528);
#2527 = CARTESIAN_POINT('',(24.1,16.1,8.));
#2528 = VECTOR('',#2529,1.);
#2529 = DIRECTION('',(0.,1.,0.));
#2530 = ORIENTED_EDGE('',*,*,#2531,.F.);
#2531 = EDGE_CURVE('',#2532,#2524,#2534,.T.);
#2532 = VERTEX_POINT('',#2533);
#2533 = CARTESIAN_POINT('',(26.3,11.2,8.));
#2534 = LINE('',#2535,#2536);
#2535 = CARTESIAN_POINT('',(17.3,11.2,8.));
#2536 = VECTOR('',#2537,1.);
#2537 = DIRECTION('',(-1.,0.,0.));
#2538 = ORIENTED_EDGE('',*,*,#2539,.F.);
#2539 = EDGE_CURVE('',#2514,#2532,#2540,.T.);
#2540 = LINE('',#2541,#2542);
#2541 = CARTESIAN_POINT('',(26.3,16.1,8.));
#2542 = VECTOR('',#2543,1.);
#2543 = DIRECTION('',(0.,1.,0.));
#2544 = FACE_BOUND('',#2545,.T.);
#2545 = EDGE_LOOP('',(#2546,#2556,#2564,#2572));
#2546 = ORIENTED_EDGE('',*,*,#2547,.T.);
#2547 = EDGE_CURVE('',#2548,#2550,#2552,.T.);
#2548 = VERTEX_POINT('',#2549);
#2549 = CARTESIAN_POINT('',(0.7,36.5,8.));
#2550 = VERTEX_POINT('',#2551);
#2551 = CARTESIAN_POINT('',(-1.3,36.5,8.));
#2552 = LINE('',#2553,#2554);
#2553 = CARTESIAN_POINT('',(5.,36.5,8.));
#2554 = VECTOR('',#2555,1.);
#2555 = DIRECTION('',(-1.,0.,0.));
#2556 = ORIENTED_EDGE('',*,*,#2557,.T.);
#2557 = EDGE_CURVE('',#2550,#2558,#2560,.T.);
#2558 = VERTEX_POINT('',#2559);
#2559 = CARTESIAN_POINT('',(-1.3,38.5,8.));
#2560 = LINE('',#2561,#2562);
#2561 = CARTESIAN_POINT('',(-1.3,29.75,8.));
#2562 = VECTOR('',#2563,1.);
#2563 = DIRECTION('',(0.,1.,0.));
#2564 = ORIENTED_EDGE('',*,*,#2565,.F.);
#2565 = EDGE_CURVE('',#2566,#2558,#2568,.T.);
#2566 = VERTEX_POINT('',#2567);
#2567 = CARTESIAN_POINT('',(0.7,38.5,8.));
#2568 = LINE('',#2569,#2570);
#2569 = CARTESIAN_POINT('',(4.6,38.5,8.));
#2570 = VECTOR('',#2571,1.);
#2571 = DIRECTION('',(-1.,0.,0.));
#2572 = ORIENTED_EDGE('',*,*,#2573,.F.);
#2573 = EDGE_CURVE('',#2548,#2566,#2574,.T.);
#2574 = LINE('',#2575,#2576);
#2575 = CARTESIAN_POINT('',(0.7,29.75,8.));
#2576 = VECTOR('',#2577,1.);
#2577 = DIRECTION('',(0.,1.,0.));
#2578 = FACE_BOUND('',#2579,.T.);
#2579 = EDGE_LOOP('',(#2580,#2590,#2598,#2606));
#2580 = ORIENTED_EDGE('',*,*,#2581,.T.);
#2581 = EDGE_CURVE('',#2582,#2584,#2586,.T.);
#2582 = VERTEX_POINT('',#2583);
#2583 = CARTESIAN_POINT('',(5.,39.25,8.));
#2584 = VERTEX_POINT('',#2585);
#2585 = CARTESIAN_POINT('',(1.,39.25,8.));
#2586 = LINE('',#2587,#2588);
#2587 = CARTESIAN_POINT('',(5.75,39.25,8.));
#2588 = VECTOR('',#2589,1.);
#2589 = DIRECTION('',(-1.,0.,0.));
#2590 = ORIENTED_EDGE('',*,*,#2591,.T.);
#2591 = EDGE_CURVE('',#2584,#2592,#2594,.T.);
#2592 = VERTEX_POINT('',#2593);
#2593 = CARTESIAN_POINT('',(1.,40.45,8.));
#2594 = LINE('',#2595,#2596);
#2595 = CARTESIAN_POINT('',(1.,31.125,8.));
#2596 = VECTOR('',#2597,1.);
#2597 = DIRECTION('',(0.,1.,0.));
#2598 = ORIENTED_EDGE('',*,*,#2599,.F.);
#2599 = EDGE_CURVE('',#2600,#2592,#2602,.T.);
#2600 = VERTEX_POINT('',#2601);
#2601 = CARTESIAN_POINT('',(5.,40.45,8.));
#2602 = LINE('',#2603,#2604);
#2603 = CARTESIAN_POINT('',(5.75,40.45,8.));
#2604 = VECTOR('',#2605,1.);
#2605 = DIRECTION('',(-1.,0.,0.));
#2606 = ORIENTED_EDGE('',*,*,#2607,.F.);
#2607 = EDGE_CURVE('',#2582,#2600,#2608,.T.);
#2608 = LINE('',#2609,#2610);
#2609 = CARTESIAN_POINT('',(5.,31.125,8.));
#2610 = VECTOR('',#2611,1.);
#2611 = DIRECTION('',(0.,1.,0.));
#2612 = FACE_BOUND('',#2613,.T.);
#2613 = EDGE_LOOP('',(#2614,#2624,#2632,#2640));
#2614 = ORIENTED_EDGE('',*,*,#2615,.T.);
#2615 = EDGE_CURVE('',#2616,#2618,#2620,.T.);
#2616 = VERTEX_POINT('',#2617);
#2617 = CARTESIAN_POINT('',(26.3,36.5,8.));
#2618 = VERTEX_POINT('',#2619);
#2619 = CARTESIAN_POINT('',(24.1,36.5,8.));
#2620 = LINE('',#2621,#2622);
#2621 = CARTESIAN_POINT('',(17.875,36.5,8.));
#2622 = VECTOR('',#2623,1.);
#2623 = DIRECTION('',(-1.,0.,0.));
#2624 = ORIENTED_EDGE('',*,*,#2625,.T.);
#2625 = EDGE_CURVE('',#2618,#2626,#2628,.T.);
#2626 = VERTEX_POINT('',#2627);
#2627 = CARTESIAN_POINT('',(24.1,38.5,8.));
#2628 = LINE('',#2629,#2630);
#2629 = CARTESIAN_POINT('',(24.1,29.75,8.));
#2630 = VECTOR('',#2631,1.);
#2631 = DIRECTION('',(0.,1.,0.));
#2632 = ORIENTED_EDGE('',*,*,#2633,.F.);
#2633 = EDGE_CURVE('',#2634,#2626,#2636,.T.);
#2634 = VERTEX_POINT('',#2635);
#2635 = CARTESIAN_POINT('',(26.3,38.5,8.));
#2636 = LINE('',#2637,#2638);
#2637 = CARTESIAN_POINT('',(17.3,38.5,8.));
#2638 = VECTOR('',#2639,1.);
#2639 = DIRECTION('',(-1.,0.,0.));
#2640 = ORIENTED_EDGE('',*,*,#2641,.F.);
#2641 = EDGE_CURVE('',#2616,#2634,#2642,.T.);
#2642 = LINE('',#2643,#2644);
#2643 = CARTESIAN_POINT('',(26.3,29.75,8.));
#2644 = VECTOR('',#2645,1.);
#2645 = DIRECTION('',(0.,1.,0.));
#2646 = PLANE('',#2647);
#2647 = AXIS2_PLACEMENT_3D('',#2648,#2649,#2650);
#2648 = CARTESIAN_POINT('',(10.5,23.,8.));
#2649 = DIRECTION('',(0.,0.,1.));
#2650 = DIRECTION('',(1.,0.,0.));
#2651 = ADVANCED_FACE('',(#2652),#2671,.F.);
#2652 = FACE_BOUND('',#2653,.T.);
#2653 = EDGE_LOOP('',(#2654,#2662,#2663,#2664));
#2654 = ORIENTED_EDGE('',*,*,#2655,.F.);
#2655 = EDGE_CURVE('',#2386,#2656,#2658,.T.);
#2656 = VERTEX_POINT('',#2657);
#2657 = CARTESIAN_POINT('',(-2.5,4.5,10.5));
#2658 = LINE('',#2659,#2660);
#2659 = CARTESIAN_POINT('',(-2.5,4.5,6.4));
#2660 = VECTOR('',#2661,1.);
#2661 = DIRECTION('',(0.,0.,1.));
#2662 = ORIENTED_EDGE('',*,*,#2385,.F.);
#2663 = ORIENTED_EDGE('',*,*,#1928,.T.);
#2664 = ORIENTED_EDGE('',*,*,#2665,.F.);
#2665 = EDGE_CURVE('',#2656,#1921,#2666,.T.);
#2666 = CIRCLE('',#2667,3.);
#2667 = AXIS2_PLACEMENT_3D('',#2668,#2669,#2670);
#2668 = CARTESIAN_POINT('',(-2.5,7.5,10.5));
#2669 = DIRECTION('',(0.,0.,-1.));
#2670 = DIRECTION('',(1.,0.,0.));
#2671 = CYLINDRICAL_SURFACE('',#2672,3.);
#2672 = AXIS2_PLACEMENT_3D('',#2673,#2674,#2675);
#2673 = CARTESIAN_POINT('',(-2.5,7.5,6.4));
#2674 = DIRECTION('',(-0.,-0.,-1.));
#2675 = DIRECTION('',(1.,0.,0.));
#2676 = ADVANCED_FACE('',(#2677),#2830,.T.);
#2677 = FACE_BOUND('',#2678,.T.);
#2678 = EDGE_LOOP('',(#2679,#2689,#2698,#2706,#2715,#2723,#2732,#2740,
    #2748,#2756,#2765,#2773,#2782,#2788,#2789,#2790,#2799,#2807,#2815,
    #2823));
#2679 = ORIENTED_EDGE('',*,*,#2680,.F.);
#2680 = EDGE_CURVE('',#2681,#2683,#2685,.T.);
#2681 = VERTEX_POINT('',#2682);
#2682 = CARTESIAN_POINT('',(-6.3,7.5,10.5));
#2683 = VERTEX_POINT('',#2684);
#2684 = CARTESIAN_POINT('',(-6.3,38.5,10.5));
#2685 = LINE('',#2686,#2687);
#2686 = CARTESIAN_POINT('',(-6.3,7.5,10.5));
#2687 = VECTOR('',#2688,1.);
#2688 = DIRECTION('',(0.,1.,0.));
#2689 = ORIENTED_EDGE('',*,*,#2690,.T.);
#2690 = EDGE_CURVE('',#2681,#2691,#2693,.T.);
#2691 = VERTEX_POINT('',#2692);
#2692 = CARTESIAN_POINT('',(-2.5,3.7,10.5));
#2693 = CIRCLE('',#2694,3.8);
#2694 = AXIS2_PLACEMENT_3D('',#2695,#2696,#2697);
#2695 = CARTESIAN_POINT('',(-2.5,7.5,10.5));
#2696 = DIRECTION('',(0.,0.,1.));
#2697 = DIRECTION('',(1.,0.,0.));
#2698 = ORIENTED_EDGE('',*,*,#2699,.T.);
#2699 = EDGE_CURVE('',#2691,#2700,#2702,.T.);
#2700 = VERTEX_POINT('',#2701);
#2701 = CARTESIAN_POINT('',(23.5,3.7,10.5));
#2702 = LINE('',#2703,#2704);
#2703 = CARTESIAN_POINT('',(-2.5,3.7,10.5));
#2704 = VECTOR('',#2705,1.);
#2705 = DIRECTION('',(1.,0.,0.));
#2706 = ORIENTED_EDGE('',*,*,#2707,.T.);
#2707 = EDGE_CURVE('',#2700,#2708,#2710,.T.);
#2708 = VERTEX_POINT('',#2709);
#2709 = CARTESIAN_POINT('',(27.3,7.5,10.5));
#2710 = CIRCLE('',#2711,3.8);
#2711 = AXIS2_PLACEMENT_3D('',#2712,#2713,#2714);
#2712 = CARTESIAN_POINT('',(23.5,7.5,10.5));
#2713 = DIRECTION('',(0.,0.,1.));
#2714 = DIRECTION('',(1.,0.,0.));
#2715 = ORIENTED_EDGE('',*,*,#2716,.T.);
#2716 = EDGE_CURVE('',#2708,#2717,#2719,.T.);
#2717 = VERTEX_POINT('',#2718);
#2718 = CARTESIAN_POINT('',(27.3,38.5,10.5));
#2719 = LINE('',#2720,#2721);
#2720 = CARTESIAN_POINT('',(27.3,7.5,10.5));
#2721 = VECTOR('',#2722,1.);
#2722 = DIRECTION('',(0.,1.,0.));
#2723 = ORIENTED_EDGE('',*,*,#2724,.T.);
#2724 = EDGE_CURVE('',#2717,#2725,#2727,.T.);
#2725 = VERTEX_POINT('',#2726);
#2726 = CARTESIAN_POINT('',(23.5,42.3,10.5));
#2727 = CIRCLE('',#2728,3.8);
#2728 = AXIS2_PLACEMENT_3D('',#2729,#2730,#2731);
#2729 = CARTESIAN_POINT('',(23.5,38.5,10.5));
#2730 = DIRECTION('',(0.,0.,1.));
#2731 = DIRECTION('',(1.,0.,0.));
#2732 = ORIENTED_EDGE('',*,*,#2733,.F.);
#2733 = EDGE_CURVE('',#2734,#2725,#2736,.T.);
#2734 = VERTEX_POINT('',#2735);
#2735 = CARTESIAN_POINT('',(21.8,42.3,10.5));
#2736 = LINE('',#2737,#2738);
#2737 = CARTESIAN_POINT('',(-2.5,42.3,10.5));
#2738 = VECTOR('',#2739,1.);
#2739 = DIRECTION('',(1.,0.,0.));
#2740 = ORIENTED_EDGE('',*,*,#2741,.F.);
#2741 = EDGE_CURVE('',#2742,#2734,#2744,.T.);
#2742 = VERTEX_POINT('',#2743);
#2743 = CARTESIAN_POINT('',(21.8,41.5,10.5));
#2744 = LINE('',#2745,#2746);
#2745 = CARTESIAN_POINT('',(21.8,31.7,10.5));
#2746 = VECTOR('',#2747,1.);
#2747 = DIRECTION('',(0.,1.,0.));
#2748 = ORIENTED_EDGE('',*,*,#2749,.F.);
#2749 = EDGE_CURVE('',#2750,#2742,#2752,.T.);
#2750 = VERTEX_POINT('',#2751);
#2751 = CARTESIAN_POINT('',(23.5,41.5,10.5));
#2752 = LINE('',#2753,#2754);
#2753 = CARTESIAN_POINT('',(4.,41.5,10.5));
#2754 = VECTOR('',#2755,1.);
#2755 = DIRECTION('',(-1.,0.,0.));
#2756 = ORIENTED_EDGE('',*,*,#2757,.T.);
#2757 = EDGE_CURVE('',#2750,#2758,#2760,.T.);
#2758 = VERTEX_POINT('',#2759);
#2759 = CARTESIAN_POINT('',(26.5,38.5,10.5));
#2760 = CIRCLE('',#2761,3.);
#2761 = AXIS2_PLACEMENT_3D('',#2762,#2763,#2764);
#2762 = CARTESIAN_POINT('',(23.5,38.5,10.5));
#2763 = DIRECTION('',(0.,0.,-1.));
#2764 = DIRECTION('',(1.,0.,0.));
#2765 = ORIENTED_EDGE('',*,*,#2766,.F.);
#2766 = EDGE_CURVE('',#2767,#2758,#2769,.T.);
#2767 = VERTEX_POINT('',#2768);
#2768 = CARTESIAN_POINT('',(26.5,7.5,10.5));
#2769 = LINE('',#2770,#2771);
#2770 = CARTESIAN_POINT('',(26.5,15.25,10.5));
#2771 = VECTOR('',#2772,1.);
#2772 = DIRECTION('',(0.,1.,0.));
#2773 = ORIENTED_EDGE('',*,*,#2774,.T.);
#2774 = EDGE_CURVE('',#2767,#2775,#2777,.T.);
#2775 = VERTEX_POINT('',#2776);
#2776 = CARTESIAN_POINT('',(23.5,4.5,10.5));
#2777 = CIRCLE('',#2778,3.);
#2778 = AXIS2_PLACEMENT_3D('',#2779,#2780,#2781);
#2779 = CARTESIAN_POINT('',(23.5,7.5,10.5));
#2780 = DIRECTION('',(0.,0.,-1.));
#2781 = DIRECTION('',(1.,0.,0.));
#2782 = ORIENTED_EDGE('',*,*,#2783,.T.);
#2783 = EDGE_CURVE('',#2775,#2656,#2784,.T.);
#2784 = LINE('',#2785,#2786);
#2785 = CARTESIAN_POINT('',(4.,4.5,10.5));
#2786 = VECTOR('',#2787,1.);
#2787 = DIRECTION('',(-1.,0.,0.));
#2788 = ORIENTED_EDGE('',*,*,#2665,.T.);
#2789 = ORIENTED_EDGE('',*,*,#1920,.T.);
#2790 = ORIENTED_EDGE('',*,*,#2791,.T.);
#2791 = EDGE_CURVE('',#1913,#2792,#2794,.T.);
#2792 = VERTEX_POINT('',#2793);
#2793 = CARTESIAN_POINT('',(-2.5,41.5,10.5));
#2794 = CIRCLE('',#2795,3.);
#2795 = AXIS2_PLACEMENT_3D('',#2796,#2797,#2798);
#2796 = CARTESIAN_POINT('',(-2.5,38.5,10.5));
#2797 = DIRECTION('',(0.,0.,-1.));
#2798 = DIRECTION('',(1.,0.,0.));
#2799 = ORIENTED_EDGE('',*,*,#2800,.F.);
#2800 = EDGE_CURVE('',#2801,#2792,#2803,.T.);
#2801 = VERTEX_POINT('',#2802);
#2802 = CARTESIAN_POINT('',(6.6,41.5,10.5));
#2803 = LINE('',#2804,#2805);
#2804 = CARTESIAN_POINT('',(4.,41.5,10.5));
#2805 = VECTOR('',#2806,1.);
#2806 = DIRECTION('',(-1.,0.,0.));
#2807 = ORIENTED_EDGE('',*,*,#2808,.T.);
#2808 = EDGE_CURVE('',#2801,#2809,#2811,.T.);
#2809 = VERTEX_POINT('',#2810);
#2810 = CARTESIAN_POINT('',(6.6,42.3,10.5));
#2811 = LINE('',#2812,#2813);
#2812 = CARTESIAN_POINT('',(6.6,31.7,10.5));
#2813 = VECTOR('',#2814,1.);
#2814 = DIRECTION('',(0.,1.,0.));
#2815 = ORIENTED_EDGE('',*,*,#2816,.F.);
#2816 = EDGE_CURVE('',#2817,#2809,#2819,.T.);
#2817 = VERTEX_POINT('',#2818);
#2818 = CARTESIAN_POINT('',(-2.5,42.3,10.5));
#2819 = LINE('',#2820,#2821);
#2820 = CARTESIAN_POINT('',(-2.5,42.3,10.5));
#2821 = VECTOR('',#2822,1.);
#2822 = DIRECTION('',(1.,0.,0.));
#2823 = ORIENTED_EDGE('',*,*,#2824,.T.);
#2824 = EDGE_CURVE('',#2817,#2683,#2825,.T.);
#2825 = CIRCLE('',#2826,3.8);
#2826 = AXIS2_PLACEMENT_3D('',#2827,#2828,#2829);
#2827 = CARTESIAN_POINT('',(-2.5,38.5,10.5));
#2828 = DIRECTION('',(0.,0.,1.));
#2829 = DIRECTION('',(1.,0.,0.));
#2830 = PLANE('',#2831);
#2831 = AXIS2_PLACEMENT_3D('',#2832,#2833,#2834);
#2832 = CARTESIAN_POINT('',(10.5,23.,10.5));
#2833 = DIRECTION('',(0.,0.,1.));
#2834 = DIRECTION('',(1.,0.,0.));
#2835 = ADVANCED_FACE('',(#2836),#2847,.F.);
#2836 = FACE_BOUND('',#2837,.T.);
#2837 = EDGE_LOOP('',(#2838,#2839,#2840,#2846));
#2838 = ORIENTED_EDGE('',*,*,#1912,.F.);
#2839 = ORIENTED_EDGE('',*,*,#2436,.F.);
#2840 = ORIENTED_EDGE('',*,*,#2841,.T.);
#2841 = EDGE_CURVE('',#2429,#2792,#2842,.T.);
#2842 = LINE('',#2843,#2844);
#2843 = CARTESIAN_POINT('',(-2.5,41.5,6.4));
#2844 = VECTOR('',#2845,1.);
#2845 = DIRECTION('',(0.,0.,1.));
#2846 = ORIENTED_EDGE('',*,*,#2791,.F.);
#2847 = CYLINDRICAL_SURFACE('',#2848,3.);
#2848 = AXIS2_PLACEMENT_3D('',#2849,#2850,#2851);
#2849 = CARTESIAN_POINT('',(-2.5,38.5,6.4));
#2850 = DIRECTION('',(-0.,-0.,-1.));
#2851 = DIRECTION('',(1.,0.,0.));
#2852 = ADVANCED_FACE('',(#2853),#2871,.T.);
#2853 = FACE_BOUND('',#2854,.T.);
#2854 = EDGE_LOOP('',(#2855,#2856,#2857,#2865));
#2855 = ORIENTED_EDGE('',*,*,#2074,.T.);
#2856 = ORIENTED_EDGE('',*,*,#2009,.F.);
#2857 = ORIENTED_EDGE('',*,*,#2858,.T.);
#2858 = EDGE_CURVE('',#2002,#2859,#2861,.T.);
#2859 = VERTEX_POINT('',#2860);
#2860 = CARTESIAN_POINT('',(-1.3,11.2,7.9));
#2861 = LINE('',#2862,#2863);
#2862 = CARTESIAN_POINT('',(-1.3,9.2,7.9));
#2863 = VECTOR('',#2864,1.);
#2864 = DIRECTION('',(0.,1.,0.));
#2865 = ORIENTED_EDGE('',*,*,#2866,.T.);
#2866 = EDGE_CURVE('',#2859,#2067,#2867,.T.);
#2867 = LINE('',#2868,#2869);
#2868 = CARTESIAN_POINT('',(-1.3,11.2,7.9));
#2869 = VECTOR('',#2870,1.);
#2870 = DIRECTION('',(1.,0.,0.));
#2871 = PLANE('',#2872);
#2872 = AXIS2_PLACEMENT_3D('',#2873,#2874,#2875);
#2873 = CARTESIAN_POINT('',(-0.65,10.6,7.9));
#2874 = DIRECTION('',(-0.,-0.,-1.));
#2875 = DIRECTION('',(-1.,0.,0.));
#2876 = ADVANCED_FACE('',(#2877),#2904,.F.);
#2877 = FACE_BOUND('',#2878,.F.);
#2878 = EDGE_LOOP('',(#2879,#2887,#2888,#2889,#2890,#2898));
#2879 = ORIENTED_EDGE('',*,*,#2880,.F.);
#2880 = EDGE_CURVE('',#2463,#2881,#2883,.T.);
#2881 = VERTEX_POINT('',#2882);
#2882 = CARTESIAN_POINT('',(-1.3,9.2,13.5));
#2883 = LINE('',#2884,#2885);
#2884 = CARTESIAN_POINT('',(-1.3,9.2,7.9));
#2885 = VECTOR('',#2886,1.);
#2886 = DIRECTION('',(0.,0.,1.));
#2887 = ORIENTED_EDGE('',*,*,#2470,.T.);
#2888 = ORIENTED_EDGE('',*,*,#2001,.T.);
#2889 = ORIENTED_EDGE('',*,*,#2858,.T.);
#2890 = ORIENTED_EDGE('',*,*,#2891,.T.);
#2891 = EDGE_CURVE('',#2859,#2892,#2894,.T.);
#2892 = VERTEX_POINT('',#2893);
#2893 = CARTESIAN_POINT('',(-1.3,11.2,13.5));
#2894 = LINE('',#2895,#2896);
#2895 = CARTESIAN_POINT('',(-1.3,11.2,7.9));
#2896 = VECTOR('',#2897,1.);
#2897 = DIRECTION('',(0.,0.,1.));
#2898 = ORIENTED_EDGE('',*,*,#2899,.F.);
#2899 = EDGE_CURVE('',#2881,#2892,#2900,.T.);
#2900 = LINE('',#2901,#2902);
#2901 = CARTESIAN_POINT('',(-1.3,9.2,13.5));
#2902 = VECTOR('',#2903,1.);
#2903 = DIRECTION('',(0.,1.,0.));
#2904 = PLANE('',#2905);
#2905 = AXIS2_PLACEMENT_3D('',#2906,#2907,#2908);
#2906 = CARTESIAN_POINT('',(-1.3,9.2,7.9));
#2907 = DIRECTION('',(1.,0.,0.));
#2908 = DIRECTION('',(0.,0.,1.));
#2909 = ADVANCED_FACE('',(#2910),#2946,.T.);
#2910 = FACE_BOUND('',#2911,.T.);
#2911 = EDGE_LOOP('',(#2912,#2913,#2914,#2922,#2930,#2938,#2944,#2945));
#2912 = ORIENTED_EDGE('',*,*,#2866,.F.);
#2913 = ORIENTED_EDGE('',*,*,#2891,.T.);
#2914 = ORIENTED_EDGE('',*,*,#2915,.T.);
#2915 = EDGE_CURVE('',#2892,#2916,#2918,.T.);
#2916 = VERTEX_POINT('',#2917);
#2917 = CARTESIAN_POINT('',(-0.25,11.2,13.5));
#2918 = LINE('',#2919,#2920);
#2919 = CARTESIAN_POINT('',(-1.3,11.2,13.5));
#2920 = VECTOR('',#2921,1.);
#2921 = DIRECTION('',(1.,0.,0.));
#2922 = ORIENTED_EDGE('',*,*,#2923,.F.);
#2923 = EDGE_CURVE('',#2924,#2916,#2926,.T.);
#2924 = VERTEX_POINT('',#2925);
#2925 = CARTESIAN_POINT('',(-0.25,11.2,12.2));
#2926 = LINE('',#2927,#2928);
#2927 = CARTESIAN_POINT('',(-0.25,11.2,7.9));
#2928 = VECTOR('',#2929,1.);
#2929 = DIRECTION('',(0.,0.,1.));
#2930 = ORIENTED_EDGE('',*,*,#2931,.T.);
#2931 = EDGE_CURVE('',#2924,#2932,#2934,.T.);
#2932 = VERTEX_POINT('',#2933);
#2933 = CARTESIAN_POINT('',(0.7,11.2,12.2));
#2934 = LINE('',#2935,#2936);
#2935 = CARTESIAN_POINT('',(-0.5,11.2,12.2));
#2936 = VECTOR('',#2937,1.);
#2937 = DIRECTION('',(1.,0.,0.));
#2938 = ORIENTED_EDGE('',*,*,#2939,.F.);
#2939 = EDGE_CURVE('',#2447,#2932,#2940,.T.);
#2940 = LINE('',#2941,#2942);
#2941 = CARTESIAN_POINT('',(0.7,11.2,7.9));
#2942 = VECTOR('',#2943,1.);
#2943 = DIRECTION('',(0.,0.,1.));
#2944 = ORIENTED_EDGE('',*,*,#2446,.T.);
#2945 = ORIENTED_EDGE('',*,*,#2066,.F.);
#2946 = PLANE('',#2947);
#2947 = AXIS2_PLACEMENT_3D('',#2948,#2949,#2950);
#2948 = CARTESIAN_POINT('',(-0.385855263158,11.2,10.623355263158));
#2949 = DIRECTION('',(0.,1.,0.));
#2950 = DIRECTION('',(0.,0.,1.));
#2951 = ADVANCED_FACE('',(#2952),#2958,.T.);
#2952 = FACE_BOUND('',#2953,.T.);
#2953 = EDGE_LOOP('',(#2954,#2955,#2956,#2957));
#2954 = ORIENTED_EDGE('',*,*,#2235,.F.);
#2955 = ORIENTED_EDGE('',*,*,#2213,.F.);
#2956 = ORIENTED_EDGE('',*,*,#2283,.T.);
#2957 = ORIENTED_EDGE('',*,*,#2267,.T.);
#2958 = PLANE('',#2959);
#2959 = AXIS2_PLACEMENT_3D('',#2960,#2961,#2962);
#2960 = CARTESIAN_POINT('',(10.5,23.,6.8));
#2961 = DIRECTION('',(-0.,-0.,-1.));
#2962 = DIRECTION('',(-1.,0.,0.));
#2963 = ADVANCED_FACE('',(#2964),#2980,.T.);
#2964 = FACE_BOUND('',#2965,.F.);
#2965 = EDGE_LOOP('',(#2966,#2972,#2973,#2979));
#2966 = ORIENTED_EDGE('',*,*,#2967,.F.);
#2967 = EDGE_CURVE('',#2301,#2691,#2968,.T.);
#2968 = LINE('',#2969,#2970);
#2969 = CARTESIAN_POINT('',(-2.5,3.7,6.5));
#2970 = VECTOR('',#2971,1.);
#2971 = DIRECTION('',(0.,0.,1.));
#2972 = ORIENTED_EDGE('',*,*,#2298,.F.);
#2973 = ORIENTED_EDGE('',*,*,#2974,.T.);
#2974 = EDGE_CURVE('',#2299,#2681,#2975,.T.);
#2975 = LINE('',#2976,#2977);
#2976 = CARTESIAN_POINT('',(-6.3,7.5,6.5));
#2977 = VECTOR('',#2978,1.);
#2978 = DIRECTION('',(0.,0.,1.));
#2979 = ORIENTED_EDGE('',*,*,#2690,.T.);
#2980 = CYLINDRICAL_SURFACE('',#2981,3.8);
#2981 = AXIS2_PLACEMENT_3D('',#2982,#2983,#2984);
#2982 = CARTESIAN_POINT('',(-2.5,7.5,6.5));
#2983 = DIRECTION('',(-0.,-0.,-1.));
#2984 = DIRECTION('',(1.,0.,0.));
#2985 = ADVANCED_FACE('',(#2986),#2997,.F.);
#2986 = FACE_BOUND('',#2987,.F.);
#2987 = EDGE_LOOP('',(#2988,#2989,#2990,#2996));
#2988 = ORIENTED_EDGE('',*,*,#2974,.F.);
#2989 = ORIENTED_EDGE('',*,*,#2309,.T.);
#2990 = ORIENTED_EDGE('',*,*,#2991,.T.);
#2991 = EDGE_CURVE('',#2310,#2683,#2992,.T.);
#2992 = LINE('',#2993,#2994);
#2993 = CARTESIAN_POINT('',(-6.3,38.5,6.5));
#2994 = VECTOR('',#2995,1.);
#2995 = DIRECTION('',(0.,0.,1.));
#2996 = ORIENTED_EDGE('',*,*,#2680,.F.);
#2997 = PLANE('',#2998);
#2998 = AXIS2_PLACEMENT_3D('',#2999,#3000,#3001);
#2999 = CARTESIAN_POINT('',(-6.3,7.5,6.5));
#3000 = DIRECTION('',(1.,0.,0.));
#3001 = DIRECTION('',(0.,0.,1.));
#3002 = ADVANCED_FACE('',(#3003),#3014,.F.);
#3003 = FACE_BOUND('',#3004,.F.);
#3004 = EDGE_LOOP('',(#3005,#3006,#3007,#3008));
#3005 = ORIENTED_EDGE('',*,*,#2360,.F.);
#3006 = ORIENTED_EDGE('',*,*,#2967,.T.);
#3007 = ORIENTED_EDGE('',*,*,#2699,.T.);
#3008 = ORIENTED_EDGE('',*,*,#3009,.F.);
#3009 = EDGE_CURVE('',#2352,#2700,#3010,.T.);
#3010 = LINE('',#3011,#3012);
#3011 = CARTESIAN_POINT('',(23.5,3.7,6.5));
#3012 = VECTOR('',#3013,1.);
#3013 = DIRECTION('',(0.,0.,1.));
#3014 = PLANE('',#3015);
#3015 = AXIS2_PLACEMENT_3D('',#3016,#3017,#3018);
#3016 = CARTESIAN_POINT('',(-2.5,3.7,6.5));
#3017 = DIRECTION('',(0.,1.,0.));
#3018 = DIRECTION('',(0.,0.,1.));
#3019 = ADVANCED_FACE('',(#3020),#3031,.T.);
#3020 = FACE_BOUND('',#3021,.F.);
#3021 = EDGE_LOOP('',(#3022,#3023,#3029,#3030));
#3022 = ORIENTED_EDGE('',*,*,#2317,.F.);
#3023 = ORIENTED_EDGE('',*,*,#3024,.T.);
#3024 = EDGE_CURVE('',#2318,#2817,#3025,.T.);
#3025 = LINE('',#3026,#3027);
#3026 = CARTESIAN_POINT('',(-2.5,42.3,6.5));
#3027 = VECTOR('',#3028,1.);
#3028 = DIRECTION('',(0.,0.,1.));
#3029 = ORIENTED_EDGE('',*,*,#2824,.T.);
#3030 = ORIENTED_EDGE('',*,*,#2991,.F.);
#3031 = CYLINDRICAL_SURFACE('',#3032,3.8);
#3032 = AXIS2_PLACEMENT_3D('',#3033,#3034,#3035);
#3033 = CARTESIAN_POINT('',(-2.5,38.5,6.5));
#3034 = DIRECTION('',(-0.,-0.,-1.));
#3035 = DIRECTION('',(1.,0.,0.));
#3036 = ADVANCED_FACE('',(#3037),#3048,.T.);
#3037 = FACE_BOUND('',#3038,.F.);
#3038 = EDGE_LOOP('',(#3039,#3045,#3046,#3047));
#3039 = ORIENTED_EDGE('',*,*,#3040,.F.);
#3040 = EDGE_CURVE('',#2344,#2708,#3041,.T.);
#3041 = LINE('',#3042,#3043);
#3042 = CARTESIAN_POINT('',(27.3,7.5,6.5));
#3043 = VECTOR('',#3044,1.);
#3044 = DIRECTION('',(0.,0.,1.));
#3045 = ORIENTED_EDGE('',*,*,#2351,.F.);
#3046 = ORIENTED_EDGE('',*,*,#3009,.T.);
#3047 = ORIENTED_EDGE('',*,*,#2707,.T.);
#3048 = CYLINDRICAL_SURFACE('',#3049,3.8);
#3049 = AXIS2_PLACEMENT_3D('',#3050,#3051,#3052);
#3050 = CARTESIAN_POINT('',(23.5,7.5,6.5));
#3051 = DIRECTION('',(-0.,-0.,-1.));
#3052 = DIRECTION('',(1.,0.,0.));
#3053 = ADVANCED_FACE('',(#3054),#3088,.T.);
#3054 = FACE_BOUND('',#3055,.T.);
#3055 = EDGE_LOOP('',(#3056,#3057,#3058,#3059,#3067,#3075,#3081,#3082));
#3056 = ORIENTED_EDGE('',*,*,#2326,.F.);
#3057 = ORIENTED_EDGE('',*,*,#3024,.T.);
#3058 = ORIENTED_EDGE('',*,*,#2816,.T.);
#3059 = ORIENTED_EDGE('',*,*,#3060,.T.);
#3060 = EDGE_CURVE('',#2809,#3061,#3063,.T.);
#3061 = VERTEX_POINT('',#3062);
#3062 = CARTESIAN_POINT('',(6.6,42.3,11.6));
#3063 = LINE('',#3064,#3065);
#3064 = CARTESIAN_POINT('',(6.6,42.3,9.8));
#3065 = VECTOR('',#3066,1.);
#3066 = DIRECTION('',(0.,0.,1.));
#3067 = ORIENTED_EDGE('',*,*,#3068,.F.);
#3068 = EDGE_CURVE('',#3069,#3061,#3071,.T.);
#3069 = VERTEX_POINT('',#3070);
#3070 = CARTESIAN_POINT('',(21.8,42.3,11.6));
#3071 = LINE('',#3072,#3073);
#3072 = CARTESIAN_POINT('',(6.6,42.3,11.6));
#3073 = VECTOR('',#3074,1.);
#3074 = DIRECTION('',(-1.,0.,0.));
#3075 = ORIENTED_EDGE('',*,*,#3076,.F.);
#3076 = EDGE_CURVE('',#2734,#3069,#3077,.T.);
#3077 = LINE('',#3078,#3079);
#3078 = CARTESIAN_POINT('',(21.8,42.3,9.8));
#3079 = VECTOR('',#3080,1.);
#3080 = DIRECTION('',(0.,0.,1.));
#3081 = ORIENTED_EDGE('',*,*,#2733,.T.);
#3082 = ORIENTED_EDGE('',*,*,#3083,.F.);
#3083 = EDGE_CURVE('',#2327,#2725,#3084,.T.);
#3084 = LINE('',#3085,#3086);
#3085 = CARTESIAN_POINT('',(23.5,42.3,6.5));
#3086 = VECTOR('',#3087,1.);
#3087 = DIRECTION('',(0.,0.,1.));
#3088 = PLANE('',#3089);
#3089 = AXIS2_PLACEMENT_3D('',#3090,#3091,#3092);
#3090 = CARTESIAN_POINT('',(10.630868167203,42.3,8.859003215434));
#3091 = DIRECTION('',(0.,1.,9.833770889666E-16));
#3092 = DIRECTION('',(0.,-9.833770889666E-16,1.));
#3093 = ADVANCED_FACE('',(#3094),#3105,.T.);
#3094 = FACE_BOUND('',#3095,.T.);
#3095 = EDGE_LOOP('',(#3096,#3097,#3098,#3104));
#3096 = ORIENTED_EDGE('',*,*,#3040,.F.);
#3097 = ORIENTED_EDGE('',*,*,#2343,.T.);
#3098 = ORIENTED_EDGE('',*,*,#3099,.T.);
#3099 = EDGE_CURVE('',#2335,#2717,#3100,.T.);
#3100 = LINE('',#3101,#3102);
#3101 = CARTESIAN_POINT('',(27.3,38.5,6.5));
#3102 = VECTOR('',#3103,1.);
#3103 = DIRECTION('',(0.,0.,1.));
#3104 = ORIENTED_EDGE('',*,*,#2716,.F.);
#3105 = PLANE('',#3106);
#3106 = AXIS2_PLACEMENT_3D('',#3107,#3108,#3109);
#3107 = CARTESIAN_POINT('',(27.3,7.5,6.5));
#3108 = DIRECTION('',(1.,0.,0.));
#3109 = DIRECTION('',(0.,0.,1.));
#3110 = ADVANCED_FACE('',(#3111),#3117,.T.);
#3111 = FACE_BOUND('',#3112,.F.);
#3112 = EDGE_LOOP('',(#3113,#3114,#3115,#3116));
#3113 = ORIENTED_EDGE('',*,*,#2334,.F.);
#3114 = ORIENTED_EDGE('',*,*,#3099,.T.);
#3115 = ORIENTED_EDGE('',*,*,#2724,.T.);
#3116 = ORIENTED_EDGE('',*,*,#3083,.F.);
#3117 = CYLINDRICAL_SURFACE('',#3118,3.8);
#3118 = AXIS2_PLACEMENT_3D('',#3119,#3120,#3121);
#3119 = CARTESIAN_POINT('',(23.5,38.5,6.5));
#3120 = DIRECTION('',(-0.,-0.,-1.));
#3121 = DIRECTION('',(1.,0.,0.));
#3122 = ADVANCED_FACE('',(#3123),#3157,.T.);
#3123 = FACE_BOUND('',#3124,.T.);
#3124 = EDGE_LOOP('',(#3125,#3126,#3134,#3142,#3150,#3156));
#3125 = ORIENTED_EDGE('',*,*,#2462,.F.);
#3126 = ORIENTED_EDGE('',*,*,#3127,.T.);
#3127 = EDGE_CURVE('',#2455,#3128,#3130,.T.);
#3128 = VERTEX_POINT('',#3129);
#3129 = CARTESIAN_POINT('',(0.7,9.2,12.2));
#3130 = LINE('',#3131,#3132);
#3131 = CARTESIAN_POINT('',(0.7,9.2,7.9));
#3132 = VECTOR('',#3133,1.);
#3133 = DIRECTION('',(0.,0.,1.));
#3134 = ORIENTED_EDGE('',*,*,#3135,.F.);
#3135 = EDGE_CURVE('',#3136,#3128,#3138,.T.);
#3136 = VERTEX_POINT('',#3137);
#3137 = CARTESIAN_POINT('',(-0.25,9.2,12.2));
#3138 = LINE('',#3139,#3140);
#3139 = CARTESIAN_POINT('',(-0.5,9.2,12.2));
#3140 = VECTOR('',#3141,1.);
#3141 = DIRECTION('',(1.,0.,0.));
#3142 = ORIENTED_EDGE('',*,*,#3143,.T.);
#3143 = EDGE_CURVE('',#3136,#3144,#3146,.T.);
#3144 = VERTEX_POINT('',#3145);
#3145 = CARTESIAN_POINT('',(-0.25,9.2,13.5));
#3146 = LINE('',#3147,#3148);
#3147 = CARTESIAN_POINT('',(-0.25,9.2,7.9));
#3148 = VECTOR('',#3149,1.);
#3149 = DIRECTION('',(0.,0.,1.));
#3150 = ORIENTED_EDGE('',*,*,#3151,.F.);
#3151 = EDGE_CURVE('',#2881,#3144,#3152,.T.);
#3152 = LINE('',#3153,#3154);
#3153 = CARTESIAN_POINT('',(-1.3,9.2,13.5));
#3154 = VECTOR('',#3155,1.);
#3155 = DIRECTION('',(1.,0.,0.));
#3156 = ORIENTED_EDGE('',*,*,#2880,.F.);
#3157 = PLANE('',#3158);
#3158 = AXIS2_PLACEMENT_3D('',#3159,#3160,#3161);
#3159 = CARTESIAN_POINT('',(-0.382333333333,9.2,10.667666666667));
#3160 = DIRECTION('',(-0.,-1.,-0.));
#3161 = DIRECTION('',(0.,0.,-1.));
#3162 = ADVANCED_FACE('',(#3163),#3174,.T.);
#3163 = FACE_BOUND('',#3164,.T.);
#3164 = EDGE_LOOP('',(#3165,#3166,#3167,#3168));
#3165 = ORIENTED_EDGE('',*,*,#3127,.F.);
#3166 = ORIENTED_EDGE('',*,*,#2454,.T.);
#3167 = ORIENTED_EDGE('',*,*,#2939,.T.);
#3168 = ORIENTED_EDGE('',*,*,#3169,.F.);
#3169 = EDGE_CURVE('',#3128,#2932,#3170,.T.);
#3170 = LINE('',#3171,#3172);
#3171 = CARTESIAN_POINT('',(0.7,9.2,12.2));
#3172 = VECTOR('',#3173,1.);
#3173 = DIRECTION('',(0.,1.,0.));
#3174 = PLANE('',#3175);
#3175 = AXIS2_PLACEMENT_3D('',#3176,#3177,#3178);
#3176 = CARTESIAN_POINT('',(0.7,9.2,7.9));
#3177 = DIRECTION('',(1.,0.,0.));
#3178 = DIRECTION('',(0.,0.,1.));
#3179 = ADVANCED_FACE('',(#3180),#3214,.F.);
#3180 = FACE_BOUND('',#3181,.F.);
#3181 = EDGE_LOOP('',(#3182,#3183,#3184,#3185,#3193,#3201,#3207,#3208));
#3182 = ORIENTED_EDGE('',*,*,#2428,.F.);
#3183 = ORIENTED_EDGE('',*,*,#2841,.T.);
#3184 = ORIENTED_EDGE('',*,*,#2800,.F.);
#3185 = ORIENTED_EDGE('',*,*,#3186,.T.);
#3186 = EDGE_CURVE('',#2801,#3187,#3189,.T.);
#3187 = VERTEX_POINT('',#3188);
#3188 = CARTESIAN_POINT('',(6.6,41.5,9.8));
#3189 = LINE('',#3190,#3191);
#3190 = CARTESIAN_POINT('',(6.6,41.5,8.1));
#3191 = VECTOR('',#3192,1.);
#3192 = DIRECTION('',(0.,0.,-1.));
#3193 = ORIENTED_EDGE('',*,*,#3194,.T.);
#3194 = EDGE_CURVE('',#3187,#3195,#3197,.T.);
#3195 = VERTEX_POINT('',#3196);
#3196 = CARTESIAN_POINT('',(21.8,41.5,9.8));
#3197 = LINE('',#3198,#3199);
#3198 = CARTESIAN_POINT('',(2.05,41.5,9.8));
#3199 = VECTOR('',#3200,1.);
#3200 = DIRECTION('',(1.,0.,0.));
#3201 = ORIENTED_EDGE('',*,*,#3202,.F.);
#3202 = EDGE_CURVE('',#2742,#3195,#3203,.T.);
#3203 = LINE('',#3204,#3205);
#3204 = CARTESIAN_POINT('',(21.8,41.5,8.1));
#3205 = VECTOR('',#3206,1.);
#3206 = DIRECTION('',(0.,0.,-1.));
#3207 = ORIENTED_EDGE('',*,*,#2749,.F.);
#3208 = ORIENTED_EDGE('',*,*,#3209,.F.);
#3209 = EDGE_CURVE('',#2420,#2750,#3210,.T.);
#3210 = LINE('',#3211,#3212);
#3211 = CARTESIAN_POINT('',(23.5,41.5,6.4));
#3212 = VECTOR('',#3213,1.);
#3213 = DIRECTION('',(0.,0.,1.));
#3214 = PLANE('',#3215);
#3215 = AXIS2_PLACEMENT_3D('',#3216,#3217,#3218);
#3216 = CARTESIAN_POINT('',(-2.5,41.5,6.4));
#3217 = DIRECTION('',(0.,1.,0.));
#3218 = DIRECTION('',(0.,0.,1.));
#3219 = ADVANCED_FACE('',(#3220),#3231,.F.);
#3220 = FACE_BOUND('',#3221,.T.);
#3221 = EDGE_LOOP('',(#3222,#3223,#3224,#3230));
#3222 = ORIENTED_EDGE('',*,*,#3209,.F.);
#3223 = ORIENTED_EDGE('',*,*,#2419,.F.);
#3224 = ORIENTED_EDGE('',*,*,#3225,.T.);
#3225 = EDGE_CURVE('',#2412,#2758,#3226,.T.);
#3226 = LINE('',#3227,#3228);
#3227 = CARTESIAN_POINT('',(26.5,38.5,6.4));
#3228 = VECTOR('',#3229,1.);
#3229 = DIRECTION('',(0.,0.,1.));
#3230 = ORIENTED_EDGE('',*,*,#2757,.F.);
#3231 = CYLINDRICAL_SURFACE('',#3232,3.);
#3232 = AXIS2_PLACEMENT_3D('',#3233,#3234,#3235);
#3233 = CARTESIAN_POINT('',(23.5,38.5,6.4));
#3234 = DIRECTION('',(-0.,-0.,-1.));
#3235 = DIRECTION('',(1.,0.,0.));
#3236 = ADVANCED_FACE('',(#3237),#3248,.F.);
#3237 = FACE_BOUND('',#3238,.F.);
#3238 = EDGE_LOOP('',(#3239,#3245,#3246,#3247));
#3239 = ORIENTED_EDGE('',*,*,#3240,.F.);
#3240 = EDGE_CURVE('',#2403,#2767,#3241,.T.);
#3241 = LINE('',#3242,#3243);
#3242 = CARTESIAN_POINT('',(26.5,7.5,6.4));
#3243 = VECTOR('',#3244,1.);
#3244 = DIRECTION('',(0.,0.,1.));
#3245 = ORIENTED_EDGE('',*,*,#2411,.T.);
#3246 = ORIENTED_EDGE('',*,*,#3225,.T.);
#3247 = ORIENTED_EDGE('',*,*,#2766,.F.);
#3248 = PLANE('',#3249);
#3249 = AXIS2_PLACEMENT_3D('',#3250,#3251,#3252);
#3250 = CARTESIAN_POINT('',(26.5,7.5,6.4));
#3251 = DIRECTION('',(1.,0.,0.));
#3252 = DIRECTION('',(0.,0.,1.));
#3253 = ADVANCED_FACE('',(#3254),#3265,.F.);
#3254 = FACE_BOUND('',#3255,.T.);
#3255 = EDGE_LOOP('',(#3256,#3257,#3258,#3259));
#3256 = ORIENTED_EDGE('',*,*,#2774,.F.);
#3257 = ORIENTED_EDGE('',*,*,#3240,.F.);
#3258 = ORIENTED_EDGE('',*,*,#2402,.F.);
#3259 = ORIENTED_EDGE('',*,*,#3260,.T.);
#3260 = EDGE_CURVE('',#2395,#2775,#3261,.T.);
#3261 = LINE('',#3262,#3263);
#3262 = CARTESIAN_POINT('',(23.5,4.5,6.4));
#3263 = VECTOR('',#3264,1.);
#3264 = DIRECTION('',(0.,0.,1.));
#3265 = CYLINDRICAL_SURFACE('',#3266,3.);
#3266 = AXIS2_PLACEMENT_3D('',#3267,#3268,#3269);
#3267 = CARTESIAN_POINT('',(23.5,7.5,6.4));
#3268 = DIRECTION('',(-0.,-0.,-1.));
#3269 = DIRECTION('',(1.,0.,0.));
#3270 = ADVANCED_FACE('',(#3271),#3277,.T.);
#3271 = FACE_BOUND('',#3272,.T.);
#3272 = EDGE_LOOP('',(#3273,#3274,#3275,#3276));
#3273 = ORIENTED_EDGE('',*,*,#2394,.F.);
#3274 = ORIENTED_EDGE('',*,*,#2655,.T.);
#3275 = ORIENTED_EDGE('',*,*,#2783,.F.);
#3276 = ORIENTED_EDGE('',*,*,#3260,.F.);
#3277 = PLANE('',#3278);
#3278 = AXIS2_PLACEMENT_3D('',#3279,#3280,#3281);
#3279 = CARTESIAN_POINT('',(-2.5,4.5,6.4));
#3280 = DIRECTION('',(0.,1.,0.));
#3281 = DIRECTION('',(0.,0.,1.));
#3282 = ADVANCED_FACE('',(#3283),#3308,.F.);
#3283 = FACE_BOUND('',#3284,.F.);
#3284 = EDGE_LOOP('',(#3285,#3293,#3294,#3302));
#3285 = ORIENTED_EDGE('',*,*,#3286,.F.);
#3286 = EDGE_CURVE('',#2480,#3287,#3289,.T.);
#3287 = VERTEX_POINT('',#3288);
#3288 = CARTESIAN_POINT('',(14.,7.4,13.5));
#3289 = LINE('',#3290,#3291);
#3290 = CARTESIAN_POINT('',(14.,7.4,7.9));
#3291 = VECTOR('',#3292,1.);
#3292 = DIRECTION('',(0.,0.,1.));
#3293 = ORIENTED_EDGE('',*,*,#2479,.T.);
#3294 = ORIENTED_EDGE('',*,*,#3295,.T.);
#3295 = EDGE_CURVE('',#2482,#3296,#3298,.T.);
#3296 = VERTEX_POINT('',#3297);
#3297 = CARTESIAN_POINT('',(8.,7.4,13.5));
#3298 = LINE('',#3299,#3300);
#3299 = CARTESIAN_POINT('',(8.,7.4,7.9));
#3300 = VECTOR('',#3301,1.);
#3301 = DIRECTION('',(0.,0.,1.));
#3302 = ORIENTED_EDGE('',*,*,#3303,.T.);
#3303 = EDGE_CURVE('',#3296,#3287,#3304,.T.);
#3304 = LINE('',#3305,#3306);
#3305 = CARTESIAN_POINT('',(8.,7.4,13.5));
#3306 = VECTOR('',#3307,1.);
#3307 = DIRECTION('',(1.,0.,0.));
#3308 = PLANE('',#3309);
#3309 = AXIS2_PLACEMENT_3D('',#3310,#3311,#3312);
#3310 = CARTESIAN_POINT('',(8.,7.4,7.9));
#3311 = DIRECTION('',(0.,1.,0.));
#3312 = DIRECTION('',(0.,0.,1.));
#3313 = ADVANCED_FACE('',(#3314),#3332,.T.);
#3314 = FACE_BOUND('',#3315,.T.);
#3315 = EDGE_LOOP('',(#3316,#3317,#3318,#3326));
#3316 = ORIENTED_EDGE('',*,*,#3286,.F.);
#3317 = ORIENTED_EDGE('',*,*,#2505,.T.);
#3318 = ORIENTED_EDGE('',*,*,#3319,.T.);
#3319 = EDGE_CURVE('',#2498,#3320,#3322,.T.);
#3320 = VERTEX_POINT('',#3321);
#3321 = CARTESIAN_POINT('',(14.,8.75,13.5));
#3322 = LINE('',#3323,#3324);
#3323 = CARTESIAN_POINT('',(14.,8.75,7.9));
#3324 = VECTOR('',#3325,1.);
#3325 = DIRECTION('',(0.,0.,1.));
#3326 = ORIENTED_EDGE('',*,*,#3327,.F.);
#3327 = EDGE_CURVE('',#3287,#3320,#3328,.T.);
#3328 = LINE('',#3329,#3330);
#3329 = CARTESIAN_POINT('',(14.,7.4,13.5));
#3330 = VECTOR('',#3331,1.);
#3331 = DIRECTION('',(0.,1.,0.));
#3332 = PLANE('',#3333);
#3333 = AXIS2_PLACEMENT_3D('',#3334,#3335,#3336);
#3334 = CARTESIAN_POINT('',(14.,7.4,7.9));
#3335 = DIRECTION('',(1.,0.,0.));
#3336 = DIRECTION('',(0.,0.,1.));
#3337 = ADVANCED_FACE('',(#3338),#3356,.T.);
#3338 = FACE_BOUND('',#3339,.T.);
#3339 = EDGE_LOOP('',(#3340,#3341,#3342,#3350));
#3340 = ORIENTED_EDGE('',*,*,#3319,.F.);
#3341 = ORIENTED_EDGE('',*,*,#2497,.T.);
#3342 = ORIENTED_EDGE('',*,*,#3343,.T.);
#3343 = EDGE_CURVE('',#2490,#3344,#3346,.T.);
#3344 = VERTEX_POINT('',#3345);
#3345 = CARTESIAN_POINT('',(8.,8.75,13.5));
#3346 = LINE('',#3347,#3348);
#3347 = CARTESIAN_POINT('',(8.,8.75,7.9));
#3348 = VECTOR('',#3349,1.);
#3349 = DIRECTION('',(0.,0.,1.));
#3350 = ORIENTED_EDGE('',*,*,#3351,.T.);
#3351 = EDGE_CURVE('',#3344,#3320,#3352,.T.);
#3352 = LINE('',#3353,#3354);
#3353 = CARTESIAN_POINT('',(8.,8.75,13.5));
#3354 = VECTOR('',#3355,1.);
#3355 = DIRECTION('',(1.,0.,0.));
#3356 = PLANE('',#3357);
#3357 = AXIS2_PLACEMENT_3D('',#3358,#3359,#3360);
#3358 = CARTESIAN_POINT('',(8.,8.75,7.9));
#3359 = DIRECTION('',(0.,1.,0.));
#3360 = DIRECTION('',(0.,0.,1.));
#3361 = ADVANCED_FACE('',(#3362),#3373,.F.);
#3362 = FACE_BOUND('',#3363,.F.);
#3363 = EDGE_LOOP('',(#3364,#3365,#3366,#3367));
#3364 = ORIENTED_EDGE('',*,*,#3295,.F.);
#3365 = ORIENTED_EDGE('',*,*,#2489,.T.);
#3366 = ORIENTED_EDGE('',*,*,#3343,.T.);
#3367 = ORIENTED_EDGE('',*,*,#3368,.F.);
#3368 = EDGE_CURVE('',#3296,#3344,#3369,.T.);
#3369 = LINE('',#3370,#3371);
#3370 = CARTESIAN_POINT('',(8.,7.4,13.5));
#3371 = VECTOR('',#3372,1.);
#3372 = DIRECTION('',(0.,1.,0.));
#3373 = PLANE('',#3374);
#3374 = AXIS2_PLACEMENT_3D('',#3375,#3376,#3377);
#3375 = CARTESIAN_POINT('',(8.,7.4,7.9));
#3376 = DIRECTION('',(1.,0.,0.));
#3377 = DIRECTION('',(0.,0.,1.));
#3378 = ADVANCED_FACE('',(#3379),#3420,.T.);
#3379 = FACE_BOUND('',#3380,.T.);
#3380 = EDGE_LOOP('',(#3381,#3382,#3390,#3398,#3406,#3414));
#3381 = ORIENTED_EDGE('',*,*,#2513,.F.);
#3382 = ORIENTED_EDGE('',*,*,#3383,.T.);
#3383 = EDGE_CURVE('',#2514,#3384,#3386,.T.);
#3384 = VERTEX_POINT('',#3385);
#3385 = CARTESIAN_POINT('',(26.3,9.2,10.4));
#3386 = LINE('',#3387,#3388);
#3387 = CARTESIAN_POINT('',(26.3,9.2,7.9));
#3388 = VECTOR('',#3389,1.);
#3389 = DIRECTION('',(0.,0.,1.));
#3390 = ORIENTED_EDGE('',*,*,#3391,.F.);
#3391 = EDGE_CURVE('',#3392,#3384,#3394,.T.);
#3392 = VERTEX_POINT('',#3393);
#3393 = CARTESIAN_POINT('',(25.12,9.2,10.4));
#3394 = LINE('',#3395,#3396);
#3395 = CARTESIAN_POINT('',(17.3,9.2,10.4));
#3396 = VECTOR('',#3397,1.);
#3397 = DIRECTION('',(1.,0.,0.));
#3398 = ORIENTED_EDGE('',*,*,#3399,.T.);
#3399 = EDGE_CURVE('',#3392,#3400,#3402,.T.);
#3400 = VERTEX_POINT('',#3401);
#3401 = CARTESIAN_POINT('',(25.12,9.2,12.2));
#3402 = LINE('',#3403,#3404);
#3403 = CARTESIAN_POINT('',(25.12,9.2,9.145));
#3404 = VECTOR('',#3405,1.);
#3405 = DIRECTION('',(0.,0.,1.));
#3406 = ORIENTED_EDGE('',*,*,#3407,.F.);
#3407 = EDGE_CURVE('',#3408,#3400,#3410,.T.);
#3408 = VERTEX_POINT('',#3409);
#3409 = CARTESIAN_POINT('',(24.1,9.2,12.2));
#3410 = LINE('',#3411,#3412);
#3411 = CARTESIAN_POINT('',(24.1,9.2,12.2));
#3412 = VECTOR('',#3413,1.);
#3413 = DIRECTION('',(1.,0.,0.));
#3414 = ORIENTED_EDGE('',*,*,#3415,.F.);
#3415 = EDGE_CURVE('',#2516,#3408,#3416,.T.);
#3416 = LINE('',#3417,#3418);
#3417 = CARTESIAN_POINT('',(24.1,9.2,7.9));
#3418 = VECTOR('',#3419,1.);
#3419 = DIRECTION('',(0.,0.,1.));
#3420 = PLANE('',#3421);
#3421 = AXIS2_PLACEMENT_3D('',#3422,#3423,#3424);
#3422 = CARTESIAN_POINT('',(25.0340625,9.2,9.9340625));
#3423 = DIRECTION('',(-0.,-1.,-0.));
#3424 = DIRECTION('',(0.,0.,-1.));
#3425 = ADVANCED_FACE('',(#3426),#3444,.T.);
#3426 = FACE_BOUND('',#3427,.T.);
#3427 = EDGE_LOOP('',(#3428,#3429,#3430,#3438));
#3428 = ORIENTED_EDGE('',*,*,#3383,.F.);
#3429 = ORIENTED_EDGE('',*,*,#2539,.T.);
#3430 = ORIENTED_EDGE('',*,*,#3431,.T.);
#3431 = EDGE_CURVE('',#2532,#3432,#3434,.T.);
#3432 = VERTEX_POINT('',#3433);
#3433 = CARTESIAN_POINT('',(26.3,11.2,10.4));
#3434 = LINE('',#3435,#3436);
#3435 = CARTESIAN_POINT('',(26.3,11.2,7.9));
#3436 = VECTOR('',#3437,1.);
#3437 = DIRECTION('',(0.,0.,1.));
#3438 = ORIENTED_EDGE('',*,*,#3439,.T.);
#3439 = EDGE_CURVE('',#3432,#3384,#3440,.T.);
#3440 = LINE('',#3441,#3442);
#3441 = CARTESIAN_POINT('',(26.3,16.1,10.4));
#3442 = VECTOR('',#3443,1.);
#3443 = DIRECTION('',(0.,-1.,0.));
#3444 = PLANE('',#3445);
#3445 = AXIS2_PLACEMENT_3D('',#3446,#3447,#3448);
#3446 = CARTESIAN_POINT('',(26.3,9.2,7.9));
#3447 = DIRECTION('',(1.,0.,0.));
#3448 = DIRECTION('',(0.,0.,1.));
#3449 = ADVANCED_FACE('',(#3450),#3484,.T.);
#3450 = FACE_BOUND('',#3451,.T.);
#3451 = EDGE_LOOP('',(#3452,#3453,#3461,#3469,#3477,#3483));
#3452 = ORIENTED_EDGE('',*,*,#2531,.T.);
#3453 = ORIENTED_EDGE('',*,*,#3454,.T.);
#3454 = EDGE_CURVE('',#2524,#3455,#3457,.T.);
#3455 = VERTEX_POINT('',#3456);
#3456 = CARTESIAN_POINT('',(24.1,11.2,12.2));
#3457 = LINE('',#3458,#3459);
#3458 = CARTESIAN_POINT('',(24.1,11.2,7.9));
#3459 = VECTOR('',#3460,1.);
#3460 = DIRECTION('',(0.,0.,1.));
#3461 = ORIENTED_EDGE('',*,*,#3462,.T.);
#3462 = EDGE_CURVE('',#3455,#3463,#3465,.T.);
#3463 = VERTEX_POINT('',#3464);
#3464 = CARTESIAN_POINT('',(25.12,11.2,12.2));
#3465 = LINE('',#3466,#3467);
#3466 = CARTESIAN_POINT('',(24.1,11.2,12.2));
#3467 = VECTOR('',#3468,1.);
#3468 = DIRECTION('',(1.,0.,0.));
#3469 = ORIENTED_EDGE('',*,*,#3470,.F.);
#3470 = EDGE_CURVE('',#3471,#3463,#3473,.T.);
#3471 = VERTEX_POINT('',#3472);
#3472 = CARTESIAN_POINT('',(25.12,11.2,10.4));
#3473 = LINE('',#3474,#3475);
#3474 = CARTESIAN_POINT('',(25.12,11.2,9.145));
#3475 = VECTOR('',#3476,1.);
#3476 = DIRECTION('',(0.,0.,1.));
#3477 = ORIENTED_EDGE('',*,*,#3478,.T.);
#3478 = EDGE_CURVE('',#3471,#3432,#3479,.T.);
#3479 = LINE('',#3480,#3481);
#3480 = CARTESIAN_POINT('',(17.875,11.2,10.4));
#3481 = VECTOR('',#3482,1.);
#3482 = DIRECTION('',(1.,0.,0.));
#3483 = ORIENTED_EDGE('',*,*,#3431,.F.);
#3484 = PLANE('',#3485);
#3485 = AXIS2_PLACEMENT_3D('',#3486,#3487,#3488);
#3486 = CARTESIAN_POINT('',(25.0340625,11.2,9.9340625));
#3487 = DIRECTION('',(0.,1.,0.));
#3488 = DIRECTION('',(0.,0.,1.));
#3489 = ADVANCED_FACE('',(#3490),#3501,.F.);
#3490 = FACE_BOUND('',#3491,.F.);
#3491 = EDGE_LOOP('',(#3492,#3493,#3494,#3495));
#3492 = ORIENTED_EDGE('',*,*,#3415,.F.);
#3493 = ORIENTED_EDGE('',*,*,#2523,.T.);
#3494 = ORIENTED_EDGE('',*,*,#3454,.T.);
#3495 = ORIENTED_EDGE('',*,*,#3496,.F.);
#3496 = EDGE_CURVE('',#3408,#3455,#3497,.T.);
#3497 = LINE('',#3498,#3499);
#3498 = CARTESIAN_POINT('',(24.1,9.2,12.2));
#3499 = VECTOR('',#3500,1.);
#3500 = DIRECTION('',(0.,1.,0.));
#3501 = PLANE('',#3502);
#3502 = AXIS2_PLACEMENT_3D('',#3503,#3504,#3505);
#3503 = CARTESIAN_POINT('',(24.1,9.2,7.9));
#3504 = DIRECTION('',(1.,0.,0.));
#3505 = DIRECTION('',(0.,0.,1.));
#3506 = ADVANCED_FACE('',(#3507),#3548,.T.);
#3507 = FACE_BOUND('',#3508,.T.);
#3508 = EDGE_LOOP('',(#3509,#3510,#3518,#3526,#3534,#3542));
#3509 = ORIENTED_EDGE('',*,*,#2547,.F.);
#3510 = ORIENTED_EDGE('',*,*,#3511,.T.);
#3511 = EDGE_CURVE('',#2548,#3512,#3514,.T.);
#3512 = VERTEX_POINT('',#3513);
#3513 = CARTESIAN_POINT('',(0.7,36.5,12.2));
#3514 = LINE('',#3515,#3516);
#3515 = CARTESIAN_POINT('',(0.7,36.5,7.9));
#3516 = VECTOR('',#3517,1.);
#3517 = DIRECTION('',(0.,0.,1.));
#3518 = ORIENTED_EDGE('',*,*,#3519,.F.);
#3519 = EDGE_CURVE('',#3520,#3512,#3522,.T.);
#3520 = VERTEX_POINT('',#3521);
#3521 = CARTESIAN_POINT('',(-0.25,36.5,12.2));
#3522 = LINE('',#3523,#3524);
#3523 = CARTESIAN_POINT('',(-0.5,36.5,12.2));
#3524 = VECTOR('',#3525,1.);
#3525 = DIRECTION('',(1.,0.,0.));
#3526 = ORIENTED_EDGE('',*,*,#3527,.T.);
#3527 = EDGE_CURVE('',#3520,#3528,#3530,.T.);
#3528 = VERTEX_POINT('',#3529);
#3529 = CARTESIAN_POINT('',(-0.25,36.5,13.5));
#3530 = LINE('',#3531,#3532);
#3531 = CARTESIAN_POINT('',(-0.25,36.5,7.9));
#3532 = VECTOR('',#3533,1.);
#3533 = DIRECTION('',(0.,0.,1.));
#3534 = ORIENTED_EDGE('',*,*,#3535,.F.);
#3535 = EDGE_CURVE('',#3536,#3528,#3538,.T.);
#3536 = VERTEX_POINT('',#3537);
#3537 = CARTESIAN_POINT('',(-1.3,36.5,13.5));
#3538 = LINE('',#3539,#3540);
#3539 = CARTESIAN_POINT('',(-1.3,36.5,13.5));
#3540 = VECTOR('',#3541,1.);
#3541 = DIRECTION('',(1.,0.,0.));
#3542 = ORIENTED_EDGE('',*,*,#3543,.F.);
#3543 = EDGE_CURVE('',#2550,#3536,#3544,.T.);
#3544 = LINE('',#3545,#3546);
#3545 = CARTESIAN_POINT('',(-1.3,36.5,7.9));
#3546 = VECTOR('',#3547,1.);
#3547 = DIRECTION('',(0.,0.,1.));
#3548 = PLANE('',#3549);
#3549 = AXIS2_PLACEMENT_3D('',#3550,#3551,#3552);
#3550 = CARTESIAN_POINT('',(-0.382333333333,36.5,10.667666666667));
#3551 = DIRECTION('',(-0.,-1.,-0.));
#3552 = DIRECTION('',(0.,0.,-1.));
#3553 = ADVANCED_FACE('',(#3554),#3572,.T.);
#3554 = FACE_BOUND('',#3555,.T.);
#3555 = EDGE_LOOP('',(#3556,#3557,#3558,#3566));
#3556 = ORIENTED_EDGE('',*,*,#3511,.F.);
#3557 = ORIENTED_EDGE('',*,*,#2573,.T.);
#3558 = ORIENTED_EDGE('',*,*,#3559,.T.);
#3559 = EDGE_CURVE('',#2566,#3560,#3562,.T.);
#3560 = VERTEX_POINT('',#3561);
#3561 = CARTESIAN_POINT('',(0.7,38.5,12.2));
#3562 = LINE('',#3563,#3564);
#3563 = CARTESIAN_POINT('',(0.7,38.5,7.9));
#3564 = VECTOR('',#3565,1.);
#3565 = DIRECTION('',(0.,0.,1.));
#3566 = ORIENTED_EDGE('',*,*,#3567,.F.);
#3567 = EDGE_CURVE('',#3512,#3560,#3568,.T.);
#3568 = LINE('',#3569,#3570);
#3569 = CARTESIAN_POINT('',(0.7,36.5,12.2));
#3570 = VECTOR('',#3571,1.);
#3571 = DIRECTION('',(0.,1.,0.));
#3572 = PLANE('',#3573);
#3573 = AXIS2_PLACEMENT_3D('',#3574,#3575,#3576);
#3574 = CARTESIAN_POINT('',(0.7,36.5,7.9));
#3575 = DIRECTION('',(1.,0.,0.));
#3576 = DIRECTION('',(0.,0.,1.));
#3577 = ADVANCED_FACE('',(#3578),#3612,.T.);
#3578 = FACE_BOUND('',#3579,.T.);
#3579 = EDGE_LOOP('',(#3580,#3581,#3589,#3597,#3605,#3611));
#3580 = ORIENTED_EDGE('',*,*,#2565,.T.);
#3581 = ORIENTED_EDGE('',*,*,#3582,.T.);
#3582 = EDGE_CURVE('',#2558,#3583,#3585,.T.);
#3583 = VERTEX_POINT('',#3584);
#3584 = CARTESIAN_POINT('',(-1.3,38.5,13.5));
#3585 = LINE('',#3586,#3587);
#3586 = CARTESIAN_POINT('',(-1.3,38.5,7.9));
#3587 = VECTOR('',#3588,1.);
#3588 = DIRECTION('',(0.,0.,1.));
#3589 = ORIENTED_EDGE('',*,*,#3590,.T.);
#3590 = EDGE_CURVE('',#3583,#3591,#3593,.T.);
#3591 = VERTEX_POINT('',#3592);
#3592 = CARTESIAN_POINT('',(-0.25,38.5,13.5));
#3593 = LINE('',#3594,#3595);
#3594 = CARTESIAN_POINT('',(-1.3,38.5,13.5));
#3595 = VECTOR('',#3596,1.);
#3596 = DIRECTION('',(1.,0.,0.));
#3597 = ORIENTED_EDGE('',*,*,#3598,.F.);
#3598 = EDGE_CURVE('',#3599,#3591,#3601,.T.);
#3599 = VERTEX_POINT('',#3600);
#3600 = CARTESIAN_POINT('',(-0.25,38.5,12.2));
#3601 = LINE('',#3602,#3603);
#3602 = CARTESIAN_POINT('',(-0.25,38.5,7.9));
#3603 = VECTOR('',#3604,1.);
#3604 = DIRECTION('',(0.,0.,1.));
#3605 = ORIENTED_EDGE('',*,*,#3606,.T.);
#3606 = EDGE_CURVE('',#3599,#3560,#3607,.T.);
#3607 = LINE('',#3608,#3609);
#3608 = CARTESIAN_POINT('',(-0.5,38.5,12.2));
#3609 = VECTOR('',#3610,1.);
#3610 = DIRECTION('',(1.,0.,0.));
#3611 = ORIENTED_EDGE('',*,*,#3559,.F.);
#3612 = PLANE('',#3613);
#3613 = AXIS2_PLACEMENT_3D('',#3614,#3615,#3616);
#3614 = CARTESIAN_POINT('',(-0.382333333333,38.5,10.667666666667));
#3615 = DIRECTION('',(0.,1.,0.));
#3616 = DIRECTION('',(0.,0.,1.));
#3617 = ADVANCED_FACE('',(#3618),#3629,.F.);
#3618 = FACE_BOUND('',#3619,.F.);
#3619 = EDGE_LOOP('',(#3620,#3621,#3622,#3623));
#3620 = ORIENTED_EDGE('',*,*,#3543,.F.);
#3621 = ORIENTED_EDGE('',*,*,#2557,.T.);
#3622 = ORIENTED_EDGE('',*,*,#3582,.T.);
#3623 = ORIENTED_EDGE('',*,*,#3624,.F.);
#3624 = EDGE_CURVE('',#3536,#3583,#3625,.T.);
#3625 = LINE('',#3626,#3627);
#3626 = CARTESIAN_POINT('',(-1.3,36.5,13.5));
#3627 = VECTOR('',#3628,1.);
#3628 = DIRECTION('',(0.,1.,0.));
#3629 = PLANE('',#3630);
#3630 = AXIS2_PLACEMENT_3D('',#3631,#3632,#3633);
#3631 = CARTESIAN_POINT('',(-1.3,36.5,7.9));
#3632 = DIRECTION('',(1.,0.,0.));
#3633 = DIRECTION('',(0.,0.,1.));
#3634 = ADVANCED_FACE('',(#3635),#3660,.F.);
#3635 = FACE_BOUND('',#3636,.F.);
#3636 = EDGE_LOOP('',(#3637,#3645,#3646,#3654));
#3637 = ORIENTED_EDGE('',*,*,#3638,.F.);
#3638 = EDGE_CURVE('',#2582,#3639,#3641,.T.);
#3639 = VERTEX_POINT('',#3640);
#3640 = CARTESIAN_POINT('',(5.,39.25,13.5));
#3641 = LINE('',#3642,#3643);
#3642 = CARTESIAN_POINT('',(5.,39.25,7.9));
#3643 = VECTOR('',#3644,1.);
#3644 = DIRECTION('',(0.,0.,1.));
#3645 = ORIENTED_EDGE('',*,*,#2581,.T.);
#3646 = ORIENTED_EDGE('',*,*,#3647,.T.);
#3647 = EDGE_CURVE('',#2584,#3648,#3650,.T.);
#3648 = VERTEX_POINT('',#3649);
#3649 = CARTESIAN_POINT('',(1.,39.25,13.5));
#3650 = LINE('',#3651,#3652);
#3651 = CARTESIAN_POINT('',(1.,39.25,7.9));
#3652 = VECTOR('',#3653,1.);
#3653 = DIRECTION('',(0.,0.,1.));
#3654 = ORIENTED_EDGE('',*,*,#3655,.T.);
#3655 = EDGE_CURVE('',#3648,#3639,#3656,.T.);
#3656 = LINE('',#3657,#3658);
#3657 = CARTESIAN_POINT('',(1.,39.25,13.5));
#3658 = VECTOR('',#3659,1.);
#3659 = DIRECTION('',(1.,0.,0.));
#3660 = PLANE('',#3661);
#3661 = AXIS2_PLACEMENT_3D('',#3662,#3663,#3664);
#3662 = CARTESIAN_POINT('',(1.,39.25,7.9));
#3663 = DIRECTION('',(0.,1.,0.));
#3664 = DIRECTION('',(0.,0.,1.));
#3665 = ADVANCED_FACE('',(#3666),#3716,.T.);
#3666 = FACE_BOUND('',#3667,.T.);
#3667 = EDGE_LOOP('',(#3668,#3669,#3670,#3678,#3686,#3694,#3702,#3710));
#3668 = ORIENTED_EDGE('',*,*,#3638,.F.);
#3669 = ORIENTED_EDGE('',*,*,#2607,.T.);
#3670 = ORIENTED_EDGE('',*,*,#3671,.T.);
#3671 = EDGE_CURVE('',#2600,#3672,#3674,.T.);
#3672 = VERTEX_POINT('',#3673);
#3673 = CARTESIAN_POINT('',(5.,40.45,10.4));
#3674 = LINE('',#3675,#3676);
#3675 = CARTESIAN_POINT('',(5.,40.45,7.9));
#3676 = VECTOR('',#3677,1.);
#3677 = DIRECTION('',(0.,0.,1.));
#3678 = ORIENTED_EDGE('',*,*,#3679,.T.);
#3679 = EDGE_CURVE('',#3672,#3680,#3682,.T.);
#3680 = VERTEX_POINT('',#3681);
#3681 = CARTESIAN_POINT('',(5.,40.12,10.4));
#3682 = LINE('',#3683,#3684);
#3683 = CARTESIAN_POINT('',(5.,31.125,10.4));
#3684 = VECTOR('',#3685,1.);
#3685 = DIRECTION('',(0.,-1.,0.));
#3686 = ORIENTED_EDGE('',*,*,#3687,.F.);
#3687 = EDGE_CURVE('',#3688,#3680,#3690,.T.);
#3688 = VERTEX_POINT('',#3689);
#3689 = CARTESIAN_POINT('',(5.,40.12,13.));
#3690 = LINE('',#3691,#3692);
#3691 = CARTESIAN_POINT('',(5.,40.12,9.145));
#3692 = VECTOR('',#3693,1.);
#3693 = DIRECTION('',(0.,0.,-1.));
#3694 = ORIENTED_EDGE('',*,*,#3695,.T.);
#3695 = EDGE_CURVE('',#3688,#3696,#3698,.T.);
#3696 = VERTEX_POINT('',#3697);
#3697 = CARTESIAN_POINT('',(5.,40.45,13.));
#3698 = LINE('',#3699,#3700);
#3699 = CARTESIAN_POINT('',(5.,31.125,13.));
#3700 = VECTOR('',#3701,1.);
#3701 = DIRECTION('',(0.,1.,0.));
#3702 = ORIENTED_EDGE('',*,*,#3703,.T.);
#3703 = EDGE_CURVE('',#3696,#3704,#3706,.T.);
#3704 = VERTEX_POINT('',#3705);
#3705 = CARTESIAN_POINT('',(5.,40.45,13.5));
#3706 = LINE('',#3707,#3708);
#3707 = CARTESIAN_POINT('',(5.,40.45,7.9));
#3708 = VECTOR('',#3709,1.);
#3709 = DIRECTION('',(0.,0.,1.));
#3710 = ORIENTED_EDGE('',*,*,#3711,.F.);
#3711 = EDGE_CURVE('',#3639,#3704,#3712,.T.);
#3712 = LINE('',#3713,#3714);
#3713 = CARTESIAN_POINT('',(5.,39.25,13.5));
#3714 = VECTOR('',#3715,1.);
#3715 = DIRECTION('',(0.,1.,0.));
#3716 = PLANE('',#3717);
#3717 = AXIS2_PLACEMENT_3D('',#3718,#3719,#3720);
#3718 = CARTESIAN_POINT('',(5.,39.25,7.9));
#3719 = DIRECTION('',(1.,0.,0.));
#3720 = DIRECTION('',(0.,0.,1.));
#3721 = ADVANCED_FACE('',(#3722),#3740,.T.);
#3722 = FACE_BOUND('',#3723,.T.);
#3723 = EDGE_LOOP('',(#3724,#3725,#3726,#3734));
#3724 = ORIENTED_EDGE('',*,*,#3671,.F.);
#3725 = ORIENTED_EDGE('',*,*,#2599,.T.);
#3726 = ORIENTED_EDGE('',*,*,#3727,.T.);
#3727 = EDGE_CURVE('',#2592,#3728,#3730,.T.);
#3728 = VERTEX_POINT('',#3729);
#3729 = CARTESIAN_POINT('',(1.,40.45,10.4));
#3730 = LINE('',#3731,#3732);
#3731 = CARTESIAN_POINT('',(1.,40.45,7.9));
#3732 = VECTOR('',#3733,1.);
#3733 = DIRECTION('',(0.,0.,1.));
#3734 = ORIENTED_EDGE('',*,*,#3735,.T.);
#3735 = EDGE_CURVE('',#3728,#3672,#3736,.T.);
#3736 = LINE('',#3737,#3738);
#3737 = CARTESIAN_POINT('',(5.75,40.45,10.4));
#3738 = VECTOR('',#3739,1.);
#3739 = DIRECTION('',(1.,0.,0.));
#3740 = PLANE('',#3741);
#3741 = AXIS2_PLACEMENT_3D('',#3742,#3743,#3744);
#3742 = CARTESIAN_POINT('',(1.,40.45,7.9));
#3743 = DIRECTION('',(0.,1.,0.));
#3744 = DIRECTION('',(0.,0.,1.));
#3745 = ADVANCED_FACE('',(#3746),#3789,.F.);
#3746 = FACE_BOUND('',#3747,.F.);
#3747 = EDGE_LOOP('',(#3748,#3749,#3750,#3751,#3759,#3767,#3775,#3783));
#3748 = ORIENTED_EDGE('',*,*,#3647,.F.);
#3749 = ORIENTED_EDGE('',*,*,#2591,.T.);
#3750 = ORIENTED_EDGE('',*,*,#3727,.T.);
#3751 = ORIENTED_EDGE('',*,*,#3752,.T.);
#3752 = EDGE_CURVE('',#3728,#3753,#3755,.T.);
#3753 = VERTEX_POINT('',#3754);
#3754 = CARTESIAN_POINT('',(1.,40.12,10.4));
#3755 = LINE('',#3756,#3757);
#3756 = CARTESIAN_POINT('',(1.,31.125,10.4));
#3757 = VECTOR('',#3758,1.);
#3758 = DIRECTION('',(0.,-1.,0.));
#3759 = ORIENTED_EDGE('',*,*,#3760,.F.);
#3760 = EDGE_CURVE('',#3761,#3753,#3763,.T.);
#3761 = VERTEX_POINT('',#3762);
#3762 = CARTESIAN_POINT('',(1.,40.12,13.));
#3763 = LINE('',#3764,#3765);
#3764 = CARTESIAN_POINT('',(1.,40.12,9.145));
#3765 = VECTOR('',#3766,1.);
#3766 = DIRECTION('',(0.,0.,-1.));
#3767 = ORIENTED_EDGE('',*,*,#3768,.T.);
#3768 = EDGE_CURVE('',#3761,#3769,#3771,.T.);
#3769 = VERTEX_POINT('',#3770);
#3770 = CARTESIAN_POINT('',(1.,40.45,13.));
#3771 = LINE('',#3772,#3773);
#3772 = CARTESIAN_POINT('',(1.,31.125,13.));
#3773 = VECTOR('',#3774,1.);
#3774 = DIRECTION('',(0.,1.,0.));
#3775 = ORIENTED_EDGE('',*,*,#3776,.T.);
#3776 = EDGE_CURVE('',#3769,#3777,#3779,.T.);
#3777 = VERTEX_POINT('',#3778);
#3778 = CARTESIAN_POINT('',(1.,40.45,13.5));
#3779 = LINE('',#3780,#3781);
#3780 = CARTESIAN_POINT('',(1.,40.45,7.9));
#3781 = VECTOR('',#3782,1.);
#3782 = DIRECTION('',(0.,0.,1.));
#3783 = ORIENTED_EDGE('',*,*,#3784,.F.);
#3784 = EDGE_CURVE('',#3648,#3777,#3785,.T.);
#3785 = LINE('',#3786,#3787);
#3786 = CARTESIAN_POINT('',(1.,39.25,13.5));
#3787 = VECTOR('',#3788,1.);
#3788 = DIRECTION('',(0.,1.,0.));
#3789 = PLANE('',#3790);
#3790 = AXIS2_PLACEMENT_3D('',#3791,#3792,#3793);
#3791 = CARTESIAN_POINT('',(1.,39.25,7.9));
#3792 = DIRECTION('',(1.,0.,0.));
#3793 = DIRECTION('',(0.,0.,1.));
#3794 = ADVANCED_FACE('',(#3795),#3836,.T.);
#3795 = FACE_BOUND('',#3796,.T.);
#3796 = EDGE_LOOP('',(#3797,#3798,#3806,#3814,#3822,#3830));
#3797 = ORIENTED_EDGE('',*,*,#2615,.F.);
#3798 = ORIENTED_EDGE('',*,*,#3799,.T.);
#3799 = EDGE_CURVE('',#2616,#3800,#3802,.T.);
#3800 = VERTEX_POINT('',#3801);
#3801 = CARTESIAN_POINT('',(26.3,36.5,10.4));
#3802 = LINE('',#3803,#3804);
#3803 = CARTESIAN_POINT('',(26.3,36.5,7.9));
#3804 = VECTOR('',#3805,1.);
#3805 = DIRECTION('',(0.,0.,1.));
#3806 = ORIENTED_EDGE('',*,*,#3807,.F.);
#3807 = EDGE_CURVE('',#3808,#3800,#3810,.T.);
#3808 = VERTEX_POINT('',#3809);
#3809 = CARTESIAN_POINT('',(25.12,36.5,10.4));
#3810 = LINE('',#3811,#3812);
#3811 = CARTESIAN_POINT('',(17.3,36.5,10.4));
#3812 = VECTOR('',#3813,1.);
#3813 = DIRECTION('',(1.,0.,0.));
#3814 = ORIENTED_EDGE('',*,*,#3815,.T.);
#3815 = EDGE_CURVE('',#3808,#3816,#3818,.T.);
#3816 = VERTEX_POINT('',#3817);
#3817 = CARTESIAN_POINT('',(25.12,36.5,12.2));
#3818 = LINE('',#3819,#3820);
#3819 = CARTESIAN_POINT('',(25.12,36.5,9.145));
#3820 = VECTOR('',#3821,1.);
#3821 = DIRECTION('',(0.,0.,1.));
#3822 = ORIENTED_EDGE('',*,*,#3823,.F.);
#3823 = EDGE_CURVE('',#3824,#3816,#3826,.T.);
#3824 = VERTEX_POINT('',#3825);
#3825 = CARTESIAN_POINT('',(24.1,36.5,12.2));
#3826 = LINE('',#3827,#3828);
#3827 = CARTESIAN_POINT('',(24.1,36.5,12.2));
#3828 = VECTOR('',#3829,1.);
#3829 = DIRECTION('',(1.,0.,0.));
#3830 = ORIENTED_EDGE('',*,*,#3831,.F.);
#3831 = EDGE_CURVE('',#2618,#3824,#3832,.T.);
#3832 = LINE('',#3833,#3834);
#3833 = CARTESIAN_POINT('',(24.1,36.5,7.9));
#3834 = VECTOR('',#3835,1.);
#3835 = DIRECTION('',(0.,0.,1.));
#3836 = PLANE('',#3837);
#3837 = AXIS2_PLACEMENT_3D('',#3838,#3839,#3840);
#3838 = CARTESIAN_POINT('',(25.0340625,36.5,9.9340625));
#3839 = DIRECTION('',(-0.,-1.,-0.));
#3840 = DIRECTION('',(0.,0.,-1.));
#3841 = ADVANCED_FACE('',(#3842),#3860,.T.);
#3842 = FACE_BOUND('',#3843,.T.);
#3843 = EDGE_LOOP('',(#3844,#3845,#3846,#3854));
#3844 = ORIENTED_EDGE('',*,*,#3799,.F.);
#3845 = ORIENTED_EDGE('',*,*,#2641,.T.);
#3846 = ORIENTED_EDGE('',*,*,#3847,.T.);
#3847 = EDGE_CURVE('',#2634,#3848,#3850,.T.);
#3848 = VERTEX_POINT('',#3849);
#3849 = CARTESIAN_POINT('',(26.3,38.5,10.4));
#3850 = LINE('',#3851,#3852);
#3851 = CARTESIAN_POINT('',(26.3,38.5,7.9));
#3852 = VECTOR('',#3853,1.);
#3853 = DIRECTION('',(0.,0.,1.));
#3854 = ORIENTED_EDGE('',*,*,#3855,.T.);
#3855 = EDGE_CURVE('',#3848,#3800,#3856,.T.);
#3856 = LINE('',#3857,#3858);
#3857 = CARTESIAN_POINT('',(26.3,29.75,10.4));
#3858 = VECTOR('',#3859,1.);
#3859 = DIRECTION('',(0.,-1.,0.));
#3860 = PLANE('',#3861);
#3861 = AXIS2_PLACEMENT_3D('',#3862,#3863,#3864);
#3862 = CARTESIAN_POINT('',(26.3,36.5,7.9));
#3863 = DIRECTION('',(1.,0.,0.));
#3864 = DIRECTION('',(0.,0.,1.));
#3865 = ADVANCED_FACE('',(#3866),#3900,.T.);
#3866 = FACE_BOUND('',#3867,.T.);
#3867 = EDGE_LOOP('',(#3868,#3869,#3877,#3885,#3893,#3899));
#3868 = ORIENTED_EDGE('',*,*,#2633,.T.);
#3869 = ORIENTED_EDGE('',*,*,#3870,.T.);
#3870 = EDGE_CURVE('',#2626,#3871,#3873,.T.);
#3871 = VERTEX_POINT('',#3872);
#3872 = CARTESIAN_POINT('',(24.1,38.5,12.2));
#3873 = LINE('',#3874,#3875);
#3874 = CARTESIAN_POINT('',(24.1,38.5,7.9));
#3875 = VECTOR('',#3876,1.);
#3876 = DIRECTION('',(0.,0.,1.));
#3877 = ORIENTED_EDGE('',*,*,#3878,.T.);
#3878 = EDGE_CURVE('',#3871,#3879,#3881,.T.);
#3879 = VERTEX_POINT('',#3880);
#3880 = CARTESIAN_POINT('',(25.12,38.5,12.2));
#3881 = LINE('',#3882,#3883);
#3882 = CARTESIAN_POINT('',(24.1,38.5,12.2));
#3883 = VECTOR('',#3884,1.);
#3884 = DIRECTION('',(1.,0.,0.));
#3885 = ORIENTED_EDGE('',*,*,#3886,.F.);
#3886 = EDGE_CURVE('',#3887,#3879,#3889,.T.);
#3887 = VERTEX_POINT('',#3888);
#3888 = CARTESIAN_POINT('',(25.12,38.5,10.4));
#3889 = LINE('',#3890,#3891);
#3890 = CARTESIAN_POINT('',(25.12,38.5,10.39));
#3891 = VECTOR('',#3892,1.);
#3892 = DIRECTION('',(0.,0.,1.));
#3893 = ORIENTED_EDGE('',*,*,#3894,.T.);
#3894 = EDGE_CURVE('',#3887,#3848,#3895,.T.);
#3895 = LINE('',#3896,#3897);
#3896 = CARTESIAN_POINT('',(17.875,38.5,10.4));
#3897 = VECTOR('',#3898,1.);
#3898 = DIRECTION('',(1.,0.,0.));
#3899 = ORIENTED_EDGE('',*,*,#3847,.F.);
#3900 = PLANE('',#3901);
#3901 = AXIS2_PLACEMENT_3D('',#3902,#3903,#3904);
#3902 = CARTESIAN_POINT('',(25.0340625,38.5,9.9340625));
#3903 = DIRECTION('',(0.,1.,0.));
#3904 = DIRECTION('',(0.,0.,1.));
#3905 = ADVANCED_FACE('',(#3906),#3917,.F.);
#3906 = FACE_BOUND('',#3907,.F.);
#3907 = EDGE_LOOP('',(#3908,#3909,#3910,#3911));
#3908 = ORIENTED_EDGE('',*,*,#3831,.F.);
#3909 = ORIENTED_EDGE('',*,*,#2625,.T.);
#3910 = ORIENTED_EDGE('',*,*,#3870,.T.);
#3911 = ORIENTED_EDGE('',*,*,#3912,.F.);
#3912 = EDGE_CURVE('',#3824,#3871,#3913,.T.);
#3913 = LINE('',#3914,#3915);
#3914 = CARTESIAN_POINT('',(24.1,36.5,12.2));
#3915 = VECTOR('',#3916,1.);
#3916 = DIRECTION('',(0.,1.,0.));
#3917 = PLANE('',#3918);
#3918 = AXIS2_PLACEMENT_3D('',#3919,#3920,#3921);
#3919 = CARTESIAN_POINT('',(24.1,36.5,7.9));
#3920 = DIRECTION('',(1.,0.,0.));
#3921 = DIRECTION('',(0.,0.,1.));
#3922 = ADVANCED_FACE('',(#3923),#3982,.T.);
#3923 = FACE_BOUND('',#3924,.T.);
#3924 = EDGE_LOOP('',(#3925,#3935,#3943,#3951,#3959,#3965,#3966,#3967,
    #3968,#3976));
#3925 = ORIENTED_EDGE('',*,*,#3926,.F.);
#3926 = EDGE_CURVE('',#3927,#3929,#3931,.T.);
#3927 = VERTEX_POINT('',#3928);
#3928 = CARTESIAN_POINT('',(6.6,41.32,10.4));
#3929 = VERTEX_POINT('',#3930);
#3930 = CARTESIAN_POINT('',(6.6,40.4,10.4));
#3931 = LINE('',#3932,#3933);
#3932 = CARTESIAN_POINT('',(6.6,31.7,10.4));
#3933 = VECTOR('',#3934,1.);
#3934 = DIRECTION('',(0.,-1.,0.));
#3935 = ORIENTED_EDGE('',*,*,#3936,.F.);
#3936 = EDGE_CURVE('',#3937,#3927,#3939,.T.);
#3937 = VERTEX_POINT('',#3938);
#3938 = CARTESIAN_POINT('',(6.6,41.32,12.4));
#3939 = LINE('',#3940,#3941);
#3940 = CARTESIAN_POINT('',(6.6,41.32,10.1));
#3941 = VECTOR('',#3942,1.);
#3942 = DIRECTION('',(0.,0.,-1.));
#3943 = ORIENTED_EDGE('',*,*,#3944,.T.);
#3944 = EDGE_CURVE('',#3937,#3945,#3947,.T.);
#3945 = VERTEX_POINT('',#3946);
#3946 = CARTESIAN_POINT('',(6.6,45.4,12.4));
#3947 = LINE('',#3948,#3949);
#3948 = CARTESIAN_POINT('',(6.6,39.4,12.4));
#3949 = VECTOR('',#3950,1.);
#3950 = DIRECTION('',(0.,1.,0.));
#3951 = ORIENTED_EDGE('',*,*,#3952,.F.);
#3952 = EDGE_CURVE('',#3953,#3945,#3955,.T.);
#3953 = VERTEX_POINT('',#3954);
#3954 = CARTESIAN_POINT('',(6.6,45.4,11.6));
#3955 = LINE('',#3956,#3957);
#3956 = CARTESIAN_POINT('',(6.6,45.4,11.6));
#3957 = VECTOR('',#3958,1.);
#3958 = DIRECTION('',(0.,0.,1.));
#3959 = ORIENTED_EDGE('',*,*,#3960,.F.);
#3960 = EDGE_CURVE('',#3061,#3953,#3961,.T.);
#3961 = LINE('',#3962,#3963);
#3962 = CARTESIAN_POINT('',(6.6,39.4,11.6));
#3963 = VECTOR('',#3964,1.);
#3964 = DIRECTION('',(0.,1.,0.));
#3965 = ORIENTED_EDGE('',*,*,#3060,.F.);
#3966 = ORIENTED_EDGE('',*,*,#2808,.F.);
#3967 = ORIENTED_EDGE('',*,*,#3186,.T.);
#3968 = ORIENTED_EDGE('',*,*,#3969,.F.);
#3969 = EDGE_CURVE('',#3970,#3187,#3972,.T.);
#3970 = VERTEX_POINT('',#3971);
#3971 = CARTESIAN_POINT('',(6.6,40.4,9.8));
#3972 = LINE('',#3973,#3974);
#3973 = CARTESIAN_POINT('',(6.6,40.4,9.8));
#3974 = VECTOR('',#3975,1.);
#3975 = DIRECTION('',(0.,1.,0.));
#3976 = ORIENTED_EDGE('',*,*,#3977,.T.);
#3977 = EDGE_CURVE('',#3970,#3929,#3978,.T.);
#3978 = LINE('',#3979,#3980);
#3979 = CARTESIAN_POINT('',(6.6,40.4,9.8));
#3980 = VECTOR('',#3981,1.);
#3981 = DIRECTION('',(0.,0.,1.));
#3982 = PLANE('',#3983);
#3983 = AXIS2_PLACEMENT_3D('',#3984,#3985,#3986);
#3984 = CARTESIAN_POINT('',(6.6,42.617105263158,11.382894736842));
#3985 = DIRECTION('',(-1.,-0.,-0.));
#3986 = DIRECTION('',(0.,0.,-1.));
#3987 = ADVANCED_FACE('',(#3988),#4047,.T.);
#3988 = FACE_BOUND('',#3989,.T.);
#3989 = EDGE_LOOP('',(#3990,#4000,#4008,#4014,#4015,#4016,#4017,#4025,
    #4033,#4041));
#3990 = ORIENTED_EDGE('',*,*,#3991,.T.);
#3991 = EDGE_CURVE('',#3992,#3994,#3996,.T.);
#3992 = VERTEX_POINT('',#3993);
#3993 = CARTESIAN_POINT('',(21.8,41.32,10.4));
#3994 = VERTEX_POINT('',#3995);
#3995 = CARTESIAN_POINT('',(21.8,40.4,10.4));
#3996 = LINE('',#3997,#3998);
#3997 = CARTESIAN_POINT('',(21.8,31.7,10.4));
#3998 = VECTOR('',#3999,1.);
#3999 = DIRECTION('',(0.,-1.,0.));
#4000 = ORIENTED_EDGE('',*,*,#4001,.F.);
#4001 = EDGE_CURVE('',#4002,#3994,#4004,.T.);
#4002 = VERTEX_POINT('',#4003);
#4003 = CARTESIAN_POINT('',(21.8,40.4,9.8));
#4004 = LINE('',#4005,#4006);
#4005 = CARTESIAN_POINT('',(21.8,40.4,9.8));
#4006 = VECTOR('',#4007,1.);
#4007 = DIRECTION('',(0.,0.,1.));
#4008 = ORIENTED_EDGE('',*,*,#4009,.T.);
#4009 = EDGE_CURVE('',#4002,#3195,#4010,.T.);
#4010 = LINE('',#4011,#4012);
#4011 = CARTESIAN_POINT('',(21.8,40.4,9.8));
#4012 = VECTOR('',#4013,1.);
#4013 = DIRECTION('',(0.,1.,0.));
#4014 = ORIENTED_EDGE('',*,*,#3202,.F.);
#4015 = ORIENTED_EDGE('',*,*,#2741,.T.);
#4016 = ORIENTED_EDGE('',*,*,#3076,.T.);
#4017 = ORIENTED_EDGE('',*,*,#4018,.T.);
#4018 = EDGE_CURVE('',#3069,#4019,#4021,.T.);
#4019 = VERTEX_POINT('',#4020);
#4020 = CARTESIAN_POINT('',(21.8,45.4,11.6));
#4021 = LINE('',#4022,#4023);
#4022 = CARTESIAN_POINT('',(21.8,39.4,11.6));
#4023 = VECTOR('',#4024,1.);
#4024 = DIRECTION('',(0.,1.,0.));
#4025 = ORIENTED_EDGE('',*,*,#4026,.T.);
#4026 = EDGE_CURVE('',#4019,#4027,#4029,.T.);
#4027 = VERTEX_POINT('',#4028);
#4028 = CARTESIAN_POINT('',(21.8,45.4,12.4));
#4029 = LINE('',#4030,#4031);
#4030 = CARTESIAN_POINT('',(21.8,45.4,11.6));
#4031 = VECTOR('',#4032,1.);
#4032 = DIRECTION('',(0.,0.,1.));
#4033 = ORIENTED_EDGE('',*,*,#4034,.F.);
#4034 = EDGE_CURVE('',#4035,#4027,#4037,.T.);
#4035 = VERTEX_POINT('',#4036);
#4036 = CARTESIAN_POINT('',(21.8,41.32,12.4));
#4037 = LINE('',#4038,#4039);
#4038 = CARTESIAN_POINT('',(21.8,39.4,12.4));
#4039 = VECTOR('',#4040,1.);
#4040 = DIRECTION('',(0.,1.,0.));
#4041 = ORIENTED_EDGE('',*,*,#4042,.T.);
#4042 = EDGE_CURVE('',#4035,#3992,#4043,.T.);
#4043 = LINE('',#4044,#4045);
#4044 = CARTESIAN_POINT('',(21.8,41.32,10.1));
#4045 = VECTOR('',#4046,1.);
#4046 = DIRECTION('',(0.,0.,-1.));
#4047 = PLANE('',#4048);
#4048 = AXIS2_PLACEMENT_3D('',#4049,#4050,#4051);
#4049 = CARTESIAN_POINT('',(21.8,42.617105263158,11.382894736842));
#4050 = DIRECTION('',(1.,0.,0.));
#4051 = DIRECTION('',(0.,0.,1.));
#4052 = ADVANCED_FACE('',(#4053),#4064,.T.);
#4053 = FACE_BOUND('',#4054,.T.);
#4054 = EDGE_LOOP('',(#4055,#4056,#4057,#4063));
#4055 = ORIENTED_EDGE('',*,*,#2899,.F.);
#4056 = ORIENTED_EDGE('',*,*,#3151,.T.);
#4057 = ORIENTED_EDGE('',*,*,#4058,.T.);
#4058 = EDGE_CURVE('',#3144,#2916,#4059,.T.);
#4059 = LINE('',#4060,#4061);
#4060 = CARTESIAN_POINT('',(-0.25,9.2,13.5));
#4061 = VECTOR('',#4062,1.);
#4062 = DIRECTION('',(0.,1.,0.));
#4063 = ORIENTED_EDGE('',*,*,#2915,.F.);
#4064 = PLANE('',#4065);
#4065 = AXIS2_PLACEMENT_3D('',#4066,#4067,#4068);
#4066 = CARTESIAN_POINT('',(-1.3,9.2,13.5));
#4067 = DIRECTION('',(0.,0.,1.));
#4068 = DIRECTION('',(1.,0.,0.));
#4069 = ADVANCED_FACE('',(#4070),#4081,.T.);
#4070 = FACE_BOUND('',#4071,.T.);
#4071 = EDGE_LOOP('',(#4072,#4073,#4079,#4080));
#4072 = ORIENTED_EDGE('',*,*,#3143,.F.);
#4073 = ORIENTED_EDGE('',*,*,#4074,.T.);
#4074 = EDGE_CURVE('',#3136,#2924,#4075,.T.);
#4075 = LINE('',#4076,#4077);
#4076 = CARTESIAN_POINT('',(-0.25,9.2,12.2));
#4077 = VECTOR('',#4078,1.);
#4078 = DIRECTION('',(0.,1.,0.));
#4079 = ORIENTED_EDGE('',*,*,#2923,.T.);
#4080 = ORIENTED_EDGE('',*,*,#4058,.F.);
#4081 = PLANE('',#4082);
#4082 = AXIS2_PLACEMENT_3D('',#4083,#4084,#4085);
#4083 = CARTESIAN_POINT('',(-0.25,9.2,7.9));
#4084 = DIRECTION('',(1.,0.,0.));
#4085 = DIRECTION('',(0.,0.,1.));
#4086 = ADVANCED_FACE('',(#4087),#4093,.T.);
#4087 = FACE_BOUND('',#4088,.T.);
#4088 = EDGE_LOOP('',(#4089,#4090,#4091,#4092));
#4089 = ORIENTED_EDGE('',*,*,#4074,.F.);
#4090 = ORIENTED_EDGE('',*,*,#3135,.T.);
#4091 = ORIENTED_EDGE('',*,*,#3169,.T.);
#4092 = ORIENTED_EDGE('',*,*,#2931,.F.);
#4093 = PLANE('',#4094);
#4094 = AXIS2_PLACEMENT_3D('',#4095,#4096,#4097);
#4095 = CARTESIAN_POINT('',(-0.5,9.2,12.2));
#4096 = DIRECTION('',(0.,0.,1.));
#4097 = DIRECTION('',(1.,0.,0.));
#4098 = ADVANCED_FACE('',(#4099),#4110,.F.);
#4099 = FACE_BOUND('',#4100,.F.);
#4100 = EDGE_LOOP('',(#4101,#4102,#4103,#4104));
#4101 = ORIENTED_EDGE('',*,*,#3960,.F.);
#4102 = ORIENTED_EDGE('',*,*,#3068,.F.);
#4103 = ORIENTED_EDGE('',*,*,#4018,.T.);
#4104 = ORIENTED_EDGE('',*,*,#4105,.F.);
#4105 = EDGE_CURVE('',#3953,#4019,#4106,.T.);
#4106 = LINE('',#4107,#4108);
#4107 = CARTESIAN_POINT('',(6.6,45.4,11.6));
#4108 = VECTOR('',#4109,1.);
#4109 = DIRECTION('',(1.,0.,0.));
#4110 = PLANE('',#4111);
#4111 = AXIS2_PLACEMENT_3D('',#4112,#4113,#4114);
#4112 = CARTESIAN_POINT('',(6.6,39.4,11.6));
#4113 = DIRECTION('',(0.,0.,1.));
#4114 = DIRECTION('',(1.,0.,0.));
#4115 = ADVANCED_FACE('',(#4116),#4127,.F.);
#4116 = FACE_BOUND('',#4117,.F.);
#4117 = EDGE_LOOP('',(#4118,#4119,#4125,#4126));
#4118 = ORIENTED_EDGE('',*,*,#3969,.F.);
#4119 = ORIENTED_EDGE('',*,*,#4120,.T.);
#4120 = EDGE_CURVE('',#3970,#4002,#4121,.T.);
#4121 = LINE('',#4122,#4123);
#4122 = CARTESIAN_POINT('',(6.6,40.4,9.8));
#4123 = VECTOR('',#4124,1.);
#4124 = DIRECTION('',(1.,0.,0.));
#4125 = ORIENTED_EDGE('',*,*,#4009,.T.);
#4126 = ORIENTED_EDGE('',*,*,#3194,.F.);
#4127 = PLANE('',#4128);
#4128 = AXIS2_PLACEMENT_3D('',#4129,#4130,#4131);
#4129 = CARTESIAN_POINT('',(6.6,40.4,9.8));
#4130 = DIRECTION('',(0.,0.,1.));
#4131 = DIRECTION('',(1.,0.,0.));
#4132 = ADVANCED_FACE('',(#4133),#4139,.T.);
#4133 = FACE_BOUND('',#4134,.T.);
#4134 = EDGE_LOOP('',(#4135,#4136,#4137,#4138));
#4135 = ORIENTED_EDGE('',*,*,#3368,.F.);
#4136 = ORIENTED_EDGE('',*,*,#3303,.T.);
#4137 = ORIENTED_EDGE('',*,*,#3327,.T.);
#4138 = ORIENTED_EDGE('',*,*,#3351,.F.);
#4139 = PLANE('',#4140);
#4140 = AXIS2_PLACEMENT_3D('',#4141,#4142,#4143);
#4141 = CARTESIAN_POINT('',(8.,7.4,13.5));
#4142 = DIRECTION('',(0.,0.,1.));
#4143 = DIRECTION('',(1.,0.,0.));
#4144 = ADVANCED_FACE('',(#4145,#4229),#4318,.T.);
#4145 = FACE_BOUND('',#4146,.T.);
#4146 = EDGE_LOOP('',(#4147,#4158,#4166,#4175,#4181,#4182,#4188,#4189,
    #4197,#4206,#4214,#4223));
#4147 = ORIENTED_EDGE('',*,*,#4148,.F.);
#4148 = EDGE_CURVE('',#4149,#4151,#4153,.T.);
#4149 = VERTEX_POINT('',#4150);
#4150 = CARTESIAN_POINT('',(-5.32,7.5,10.4));
#4151 = VERTEX_POINT('',#4152);
#4152 = CARTESIAN_POINT('',(-2.5,4.68,10.4));
#4153 = CIRCLE('',#4154,2.82);
#4154 = AXIS2_PLACEMENT_3D('',#4155,#4156,#4157);
#4155 = CARTESIAN_POINT('',(-2.5,7.5,10.4));
#4156 = DIRECTION('',(0.,0.,1.));
#4157 = DIRECTION('',(1.,0.,0.));
#4158 = ORIENTED_EDGE('',*,*,#4159,.T.);
#4159 = EDGE_CURVE('',#4149,#4160,#4162,.T.);
#4160 = VERTEX_POINT('',#4161);
#4161 = CARTESIAN_POINT('',(-5.32,38.5,10.4));
#4162 = LINE('',#4163,#4164);
#4163 = CARTESIAN_POINT('',(-5.32,7.5,10.4));
#4164 = VECTOR('',#4165,1.);
#4165 = DIRECTION('',(0.,1.,0.));
#4166 = ORIENTED_EDGE('',*,*,#4167,.F.);
#4167 = EDGE_CURVE('',#4168,#4160,#4170,.T.);
#4168 = VERTEX_POINT('',#4169);
#4169 = CARTESIAN_POINT('',(-2.5,41.32,10.4));
#4170 = CIRCLE('',#4171,2.82);
#4171 = AXIS2_PLACEMENT_3D('',#4172,#4173,#4174);
#4172 = CARTESIAN_POINT('',(-2.5,38.5,10.4));
#4173 = DIRECTION('',(0.,0.,1.));
#4174 = DIRECTION('',(1.,0.,0.));
#4175 = ORIENTED_EDGE('',*,*,#4176,.T.);
#4176 = EDGE_CURVE('',#4168,#3927,#4177,.T.);
#4177 = LINE('',#4178,#4179);
#4178 = CARTESIAN_POINT('',(-2.5,41.32,10.4));
#4179 = VECTOR('',#4180,1.);
#4180 = DIRECTION('',(1.,0.,0.));
#4181 = ORIENTED_EDGE('',*,*,#3926,.T.);
#4182 = ORIENTED_EDGE('',*,*,#4183,.T.);
#4183 = EDGE_CURVE('',#3929,#3994,#4184,.T.);
#4184 = LINE('',#4185,#4186);
#4185 = CARTESIAN_POINT('',(8.55,40.4,10.4));
#4186 = VECTOR('',#4187,1.);
#4187 = DIRECTION('',(1.,0.,0.));
#4188 = ORIENTED_EDGE('',*,*,#3991,.F.);
#4189 = ORIENTED_EDGE('',*,*,#4190,.T.);
#4190 = EDGE_CURVE('',#3992,#4191,#4193,.T.);
#4191 = VERTEX_POINT('',#4192);
#4192 = CARTESIAN_POINT('',(23.5,41.32,10.4));
#4193 = LINE('',#4194,#4195);
#4194 = CARTESIAN_POINT('',(-2.5,41.32,10.4));
#4195 = VECTOR('',#4196,1.);
#4196 = DIRECTION('',(1.,0.,0.));
#4197 = ORIENTED_EDGE('',*,*,#4198,.F.);
#4198 = EDGE_CURVE('',#4199,#4191,#4201,.T.);
#4199 = VERTEX_POINT('',#4200);
#4200 = CARTESIAN_POINT('',(26.32,38.5,10.4));
#4201 = CIRCLE('',#4202,2.82);
#4202 = AXIS2_PLACEMENT_3D('',#4203,#4204,#4205);
#4203 = CARTESIAN_POINT('',(23.5,38.5,10.4));
#4204 = DIRECTION('',(0.,0.,1.));
#4205 = DIRECTION('',(1.,0.,0.));
#4206 = ORIENTED_EDGE('',*,*,#4207,.F.);
#4207 = EDGE_CURVE('',#4208,#4199,#4210,.T.);
#4208 = VERTEX_POINT('',#4209);
#4209 = CARTESIAN_POINT('',(26.32,7.5,10.4));
#4210 = LINE('',#4211,#4212);
#4211 = CARTESIAN_POINT('',(26.32,7.5,10.4));
#4212 = VECTOR('',#4213,1.);
#4213 = DIRECTION('',(0.,1.,0.));
#4214 = ORIENTED_EDGE('',*,*,#4215,.F.);
#4215 = EDGE_CURVE('',#4216,#4208,#4218,.T.);
#4216 = VERTEX_POINT('',#4217);
#4217 = CARTESIAN_POINT('',(23.5,4.68,10.4));
#4218 = CIRCLE('',#4219,2.82);
#4219 = AXIS2_PLACEMENT_3D('',#4220,#4221,#4222);
#4220 = CARTESIAN_POINT('',(23.5,7.5,10.4));
#4221 = DIRECTION('',(0.,0.,1.));
#4222 = DIRECTION('',(1.,0.,0.));
#4223 = ORIENTED_EDGE('',*,*,#4224,.F.);
#4224 = EDGE_CURVE('',#4151,#4216,#4225,.T.);
#4225 = LINE('',#4226,#4227);
#4226 = CARTESIAN_POINT('',(-2.5,4.68,10.4));
#4227 = VECTOR('',#4228,1.);
#4228 = DIRECTION('',(1.,0.,0.));
#4229 = FACE_BOUND('',#4230,.T.);
#4230 = EDGE_LOOP('',(#4231,#4242,#4250,#4259,#4265,#4266,#4267,#4268,
    #4274,#4275,#4276,#4277,#4286,#4292,#4293,#4294,#4295,#4303,#4312));
#4231 = ORIENTED_EDGE('',*,*,#4232,.F.);
#4232 = EDGE_CURVE('',#4233,#4235,#4237,.T.);
#4233 = VERTEX_POINT('',#4234);
#4234 = CARTESIAN_POINT('',(-2.5,5.88,10.4));
#4235 = VERTEX_POINT('',#4236);
#4236 = CARTESIAN_POINT('',(-4.12,7.5,10.4));
#4237 = CIRCLE('',#4238,1.62);
#4238 = AXIS2_PLACEMENT_3D('',#4239,#4240,#4241);
#4239 = CARTESIAN_POINT('',(-2.5,7.5,10.4));
#4240 = DIRECTION('',(0.,0.,-1.));
#4241 = DIRECTION('',(1.,0.,0.));
#4242 = ORIENTED_EDGE('',*,*,#4243,.T.);
#4243 = EDGE_CURVE('',#4233,#4244,#4246,.T.);
#4244 = VERTEX_POINT('',#4245);
#4245 = CARTESIAN_POINT('',(23.5,5.88,10.4));
#4246 = LINE('',#4247,#4248);
#4247 = CARTESIAN_POINT('',(4.,5.88,10.4));
#4248 = VECTOR('',#4249,1.);
#4249 = DIRECTION('',(1.,0.,0.));
#4250 = ORIENTED_EDGE('',*,*,#4251,.F.);
#4251 = EDGE_CURVE('',#4252,#4244,#4254,.T.);
#4252 = VERTEX_POINT('',#4253);
#4253 = CARTESIAN_POINT('',(25.12,7.5,10.4));
#4254 = CIRCLE('',#4255,1.62);
#4255 = AXIS2_PLACEMENT_3D('',#4256,#4257,#4258);
#4256 = CARTESIAN_POINT('',(23.5,7.5,10.4));
#4257 = DIRECTION('',(0.,0.,-1.));
#4258 = DIRECTION('',(1.,0.,0.));
#4259 = ORIENTED_EDGE('',*,*,#4260,.F.);
#4260 = EDGE_CURVE('',#3392,#4252,#4261,.T.);
#4261 = LINE('',#4262,#4263);
#4262 = CARTESIAN_POINT('',(25.12,15.25,10.4));
#4263 = VECTOR('',#4264,1.);
#4264 = DIRECTION('',(0.,-1.,0.));
#4265 = ORIENTED_EDGE('',*,*,#3391,.T.);
#4266 = ORIENTED_EDGE('',*,*,#3439,.F.);
#4267 = ORIENTED_EDGE('',*,*,#3478,.F.);
#4268 = ORIENTED_EDGE('',*,*,#4269,.F.);
#4269 = EDGE_CURVE('',#3808,#3471,#4270,.T.);
#4270 = LINE('',#4271,#4272);
#4271 = CARTESIAN_POINT('',(25.12,15.25,10.4));
#4272 = VECTOR('',#4273,1.);
#4273 = DIRECTION('',(0.,-1.,0.));
#4274 = ORIENTED_EDGE('',*,*,#3807,.T.);
#4275 = ORIENTED_EDGE('',*,*,#3855,.F.);
#4276 = ORIENTED_EDGE('',*,*,#3894,.F.);
#4277 = ORIENTED_EDGE('',*,*,#4278,.F.);
#4278 = EDGE_CURVE('',#4279,#3887,#4281,.T.);
#4279 = VERTEX_POINT('',#4280);
#4280 = CARTESIAN_POINT('',(23.5,40.12,10.4));
#4281 = CIRCLE('',#4282,1.62);
#4282 = AXIS2_PLACEMENT_3D('',#4283,#4284,#4285);
#4283 = CARTESIAN_POINT('',(23.5,38.5,10.4));
#4284 = DIRECTION('',(0.,0.,-1.));
#4285 = DIRECTION('',(1.,0.,0.));
#4286 = ORIENTED_EDGE('',*,*,#4287,.F.);
#4287 = EDGE_CURVE('',#3680,#4279,#4288,.T.);
#4288 = LINE('',#4289,#4290);
#4289 = CARTESIAN_POINT('',(4.,40.12,10.4));
#4290 = VECTOR('',#4291,1.);
#4291 = DIRECTION('',(1.,0.,0.));
#4292 = ORIENTED_EDGE('',*,*,#3679,.F.);
#4293 = ORIENTED_EDGE('',*,*,#3735,.F.);
#4294 = ORIENTED_EDGE('',*,*,#3752,.T.);
#4295 = ORIENTED_EDGE('',*,*,#4296,.F.);
#4296 = EDGE_CURVE('',#4297,#3753,#4299,.T.);
#4297 = VERTEX_POINT('',#4298);
#4298 = CARTESIAN_POINT('',(-2.5,40.12,10.4));
#4299 = LINE('',#4300,#4301);
#4300 = CARTESIAN_POINT('',(4.,40.12,10.4));
#4301 = VECTOR('',#4302,1.);
#4302 = DIRECTION('',(1.,0.,0.));
#4303 = ORIENTED_EDGE('',*,*,#4304,.F.);
#4304 = EDGE_CURVE('',#4305,#4297,#4307,.T.);
#4305 = VERTEX_POINT('',#4306);
#4306 = CARTESIAN_POINT('',(-4.12,38.5,10.4));
#4307 = CIRCLE('',#4308,1.62);
#4308 = AXIS2_PLACEMENT_3D('',#4309,#4310,#4311);
#4309 = CARTESIAN_POINT('',(-2.5,38.5,10.4));
#4310 = DIRECTION('',(0.,0.,-1.));
#4311 = DIRECTION('',(1.,0.,0.));
#4312 = ORIENTED_EDGE('',*,*,#4313,.T.);
#4313 = EDGE_CURVE('',#4305,#4235,#4314,.T.);
#4314 = LINE('',#4315,#4316);
#4315 = CARTESIAN_POINT('',(-4.12,15.25,10.4));
#4316 = VECTOR('',#4317,1.);
#4317 = DIRECTION('',(0.,-1.,0.));
#4318 = PLANE('',#4319);
#4319 = AXIS2_PLACEMENT_3D('',#4320,#4321,#4322);
#4320 = CARTESIAN_POINT('',(10.5,23.,10.4));
#4321 = DIRECTION('',(-0.,-0.,-1.));
#4322 = DIRECTION('',(-1.,0.,0.));
#4323 = ADVANCED_FACE('',(#4324),#4365,.F.);
#4324 = FACE_BOUND('',#4325,.F.);
#4325 = EDGE_LOOP('',(#4326,#4334,#4335,#4336,#4342,#4343,#4344,#4345,
    #4351,#4359));
#4326 = ORIENTED_EDGE('',*,*,#4327,.F.);
#4327 = EDGE_CURVE('',#4252,#4328,#4330,.T.);
#4328 = VERTEX_POINT('',#4329);
#4329 = CARTESIAN_POINT('',(25.12,7.5,13.));
#4330 = LINE('',#4331,#4332);
#4331 = CARTESIAN_POINT('',(25.12,7.5,10.39));
#4332 = VECTOR('',#4333,1.);
#4333 = DIRECTION('',(0.,0.,1.));
#4334 = ORIENTED_EDGE('',*,*,#4260,.F.);
#4335 = ORIENTED_EDGE('',*,*,#3399,.T.);
#4336 = ORIENTED_EDGE('',*,*,#4337,.F.);
#4337 = EDGE_CURVE('',#3463,#3400,#4338,.T.);
#4338 = LINE('',#4339,#4340);
#4339 = CARTESIAN_POINT('',(25.12,8.35,12.2));
#4340 = VECTOR('',#4341,1.);
#4341 = DIRECTION('',(0.,-1.,0.));
#4342 = ORIENTED_EDGE('',*,*,#3470,.F.);
#4343 = ORIENTED_EDGE('',*,*,#4269,.F.);
#4344 = ORIENTED_EDGE('',*,*,#3815,.T.);
#4345 = ORIENTED_EDGE('',*,*,#4346,.F.);
#4346 = EDGE_CURVE('',#3879,#3816,#4347,.T.);
#4347 = LINE('',#4348,#4349);
#4348 = CARTESIAN_POINT('',(25.12,22.,12.2));
#4349 = VECTOR('',#4350,1.);
#4350 = DIRECTION('',(0.,-1.,0.));
#4351 = ORIENTED_EDGE('',*,*,#4352,.T.);
#4352 = EDGE_CURVE('',#3879,#4353,#4355,.T.);
#4353 = VERTEX_POINT('',#4354);
#4354 = CARTESIAN_POINT('',(25.12,38.5,13.));
#4355 = LINE('',#4356,#4357);
#4356 = CARTESIAN_POINT('',(25.12,38.5,10.39));
#4357 = VECTOR('',#4358,1.);
#4358 = DIRECTION('',(0.,0.,1.));
#4359 = ORIENTED_EDGE('',*,*,#4360,.F.);
#4360 = EDGE_CURVE('',#4328,#4353,#4361,.T.);
#4361 = LINE('',#4362,#4363);
#4362 = CARTESIAN_POINT('',(25.12,15.25,13.));
#4363 = VECTOR('',#4364,1.);
#4364 = DIRECTION('',(0.,1.,0.));
#4365 = PLANE('',#4366);
#4366 = AXIS2_PLACEMENT_3D('',#4367,#4368,#4369);
#4367 = CARTESIAN_POINT('',(25.12,7.5,10.39));
#4368 = DIRECTION('',(1.,0.,0.));
#4369 = DIRECTION('',(0.,0.,1.));
#4370 = ADVANCED_FACE('',(#4371),#4377,.T.);
#4371 = FACE_BOUND('',#4372,.T.);
#4372 = EDGE_LOOP('',(#4373,#4374,#4375,#4376));
#4373 = ORIENTED_EDGE('',*,*,#3462,.F.);
#4374 = ORIENTED_EDGE('',*,*,#3496,.F.);
#4375 = ORIENTED_EDGE('',*,*,#3407,.T.);
#4376 = ORIENTED_EDGE('',*,*,#4337,.F.);
#4377 = PLANE('',#4378);
#4378 = AXIS2_PLACEMENT_3D('',#4379,#4380,#4381);
#4379 = CARTESIAN_POINT('',(24.1,9.2,12.2));
#4380 = DIRECTION('',(0.,0.,1.));
#4381 = DIRECTION('',(1.,0.,0.));
#4382 = ADVANCED_FACE('',(#4383),#4394,.T.);
#4383 = FACE_BOUND('',#4384,.T.);
#4384 = EDGE_LOOP('',(#4385,#4391,#4392,#4393));
#4385 = ORIENTED_EDGE('',*,*,#4386,.F.);
#4386 = EDGE_CURVE('',#3520,#3599,#4387,.T.);
#4387 = LINE('',#4388,#4389);
#4388 = CARTESIAN_POINT('',(-0.25,36.5,12.2));
#4389 = VECTOR('',#4390,1.);
#4390 = DIRECTION('',(0.,1.,0.));
#4391 = ORIENTED_EDGE('',*,*,#3519,.T.);
#4392 = ORIENTED_EDGE('',*,*,#3567,.T.);
#4393 = ORIENTED_EDGE('',*,*,#3606,.F.);
#4394 = PLANE('',#4395);
#4395 = AXIS2_PLACEMENT_3D('',#4396,#4397,#4398);
#4396 = CARTESIAN_POINT('',(-0.5,36.5,12.2));
#4397 = DIRECTION('',(0.,0.,1.));
#4398 = DIRECTION('',(1.,0.,0.));
#4399 = ADVANCED_FACE('',(#4400),#4411,.T.);
#4400 = FACE_BOUND('',#4401,.T.);
#4401 = EDGE_LOOP('',(#4402,#4403,#4404,#4405));
#4402 = ORIENTED_EDGE('',*,*,#3527,.F.);
#4403 = ORIENTED_EDGE('',*,*,#4386,.T.);
#4404 = ORIENTED_EDGE('',*,*,#3598,.T.);
#4405 = ORIENTED_EDGE('',*,*,#4406,.F.);
#4406 = EDGE_CURVE('',#3528,#3591,#4407,.T.);
#4407 = LINE('',#4408,#4409);
#4408 = CARTESIAN_POINT('',(-0.25,36.5,13.5));
#4409 = VECTOR('',#4410,1.);
#4410 = DIRECTION('',(0.,1.,0.));
#4411 = PLANE('',#4412);
#4412 = AXIS2_PLACEMENT_3D('',#4413,#4414,#4415);
#4413 = CARTESIAN_POINT('',(-0.25,36.5,7.9));
#4414 = DIRECTION('',(1.,0.,0.));
#4415 = DIRECTION('',(0.,0.,1.));
#4416 = ADVANCED_FACE('',(#4417),#4423,.T.);
#4417 = FACE_BOUND('',#4418,.T.);
#4418 = EDGE_LOOP('',(#4419,#4420,#4421,#4422));
#4419 = ORIENTED_EDGE('',*,*,#3624,.F.);
#4420 = ORIENTED_EDGE('',*,*,#3535,.T.);
#4421 = ORIENTED_EDGE('',*,*,#4406,.T.);
#4422 = ORIENTED_EDGE('',*,*,#3590,.F.);
#4423 = PLANE('',#4424);
#4424 = AXIS2_PLACEMENT_3D('',#4425,#4426,#4427);
#4425 = CARTESIAN_POINT('',(-1.3,36.5,13.5));
#4426 = DIRECTION('',(0.,0.,1.));
#4427 = DIRECTION('',(1.,0.,0.));
#4428 = ADVANCED_FACE('',(#4429),#4440,.T.);
#4429 = FACE_BOUND('',#4430,.T.);
#4430 = EDGE_LOOP('',(#4431,#4432,#4433,#4434));
#4431 = ORIENTED_EDGE('',*,*,#3784,.F.);
#4432 = ORIENTED_EDGE('',*,*,#3655,.T.);
#4433 = ORIENTED_EDGE('',*,*,#3711,.T.);
#4434 = ORIENTED_EDGE('',*,*,#4435,.F.);
#4435 = EDGE_CURVE('',#3777,#3704,#4436,.T.);
#4436 = LINE('',#4437,#4438);
#4437 = CARTESIAN_POINT('',(1.,40.45,13.5));
#4438 = VECTOR('',#4439,1.);
#4439 = DIRECTION('',(1.,0.,0.));
#4440 = PLANE('',#4441);
#4441 = AXIS2_PLACEMENT_3D('',#4442,#4443,#4444);
#4442 = CARTESIAN_POINT('',(1.,39.25,13.5));
#4443 = DIRECTION('',(0.,0.,1.));
#4444 = DIRECTION('',(1.,0.,0.));
#4445 = ADVANCED_FACE('',(#4446),#4457,.T.);
#4446 = FACE_BOUND('',#4447,.T.);
#4447 = EDGE_LOOP('',(#4448,#4449,#4455,#4456));
#4448 = ORIENTED_EDGE('',*,*,#3703,.F.);
#4449 = ORIENTED_EDGE('',*,*,#4450,.T.);
#4450 = EDGE_CURVE('',#3696,#3769,#4451,.T.);
#4451 = LINE('',#4452,#4453);
#4452 = CARTESIAN_POINT('',(5.75,40.45,13.));
#4453 = VECTOR('',#4454,1.);
#4454 = DIRECTION('',(-1.,0.,0.));
#4455 = ORIENTED_EDGE('',*,*,#3776,.T.);
#4456 = ORIENTED_EDGE('',*,*,#4435,.T.);
#4457 = PLANE('',#4458);
#4458 = AXIS2_PLACEMENT_3D('',#4459,#4460,#4461);
#4459 = CARTESIAN_POINT('',(1.,40.45,7.9));
#4460 = DIRECTION('',(0.,1.,0.));
#4461 = DIRECTION('',(0.,0.,1.));
#4462 = ADVANCED_FACE('',(#4463,#4633,#4667),#4701,.T.);
#4463 = FACE_BOUND('',#4464,.T.);
#4464 = EDGE_LOOP('',(#4465,#4475,#4484,#4492,#4501,#4509,#4518,#4526,
    #4534,#4542,#4549,#4550,#4559,#4567,#4576,#4584,#4593,#4599,#4600,
    #4601,#4602,#4610,#4618,#4626));
#4465 = ORIENTED_EDGE('',*,*,#4466,.F.);
#4466 = EDGE_CURVE('',#4467,#4469,#4471,.T.);
#4467 = VERTEX_POINT('',#4468);
#4468 = CARTESIAN_POINT('',(-5.32,7.5,13.));
#4469 = VERTEX_POINT('',#4470);
#4470 = CARTESIAN_POINT('',(-5.32,38.5,13.));
#4471 = LINE('',#4472,#4473);
#4472 = CARTESIAN_POINT('',(-5.32,7.5,13.));
#4473 = VECTOR('',#4474,1.);
#4474 = DIRECTION('',(0.,1.,0.));
#4475 = ORIENTED_EDGE('',*,*,#4476,.T.);
#4476 = EDGE_CURVE('',#4467,#4477,#4479,.T.);
#4477 = VERTEX_POINT('',#4478);
#4478 = CARTESIAN_POINT('',(-2.5,4.68,13.));
#4479 = CIRCLE('',#4480,2.82);
#4480 = AXIS2_PLACEMENT_3D('',#4481,#4482,#4483);
#4481 = CARTESIAN_POINT('',(-2.5,7.5,13.));
#4482 = DIRECTION('',(0.,0.,1.));
#4483 = DIRECTION('',(1.,0.,0.));
#4484 = ORIENTED_EDGE('',*,*,#4485,.T.);
#4485 = EDGE_CURVE('',#4477,#4486,#4488,.T.);
#4486 = VERTEX_POINT('',#4487);
#4487 = CARTESIAN_POINT('',(23.5,4.68,13.));
#4488 = LINE('',#4489,#4490);
#4489 = CARTESIAN_POINT('',(-2.5,4.68,13.));
#4490 = VECTOR('',#4491,1.);
#4491 = DIRECTION('',(1.,0.,0.));
#4492 = ORIENTED_EDGE('',*,*,#4493,.T.);
#4493 = EDGE_CURVE('',#4486,#4494,#4496,.T.);
#4494 = VERTEX_POINT('',#4495);
#4495 = CARTESIAN_POINT('',(26.32,7.5,13.));
#4496 = CIRCLE('',#4497,2.82);
#4497 = AXIS2_PLACEMENT_3D('',#4498,#4499,#4500);
#4498 = CARTESIAN_POINT('',(23.5,7.5,13.));
#4499 = DIRECTION('',(0.,0.,1.));
#4500 = DIRECTION('',(1.,0.,0.));
#4501 = ORIENTED_EDGE('',*,*,#4502,.T.);
#4502 = EDGE_CURVE('',#4494,#4503,#4505,.T.);
#4503 = VERTEX_POINT('',#4504);
#4504 = CARTESIAN_POINT('',(26.32,38.5,13.));
#4505 = LINE('',#4506,#4507);
#4506 = CARTESIAN_POINT('',(26.32,7.5,13.));
#4507 = VECTOR('',#4508,1.);
#4508 = DIRECTION('',(0.,1.,0.));
#4509 = ORIENTED_EDGE('',*,*,#4510,.T.);
#4510 = EDGE_CURVE('',#4503,#4511,#4513,.T.);
#4511 = VERTEX_POINT('',#4512);
#4512 = CARTESIAN_POINT('',(23.5,41.32,13.));
#4513 = CIRCLE('',#4514,2.82);
#4514 = AXIS2_PLACEMENT_3D('',#4515,#4516,#4517);
#4515 = CARTESIAN_POINT('',(23.5,38.5,13.));
#4516 = DIRECTION('',(0.,0.,1.));
#4517 = DIRECTION('',(1.,0.,0.));
#4518 = ORIENTED_EDGE('',*,*,#4519,.F.);
#4519 = EDGE_CURVE('',#4520,#4511,#4522,.T.);
#4520 = VERTEX_POINT('',#4521);
#4521 = CARTESIAN_POINT('',(23.2,41.32,13.));
#4522 = LINE('',#4523,#4524);
#4523 = CARTESIAN_POINT('',(-2.5,41.32,13.));
#4524 = VECTOR('',#4525,1.);
#4525 = DIRECTION('',(1.,0.,0.));
#4526 = ORIENTED_EDGE('',*,*,#4527,.F.);
#4527 = EDGE_CURVE('',#4528,#4520,#4530,.T.);
#4528 = VERTEX_POINT('',#4529);
#4529 = CARTESIAN_POINT('',(23.2,40.12,13.));
#4530 = LINE('',#4531,#4532);
#4531 = CARTESIAN_POINT('',(23.2,31.15,13.));
#4532 = VECTOR('',#4533,1.);
#4533 = DIRECTION('',(0.,1.,0.));
#4534 = ORIENTED_EDGE('',*,*,#4535,.F.);
#4535 = EDGE_CURVE('',#4536,#4528,#4538,.T.);
#4536 = VERTEX_POINT('',#4537);
#4537 = CARTESIAN_POINT('',(23.5,40.12,13.));
#4538 = LINE('',#4539,#4540);
#4539 = CARTESIAN_POINT('',(4.,40.12,13.));
#4540 = VECTOR('',#4541,1.);
#4541 = DIRECTION('',(-1.,0.,0.));
#4542 = ORIENTED_EDGE('',*,*,#4543,.T.);
#4543 = EDGE_CURVE('',#4536,#4353,#4544,.T.);
#4544 = CIRCLE('',#4545,1.62);
#4545 = AXIS2_PLACEMENT_3D('',#4546,#4547,#4548);
#4546 = CARTESIAN_POINT('',(23.5,38.5,13.));
#4547 = DIRECTION('',(0.,0.,-1.));
#4548 = DIRECTION('',(1.,0.,0.));
#4549 = ORIENTED_EDGE('',*,*,#4360,.F.);
#4550 = ORIENTED_EDGE('',*,*,#4551,.T.);
#4551 = EDGE_CURVE('',#4328,#4552,#4554,.T.);
#4552 = VERTEX_POINT('',#4553);
#4553 = CARTESIAN_POINT('',(23.5,5.88,13.));
#4554 = CIRCLE('',#4555,1.62);
#4555 = AXIS2_PLACEMENT_3D('',#4556,#4557,#4558);
#4556 = CARTESIAN_POINT('',(23.5,7.5,13.));
#4557 = DIRECTION('',(0.,0.,-1.));
#4558 = DIRECTION('',(1.,0.,0.));
#4559 = ORIENTED_EDGE('',*,*,#4560,.T.);
#4560 = EDGE_CURVE('',#4552,#4561,#4563,.T.);
#4561 = VERTEX_POINT('',#4562);
#4562 = CARTESIAN_POINT('',(-2.5,5.88,13.));
#4563 = LINE('',#4564,#4565);
#4564 = CARTESIAN_POINT('',(4.,5.88,13.));
#4565 = VECTOR('',#4566,1.);
#4566 = DIRECTION('',(-1.,0.,0.));
#4567 = ORIENTED_EDGE('',*,*,#4568,.T.);
#4568 = EDGE_CURVE('',#4561,#4569,#4571,.T.);
#4569 = VERTEX_POINT('',#4570);
#4570 = CARTESIAN_POINT('',(-4.12,7.5,13.));
#4571 = CIRCLE('',#4572,1.62);
#4572 = AXIS2_PLACEMENT_3D('',#4573,#4574,#4575);
#4573 = CARTESIAN_POINT('',(-2.5,7.5,13.));
#4574 = DIRECTION('',(0.,0.,-1.));
#4575 = DIRECTION('',(1.,0.,0.));
#4576 = ORIENTED_EDGE('',*,*,#4577,.T.);
#4577 = EDGE_CURVE('',#4569,#4578,#4580,.T.);
#4578 = VERTEX_POINT('',#4579);
#4579 = CARTESIAN_POINT('',(-4.12,38.5,13.));
#4580 = LINE('',#4581,#4582);
#4581 = CARTESIAN_POINT('',(-4.12,15.25,13.));
#4582 = VECTOR('',#4583,1.);
#4583 = DIRECTION('',(0.,1.,0.));
#4584 = ORIENTED_EDGE('',*,*,#4585,.T.);
#4585 = EDGE_CURVE('',#4578,#4586,#4588,.T.);
#4586 = VERTEX_POINT('',#4587);
#4587 = CARTESIAN_POINT('',(-2.5,40.12,13.));
#4588 = CIRCLE('',#4589,1.62);
#4589 = AXIS2_PLACEMENT_3D('',#4590,#4591,#4592);
#4590 = CARTESIAN_POINT('',(-2.5,38.5,13.));
#4591 = DIRECTION('',(0.,0.,-1.));
#4592 = DIRECTION('',(1.,0.,0.));
#4593 = ORIENTED_EDGE('',*,*,#4594,.F.);
#4594 = EDGE_CURVE('',#3761,#4586,#4595,.T.);
#4595 = LINE('',#4596,#4597);
#4596 = CARTESIAN_POINT('',(4.,40.12,13.));
#4597 = VECTOR('',#4598,1.);
#4598 = DIRECTION('',(-1.,0.,0.));
#4599 = ORIENTED_EDGE('',*,*,#3768,.T.);
#4600 = ORIENTED_EDGE('',*,*,#4450,.F.);
#4601 = ORIENTED_EDGE('',*,*,#3695,.F.);
#4602 = ORIENTED_EDGE('',*,*,#4603,.F.);
#4603 = EDGE_CURVE('',#4604,#3688,#4606,.T.);
#4604 = VERTEX_POINT('',#4605);
#4605 = CARTESIAN_POINT('',(5.2,40.12,13.));
#4606 = LINE('',#4607,#4608);
#4607 = CARTESIAN_POINT('',(4.,40.12,13.));
#4608 = VECTOR('',#4609,1.);
#4609 = DIRECTION('',(-1.,0.,0.));
#4610 = ORIENTED_EDGE('',*,*,#4611,.T.);
#4611 = EDGE_CURVE('',#4604,#4612,#4614,.T.);
#4612 = VERTEX_POINT('',#4613);
#4613 = CARTESIAN_POINT('',(5.2,41.32,13.));
#4614 = LINE('',#4615,#4616);
#4615 = CARTESIAN_POINT('',(5.2,31.15,13.));
#4616 = VECTOR('',#4617,1.);
#4617 = DIRECTION('',(0.,1.,0.));
#4618 = ORIENTED_EDGE('',*,*,#4619,.F.);
#4619 = EDGE_CURVE('',#4620,#4612,#4622,.T.);
#4620 = VERTEX_POINT('',#4621);
#4621 = CARTESIAN_POINT('',(-2.5,41.32,13.));
#4622 = LINE('',#4623,#4624);
#4623 = CARTESIAN_POINT('',(-2.5,41.32,13.));
#4624 = VECTOR('',#4625,1.);
#4625 = DIRECTION('',(1.,0.,0.));
#4626 = ORIENTED_EDGE('',*,*,#4627,.T.);
#4627 = EDGE_CURVE('',#4620,#4469,#4628,.T.);
#4628 = CIRCLE('',#4629,2.82);
#4629 = AXIS2_PLACEMENT_3D('',#4630,#4631,#4632);
#4630 = CARTESIAN_POINT('',(-2.5,38.5,13.));
#4631 = DIRECTION('',(0.,0.,1.));
#4632 = DIRECTION('',(1.,0.,0.));
#4633 = FACE_BOUND('',#4634,.T.);
#4634 = EDGE_LOOP('',(#4635,#4645,#4653,#4661));
#4635 = ORIENTED_EDGE('',*,*,#4636,.T.);
#4636 = EDGE_CURVE('',#4637,#4639,#4641,.T.);
#4637 = VERTEX_POINT('',#4638);
#4638 = CARTESIAN_POINT('',(26.3,9.2,13.));
#4639 = VERTEX_POINT('',#4640);
#4640 = CARTESIAN_POINT('',(25.25,9.2,13.));
#4641 = LINE('',#4642,#4643);
#4642 = CARTESIAN_POINT('',(17.875,9.2,13.));
#4643 = VECTOR('',#4644,1.);
#4644 = DIRECTION('',(-1.,0.,0.));
#4645 = ORIENTED_EDGE('',*,*,#4646,.T.);
#4646 = EDGE_CURVE('',#4639,#4647,#4649,.T.);
#4647 = VERTEX_POINT('',#4648);
#4648 = CARTESIAN_POINT('',(25.25,11.2,13.));
#4649 = LINE('',#4650,#4651);
#4650 = CARTESIAN_POINT('',(25.25,16.1,13.));
#4651 = VECTOR('',#4652,1.);
#4652 = DIRECTION('',(0.,1.,0.));
#4653 = ORIENTED_EDGE('',*,*,#4654,.F.);
#4654 = EDGE_CURVE('',#4655,#4647,#4657,.T.);
#4655 = VERTEX_POINT('',#4656);
#4656 = CARTESIAN_POINT('',(26.3,11.2,13.));
#4657 = LINE('',#4658,#4659);
#4658 = CARTESIAN_POINT('',(17.875,11.2,13.));
#4659 = VECTOR('',#4660,1.);
#4660 = DIRECTION('',(-1.,0.,0.));
#4661 = ORIENTED_EDGE('',*,*,#4662,.F.);
#4662 = EDGE_CURVE('',#4637,#4655,#4663,.T.);
#4663 = LINE('',#4664,#4665);
#4664 = CARTESIAN_POINT('',(26.3,16.1,13.));
#4665 = VECTOR('',#4666,1.);
#4666 = DIRECTION('',(0.,1.,0.));
#4667 = FACE_BOUND('',#4668,.T.);
#4668 = EDGE_LOOP('',(#4669,#4679,#4687,#4695));
#4669 = ORIENTED_EDGE('',*,*,#4670,.T.);
#4670 = EDGE_CURVE('',#4671,#4673,#4675,.T.);
#4671 = VERTEX_POINT('',#4672);
#4672 = CARTESIAN_POINT('',(26.3,36.5,13.));
#4673 = VERTEX_POINT('',#4674);
#4674 = CARTESIAN_POINT('',(25.25,36.5,13.));
#4675 = LINE('',#4676,#4677);
#4676 = CARTESIAN_POINT('',(17.875,36.5,13.));
#4677 = VECTOR('',#4678,1.);
#4678 = DIRECTION('',(-1.,0.,0.));
#4679 = ORIENTED_EDGE('',*,*,#4680,.T.);
#4680 = EDGE_CURVE('',#4673,#4681,#4683,.T.);
#4681 = VERTEX_POINT('',#4682);
#4682 = CARTESIAN_POINT('',(25.25,38.5,13.));
#4683 = LINE('',#4684,#4685);
#4684 = CARTESIAN_POINT('',(25.25,29.75,13.));
#4685 = VECTOR('',#4686,1.);
#4686 = DIRECTION('',(0.,1.,0.));
#4687 = ORIENTED_EDGE('',*,*,#4688,.F.);
#4688 = EDGE_CURVE('',#4689,#4681,#4691,.T.);
#4689 = VERTEX_POINT('',#4690);
#4690 = CARTESIAN_POINT('',(26.3,38.5,13.));
#4691 = LINE('',#4692,#4693);
#4692 = CARTESIAN_POINT('',(17.875,38.5,13.));
#4693 = VECTOR('',#4694,1.);
#4694 = DIRECTION('',(-1.,0.,0.));
#4695 = ORIENTED_EDGE('',*,*,#4696,.F.);
#4696 = EDGE_CURVE('',#4671,#4689,#4697,.T.);
#4697 = LINE('',#4698,#4699);
#4698 = CARTESIAN_POINT('',(26.3,29.75,13.));
#4699 = VECTOR('',#4700,1.);
#4700 = DIRECTION('',(0.,1.,0.));
#4701 = PLANE('',#4702);
#4702 = AXIS2_PLACEMENT_3D('',#4703,#4704,#4705);
#4703 = CARTESIAN_POINT('',(10.5,23.,13.));
#4704 = DIRECTION('',(0.,0.,1.));
#4705 = DIRECTION('',(1.,0.,0.));
#4706 = ADVANCED_FACE('',(#4707),#4773,.F.);
#4707 = FACE_BOUND('',#4708,.F.);
#4708 = EDGE_LOOP('',(#4709,#4710,#4711,#4712,#4720,#4728,#4736,#4744,
    #4752,#4760,#4766,#4767));
#4709 = ORIENTED_EDGE('',*,*,#4287,.F.);
#4710 = ORIENTED_EDGE('',*,*,#3687,.F.);
#4711 = ORIENTED_EDGE('',*,*,#4603,.F.);
#4712 = ORIENTED_EDGE('',*,*,#4713,.T.);
#4713 = EDGE_CURVE('',#4604,#4714,#4716,.T.);
#4714 = VERTEX_POINT('',#4715);
#4715 = CARTESIAN_POINT('',(5.2,40.12,12.4));
#4716 = LINE('',#4717,#4718);
#4717 = CARTESIAN_POINT('',(5.2,40.12,11.395));
#4718 = VECTOR('',#4719,1.);
#4719 = DIRECTION('',(0.,0.,-1.));
#4720 = ORIENTED_EDGE('',*,*,#4721,.T.);
#4721 = EDGE_CURVE('',#4714,#4722,#4724,.T.);
#4722 = VERTEX_POINT('',#4723);
#4723 = CARTESIAN_POINT('',(6.6,40.12,12.4));
#4724 = LINE('',#4725,#4726);
#4725 = CARTESIAN_POINT('',(1.35,40.12,12.4));
#4726 = VECTOR('',#4727,1.);
#4727 = DIRECTION('',(1.,0.,0.));
#4728 = ORIENTED_EDGE('',*,*,#4729,.T.);
#4729 = EDGE_CURVE('',#4722,#4730,#4732,.T.);
#4730 = VERTEX_POINT('',#4731);
#4731 = CARTESIAN_POINT('',(6.6,40.12,11.6));
#4732 = LINE('',#4733,#4734);
#4733 = CARTESIAN_POINT('',(6.6,40.12,10.995));
#4734 = VECTOR('',#4735,1.);
#4735 = DIRECTION('',(0.,0.,-1.));
#4736 = ORIENTED_EDGE('',*,*,#4737,.T.);
#4737 = EDGE_CURVE('',#4730,#4738,#4740,.T.);
#4738 = VERTEX_POINT('',#4739);
#4739 = CARTESIAN_POINT('',(21.8,40.12,11.6));
#4740 = LINE('',#4741,#4742);
#4741 = CARTESIAN_POINT('',(2.05,40.12,11.6));
#4742 = VECTOR('',#4743,1.);
#4743 = DIRECTION('',(1.,0.,0.));
#4744 = ORIENTED_EDGE('',*,*,#4745,.F.);
#4745 = EDGE_CURVE('',#4746,#4738,#4748,.T.);
#4746 = VERTEX_POINT('',#4747);
#4747 = CARTESIAN_POINT('',(21.8,40.12,12.4));
#4748 = LINE('',#4749,#4750);
#4749 = CARTESIAN_POINT('',(21.8,40.12,10.995));
#4750 = VECTOR('',#4751,1.);
#4751 = DIRECTION('',(0.,0.,-1.));
#4752 = ORIENTED_EDGE('',*,*,#4753,.T.);
#4753 = EDGE_CURVE('',#4746,#4754,#4756,.T.);
#4754 = VERTEX_POINT('',#4755);
#4755 = CARTESIAN_POINT('',(23.2,40.12,12.4));
#4756 = LINE('',#4757,#4758);
#4757 = CARTESIAN_POINT('',(1.35,40.12,12.4));
#4758 = VECTOR('',#4759,1.);
#4759 = DIRECTION('',(1.,0.,0.));
#4760 = ORIENTED_EDGE('',*,*,#4761,.F.);
#4761 = EDGE_CURVE('',#4528,#4754,#4762,.T.);
#4762 = LINE('',#4763,#4764);
#4763 = CARTESIAN_POINT('',(23.2,40.12,11.395));
#4764 = VECTOR('',#4765,1.);
#4765 = DIRECTION('',(0.,0.,-1.));
#4766 = ORIENTED_EDGE('',*,*,#4535,.F.);
#4767 = ORIENTED_EDGE('',*,*,#4768,.F.);
#4768 = EDGE_CURVE('',#4279,#4536,#4769,.T.);
#4769 = LINE('',#4770,#4771);
#4770 = CARTESIAN_POINT('',(23.5,40.12,10.39));
#4771 = VECTOR('',#4772,1.);
#4772 = DIRECTION('',(0.,0.,1.));
#4773 = PLANE('',#4774);
#4774 = AXIS2_PLACEMENT_3D('',#4775,#4776,#4777);
#4775 = CARTESIAN_POINT('',(-2.5,40.12,10.39));
#4776 = DIRECTION('',(0.,1.,0.));
#4777 = DIRECTION('',(0.,0.,1.));
#4778 = ADVANCED_FACE('',(#4779),#4790,.F.);
#4779 = FACE_BOUND('',#4780,.F.);
#4780 = EDGE_LOOP('',(#4781,#4782,#4788,#4789));
#4781 = ORIENTED_EDGE('',*,*,#4296,.F.);
#4782 = ORIENTED_EDGE('',*,*,#4783,.T.);
#4783 = EDGE_CURVE('',#4297,#4586,#4784,.T.);
#4784 = LINE('',#4785,#4786);
#4785 = CARTESIAN_POINT('',(-2.5,40.12,10.39));
#4786 = VECTOR('',#4787,1.);
#4787 = DIRECTION('',(0.,0.,1.));
#4788 = ORIENTED_EDGE('',*,*,#4594,.F.);
#4789 = ORIENTED_EDGE('',*,*,#3760,.T.);
#4790 = PLANE('',#4791);
#4791 = AXIS2_PLACEMENT_3D('',#4792,#4793,#4794);
#4792 = CARTESIAN_POINT('',(-2.5,40.12,10.39));
#4793 = DIRECTION('',(0.,1.,0.));
#4794 = DIRECTION('',(0.,0.,1.));
#4795 = ADVANCED_FACE('',(#4796),#4802,.T.);
#4796 = FACE_BOUND('',#4797,.T.);
#4797 = EDGE_LOOP('',(#4798,#4799,#4800,#4801));
#4798 = ORIENTED_EDGE('',*,*,#3878,.F.);
#4799 = ORIENTED_EDGE('',*,*,#3912,.F.);
#4800 = ORIENTED_EDGE('',*,*,#3823,.T.);
#4801 = ORIENTED_EDGE('',*,*,#4346,.F.);
#4802 = PLANE('',#4803);
#4803 = AXIS2_PLACEMENT_3D('',#4804,#4805,#4806);
#4804 = CARTESIAN_POINT('',(24.1,36.5,12.2));
#4805 = DIRECTION('',(0.,0.,1.));
#4806 = DIRECTION('',(1.,0.,0.));
#4807 = ADVANCED_FACE('',(#4808),#4815,.F.);
#4808 = FACE_BOUND('',#4809,.T.);
#4809 = EDGE_LOOP('',(#4810,#4811,#4812,#4813,#4814));
#4810 = ORIENTED_EDGE('',*,*,#4278,.T.);
#4811 = ORIENTED_EDGE('',*,*,#3886,.T.);
#4812 = ORIENTED_EDGE('',*,*,#4352,.T.);
#4813 = ORIENTED_EDGE('',*,*,#4543,.F.);
#4814 = ORIENTED_EDGE('',*,*,#4768,.F.);
#4815 = CYLINDRICAL_SURFACE('',#4816,1.62);
#4816 = AXIS2_PLACEMENT_3D('',#4817,#4818,#4819);
#4817 = CARTESIAN_POINT('',(23.5,38.5,10.39));
#4818 = DIRECTION('',(-0.,-0.,-1.));
#4819 = DIRECTION('',(1.,0.,0.));
#4820 = ADVANCED_FACE('',(#4821),#4846,.T.);
#4821 = FACE_BOUND('',#4822,.T.);
#4822 = EDGE_LOOP('',(#4823,#4824,#4830,#4831,#4839,#4845));
#4823 = ORIENTED_EDGE('',*,*,#4176,.F.);
#4824 = ORIENTED_EDGE('',*,*,#4825,.T.);
#4825 = EDGE_CURVE('',#4168,#4620,#4826,.T.);
#4826 = LINE('',#4827,#4828);
#4827 = CARTESIAN_POINT('',(-2.5,41.32,10.4));
#4828 = VECTOR('',#4829,1.);
#4829 = DIRECTION('',(0.,0.,1.));
#4830 = ORIENTED_EDGE('',*,*,#4619,.T.);
#4831 = ORIENTED_EDGE('',*,*,#4832,.T.);
#4832 = EDGE_CURVE('',#4612,#4833,#4835,.T.);
#4833 = VERTEX_POINT('',#4834);
#4834 = CARTESIAN_POINT('',(5.2,41.32,12.4));
#4835 = LINE('',#4836,#4837);
#4836 = CARTESIAN_POINT('',(5.2,41.32,11.4));
#4837 = VECTOR('',#4838,1.);
#4838 = DIRECTION('',(0.,0.,-1.));
#4839 = ORIENTED_EDGE('',*,*,#4840,.T.);
#4840 = EDGE_CURVE('',#4833,#3937,#4841,.T.);
#4841 = LINE('',#4842,#4843);
#4842 = CARTESIAN_POINT('',(1.35,41.32,12.4));
#4843 = VECTOR('',#4844,1.);
#4844 = DIRECTION('',(1.,0.,0.));
#4845 = ORIENTED_EDGE('',*,*,#3936,.T.);
#4846 = PLANE('',#4847);
#4847 = AXIS2_PLACEMENT_3D('',#4848,#4849,#4850);
#4848 = CARTESIAN_POINT('',(-2.5,41.32,10.4));
#4849 = DIRECTION('',(0.,1.,0.));
#4850 = DIRECTION('',(0.,0.,1.));
#4851 = ADVANCED_FACE('',(#4852),#4907,.T.);
#4852 = FACE_BOUND('',#4853,.T.);
#4853 = EDGE_LOOP('',(#4854,#4855,#4856,#4862,#4863,#4871,#4879,#4885,
    #4886,#4894,#4900,#4901));
#4854 = ORIENTED_EDGE('',*,*,#3944,.F.);
#4855 = ORIENTED_EDGE('',*,*,#4840,.F.);
#4856 = ORIENTED_EDGE('',*,*,#4857,.F.);
#4857 = EDGE_CURVE('',#4714,#4833,#4858,.T.);
#4858 = LINE('',#4859,#4860);
#4859 = CARTESIAN_POINT('',(5.2,39.3,12.4));
#4860 = VECTOR('',#4861,1.);
#4861 = DIRECTION('',(0.,1.,0.));
#4862 = ORIENTED_EDGE('',*,*,#4721,.T.);
#4863 = ORIENTED_EDGE('',*,*,#4864,.F.);
#4864 = EDGE_CURVE('',#4865,#4722,#4867,.T.);
#4865 = VERTEX_POINT('',#4866);
#4866 = CARTESIAN_POINT('',(6.6,39.4,12.4));
#4867 = LINE('',#4868,#4869);
#4868 = CARTESIAN_POINT('',(6.6,39.4,12.4));
#4869 = VECTOR('',#4870,1.);
#4870 = DIRECTION('',(0.,1.,0.));
#4871 = ORIENTED_EDGE('',*,*,#4872,.T.);
#4872 = EDGE_CURVE('',#4865,#4873,#4875,.T.);
#4873 = VERTEX_POINT('',#4874);
#4874 = CARTESIAN_POINT('',(21.8,39.4,12.4));
#4875 = LINE('',#4876,#4877);
#4876 = CARTESIAN_POINT('',(6.6,39.4,12.4));
#4877 = VECTOR('',#4878,1.);
#4878 = DIRECTION('',(1.,0.,0.));
#4879 = ORIENTED_EDGE('',*,*,#4880,.T.);
#4880 = EDGE_CURVE('',#4873,#4746,#4881,.T.);
#4881 = LINE('',#4882,#4883);
#4882 = CARTESIAN_POINT('',(21.8,39.4,12.4));
#4883 = VECTOR('',#4884,1.);
#4884 = DIRECTION('',(0.,1.,0.));
#4885 = ORIENTED_EDGE('',*,*,#4753,.T.);
#4886 = ORIENTED_EDGE('',*,*,#4887,.T.);
#4887 = EDGE_CURVE('',#4754,#4888,#4890,.T.);
#4888 = VERTEX_POINT('',#4889);
#4889 = CARTESIAN_POINT('',(23.2,41.32,12.4));
#4890 = LINE('',#4891,#4892);
#4891 = CARTESIAN_POINT('',(23.2,39.3,12.4));
#4892 = VECTOR('',#4893,1.);
#4893 = DIRECTION('',(0.,1.,0.));
#4894 = ORIENTED_EDGE('',*,*,#4895,.F.);
#4895 = EDGE_CURVE('',#4035,#4888,#4896,.T.);
#4896 = LINE('',#4897,#4898);
#4897 = CARTESIAN_POINT('',(1.35,41.32,12.4));
#4898 = VECTOR('',#4899,1.);
#4899 = DIRECTION('',(1.,0.,0.));
#4900 = ORIENTED_EDGE('',*,*,#4034,.T.);
#4901 = ORIENTED_EDGE('',*,*,#4902,.F.);
#4902 = EDGE_CURVE('',#3945,#4027,#4903,.T.);
#4903 = LINE('',#4904,#4905);
#4904 = CARTESIAN_POINT('',(6.6,45.4,12.4));
#4905 = VECTOR('',#4906,1.);
#4906 = DIRECTION('',(1.,0.,0.));
#4907 = PLANE('',#4908);
#4908 = AXIS2_PLACEMENT_3D('',#4909,#4910,#4911);
#4909 = CARTESIAN_POINT('',(14.2,42.204,12.4));
#4910 = DIRECTION('',(0.,0.,1.));
#4911 = DIRECTION('',(1.,0.,0.));
#4912 = ADVANCED_FACE('',(#4913),#4919,.T.);
#4913 = FACE_BOUND('',#4914,.T.);
#4914 = EDGE_LOOP('',(#4915,#4916,#4917,#4918));
#4915 = ORIENTED_EDGE('',*,*,#4105,.F.);
#4916 = ORIENTED_EDGE('',*,*,#3952,.T.);
#4917 = ORIENTED_EDGE('',*,*,#4902,.T.);
#4918 = ORIENTED_EDGE('',*,*,#4026,.F.);
#4919 = PLANE('',#4920);
#4920 = AXIS2_PLACEMENT_3D('',#4921,#4922,#4923);
#4921 = CARTESIAN_POINT('',(6.6,45.4,11.6));
#4922 = DIRECTION('',(0.,1.,0.));
#4923 = DIRECTION('',(0.,0.,1.));
#4924 = ADVANCED_FACE('',(#4925),#4931,.F.);
#4925 = FACE_BOUND('',#4926,.F.);
#4926 = EDGE_LOOP('',(#4927,#4928,#4929,#4930));
#4927 = ORIENTED_EDGE('',*,*,#4001,.F.);
#4928 = ORIENTED_EDGE('',*,*,#4120,.F.);
#4929 = ORIENTED_EDGE('',*,*,#3977,.T.);
#4930 = ORIENTED_EDGE('',*,*,#4183,.T.);
#4931 = PLANE('',#4932);
#4932 = AXIS2_PLACEMENT_3D('',#4933,#4934,#4935);
#4933 = CARTESIAN_POINT('',(6.6,40.4,9.8));
#4934 = DIRECTION('',(0.,1.,0.));
#4935 = DIRECTION('',(0.,0.,1.));
#4936 = ADVANCED_FACE('',(#4937),#4955,.T.);
#4937 = FACE_BOUND('',#4938,.T.);
#4938 = EDGE_LOOP('',(#4939,#4940,#4941,#4947,#4948,#4954));
#4939 = ORIENTED_EDGE('',*,*,#4042,.F.);
#4940 = ORIENTED_EDGE('',*,*,#4895,.T.);
#4941 = ORIENTED_EDGE('',*,*,#4942,.F.);
#4942 = EDGE_CURVE('',#4520,#4888,#4943,.T.);
#4943 = LINE('',#4944,#4945);
#4944 = CARTESIAN_POINT('',(23.2,41.32,11.4));
#4945 = VECTOR('',#4946,1.);
#4946 = DIRECTION('',(0.,0.,-1.));
#4947 = ORIENTED_EDGE('',*,*,#4519,.T.);
#4948 = ORIENTED_EDGE('',*,*,#4949,.F.);
#4949 = EDGE_CURVE('',#4191,#4511,#4950,.T.);
#4950 = LINE('',#4951,#4952);
#4951 = CARTESIAN_POINT('',(23.5,41.32,10.4));
#4952 = VECTOR('',#4953,1.);
#4953 = DIRECTION('',(0.,0.,1.));
#4954 = ORIENTED_EDGE('',*,*,#4190,.F.);
#4955 = PLANE('',#4956);
#4956 = AXIS2_PLACEMENT_3D('',#4957,#4958,#4959);
#4957 = CARTESIAN_POINT('',(-2.5,41.32,10.4));
#4958 = DIRECTION('',(0.,1.,0.));
#4959 = DIRECTION('',(0.,0.,1.));
#4960 = ADVANCED_FACE('',(#4961),#4977,.T.);
#4961 = FACE_BOUND('',#4962,.F.);
#4962 = EDGE_LOOP('',(#4963,#4969,#4970,#4976));
#4963 = ORIENTED_EDGE('',*,*,#4964,.F.);
#4964 = EDGE_CURVE('',#4151,#4477,#4965,.T.);
#4965 = LINE('',#4966,#4967);
#4966 = CARTESIAN_POINT('',(-2.5,4.68,10.4));
#4967 = VECTOR('',#4968,1.);
#4968 = DIRECTION('',(0.,0.,1.));
#4969 = ORIENTED_EDGE('',*,*,#4148,.F.);
#4970 = ORIENTED_EDGE('',*,*,#4971,.T.);
#4971 = EDGE_CURVE('',#4149,#4467,#4972,.T.);
#4972 = LINE('',#4973,#4974);
#4973 = CARTESIAN_POINT('',(-5.32,7.5,10.4));
#4974 = VECTOR('',#4975,1.);
#4975 = DIRECTION('',(0.,0.,1.));
#4976 = ORIENTED_EDGE('',*,*,#4476,.T.);
#4977 = CYLINDRICAL_SURFACE('',#4978,2.82);
#4978 = AXIS2_PLACEMENT_3D('',#4979,#4980,#4981);
#4979 = CARTESIAN_POINT('',(-2.5,7.5,10.4));
#4980 = DIRECTION('',(-0.,-0.,-1.));
#4981 = DIRECTION('',(1.,0.,0.));
#4982 = ADVANCED_FACE('',(#4983),#4994,.F.);
#4983 = FACE_BOUND('',#4984,.F.);
#4984 = EDGE_LOOP('',(#4985,#4986,#4987,#4988));
#4985 = ORIENTED_EDGE('',*,*,#4224,.F.);
#4986 = ORIENTED_EDGE('',*,*,#4964,.T.);
#4987 = ORIENTED_EDGE('',*,*,#4485,.T.);
#4988 = ORIENTED_EDGE('',*,*,#4989,.F.);
#4989 = EDGE_CURVE('',#4216,#4486,#4990,.T.);
#4990 = LINE('',#4991,#4992);
#4991 = CARTESIAN_POINT('',(23.5,4.68,10.4));
#4992 = VECTOR('',#4993,1.);
#4993 = DIRECTION('',(0.,0.,1.));
#4994 = PLANE('',#4995);
#4995 = AXIS2_PLACEMENT_3D('',#4996,#4997,#4998);
#4996 = CARTESIAN_POINT('',(-2.5,4.68,10.4));
#4997 = DIRECTION('',(0.,1.,0.));
#4998 = DIRECTION('',(0.,0.,1.));
#4999 = ADVANCED_FACE('',(#5000),#5011,.T.);
#5000 = FACE_BOUND('',#5001,.F.);
#5001 = EDGE_LOOP('',(#5002,#5008,#5009,#5010));
#5002 = ORIENTED_EDGE('',*,*,#5003,.F.);
#5003 = EDGE_CURVE('',#4208,#4494,#5004,.T.);
#5004 = LINE('',#5005,#5006);
#5005 = CARTESIAN_POINT('',(26.32,7.5,10.4));
#5006 = VECTOR('',#5007,1.);
#5007 = DIRECTION('',(0.,0.,1.));
#5008 = ORIENTED_EDGE('',*,*,#4215,.F.);
#5009 = ORIENTED_EDGE('',*,*,#4989,.T.);
#5010 = ORIENTED_EDGE('',*,*,#4493,.T.);
#5011 = CYLINDRICAL_SURFACE('',#5012,2.82);
#5012 = AXIS2_PLACEMENT_3D('',#5013,#5014,#5015);
#5013 = CARTESIAN_POINT('',(23.5,7.5,10.4));
#5014 = DIRECTION('',(-0.,-0.,-1.));
#5015 = DIRECTION('',(1.,0.,0.));
#5016 = ADVANCED_FACE('',(#5017,#5028,#5062),#5096,.T.);
#5017 = FACE_BOUND('',#5018,.T.);
#5018 = EDGE_LOOP('',(#5019,#5020,#5021,#5027));
#5019 = ORIENTED_EDGE('',*,*,#5003,.F.);
#5020 = ORIENTED_EDGE('',*,*,#4207,.T.);
#5021 = ORIENTED_EDGE('',*,*,#5022,.T.);
#5022 = EDGE_CURVE('',#4199,#4503,#5023,.T.);
#5023 = LINE('',#5024,#5025);
#5024 = CARTESIAN_POINT('',(26.32,38.5,10.4));
#5025 = VECTOR('',#5026,1.);
#5026 = DIRECTION('',(0.,0.,1.));
#5027 = ORIENTED_EDGE('',*,*,#4502,.F.);
#5028 = FACE_BOUND('',#5029,.T.);
#5029 = EDGE_LOOP('',(#5030,#5040,#5048,#5056));
#5030 = ORIENTED_EDGE('',*,*,#5031,.F.);
#5031 = EDGE_CURVE('',#5032,#5034,#5036,.T.);
#5032 = VERTEX_POINT('',#5033);
#5033 = CARTESIAN_POINT('',(26.32,31.,11.72));
#5034 = VERTEX_POINT('',#5035);
#5035 = CARTESIAN_POINT('',(26.32,36.,11.72));
#5036 = LINE('',#5037,#5038);
#5037 = CARTESIAN_POINT('',(26.32,19.25,11.72));
#5038 = VECTOR('',#5039,1.);
#5039 = DIRECTION('',(0.,1.,0.));
#5040 = ORIENTED_EDGE('',*,*,#5041,.F.);
#5041 = EDGE_CURVE('',#5042,#5032,#5044,.T.);
#5042 = VERTEX_POINT('',#5043);
#5043 = CARTESIAN_POINT('',(26.32,31.,12.58));
#5044 = LINE('',#5045,#5046);
#5045 = CARTESIAN_POINT('',(26.32,31.,11.275));
#5046 = VECTOR('',#5047,1.);
#5047 = DIRECTION('',(0.,0.,-1.));
#5048 = ORIENTED_EDGE('',*,*,#5049,.F.);
#5049 = EDGE_CURVE('',#5050,#5042,#5052,.T.);
#5050 = VERTEX_POINT('',#5051);
#5051 = CARTESIAN_POINT('',(26.32,36.,12.58));
#5052 = LINE('',#5053,#5054);
#5053 = CARTESIAN_POINT('',(26.32,19.25,12.58));
#5054 = VECTOR('',#5055,1.);
#5055 = DIRECTION('',(0.,-1.,0.));
#5056 = ORIENTED_EDGE('',*,*,#5057,.T.);
#5057 = EDGE_CURVE('',#5050,#5034,#5058,.T.);
#5058 = LINE('',#5059,#5060);
#5059 = CARTESIAN_POINT('',(26.32,36.,11.275));
#5060 = VECTOR('',#5061,1.);
#5061 = DIRECTION('',(0.,0.,-1.));
#5062 = FACE_BOUND('',#5063,.T.);
#5063 = EDGE_LOOP('',(#5064,#5074,#5082,#5090));
#5064 = ORIENTED_EDGE('',*,*,#5065,.F.);
#5065 = EDGE_CURVE('',#5066,#5068,#5070,.T.);
#5066 = VERTEX_POINT('',#5067);
#5067 = CARTESIAN_POINT('',(26.32,12.,11.72));
#5068 = VERTEX_POINT('',#5069);
#5069 = CARTESIAN_POINT('',(26.32,17.,11.72));
#5070 = LINE('',#5071,#5072);
#5071 = CARTESIAN_POINT('',(26.32,9.75,11.72));
#5072 = VECTOR('',#5073,1.);
#5073 = DIRECTION('',(0.,1.,0.));
#5074 = ORIENTED_EDGE('',*,*,#5075,.F.);
#5075 = EDGE_CURVE('',#5076,#5066,#5078,.T.);
#5076 = VERTEX_POINT('',#5077);
#5077 = CARTESIAN_POINT('',(26.32,12.,12.58));
#5078 = LINE('',#5079,#5080);
#5079 = CARTESIAN_POINT('',(26.32,12.,11.275));
#5080 = VECTOR('',#5081,1.);
#5081 = DIRECTION('',(0.,0.,-1.));
#5082 = ORIENTED_EDGE('',*,*,#5083,.F.);
#5083 = EDGE_CURVE('',#5084,#5076,#5086,.T.);
#5084 = VERTEX_POINT('',#5085);
#5085 = CARTESIAN_POINT('',(26.32,17.,12.58));
#5086 = LINE('',#5087,#5088);
#5087 = CARTESIAN_POINT('',(26.32,9.75,12.58));
#5088 = VECTOR('',#5089,1.);
#5089 = DIRECTION('',(0.,-1.,0.));
#5090 = ORIENTED_EDGE('',*,*,#5091,.T.);
#5091 = EDGE_CURVE('',#5084,#5068,#5092,.T.);
#5092 = LINE('',#5093,#5094);
#5093 = CARTESIAN_POINT('',(26.32,17.,11.275));
#5094 = VECTOR('',#5095,1.);
#5095 = DIRECTION('',(0.,0.,-1.));
#5096 = PLANE('',#5097);
#5097 = AXIS2_PLACEMENT_3D('',#5098,#5099,#5100);
#5098 = CARTESIAN_POINT('',(26.32,7.5,10.4));
#5099 = DIRECTION('',(1.,0.,0.));
#5100 = DIRECTION('',(0.,0.,1.));
#5101 = ADVANCED_FACE('',(#5102),#5108,.T.);
#5102 = FACE_BOUND('',#5103,.F.);
#5103 = EDGE_LOOP('',(#5104,#5105,#5106,#5107));
#5104 = ORIENTED_EDGE('',*,*,#4198,.F.);
#5105 = ORIENTED_EDGE('',*,*,#5022,.T.);
#5106 = ORIENTED_EDGE('',*,*,#4510,.T.);
#5107 = ORIENTED_EDGE('',*,*,#4949,.F.);
#5108 = CYLINDRICAL_SURFACE('',#5109,2.82);
#5109 = AXIS2_PLACEMENT_3D('',#5110,#5111,#5112);
#5110 = CARTESIAN_POINT('',(23.5,38.5,10.4));
#5111 = DIRECTION('',(-0.,-0.,-1.));
#5112 = DIRECTION('',(1.,0.,0.));
#5113 = ADVANCED_FACE('',(#5114),#5125,.T.);
#5114 = FACE_BOUND('',#5115,.F.);
#5115 = EDGE_LOOP('',(#5116,#5117,#5118,#5119));
#5116 = ORIENTED_EDGE('',*,*,#4167,.F.);
#5117 = ORIENTED_EDGE('',*,*,#4825,.T.);
#5118 = ORIENTED_EDGE('',*,*,#4627,.T.);
#5119 = ORIENTED_EDGE('',*,*,#5120,.F.);
#5120 = EDGE_CURVE('',#4160,#4469,#5121,.T.);
#5121 = LINE('',#5122,#5123);
#5122 = CARTESIAN_POINT('',(-5.32,38.5,10.4));
#5123 = VECTOR('',#5124,1.);
#5124 = DIRECTION('',(0.,0.,1.));
#5125 = CYLINDRICAL_SURFACE('',#5126,2.82);
#5126 = AXIS2_PLACEMENT_3D('',#5127,#5128,#5129);
#5127 = CARTESIAN_POINT('',(-2.5,38.5,10.4));
#5128 = DIRECTION('',(-0.,-0.,-1.));
#5129 = DIRECTION('',(1.,0.,0.));
#5130 = ADVANCED_FACE('',(#5131,#5137,#5171),#5205,.F.);
#5131 = FACE_BOUND('',#5132,.F.);
#5132 = EDGE_LOOP('',(#5133,#5134,#5135,#5136));
#5133 = ORIENTED_EDGE('',*,*,#4971,.F.);
#5134 = ORIENTED_EDGE('',*,*,#4159,.T.);
#5135 = ORIENTED_EDGE('',*,*,#5120,.T.);
#5136 = ORIENTED_EDGE('',*,*,#4466,.F.);
#5137 = FACE_BOUND('',#5138,.F.);
#5138 = EDGE_LOOP('',(#5139,#5149,#5157,#5165));
#5139 = ORIENTED_EDGE('',*,*,#5140,.F.);
#5140 = EDGE_CURVE('',#5141,#5143,#5145,.T.);
#5141 = VERTEX_POINT('',#5142);
#5142 = CARTESIAN_POINT('',(-5.32,36.,11.72));
#5143 = VERTEX_POINT('',#5144);
#5144 = CARTESIAN_POINT('',(-5.32,36.,12.58));
#5145 = LINE('',#5146,#5147);
#5146 = CARTESIAN_POINT('',(-5.32,36.,11.275));
#5147 = VECTOR('',#5148,1.);
#5148 = DIRECTION('',(0.,0.,1.));
#5149 = ORIENTED_EDGE('',*,*,#5150,.T.);
#5150 = EDGE_CURVE('',#5141,#5151,#5153,.T.);
#5151 = VERTEX_POINT('',#5152);
#5152 = CARTESIAN_POINT('',(-5.32,31.,11.72));
#5153 = LINE('',#5154,#5155);
#5154 = CARTESIAN_POINT('',(-5.32,19.25,11.72));
#5155 = VECTOR('',#5156,1.);
#5156 = DIRECTION('',(0.,-1.,0.));
#5157 = ORIENTED_EDGE('',*,*,#5158,.T.);
#5158 = EDGE_CURVE('',#5151,#5159,#5161,.T.);
#5159 = VERTEX_POINT('',#5160);
#5160 = CARTESIAN_POINT('',(-5.32,31.,12.58));
#5161 = LINE('',#5162,#5163);
#5162 = CARTESIAN_POINT('',(-5.32,31.,11.275));
#5163 = VECTOR('',#5164,1.);
#5164 = DIRECTION('',(0.,0.,1.));
#5165 = ORIENTED_EDGE('',*,*,#5166,.T.);
#5166 = EDGE_CURVE('',#5159,#5143,#5167,.T.);
#5167 = LINE('',#5168,#5169);
#5168 = CARTESIAN_POINT('',(-5.32,19.25,12.58));
#5169 = VECTOR('',#5170,1.);
#5170 = DIRECTION('',(0.,1.,0.));
#5171 = FACE_BOUND('',#5172,.F.);
#5172 = EDGE_LOOP('',(#5173,#5183,#5191,#5199));
#5173 = ORIENTED_EDGE('',*,*,#5174,.F.);
#5174 = EDGE_CURVE('',#5175,#5177,#5179,.T.);
#5175 = VERTEX_POINT('',#5176);
#5176 = CARTESIAN_POINT('',(-5.32,17.,11.72));
#5177 = VERTEX_POINT('',#5178);
#5178 = CARTESIAN_POINT('',(-5.32,17.,12.58));
#5179 = LINE('',#5180,#5181);
#5180 = CARTESIAN_POINT('',(-5.32,17.,11.275));
#5181 = VECTOR('',#5182,1.);
#5182 = DIRECTION('',(0.,0.,1.));
#5183 = ORIENTED_EDGE('',*,*,#5184,.T.);
#5184 = EDGE_CURVE('',#5175,#5185,#5187,.T.);
#5185 = VERTEX_POINT('',#5186);
#5186 = CARTESIAN_POINT('',(-5.32,12.,11.72));
#5187 = LINE('',#5188,#5189);
#5188 = CARTESIAN_POINT('',(-5.32,9.75,11.72));
#5189 = VECTOR('',#5190,1.);
#5190 = DIRECTION('',(0.,-1.,0.));
#5191 = ORIENTED_EDGE('',*,*,#5192,.T.);
#5192 = EDGE_CURVE('',#5185,#5193,#5195,.T.);
#5193 = VERTEX_POINT('',#5194);
#5194 = CARTESIAN_POINT('',(-5.32,12.,12.58));
#5195 = LINE('',#5196,#5197);
#5196 = CARTESIAN_POINT('',(-5.32,12.,11.275));
#5197 = VECTOR('',#5198,1.);
#5198 = DIRECTION('',(0.,0.,1.));
#5199 = ORIENTED_EDGE('',*,*,#5200,.T.);
#5200 = EDGE_CURVE('',#5193,#5177,#5201,.T.);
#5201 = LINE('',#5202,#5203);
#5202 = CARTESIAN_POINT('',(-5.32,9.75,12.58));
#5203 = VECTOR('',#5204,1.);
#5204 = DIRECTION('',(0.,1.,0.));
#5205 = PLANE('',#5206);
#5206 = AXIS2_PLACEMENT_3D('',#5207,#5208,#5209);
#5207 = CARTESIAN_POINT('',(-5.32,7.5,10.4));
#5208 = DIRECTION('',(1.,0.,0.));
#5209 = DIRECTION('',(0.,0.,1.));
#5210 = ADVANCED_FACE('',(#5211),#5227,.F.);
#5211 = FACE_BOUND('',#5212,.T.);
#5212 = EDGE_LOOP('',(#5213,#5219,#5220,#5226));
#5213 = ORIENTED_EDGE('',*,*,#5214,.F.);
#5214 = EDGE_CURVE('',#4233,#4561,#5215,.T.);
#5215 = LINE('',#5216,#5217);
#5216 = CARTESIAN_POINT('',(-2.5,5.88,10.39));
#5217 = VECTOR('',#5218,1.);
#5218 = DIRECTION('',(0.,0.,1.));
#5219 = ORIENTED_EDGE('',*,*,#4232,.T.);
#5220 = ORIENTED_EDGE('',*,*,#5221,.T.);
#5221 = EDGE_CURVE('',#4235,#4569,#5222,.T.);
#5222 = LINE('',#5223,#5224);
#5223 = CARTESIAN_POINT('',(-4.12,7.5,10.39));
#5224 = VECTOR('',#5225,1.);
#5225 = DIRECTION('',(0.,0.,1.));
#5226 = ORIENTED_EDGE('',*,*,#4568,.F.);
#5227 = CYLINDRICAL_SURFACE('',#5228,1.62);
#5228 = AXIS2_PLACEMENT_3D('',#5229,#5230,#5231);
#5229 = CARTESIAN_POINT('',(-2.5,7.5,10.39));
#5230 = DIRECTION('',(-0.,-0.,-1.));
#5231 = DIRECTION('',(1.,0.,0.));
#5232 = ADVANCED_FACE('',(#5233),#5244,.T.);
#5233 = FACE_BOUND('',#5234,.T.);
#5234 = EDGE_LOOP('',(#5235,#5236,#5237,#5243));
#5235 = ORIENTED_EDGE('',*,*,#5221,.F.);
#5236 = ORIENTED_EDGE('',*,*,#4313,.F.);
#5237 = ORIENTED_EDGE('',*,*,#5238,.T.);
#5238 = EDGE_CURVE('',#4305,#4578,#5239,.T.);
#5239 = LINE('',#5240,#5241);
#5240 = CARTESIAN_POINT('',(-4.12,38.5,10.39));
#5241 = VECTOR('',#5242,1.);
#5242 = DIRECTION('',(0.,0.,1.));
#5243 = ORIENTED_EDGE('',*,*,#4577,.F.);
#5244 = PLANE('',#5245);
#5245 = AXIS2_PLACEMENT_3D('',#5246,#5247,#5248);
#5246 = CARTESIAN_POINT('',(-4.12,7.5,10.39));
#5247 = DIRECTION('',(1.,0.,0.));
#5248 = DIRECTION('',(0.,0.,1.));
#5249 = ADVANCED_FACE('',(#5250),#5256,.F.);
#5250 = FACE_BOUND('',#5251,.T.);
#5251 = EDGE_LOOP('',(#5252,#5253,#5254,#5255));
#5252 = ORIENTED_EDGE('',*,*,#4304,.T.);
#5253 = ORIENTED_EDGE('',*,*,#4783,.T.);
#5254 = ORIENTED_EDGE('',*,*,#4585,.F.);
#5255 = ORIENTED_EDGE('',*,*,#5238,.F.);
#5256 = CYLINDRICAL_SURFACE('',#5257,1.62);
#5257 = AXIS2_PLACEMENT_3D('',#5258,#5259,#5260);
#5258 = CARTESIAN_POINT('',(-2.5,38.5,10.39));
#5259 = DIRECTION('',(-0.,-0.,-1.));
#5260 = DIRECTION('',(1.,0.,0.));
#5261 = ADVANCED_FACE('',(#5262),#5273,.F.);
#5262 = FACE_BOUND('',#5263,.T.);
#5263 = EDGE_LOOP('',(#5264,#5265,#5266,#5272));
#5264 = ORIENTED_EDGE('',*,*,#4327,.F.);
#5265 = ORIENTED_EDGE('',*,*,#4251,.T.);
#5266 = ORIENTED_EDGE('',*,*,#5267,.T.);
#5267 = EDGE_CURVE('',#4244,#4552,#5268,.T.);
#5268 = LINE('',#5269,#5270);
#5269 = CARTESIAN_POINT('',(23.5,5.88,10.39));
#5270 = VECTOR('',#5271,1.);
#5271 = DIRECTION('',(0.,0.,1.));
#5272 = ORIENTED_EDGE('',*,*,#4551,.F.);
#5273 = CYLINDRICAL_SURFACE('',#5274,1.62);
#5274 = AXIS2_PLACEMENT_3D('',#5275,#5276,#5277);
#5275 = CARTESIAN_POINT('',(23.5,7.5,10.39));
#5276 = DIRECTION('',(-0.,-0.,-1.));
#5277 = DIRECTION('',(1.,0.,0.));
#5278 = ADVANCED_FACE('',(#5279),#5285,.T.);
#5279 = FACE_BOUND('',#5280,.T.);
#5280 = EDGE_LOOP('',(#5281,#5282,#5283,#5284));
#5281 = ORIENTED_EDGE('',*,*,#4243,.F.);
#5282 = ORIENTED_EDGE('',*,*,#5214,.T.);
#5283 = ORIENTED_EDGE('',*,*,#4560,.F.);
#5284 = ORIENTED_EDGE('',*,*,#5267,.F.);
#5285 = PLANE('',#5286);
#5286 = AXIS2_PLACEMENT_3D('',#5287,#5288,#5289);
#5287 = CARTESIAN_POINT('',(-2.5,5.88,10.39));
#5288 = DIRECTION('',(0.,1.,0.));
#5289 = DIRECTION('',(0.,0.,1.));
#5290 = ADVANCED_FACE('',(#5291),#5297,.T.);
#5291 = FACE_BOUND('',#5292,.T.);
#5292 = EDGE_LOOP('',(#5293,#5294,#5295,#5296));
#5293 = ORIENTED_EDGE('',*,*,#4713,.T.);
#5294 = ORIENTED_EDGE('',*,*,#4857,.T.);
#5295 = ORIENTED_EDGE('',*,*,#4832,.F.);
#5296 = ORIENTED_EDGE('',*,*,#4611,.F.);
#5297 = PLANE('',#5298);
#5298 = AXIS2_PLACEMENT_3D('',#5299,#5300,#5301);
#5299 = CARTESIAN_POINT('',(5.2,39.3,12.4));
#5300 = DIRECTION('',(1.,0.,0.));
#5301 = DIRECTION('',(0.,0.,1.));
#5302 = ADVANCED_FACE('',(#5303),#5309,.F.);
#5303 = FACE_BOUND('',#5304,.F.);
#5304 = EDGE_LOOP('',(#5305,#5306,#5307,#5308));
#5305 = ORIENTED_EDGE('',*,*,#4761,.T.);
#5306 = ORIENTED_EDGE('',*,*,#4887,.T.);
#5307 = ORIENTED_EDGE('',*,*,#4942,.F.);
#5308 = ORIENTED_EDGE('',*,*,#4527,.F.);
#5309 = PLANE('',#5310);
#5310 = AXIS2_PLACEMENT_3D('',#5311,#5312,#5313);
#5311 = CARTESIAN_POINT('',(23.2,39.3,12.4));
#5312 = DIRECTION('',(1.,0.,0.));
#5313 = DIRECTION('',(0.,0.,1.));
#5314 = ADVANCED_FACE('',(#5315),#5340,.F.);
#5315 = FACE_BOUND('',#5316,.F.);
#5316 = EDGE_LOOP('',(#5317,#5318,#5326,#5334));
#5317 = ORIENTED_EDGE('',*,*,#4636,.T.);
#5318 = ORIENTED_EDGE('',*,*,#5319,.T.);
#5319 = EDGE_CURVE('',#4639,#5320,#5322,.T.);
#5320 = VERTEX_POINT('',#5321);
#5321 = CARTESIAN_POINT('',(25.25,9.2,13.5));
#5322 = LINE('',#5323,#5324);
#5323 = CARTESIAN_POINT('',(25.25,9.2,7.9));
#5324 = VECTOR('',#5325,1.);
#5325 = DIRECTION('',(0.,0.,1.));
#5326 = ORIENTED_EDGE('',*,*,#5327,.T.);
#5327 = EDGE_CURVE('',#5320,#5328,#5330,.T.);
#5328 = VERTEX_POINT('',#5329);
#5329 = CARTESIAN_POINT('',(26.3,9.2,13.5));
#5330 = LINE('',#5331,#5332);
#5331 = CARTESIAN_POINT('',(25.25,9.2,13.5));
#5332 = VECTOR('',#5333,1.);
#5333 = DIRECTION('',(1.,0.,0.));
#5334 = ORIENTED_EDGE('',*,*,#5335,.F.);
#5335 = EDGE_CURVE('',#4637,#5328,#5336,.T.);
#5336 = LINE('',#5337,#5338);
#5337 = CARTESIAN_POINT('',(26.3,9.2,7.9));
#5338 = VECTOR('',#5339,1.);
#5339 = DIRECTION('',(0.,0.,1.));
#5340 = PLANE('',#5341);
#5341 = AXIS2_PLACEMENT_3D('',#5342,#5343,#5344);
#5342 = CARTESIAN_POINT('',(25.25,9.2,7.9));
#5343 = DIRECTION('',(0.,1.,0.));
#5344 = DIRECTION('',(0.,0.,1.));
#5345 = ADVANCED_FACE('',(#5346),#5364,.T.);
#5346 = FACE_BOUND('',#5347,.T.);
#5347 = EDGE_LOOP('',(#5348,#5349,#5350,#5358));
#5348 = ORIENTED_EDGE('',*,*,#5335,.F.);
#5349 = ORIENTED_EDGE('',*,*,#4662,.T.);
#5350 = ORIENTED_EDGE('',*,*,#5351,.T.);
#5351 = EDGE_CURVE('',#4655,#5352,#5354,.T.);
#5352 = VERTEX_POINT('',#5353);
#5353 = CARTESIAN_POINT('',(26.3,11.2,13.5));
#5354 = LINE('',#5355,#5356);
#5355 = CARTESIAN_POINT('',(26.3,11.2,7.9));
#5356 = VECTOR('',#5357,1.);
#5357 = DIRECTION('',(0.,0.,1.));
#5358 = ORIENTED_EDGE('',*,*,#5359,.F.);
#5359 = EDGE_CURVE('',#5328,#5352,#5360,.T.);
#5360 = LINE('',#5361,#5362);
#5361 = CARTESIAN_POINT('',(26.3,9.2,13.5));
#5362 = VECTOR('',#5363,1.);
#5363 = DIRECTION('',(0.,1.,0.));
#5364 = PLANE('',#5365);
#5365 = AXIS2_PLACEMENT_3D('',#5366,#5367,#5368);
#5366 = CARTESIAN_POINT('',(26.3,9.2,7.9));
#5367 = DIRECTION('',(1.,0.,0.));
#5368 = DIRECTION('',(0.,0.,1.));
#5369 = ADVANCED_FACE('',(#5370),#5388,.F.);
#5370 = FACE_BOUND('',#5371,.F.);
#5371 = EDGE_LOOP('',(#5372,#5373,#5374,#5382));
#5372 = ORIENTED_EDGE('',*,*,#5319,.F.);
#5373 = ORIENTED_EDGE('',*,*,#4646,.T.);
#5374 = ORIENTED_EDGE('',*,*,#5375,.T.);
#5375 = EDGE_CURVE('',#4647,#5376,#5378,.T.);
#5376 = VERTEX_POINT('',#5377);
#5377 = CARTESIAN_POINT('',(25.25,11.2,13.5));
#5378 = LINE('',#5379,#5380);
#5379 = CARTESIAN_POINT('',(25.25,11.2,7.9));
#5380 = VECTOR('',#5381,1.);
#5381 = DIRECTION('',(0.,0.,1.));
#5382 = ORIENTED_EDGE('',*,*,#5383,.F.);
#5383 = EDGE_CURVE('',#5320,#5376,#5384,.T.);
#5384 = LINE('',#5385,#5386);
#5385 = CARTESIAN_POINT('',(25.25,9.2,13.5));
#5386 = VECTOR('',#5387,1.);
#5387 = DIRECTION('',(0.,1.,0.));
#5388 = PLANE('',#5389);
#5389 = AXIS2_PLACEMENT_3D('',#5390,#5391,#5392);
#5390 = CARTESIAN_POINT('',(25.25,9.2,7.9));
#5391 = DIRECTION('',(1.,0.,0.));
#5392 = DIRECTION('',(0.,0.,1.));
#5393 = ADVANCED_FACE('',(#5394),#5405,.T.);
#5394 = FACE_BOUND('',#5395,.T.);
#5395 = EDGE_LOOP('',(#5396,#5397,#5398,#5404));
#5396 = ORIENTED_EDGE('',*,*,#4654,.T.);
#5397 = ORIENTED_EDGE('',*,*,#5375,.T.);
#5398 = ORIENTED_EDGE('',*,*,#5399,.T.);
#5399 = EDGE_CURVE('',#5376,#5352,#5400,.T.);
#5400 = LINE('',#5401,#5402);
#5401 = CARTESIAN_POINT('',(25.25,11.2,13.5));
#5402 = VECTOR('',#5403,1.);
#5403 = DIRECTION('',(1.,0.,0.));
#5404 = ORIENTED_EDGE('',*,*,#5351,.F.);
#5405 = PLANE('',#5406);
#5406 = AXIS2_PLACEMENT_3D('',#5407,#5408,#5409);
#5407 = CARTESIAN_POINT('',(25.25,11.2,7.9));
#5408 = DIRECTION('',(0.,1.,0.));
#5409 = DIRECTION('',(0.,0.,1.));
#5410 = ADVANCED_FACE('',(#5411),#5436,.F.);
#5411 = FACE_BOUND('',#5412,.F.);
#5412 = EDGE_LOOP('',(#5413,#5414,#5422,#5430));
#5413 = ORIENTED_EDGE('',*,*,#4670,.T.);
#5414 = ORIENTED_EDGE('',*,*,#5415,.T.);
#5415 = EDGE_CURVE('',#4673,#5416,#5418,.T.);
#5416 = VERTEX_POINT('',#5417);
#5417 = CARTESIAN_POINT('',(25.25,36.5,13.5));
#5418 = LINE('',#5419,#5420);
#5419 = CARTESIAN_POINT('',(25.25,36.5,7.9));
#5420 = VECTOR('',#5421,1.);
#5421 = DIRECTION('',(0.,0.,1.));
#5422 = ORIENTED_EDGE('',*,*,#5423,.T.);
#5423 = EDGE_CURVE('',#5416,#5424,#5426,.T.);
#5424 = VERTEX_POINT('',#5425);
#5425 = CARTESIAN_POINT('',(26.3,36.5,13.5));
#5426 = LINE('',#5427,#5428);
#5427 = CARTESIAN_POINT('',(25.25,36.5,13.5));
#5428 = VECTOR('',#5429,1.);
#5429 = DIRECTION('',(1.,0.,0.));
#5430 = ORIENTED_EDGE('',*,*,#5431,.F.);
#5431 = EDGE_CURVE('',#4671,#5424,#5432,.T.);
#5432 = LINE('',#5433,#5434);
#5433 = CARTESIAN_POINT('',(26.3,36.5,7.9));
#5434 = VECTOR('',#5435,1.);
#5435 = DIRECTION('',(0.,0.,1.));
#5436 = PLANE('',#5437);
#5437 = AXIS2_PLACEMENT_3D('',#5438,#5439,#5440);
#5438 = CARTESIAN_POINT('',(25.25,36.5,7.9));
#5439 = DIRECTION('',(0.,1.,0.));
#5440 = DIRECTION('',(0.,0.,1.));
#5441 = ADVANCED_FACE('',(#5442),#5460,.T.);
#5442 = FACE_BOUND('',#5443,.T.);
#5443 = EDGE_LOOP('',(#5444,#5445,#5446,#5454));
#5444 = ORIENTED_EDGE('',*,*,#5431,.F.);
#5445 = ORIENTED_EDGE('',*,*,#4696,.T.);
#5446 = ORIENTED_EDGE('',*,*,#5447,.T.);
#5447 = EDGE_CURVE('',#4689,#5448,#5450,.T.);
#5448 = VERTEX_POINT('',#5449);
#5449 = CARTESIAN_POINT('',(26.3,38.5,13.5));
#5450 = LINE('',#5451,#5452);
#5451 = CARTESIAN_POINT('',(26.3,38.5,7.9));
#5452 = VECTOR('',#5453,1.);
#5453 = DIRECTION('',(0.,0.,1.));
#5454 = ORIENTED_EDGE('',*,*,#5455,.F.);
#5455 = EDGE_CURVE('',#5424,#5448,#5456,.T.);
#5456 = LINE('',#5457,#5458);
#5457 = CARTESIAN_POINT('',(26.3,36.5,13.5));
#5458 = VECTOR('',#5459,1.);
#5459 = DIRECTION('',(0.,1.,0.));
#5460 = PLANE('',#5461);
#5461 = AXIS2_PLACEMENT_3D('',#5462,#5463,#5464);
#5462 = CARTESIAN_POINT('',(26.3,36.5,7.9));
#5463 = DIRECTION('',(1.,0.,0.));
#5464 = DIRECTION('',(0.,0.,1.));
#5465 = ADVANCED_FACE('',(#5466),#5484,.F.);
#5466 = FACE_BOUND('',#5467,.F.);
#5467 = EDGE_LOOP('',(#5468,#5469,#5470,#5478));
#5468 = ORIENTED_EDGE('',*,*,#5415,.F.);
#5469 = ORIENTED_EDGE('',*,*,#4680,.T.);
#5470 = ORIENTED_EDGE('',*,*,#5471,.T.);
#5471 = EDGE_CURVE('',#4681,#5472,#5474,.T.);
#5472 = VERTEX_POINT('',#5473);
#5473 = CARTESIAN_POINT('',(25.25,38.5,13.5));
#5474 = LINE('',#5475,#5476);
#5475 = CARTESIAN_POINT('',(25.25,38.5,7.9));
#5476 = VECTOR('',#5477,1.);
#5477 = DIRECTION('',(0.,0.,1.));
#5478 = ORIENTED_EDGE('',*,*,#5479,.F.);
#5479 = EDGE_CURVE('',#5416,#5472,#5480,.T.);
#5480 = LINE('',#5481,#5482);
#5481 = CARTESIAN_POINT('',(25.25,36.5,13.5));
#5482 = VECTOR('',#5483,1.);
#5483 = DIRECTION('',(0.,1.,0.));
#5484 = PLANE('',#5485);
#5485 = AXIS2_PLACEMENT_3D('',#5486,#5487,#5488);
#5486 = CARTESIAN_POINT('',(25.25,36.5,7.9));
#5487 = DIRECTION('',(1.,0.,0.));
#5488 = DIRECTION('',(0.,0.,1.));
#5489 = ADVANCED_FACE('',(#5490),#5501,.T.);
#5490 = FACE_BOUND('',#5491,.T.);
#5491 = EDGE_LOOP('',(#5492,#5493,#5494,#5500));
#5492 = ORIENTED_EDGE('',*,*,#4688,.T.);
#5493 = ORIENTED_EDGE('',*,*,#5471,.T.);
#5494 = ORIENTED_EDGE('',*,*,#5495,.T.);
#5495 = EDGE_CURVE('',#5472,#5448,#5496,.T.);
#5496 = LINE('',#5497,#5498);
#5497 = CARTESIAN_POINT('',(25.25,38.5,13.5));
#5498 = VECTOR('',#5499,1.);
#5499 = DIRECTION('',(1.,0.,0.));
#5500 = ORIENTED_EDGE('',*,*,#5447,.F.);
#5501 = PLANE('',#5502);
#5502 = AXIS2_PLACEMENT_3D('',#5503,#5504,#5505);
#5503 = CARTESIAN_POINT('',(25.25,38.5,7.9));
#5504 = DIRECTION('',(0.,1.,0.));
#5505 = DIRECTION('',(0.,0.,1.));
#5506 = ADVANCED_FACE('',(#5507),#5525,.T.);
#5507 = FACE_BOUND('',#5508,.T.);
#5508 = EDGE_LOOP('',(#5509,#5510,#5518,#5524));
#5509 = ORIENTED_EDGE('',*,*,#4880,.F.);
#5510 = ORIENTED_EDGE('',*,*,#5511,.F.);
#5511 = EDGE_CURVE('',#5512,#4873,#5514,.T.);
#5512 = VERTEX_POINT('',#5513);
#5513 = CARTESIAN_POINT('',(21.8,39.4,11.6));
#5514 = LINE('',#5515,#5516);
#5515 = CARTESIAN_POINT('',(21.8,39.4,11.6));
#5516 = VECTOR('',#5517,1.);
#5517 = DIRECTION('',(0.,0.,1.));
#5518 = ORIENTED_EDGE('',*,*,#5519,.T.);
#5519 = EDGE_CURVE('',#5512,#4738,#5520,.T.);
#5520 = LINE('',#5521,#5522);
#5521 = CARTESIAN_POINT('',(21.8,39.4,11.6));
#5522 = VECTOR('',#5523,1.);
#5523 = DIRECTION('',(0.,1.,0.));
#5524 = ORIENTED_EDGE('',*,*,#4745,.F.);
#5525 = PLANE('',#5526);
#5526 = AXIS2_PLACEMENT_3D('',#5527,#5528,#5529);
#5527 = CARTESIAN_POINT('',(21.8,39.4,11.6));
#5528 = DIRECTION('',(1.,0.,0.));
#5529 = DIRECTION('',(0.,0.,1.));
#5530 = ADVANCED_FACE('',(#5531),#5549,.F.);
#5531 = FACE_BOUND('',#5532,.F.);
#5532 = EDGE_LOOP('',(#5533,#5534,#5542,#5548));
#5533 = ORIENTED_EDGE('',*,*,#4737,.F.);
#5534 = ORIENTED_EDGE('',*,*,#5535,.F.);
#5535 = EDGE_CURVE('',#5536,#4730,#5538,.T.);
#5536 = VERTEX_POINT('',#5537);
#5537 = CARTESIAN_POINT('',(6.6,39.4,11.6));
#5538 = LINE('',#5539,#5540);
#5539 = CARTESIAN_POINT('',(6.6,39.4,11.6));
#5540 = VECTOR('',#5541,1.);
#5541 = DIRECTION('',(0.,1.,0.));
#5542 = ORIENTED_EDGE('',*,*,#5543,.T.);
#5543 = EDGE_CURVE('',#5536,#5512,#5544,.T.);
#5544 = LINE('',#5545,#5546);
#5545 = CARTESIAN_POINT('',(6.6,39.4,11.6));
#5546 = VECTOR('',#5547,1.);
#5547 = DIRECTION('',(1.,0.,0.));
#5548 = ORIENTED_EDGE('',*,*,#5519,.T.);
#5549 = PLANE('',#5550);
#5550 = AXIS2_PLACEMENT_3D('',#5551,#5552,#5553);
#5551 = CARTESIAN_POINT('',(6.6,39.4,11.6));
#5552 = DIRECTION('',(0.,0.,1.));
#5553 = DIRECTION('',(1.,0.,0.));
#5554 = ADVANCED_FACE('',(#5555),#5566,.F.);
#5555 = FACE_BOUND('',#5556,.F.);
#5556 = EDGE_LOOP('',(#5557,#5558,#5564,#5565));
#5557 = ORIENTED_EDGE('',*,*,#4864,.F.);
#5558 = ORIENTED_EDGE('',*,*,#5559,.F.);
#5559 = EDGE_CURVE('',#5536,#4865,#5560,.T.);
#5560 = LINE('',#5561,#5562);
#5561 = CARTESIAN_POINT('',(6.6,39.4,11.6));
#5562 = VECTOR('',#5563,1.);
#5563 = DIRECTION('',(0.,0.,1.));
#5564 = ORIENTED_EDGE('',*,*,#5535,.T.);
#5565 = ORIENTED_EDGE('',*,*,#4729,.F.);
#5566 = PLANE('',#5567);
#5567 = AXIS2_PLACEMENT_3D('',#5568,#5569,#5570);
#5568 = CARTESIAN_POINT('',(6.6,39.4,11.6));
#5569 = DIRECTION('',(1.,0.,0.));
#5570 = DIRECTION('',(0.,0.,1.));
#5571 = ADVANCED_FACE('',(#5572),#5578,.F.);
#5572 = FACE_BOUND('',#5573,.F.);
#5573 = EDGE_LOOP('',(#5574,#5575,#5576,#5577));
#5574 = ORIENTED_EDGE('',*,*,#5543,.F.);
#5575 = ORIENTED_EDGE('',*,*,#5559,.T.);
#5576 = ORIENTED_EDGE('',*,*,#4872,.T.);
#5577 = ORIENTED_EDGE('',*,*,#5511,.F.);
#5578 = PLANE('',#5579);
#5579 = AXIS2_PLACEMENT_3D('',#5580,#5581,#5582);
#5580 = CARTESIAN_POINT('',(6.6,39.4,11.6));
#5581 = DIRECTION('',(0.,1.,0.));
#5582 = DIRECTION('',(0.,0.,1.));
#5583 = ADVANCED_FACE('',(#5584),#5609,.T.);
#5584 = FACE_BOUND('',#5585,.T.);
#5585 = EDGE_LOOP('',(#5586,#5594,#5595,#5603));
#5586 = ORIENTED_EDGE('',*,*,#5587,.F.);
#5587 = EDGE_CURVE('',#5032,#5588,#5590,.T.);
#5588 = VERTEX_POINT('',#5589);
#5589 = CARTESIAN_POINT('',(26.62,31.,12.02));
#5590 = LINE('',#5591,#5592);
#5591 = CARTESIAN_POINT('',(26.3,31.,11.7));
#5592 = VECTOR('',#5593,1.);
#5593 = DIRECTION('',(0.707106781187,0.,0.707106781187));
#5594 = ORIENTED_EDGE('',*,*,#5031,.T.);
#5595 = ORIENTED_EDGE('',*,*,#5596,.T.);
#5596 = EDGE_CURVE('',#5034,#5597,#5599,.T.);
#5597 = VERTEX_POINT('',#5598);
#5598 = CARTESIAN_POINT('',(26.62,36.,12.02));
#5599 = LINE('',#5600,#5601);
#5600 = CARTESIAN_POINT('',(26.3,36.,11.7));
#5601 = VECTOR('',#5602,1.);
#5602 = DIRECTION('',(0.707106781187,0.,0.707106781187));
#5603 = ORIENTED_EDGE('',*,*,#5604,.F.);
#5604 = EDGE_CURVE('',#5588,#5597,#5605,.T.);
#5605 = LINE('',#5606,#5607);
#5606 = CARTESIAN_POINT('',(26.62,31.,12.02));
#5607 = VECTOR('',#5608,1.);
#5608 = DIRECTION('',(0.,1.,0.));
#5609 = PLANE('',#5610);
#5610 = AXIS2_PLACEMENT_3D('',#5611,#5612,#5613);
#5611 = CARTESIAN_POINT('',(26.3,31.,11.7));
#5612 = DIRECTION('',(0.707106781187,0.,-0.707106781187));
#5613 = DIRECTION('',(0.707106781187,0.,0.707106781187));
#5614 = ADVANCED_FACE('',(#5615),#5633,.F.);
#5615 = FACE_BOUND('',#5616,.F.);
#5616 = EDGE_LOOP('',(#5617,#5618,#5619,#5627));
#5617 = ORIENTED_EDGE('',*,*,#5057,.T.);
#5618 = ORIENTED_EDGE('',*,*,#5596,.T.);
#5619 = ORIENTED_EDGE('',*,*,#5620,.T.);
#5620 = EDGE_CURVE('',#5597,#5621,#5623,.T.);
#5621 = VERTEX_POINT('',#5622);
#5622 = CARTESIAN_POINT('',(26.62,36.,12.28));
#5623 = LINE('',#5624,#5625);
#5624 = CARTESIAN_POINT('',(26.62,36.,12.02));
#5625 = VECTOR('',#5626,1.);
#5626 = DIRECTION('',(0.,0.,1.));
#5627 = ORIENTED_EDGE('',*,*,#5628,.T.);
#5628 = EDGE_CURVE('',#5621,#5050,#5629,.T.);
#5629 = LINE('',#5630,#5631);
#5630 = CARTESIAN_POINT('',(26.62,36.,12.28));
#5631 = VECTOR('',#5632,1.);
#5632 = DIRECTION('',(-0.707106781187,0.,0.707106781187));
#5633 = PLANE('',#5634);
#5634 = AXIS2_PLACEMENT_3D('',#5635,#5636,#5637);
#5635 = CARTESIAN_POINT('',(26.410413943814,36.,12.15));
#5636 = DIRECTION('',(-0.,-1.,-0.));
#5637 = DIRECTION('',(0.,0.,-1.));
#5638 = ADVANCED_FACE('',(#5639),#5657,.T.);
#5639 = FACE_BOUND('',#5640,.T.);
#5640 = EDGE_LOOP('',(#5641,#5649,#5655,#5656));
#5641 = ORIENTED_EDGE('',*,*,#5642,.F.);
#5642 = EDGE_CURVE('',#5643,#5042,#5645,.T.);
#5643 = VERTEX_POINT('',#5644);
#5644 = CARTESIAN_POINT('',(26.62,31.,12.28));
#5645 = LINE('',#5646,#5647);
#5646 = CARTESIAN_POINT('',(26.62,31.,12.28));
#5647 = VECTOR('',#5648,1.);
#5648 = DIRECTION('',(-0.707106781187,0.,0.707106781187));
#5649 = ORIENTED_EDGE('',*,*,#5650,.T.);
#5650 = EDGE_CURVE('',#5643,#5621,#5651,.T.);
#5651 = LINE('',#5652,#5653);
#5652 = CARTESIAN_POINT('',(26.62,31.,12.28));
#5653 = VECTOR('',#5654,1.);
#5654 = DIRECTION('',(0.,1.,0.));
#5655 = ORIENTED_EDGE('',*,*,#5628,.T.);
#5656 = ORIENTED_EDGE('',*,*,#5049,.T.);
#5657 = PLANE('',#5658);
#5658 = AXIS2_PLACEMENT_3D('',#5659,#5660,#5661);
#5659 = CARTESIAN_POINT('',(26.62,31.,12.28));
#5660 = DIRECTION('',(0.707106781187,0.,0.707106781187));
#5661 = DIRECTION('',(-0.707106781187,0.,0.707106781187));
#5662 = ADVANCED_FACE('',(#5663),#5674,.T.);
#5663 = FACE_BOUND('',#5664,.T.);
#5664 = EDGE_LOOP('',(#5665,#5666,#5667,#5673));
#5665 = ORIENTED_EDGE('',*,*,#5041,.T.);
#5666 = ORIENTED_EDGE('',*,*,#5587,.T.);
#5667 = ORIENTED_EDGE('',*,*,#5668,.T.);
#5668 = EDGE_CURVE('',#5588,#5643,#5669,.T.);
#5669 = LINE('',#5670,#5671);
#5670 = CARTESIAN_POINT('',(26.62,31.,12.02));
#5671 = VECTOR('',#5672,1.);
#5672 = DIRECTION('',(0.,0.,1.));
#5673 = ORIENTED_EDGE('',*,*,#5642,.T.);
#5674 = PLANE('',#5675);
#5675 = AXIS2_PLACEMENT_3D('',#5676,#5677,#5678);
#5676 = CARTESIAN_POINT('',(26.410413943814,31.,12.15));
#5677 = DIRECTION('',(-0.,-1.,-0.));
#5678 = DIRECTION('',(0.,0.,-1.));
#5679 = ADVANCED_FACE('',(#5680),#5705,.T.);
#5680 = FACE_BOUND('',#5681,.T.);
#5681 = EDGE_LOOP('',(#5682,#5690,#5691,#5699));
#5682 = ORIENTED_EDGE('',*,*,#5683,.F.);
#5683 = EDGE_CURVE('',#5066,#5684,#5686,.T.);
#5684 = VERTEX_POINT('',#5685);
#5685 = CARTESIAN_POINT('',(26.62,12.,12.02));
#5686 = LINE('',#5687,#5688);
#5687 = CARTESIAN_POINT('',(26.3,12.,11.7));
#5688 = VECTOR('',#5689,1.);
#5689 = DIRECTION('',(0.707106781187,0.,0.707106781187));
#5690 = ORIENTED_EDGE('',*,*,#5065,.T.);
#5691 = ORIENTED_EDGE('',*,*,#5692,.T.);
#5692 = EDGE_CURVE('',#5068,#5693,#5695,.T.);
#5693 = VERTEX_POINT('',#5694);
#5694 = CARTESIAN_POINT('',(26.62,17.,12.02));
#5695 = LINE('',#5696,#5697);
#5696 = CARTESIAN_POINT('',(26.3,17.,11.7));
#5697 = VECTOR('',#5698,1.);
#5698 = DIRECTION('',(0.707106781187,0.,0.707106781187));
#5699 = ORIENTED_EDGE('',*,*,#5700,.F.);
#5700 = EDGE_CURVE('',#5684,#5693,#5701,.T.);
#5701 = LINE('',#5702,#5703);
#5702 = CARTESIAN_POINT('',(26.62,12.,12.02));
#5703 = VECTOR('',#5704,1.);
#5704 = DIRECTION('',(0.,1.,0.));
#5705 = PLANE('',#5706);
#5706 = AXIS2_PLACEMENT_3D('',#5707,#5708,#5709);
#5707 = CARTESIAN_POINT('',(26.3,12.,11.7));
#5708 = DIRECTION('',(0.707106781187,0.,-0.707106781187));
#5709 = DIRECTION('',(0.707106781187,0.,0.707106781187));
#5710 = ADVANCED_FACE('',(#5711),#5729,.F.);
#5711 = FACE_BOUND('',#5712,.F.);
#5712 = EDGE_LOOP('',(#5713,#5714,#5715,#5723));
#5713 = ORIENTED_EDGE('',*,*,#5091,.T.);
#5714 = ORIENTED_EDGE('',*,*,#5692,.T.);
#5715 = ORIENTED_EDGE('',*,*,#5716,.T.);
#5716 = EDGE_CURVE('',#5693,#5717,#5719,.T.);
#5717 = VERTEX_POINT('',#5718);
#5718 = CARTESIAN_POINT('',(26.62,17.,12.28));
#5719 = LINE('',#5720,#5721);
#5720 = CARTESIAN_POINT('',(26.62,17.,12.02));
#5721 = VECTOR('',#5722,1.);
#5722 = DIRECTION('',(0.,0.,1.));
#5723 = ORIENTED_EDGE('',*,*,#5724,.T.);
#5724 = EDGE_CURVE('',#5717,#5084,#5725,.T.);
#5725 = LINE('',#5726,#5727);
#5726 = CARTESIAN_POINT('',(26.62,17.,12.28));
#5727 = VECTOR('',#5728,1.);
#5728 = DIRECTION('',(-0.707106781187,0.,0.707106781187));
#5729 = PLANE('',#5730);
#5730 = AXIS2_PLACEMENT_3D('',#5731,#5732,#5733);
#5731 = CARTESIAN_POINT('',(26.410413943814,17.,12.15));
#5732 = DIRECTION('',(-0.,-1.,-0.));
#5733 = DIRECTION('',(0.,0.,-1.));
#5734 = ADVANCED_FACE('',(#5735),#5753,.T.);
#5735 = FACE_BOUND('',#5736,.T.);
#5736 = EDGE_LOOP('',(#5737,#5745,#5751,#5752));
#5737 = ORIENTED_EDGE('',*,*,#5738,.F.);
#5738 = EDGE_CURVE('',#5739,#5076,#5741,.T.);
#5739 = VERTEX_POINT('',#5740);
#5740 = CARTESIAN_POINT('',(26.62,12.,12.28));
#5741 = LINE('',#5742,#5743);
#5742 = CARTESIAN_POINT('',(26.62,12.,12.28));
#5743 = VECTOR('',#5744,1.);
#5744 = DIRECTION('',(-0.707106781187,0.,0.707106781187));
#5745 = ORIENTED_EDGE('',*,*,#5746,.T.);
#5746 = EDGE_CURVE('',#5739,#5717,#5747,.T.);
#5747 = LINE('',#5748,#5749);
#5748 = CARTESIAN_POINT('',(26.62,12.,12.28));
#5749 = VECTOR('',#5750,1.);
#5750 = DIRECTION('',(0.,1.,0.));
#5751 = ORIENTED_EDGE('',*,*,#5724,.T.);
#5752 = ORIENTED_EDGE('',*,*,#5083,.T.);
#5753 = PLANE('',#5754);
#5754 = AXIS2_PLACEMENT_3D('',#5755,#5756,#5757);
#5755 = CARTESIAN_POINT('',(26.62,12.,12.28));
#5756 = DIRECTION('',(0.707106781187,0.,0.707106781187));
#5757 = DIRECTION('',(-0.707106781187,0.,0.707106781187));
#5758 = ADVANCED_FACE('',(#5759),#5770,.T.);
#5759 = FACE_BOUND('',#5760,.T.);
#5760 = EDGE_LOOP('',(#5761,#5762,#5763,#5769));
#5761 = ORIENTED_EDGE('',*,*,#5075,.T.);
#5762 = ORIENTED_EDGE('',*,*,#5683,.T.);
#5763 = ORIENTED_EDGE('',*,*,#5764,.T.);
#5764 = EDGE_CURVE('',#5684,#5739,#5765,.T.);
#5765 = LINE('',#5766,#5767);
#5766 = CARTESIAN_POINT('',(26.62,12.,12.02));
#5767 = VECTOR('',#5768,1.);
#5768 = DIRECTION('',(0.,0.,1.));
#5769 = ORIENTED_EDGE('',*,*,#5738,.T.);
#5770 = PLANE('',#5771);
#5771 = AXIS2_PLACEMENT_3D('',#5772,#5773,#5774);
#5772 = CARTESIAN_POINT('',(26.410413943814,12.,12.15));
#5773 = DIRECTION('',(-0.,-1.,-0.));
#5774 = DIRECTION('',(0.,0.,-1.));
#5775 = ADVANCED_FACE('',(#5776),#5801,.T.);
#5776 = FACE_BOUND('',#5777,.T.);
#5777 = EDGE_LOOP('',(#5778,#5779,#5787,#5795));
#5778 = ORIENTED_EDGE('',*,*,#5140,.F.);
#5779 = ORIENTED_EDGE('',*,*,#5780,.T.);
#5780 = EDGE_CURVE('',#5141,#5781,#5783,.T.);
#5781 = VERTEX_POINT('',#5782);
#5782 = CARTESIAN_POINT('',(-5.62,36.,12.02));
#5783 = LINE('',#5784,#5785);
#5784 = CARTESIAN_POINT('',(-5.3,36.,11.7));
#5785 = VECTOR('',#5786,1.);
#5786 = DIRECTION('',(-0.707106781187,0.,0.707106781187));
#5787 = ORIENTED_EDGE('',*,*,#5788,.T.);
#5788 = EDGE_CURVE('',#5781,#5789,#5791,.T.);
#5789 = VERTEX_POINT('',#5790);
#5790 = CARTESIAN_POINT('',(-5.62,36.,12.28));
#5791 = LINE('',#5792,#5793);
#5792 = CARTESIAN_POINT('',(-5.62,36.,12.02));
#5793 = VECTOR('',#5794,1.);
#5794 = DIRECTION('',(0.,0.,1.));
#5795 = ORIENTED_EDGE('',*,*,#5796,.T.);
#5796 = EDGE_CURVE('',#5789,#5143,#5797,.T.);
#5797 = LINE('',#5798,#5799);
#5798 = CARTESIAN_POINT('',(-5.62,36.,12.28));
#5799 = VECTOR('',#5800,1.);
#5800 = DIRECTION('',(0.707106781187,0.,0.707106781187));
#5801 = PLANE('',#5802);
#5802 = AXIS2_PLACEMENT_3D('',#5803,#5804,#5805);
#5803 = CARTESIAN_POINT('',(-5.410413943814,36.,12.15));
#5804 = DIRECTION('',(0.,1.,0.));
#5805 = DIRECTION('',(0.,0.,1.));
#5806 = ADVANCED_FACE('',(#5807),#5825,.F.);
#5807 = FACE_BOUND('',#5808,.F.);
#5808 = EDGE_LOOP('',(#5809,#5817,#5823,#5824));
#5809 = ORIENTED_EDGE('',*,*,#5810,.F.);
#5810 = EDGE_CURVE('',#5811,#5159,#5813,.T.);
#5811 = VERTEX_POINT('',#5812);
#5812 = CARTESIAN_POINT('',(-5.62,31.,12.28));
#5813 = LINE('',#5814,#5815);
#5814 = CARTESIAN_POINT('',(-5.62,31.,12.28));
#5815 = VECTOR('',#5816,1.);
#5816 = DIRECTION('',(0.707106781187,0.,0.707106781187));
#5817 = ORIENTED_EDGE('',*,*,#5818,.T.);
#5818 = EDGE_CURVE('',#5811,#5789,#5819,.T.);
#5819 = LINE('',#5820,#5821);
#5820 = CARTESIAN_POINT('',(-5.62,31.,12.28));
#5821 = VECTOR('',#5822,1.);
#5822 = DIRECTION('',(0.,1.,0.));
#5823 = ORIENTED_EDGE('',*,*,#5796,.T.);
#5824 = ORIENTED_EDGE('',*,*,#5166,.F.);
#5825 = PLANE('',#5826);
#5826 = AXIS2_PLACEMENT_3D('',#5827,#5828,#5829);
#5827 = CARTESIAN_POINT('',(-5.62,31.,12.28));
#5828 = DIRECTION('',(0.707106781187,0.,-0.707106781187));
#5829 = DIRECTION('',(0.707106781187,0.,0.707106781187));
#5830 = ADVANCED_FACE('',(#5831),#5849,.F.);
#5831 = FACE_BOUND('',#5832,.F.);
#5832 = EDGE_LOOP('',(#5833,#5834,#5842,#5848));
#5833 = ORIENTED_EDGE('',*,*,#5158,.F.);
#5834 = ORIENTED_EDGE('',*,*,#5835,.T.);
#5835 = EDGE_CURVE('',#5151,#5836,#5838,.T.);
#5836 = VERTEX_POINT('',#5837);
#5837 = CARTESIAN_POINT('',(-5.62,31.,12.02));
#5838 = LINE('',#5839,#5840);
#5839 = CARTESIAN_POINT('',(-5.3,31.,11.7));
#5840 = VECTOR('',#5841,1.);
#5841 = DIRECTION('',(-0.707106781187,0.,0.707106781187));
#5842 = ORIENTED_EDGE('',*,*,#5843,.T.);
#5843 = EDGE_CURVE('',#5836,#5811,#5844,.T.);
#5844 = LINE('',#5845,#5846);
#5845 = CARTESIAN_POINT('',(-5.62,31.,12.02));
#5846 = VECTOR('',#5847,1.);
#5847 = DIRECTION('',(0.,0.,1.));
#5848 = ORIENTED_EDGE('',*,*,#5810,.T.);
#5849 = PLANE('',#5850);
#5850 = AXIS2_PLACEMENT_3D('',#5851,#5852,#5853);
#5851 = CARTESIAN_POINT('',(-5.410413943814,31.,12.15));
#5852 = DIRECTION('',(0.,1.,0.));
#5853 = DIRECTION('',(0.,0.,1.));
#5854 = ADVANCED_FACE('',(#5855),#5866,.F.);
#5855 = FACE_BOUND('',#5856,.F.);
#5856 = EDGE_LOOP('',(#5857,#5858,#5859,#5860));
#5857 = ORIENTED_EDGE('',*,*,#5835,.F.);
#5858 = ORIENTED_EDGE('',*,*,#5150,.F.);
#5859 = ORIENTED_EDGE('',*,*,#5780,.T.);
#5860 = ORIENTED_EDGE('',*,*,#5861,.F.);
#5861 = EDGE_CURVE('',#5836,#5781,#5862,.T.);
#5862 = LINE('',#5863,#5864);
#5863 = CARTESIAN_POINT('',(-5.62,31.,12.02));
#5864 = VECTOR('',#5865,1.);
#5865 = DIRECTION('',(0.,1.,0.));
#5866 = PLANE('',#5867);
#5867 = AXIS2_PLACEMENT_3D('',#5868,#5869,#5870);
#5868 = CARTESIAN_POINT('',(-5.3,31.,11.7));
#5869 = DIRECTION('',(0.707106781187,0.,0.707106781187));
#5870 = DIRECTION('',(-0.707106781187,0.,0.707106781187));
#5871 = ADVANCED_FACE('',(#5872),#5897,.T.);
#5872 = FACE_BOUND('',#5873,.T.);
#5873 = EDGE_LOOP('',(#5874,#5875,#5883,#5891));
#5874 = ORIENTED_EDGE('',*,*,#5174,.F.);
#5875 = ORIENTED_EDGE('',*,*,#5876,.T.);
#5876 = EDGE_CURVE('',#5175,#5877,#5879,.T.);
#5877 = VERTEX_POINT('',#5878);
#5878 = CARTESIAN_POINT('',(-5.62,17.,12.02));
#5879 = LINE('',#5880,#5881);
#5880 = CARTESIAN_POINT('',(-5.3,17.,11.7));
#5881 = VECTOR('',#5882,1.);
#5882 = DIRECTION('',(-0.707106781187,0.,0.707106781187));
#5883 = ORIENTED_EDGE('',*,*,#5884,.T.);
#5884 = EDGE_CURVE('',#5877,#5885,#5887,.T.);
#5885 = VERTEX_POINT('',#5886);
#5886 = CARTESIAN_POINT('',(-5.62,17.,12.28));
#5887 = LINE('',#5888,#5889);
#5888 = CARTESIAN_POINT('',(-5.62,17.,12.02));
#5889 = VECTOR('',#5890,1.);
#5890 = DIRECTION('',(0.,0.,1.));
#5891 = ORIENTED_EDGE('',*,*,#5892,.T.);
#5892 = EDGE_CURVE('',#5885,#5177,#5893,.T.);
#5893 = LINE('',#5894,#5895);
#5894 = CARTESIAN_POINT('',(-5.62,17.,12.28));
#5895 = VECTOR('',#5896,1.);
#5896 = DIRECTION('',(0.707106781187,0.,0.707106781187));
#5897 = PLANE('',#5898);
#5898 = AXIS2_PLACEMENT_3D('',#5899,#5900,#5901);
#5899 = CARTESIAN_POINT('',(-5.410413943814,17.,12.15));
#5900 = DIRECTION('',(0.,1.,0.));
#5901 = DIRECTION('',(0.,0.,1.));
#5902 = ADVANCED_FACE('',(#5903),#5921,.F.);
#5903 = FACE_BOUND('',#5904,.F.);
#5904 = EDGE_LOOP('',(#5905,#5913,#5919,#5920));
#5905 = ORIENTED_EDGE('',*,*,#5906,.F.);
#5906 = EDGE_CURVE('',#5907,#5193,#5909,.T.);
#5907 = VERTEX_POINT('',#5908);
#5908 = CARTESIAN_POINT('',(-5.62,12.,12.28));
#5909 = LINE('',#5910,#5911);
#5910 = CARTESIAN_POINT('',(-5.62,12.,12.28));
#5911 = VECTOR('',#5912,1.);
#5912 = DIRECTION('',(0.707106781187,0.,0.707106781187));
#5913 = ORIENTED_EDGE('',*,*,#5914,.T.);
#5914 = EDGE_CURVE('',#5907,#5885,#5915,.T.);
#5915 = LINE('',#5916,#5917);
#5916 = CARTESIAN_POINT('',(-5.62,12.,12.28));
#5917 = VECTOR('',#5918,1.);
#5918 = DIRECTION('',(0.,1.,0.));
#5919 = ORIENTED_EDGE('',*,*,#5892,.T.);
#5920 = ORIENTED_EDGE('',*,*,#5200,.F.);
#5921 = PLANE('',#5922);
#5922 = AXIS2_PLACEMENT_3D('',#5923,#5924,#5925);
#5923 = CARTESIAN_POINT('',(-5.62,12.,12.28));
#5924 = DIRECTION('',(0.707106781187,0.,-0.707106781187));
#5925 = DIRECTION('',(0.707106781187,0.,0.707106781187));
#5926 = ADVANCED_FACE('',(#5927),#5945,.F.);
#5927 = FACE_BOUND('',#5928,.F.);
#5928 = EDGE_LOOP('',(#5929,#5930,#5938,#5944));
#5929 = ORIENTED_EDGE('',*,*,#5192,.F.);
#5930 = ORIENTED_EDGE('',*,*,#5931,.T.);
#5931 = EDGE_CURVE('',#5185,#5932,#5934,.T.);
#5932 = VERTEX_POINT('',#5933);
#5933 = CARTESIAN_POINT('',(-5.62,12.,12.02));
#5934 = LINE('',#5935,#5936);
#5935 = CARTESIAN_POINT('',(-5.3,12.,11.7));
#5936 = VECTOR('',#5937,1.);
#5937 = DIRECTION('',(-0.707106781187,0.,0.707106781187));
#5938 = ORIENTED_EDGE('',*,*,#5939,.T.);
#5939 = EDGE_CURVE('',#5932,#5907,#5940,.T.);
#5940 = LINE('',#5941,#5942);
#5941 = CARTESIAN_POINT('',(-5.62,12.,12.02));
#5942 = VECTOR('',#5943,1.);
#5943 = DIRECTION('',(0.,0.,1.));
#5944 = ORIENTED_EDGE('',*,*,#5906,.T.);
#5945 = PLANE('',#5946);
#5946 = AXIS2_PLACEMENT_3D('',#5947,#5948,#5949);
#5947 = CARTESIAN_POINT('',(-5.410413943814,12.,12.15));
#5948 = DIRECTION('',(0.,1.,0.));
#5949 = DIRECTION('',(0.,0.,1.));
#5950 = ADVANCED_FACE('',(#5951),#5962,.F.);
#5951 = FACE_BOUND('',#5952,.F.);
#5952 = EDGE_LOOP('',(#5953,#5954,#5955,#5956));
#5953 = ORIENTED_EDGE('',*,*,#5931,.F.);
#5954 = ORIENTED_EDGE('',*,*,#5184,.F.);
#5955 = ORIENTED_EDGE('',*,*,#5876,.T.);
#5956 = ORIENTED_EDGE('',*,*,#5957,.F.);
#5957 = EDGE_CURVE('',#5932,#5877,#5958,.T.);
#5958 = LINE('',#5959,#5960);
#5959 = CARTESIAN_POINT('',(-5.62,12.,12.02));
#5960 = VECTOR('',#5961,1.);
#5961 = DIRECTION('',(0.,1.,0.));
#5962 = PLANE('',#5963);
#5963 = AXIS2_PLACEMENT_3D('',#5964,#5965,#5966);
#5964 = CARTESIAN_POINT('',(-5.3,12.,11.7));
#5965 = DIRECTION('',(0.707106781187,0.,0.707106781187));
#5966 = DIRECTION('',(-0.707106781187,0.,0.707106781187));
#5967 = ADVANCED_FACE('',(#5968),#5974,.T.);
#5968 = FACE_BOUND('',#5969,.T.);
#5969 = EDGE_LOOP('',(#5970,#5971,#5972,#5973));
#5970 = ORIENTED_EDGE('',*,*,#5383,.F.);
#5971 = ORIENTED_EDGE('',*,*,#5327,.T.);
#5972 = ORIENTED_EDGE('',*,*,#5359,.T.);
#5973 = ORIENTED_EDGE('',*,*,#5399,.F.);
#5974 = PLANE('',#5975);
#5975 = AXIS2_PLACEMENT_3D('',#5976,#5977,#5978);
#5976 = CARTESIAN_POINT('',(25.25,9.2,13.5));
#5977 = DIRECTION('',(0.,0.,1.));
#5978 = DIRECTION('',(1.,0.,0.));
#5979 = ADVANCED_FACE('',(#5980),#5986,.T.);
#5980 = FACE_BOUND('',#5981,.T.);
#5981 = EDGE_LOOP('',(#5982,#5983,#5984,#5985));
#5982 = ORIENTED_EDGE('',*,*,#5479,.F.);
#5983 = ORIENTED_EDGE('',*,*,#5423,.T.);
#5984 = ORIENTED_EDGE('',*,*,#5455,.T.);
#5985 = ORIENTED_EDGE('',*,*,#5495,.F.);
#5986 = PLANE('',#5987);
#5987 = AXIS2_PLACEMENT_3D('',#5988,#5989,#5990);
#5988 = CARTESIAN_POINT('',(25.25,36.5,13.5));
#5989 = DIRECTION('',(0.,0.,1.));
#5990 = DIRECTION('',(1.,0.,0.));
#5991 = ADVANCED_FACE('',(#5992),#5998,.T.);
#5992 = FACE_BOUND('',#5993,.T.);
#5993 = EDGE_LOOP('',(#5994,#5995,#5996,#5997));
#5994 = ORIENTED_EDGE('',*,*,#5604,.T.);
#5995 = ORIENTED_EDGE('',*,*,#5620,.T.);
#5996 = ORIENTED_EDGE('',*,*,#5650,.F.);
#5997 = ORIENTED_EDGE('',*,*,#5668,.F.);
#5998 = PLANE('',#5999);
#5999 = AXIS2_PLACEMENT_3D('',#6000,#6001,#6002);
#6000 = CARTESIAN_POINT('',(26.62,31.,12.02));
#6001 = DIRECTION('',(1.,0.,0.));
#6002 = DIRECTION('',(0.,0.,1.));
#6003 = ADVANCED_FACE('',(#6004),#6010,.T.);
#6004 = FACE_BOUND('',#6005,.T.);
#6005 = EDGE_LOOP('',(#6006,#6007,#6008,#6009));
#6006 = ORIENTED_EDGE('',*,*,#5700,.T.);
#6007 = ORIENTED_EDGE('',*,*,#5716,.T.);
#6008 = ORIENTED_EDGE('',*,*,#5746,.F.);
#6009 = ORIENTED_EDGE('',*,*,#5764,.F.);
#6010 = PLANE('',#6011);
#6011 = AXIS2_PLACEMENT_3D('',#6012,#6013,#6014);
#6012 = CARTESIAN_POINT('',(26.62,12.,12.02));
#6013 = DIRECTION('',(1.,0.,0.));
#6014 = DIRECTION('',(0.,0.,1.));
#6015 = ADVANCED_FACE('',(#6016),#6022,.F.);
#6016 = FACE_BOUND('',#6017,.F.);
#6017 = EDGE_LOOP('',(#6018,#6019,#6020,#6021));
#6018 = ORIENTED_EDGE('',*,*,#5861,.T.);
#6019 = ORIENTED_EDGE('',*,*,#5788,.T.);
#6020 = ORIENTED_EDGE('',*,*,#5818,.F.);
#6021 = ORIENTED_EDGE('',*,*,#5843,.F.);
#6022 = PLANE('',#6023);
#6023 = AXIS2_PLACEMENT_3D('',#6024,#6025,#6026);
#6024 = CARTESIAN_POINT('',(-5.62,31.,12.02));
#6025 = DIRECTION('',(1.,0.,0.));
#6026 = DIRECTION('',(0.,0.,1.));
#6027 = ADVANCED_FACE('',(#6028),#6034,.F.);
#6028 = FACE_BOUND('',#6029,.F.);
#6029 = EDGE_LOOP('',(#6030,#6031,#6032,#6033));
#6030 = ORIENTED_EDGE('',*,*,#5957,.T.);
#6031 = ORIENTED_EDGE('',*,*,#5884,.T.);
#6032 = ORIENTED_EDGE('',*,*,#5914,.F.);
#6033 = ORIENTED_EDGE('',*,*,#5939,.F.);
#6034 = PLANE('',#6035);
#6035 = AXIS2_PLACEMENT_3D('',#6036,#6037,#6038);
#6036 = CARTESIAN_POINT('',(-5.62,12.,12.02));
#6037 = DIRECTION('',(1.,0.,0.));
#6038 = DIRECTION('',(0.,0.,1.));
#6039 = MANIFOLD_SOLID_BREP('',#6040);
#6040 = CLOSED_SHELL('',(#6041,#6113,#6144,#6413,#6437,#6461,#6485,#6509
    ,#6533,#6550,#6587,#6664,#6689,#6713,#6737,#6761,#6786,#6803,#6896,
    #6920,#6944,#6968,#6992,#7009,#7026,#7059,#7084,#7140,#7158,#7191,
    #7215,#7239,#7256,#7281,#7306,#7331,#7425,#7532,#7544,#7556,#7568,
    #7580,#7620,#7660,#7702,#7735,#7766,#7791,#7816,#7840,#7896,#7914,
    #7932,#7963,#7988,#8021,#8061,#8086,#8110,#8135,#8159,#8177,#8284,
    #8326,#8442,#8476,#8493,#8524,#8566,#8590,#8697,#8746,#8795,#8826,
    #8851,#8870,#8896,#8921,#8945,#8970,#8994,#9012,#9036,#9062,#9079,
    #9091,#9108,#9125,#9137,#9161,#9186,#9210,#9235,#9259,#9284,#9308,
    #9333,#9350,#9443,#9467,#9553,#9570,#9587,#9604,#9621,#9638,#9655,
    #9672,#9684));
#6041 = ADVANCED_FACE('',(#6042),#6108,.F.);
#6042 = FACE_BOUND('',#6043,.F.);
#6043 = EDGE_LOOP('',(#6044,#6054,#6062,#6070,#6078,#6086,#6094,#6102));
#6044 = ORIENTED_EDGE('',*,*,#6045,.F.);
#6045 = EDGE_CURVE('',#6046,#6048,#6050,.T.);
#6046 = VERTEX_POINT('',#6047);
#6047 = CARTESIAN_POINT('',(23.98,16.5,13.85));
#6048 = VERTEX_POINT('',#6049);
#6049 = CARTESIAN_POINT('',(23.98,16.5,18.2));
#6050 = LINE('',#6051,#6052);
#6051 = CARTESIAN_POINT('',(23.98,16.5,13.85));
#6052 = VECTOR('',#6053,1.);
#6053 = DIRECTION('',(0.,0.,1.));
#6054 = ORIENTED_EDGE('',*,*,#6055,.T.);
#6055 = EDGE_CURVE('',#6046,#6056,#6058,.T.);
#6056 = VERTEX_POINT('',#6057);
#6057 = CARTESIAN_POINT('',(23.98,17.2,13.85));
#6058 = LINE('',#6059,#6060);
#6059 = CARTESIAN_POINT('',(23.98,16.5,13.85));
#6060 = VECTOR('',#6061,1.);
#6061 = DIRECTION('',(0.,1.,0.));
#6062 = ORIENTED_EDGE('',*,*,#6063,.T.);
#6063 = EDGE_CURVE('',#6056,#6064,#6066,.T.);
#6064 = VERTEX_POINT('',#6065);
#6065 = CARTESIAN_POINT('',(23.98,17.2,17.4));
#6066 = LINE('',#6067,#6068);
#6067 = CARTESIAN_POINT('',(23.98,17.2,13.475));
#6068 = VECTOR('',#6069,1.);
#6069 = DIRECTION('',(0.,0.,1.));
#6070 = ORIENTED_EDGE('',*,*,#6071,.F.);
#6071 = EDGE_CURVE('',#6072,#6064,#6074,.T.);
#6072 = VERTEX_POINT('',#6073);
#6073 = CARTESIAN_POINT('',(23.98,27.2,17.4));
#6074 = LINE('',#6075,#6076);
#6075 = CARTESIAN_POINT('',(23.98,16.85,17.4));
#6076 = VECTOR('',#6077,1.);
#6077 = DIRECTION('',(0.,-1.,0.));
#6078 = ORIENTED_EDGE('',*,*,#6079,.F.);
#6079 = EDGE_CURVE('',#6080,#6072,#6082,.T.);
#6080 = VERTEX_POINT('',#6081);
#6081 = CARTESIAN_POINT('',(23.98,27.2,13.85));
#6082 = LINE('',#6083,#6084);
#6083 = CARTESIAN_POINT('',(23.98,27.2,13.475));
#6084 = VECTOR('',#6085,1.);
#6085 = DIRECTION('',(0.,0.,1.));
#6086 = ORIENTED_EDGE('',*,*,#6087,.T.);
#6087 = EDGE_CURVE('',#6080,#6088,#6090,.T.);
#6088 = VERTEX_POINT('',#6089);
#6089 = CARTESIAN_POINT('',(23.98,28.2,13.85));
#6090 = LINE('',#6091,#6092);
#6091 = CARTESIAN_POINT('',(23.98,16.5,13.85));
#6092 = VECTOR('',#6093,1.);
#6093 = DIRECTION('',(0.,1.,0.));
#6094 = ORIENTED_EDGE('',*,*,#6095,.T.);
#6095 = EDGE_CURVE('',#6088,#6096,#6098,.T.);
#6096 = VERTEX_POINT('',#6097);
#6097 = CARTESIAN_POINT('',(23.98,28.2,18.2));
#6098 = LINE('',#6099,#6100);
#6099 = CARTESIAN_POINT('',(23.98,28.2,13.85));
#6100 = VECTOR('',#6101,1.);
#6101 = DIRECTION('',(0.,0.,1.));
#6102 = ORIENTED_EDGE('',*,*,#6103,.F.);
#6103 = EDGE_CURVE('',#6048,#6096,#6104,.T.);
#6104 = LINE('',#6105,#6106);
#6105 = CARTESIAN_POINT('',(23.98,19.75,18.2));
#6106 = VECTOR('',#6107,1.);
#6107 = DIRECTION('',(0.,1.,0.));
#6108 = PLANE('',#6109);
#6109 = AXIS2_PLACEMENT_3D('',#6110,#6111,#6112);
#6110 = CARTESIAN_POINT('',(23.98,16.5,13.85));
#6111 = DIRECTION('',(1.,0.,0.));
#6112 = DIRECTION('',(0.,0.,1.));
#6113 = ADVANCED_FACE('',(#6114),#6139,.F.);
#6114 = FACE_BOUND('',#6115,.F.);
#6115 = EDGE_LOOP('',(#6116,#6126,#6132,#6133));
#6116 = ORIENTED_EDGE('',*,*,#6117,.F.);
#6117 = EDGE_CURVE('',#6118,#6120,#6122,.T.);
#6118 = VERTEX_POINT('',#6119);
#6119 = CARTESIAN_POINT('',(24.78,16.5,13.85));
#6120 = VERTEX_POINT('',#6121);
#6121 = CARTESIAN_POINT('',(24.78,16.5,18.2));
#6122 = LINE('',#6123,#6124);
#6123 = CARTESIAN_POINT('',(24.78,16.5,13.85));
#6124 = VECTOR('',#6125,1.);
#6125 = DIRECTION('',(0.,0.,1.));
#6126 = ORIENTED_EDGE('',*,*,#6127,.F.);
#6127 = EDGE_CURVE('',#6046,#6118,#6128,.T.);
#6128 = LINE('',#6129,#6130);
#6129 = CARTESIAN_POINT('',(23.98,16.5,13.85));
#6130 = VECTOR('',#6131,1.);
#6131 = DIRECTION('',(1.,0.,0.));
#6132 = ORIENTED_EDGE('',*,*,#6045,.T.);
#6133 = ORIENTED_EDGE('',*,*,#6134,.F.);
#6134 = EDGE_CURVE('',#6120,#6048,#6135,.T.);
#6135 = LINE('',#6136,#6137);
#6136 = CARTESIAN_POINT('',(17.24,16.5,18.2));
#6137 = VECTOR('',#6138,1.);
#6138 = DIRECTION('',(-1.,0.,0.));
#6139 = PLANE('',#6140);
#6140 = AXIS2_PLACEMENT_3D('',#6141,#6142,#6143);
#6141 = CARTESIAN_POINT('',(23.98,16.5,13.85));
#6142 = DIRECTION('',(0.,1.,0.));
#6143 = DIRECTION('',(0.,0.,1.));
#6144 = ADVANCED_FACE('',(#6145,#6375,#6386,#6397),#6408,.F.);
#6145 = FACE_BOUND('',#6146,.F.);
#6146 = EDGE_LOOP('',(#6147,#6157,#6166,#6174,#6183,#6191,#6199,#6207,
    #6215,#6223,#6229,#6230,#6231,#6239,#6247,#6255,#6263,#6271,#6279,
    #6287,#6296,#6304,#6313,#6321,#6329,#6337,#6345,#6353,#6361,#6369));
#6147 = ORIENTED_EDGE('',*,*,#6148,.F.);
#6148 = EDGE_CURVE('',#6149,#6151,#6153,.T.);
#6149 = VERTEX_POINT('',#6150);
#6150 = CARTESIAN_POINT('',(-5.5,7.5,18.2));
#6151 = VERTEX_POINT('',#6152);
#6152 = CARTESIAN_POINT('',(-5.5,9.1,18.2));
#6153 = LINE('',#6154,#6155);
#6154 = CARTESIAN_POINT('',(-5.5,7.5,18.2));
#6155 = VECTOR('',#6156,1.);
#6156 = DIRECTION('',(0.,1.,0.));
#6157 = ORIENTED_EDGE('',*,*,#6158,.T.);
#6158 = EDGE_CURVE('',#6149,#6159,#6161,.T.);
#6159 = VERTEX_POINT('',#6160);
#6160 = CARTESIAN_POINT('',(-2.5,4.5,18.2));
#6161 = CIRCLE('',#6162,3.);
#6162 = AXIS2_PLACEMENT_3D('',#6163,#6164,#6165);
#6163 = CARTESIAN_POINT('',(-2.5,7.5,18.2));
#6164 = DIRECTION('',(0.,0.,1.));
#6165 = DIRECTION('',(1.,0.,0.));
#6166 = ORIENTED_EDGE('',*,*,#6167,.T.);
#6167 = EDGE_CURVE('',#6159,#6168,#6170,.T.);
#6168 = VERTEX_POINT('',#6169);
#6169 = CARTESIAN_POINT('',(23.5,4.5,18.2));
#6170 = LINE('',#6171,#6172);
#6171 = CARTESIAN_POINT('',(-2.5,4.5,18.2));
#6172 = VECTOR('',#6173,1.);
#6173 = DIRECTION('',(1.,0.,0.));
#6174 = ORIENTED_EDGE('',*,*,#6175,.T.);
#6175 = EDGE_CURVE('',#6168,#6176,#6178,.T.);
#6176 = VERTEX_POINT('',#6177);
#6177 = CARTESIAN_POINT('',(26.5,7.5,18.2));
#6178 = CIRCLE('',#6179,3.);
#6179 = AXIS2_PLACEMENT_3D('',#6180,#6181,#6182);
#6180 = CARTESIAN_POINT('',(23.5,7.5,18.2));
#6181 = DIRECTION('',(0.,0.,1.));
#6182 = DIRECTION('',(1.,0.,0.));
#6183 = ORIENTED_EDGE('',*,*,#6184,.T.);
#6184 = EDGE_CURVE('',#6176,#6185,#6187,.T.);
#6185 = VERTEX_POINT('',#6186);
#6186 = CARTESIAN_POINT('',(26.5,9.1,18.2));
#6187 = LINE('',#6188,#6189);
#6188 = CARTESIAN_POINT('',(26.5,7.5,18.2));
#6189 = VECTOR('',#6190,1.);
#6190 = DIRECTION('',(0.,1.,0.));
#6191 = ORIENTED_EDGE('',*,*,#6192,.F.);
#6192 = EDGE_CURVE('',#6193,#6185,#6195,.T.);
#6193 = VERTEX_POINT('',#6194);
#6194 = CARTESIAN_POINT('',(24.3,9.1,18.2));
#6195 = LINE('',#6196,#6197);
#6196 = CARTESIAN_POINT('',(24.3,9.1,18.2));
#6197 = VECTOR('',#6198,1.);
#6198 = DIRECTION('',(1.,0.,0.));
#6199 = ORIENTED_EDGE('',*,*,#6200,.T.);
#6200 = EDGE_CURVE('',#6193,#6201,#6203,.T.);
#6201 = VERTEX_POINT('',#6202);
#6202 = CARTESIAN_POINT('',(24.3,10.3,18.2));
#6203 = LINE('',#6204,#6205);
#6204 = CARTESIAN_POINT('',(24.3,9.1,18.2));
#6205 = VECTOR('',#6206,1.);
#6206 = DIRECTION('',(0.,1.,0.));
#6207 = ORIENTED_EDGE('',*,*,#6208,.T.);
#6208 = EDGE_CURVE('',#6201,#6209,#6211,.T.);
#6209 = VERTEX_POINT('',#6210);
#6210 = CARTESIAN_POINT('',(26.5,10.3,18.2));
#6211 = LINE('',#6212,#6213);
#6212 = CARTESIAN_POINT('',(24.3,10.3,18.2));
#6213 = VECTOR('',#6214,1.);
#6214 = DIRECTION('',(1.,0.,0.));
#6215 = ORIENTED_EDGE('',*,*,#6216,.T.);
#6216 = EDGE_CURVE('',#6209,#6217,#6219,.T.);
#6217 = VERTEX_POINT('',#6218);
#6218 = CARTESIAN_POINT('',(26.5,16.5,18.2));
#6219 = LINE('',#6220,#6221);
#6220 = CARTESIAN_POINT('',(26.5,7.5,18.2));
#6221 = VECTOR('',#6222,1.);
#6222 = DIRECTION('',(0.,1.,0.));
#6223 = ORIENTED_EDGE('',*,*,#6224,.T.);
#6224 = EDGE_CURVE('',#6217,#6120,#6225,.T.);
#6225 = LINE('',#6226,#6227);
#6226 = CARTESIAN_POINT('',(17.64,16.5,18.2));
#6227 = VECTOR('',#6228,1.);
#6228 = DIRECTION('',(-1.,0.,0.));
#6229 = ORIENTED_EDGE('',*,*,#6134,.T.);
#6230 = ORIENTED_EDGE('',*,*,#6103,.T.);
#6231 = ORIENTED_EDGE('',*,*,#6232,.F.);
#6232 = EDGE_CURVE('',#6233,#6096,#6235,.T.);
#6233 = VERTEX_POINT('',#6234);
#6234 = CARTESIAN_POINT('',(24.78,28.2,18.2));
#6235 = LINE('',#6236,#6237);
#6236 = CARTESIAN_POINT('',(17.24,28.2,18.2));
#6237 = VECTOR('',#6238,1.);
#6238 = DIRECTION('',(-1.,0.,0.));
#6239 = ORIENTED_EDGE('',*,*,#6240,.F.);
#6240 = EDGE_CURVE('',#6241,#6233,#6243,.T.);
#6241 = VERTEX_POINT('',#6242);
#6242 = CARTESIAN_POINT('',(26.5,28.2,18.2));
#6243 = LINE('',#6244,#6245);
#6244 = CARTESIAN_POINT('',(17.64,28.2,18.2));
#6245 = VECTOR('',#6246,1.);
#6246 = DIRECTION('',(-1.,0.,0.));
#6247 = ORIENTED_EDGE('',*,*,#6248,.T.);
#6248 = EDGE_CURVE('',#6241,#6249,#6251,.T.);
#6249 = VERTEX_POINT('',#6250);
#6250 = CARTESIAN_POINT('',(26.5,37.,18.2));
#6251 = LINE('',#6252,#6253);
#6252 = CARTESIAN_POINT('',(26.5,7.5,18.2));
#6253 = VECTOR('',#6254,1.);
#6254 = DIRECTION('',(0.,1.,0.));
#6255 = ORIENTED_EDGE('',*,*,#6256,.F.);
#6256 = EDGE_CURVE('',#6257,#6249,#6259,.T.);
#6257 = VERTEX_POINT('',#6258);
#6258 = CARTESIAN_POINT('',(24.3,37.,18.2));
#6259 = LINE('',#6260,#6261);
#6260 = CARTESIAN_POINT('',(24.3,37.,18.2));
#6261 = VECTOR('',#6262,1.);
#6262 = DIRECTION('',(1.,0.,0.));
#6263 = ORIENTED_EDGE('',*,*,#6264,.T.);
#6264 = EDGE_CURVE('',#6257,#6265,#6267,.T.);
#6265 = VERTEX_POINT('',#6266);
#6266 = CARTESIAN_POINT('',(24.3,38.2,18.2));
#6267 = LINE('',#6268,#6269);
#6268 = CARTESIAN_POINT('',(24.3,37.,18.2));
#6269 = VECTOR('',#6270,1.);
#6270 = DIRECTION('',(0.,1.,0.));
#6271 = ORIENTED_EDGE('',*,*,#6272,.T.);
#6272 = EDGE_CURVE('',#6265,#6273,#6275,.T.);
#6273 = VERTEX_POINT('',#6274);
#6274 = CARTESIAN_POINT('',(26.5,38.2,18.2));
#6275 = LINE('',#6276,#6277);
#6276 = CARTESIAN_POINT('',(24.3,38.2,18.2));
#6277 = VECTOR('',#6278,1.);
#6278 = DIRECTION('',(1.,0.,0.));
#6279 = ORIENTED_EDGE('',*,*,#6280,.T.);
#6280 = EDGE_CURVE('',#6273,#6281,#6283,.T.);
#6281 = VERTEX_POINT('',#6282);
#6282 = CARTESIAN_POINT('',(26.5,38.5,18.2));
#6283 = LINE('',#6284,#6285);
#6284 = CARTESIAN_POINT('',(26.5,7.5,18.2));
#6285 = VECTOR('',#6286,1.);
#6286 = DIRECTION('',(0.,1.,0.));
#6287 = ORIENTED_EDGE('',*,*,#6288,.T.);
#6288 = EDGE_CURVE('',#6281,#6289,#6291,.T.);
#6289 = VERTEX_POINT('',#6290);
#6290 = CARTESIAN_POINT('',(23.5,41.5,18.2));
#6291 = CIRCLE('',#6292,3.);
#6292 = AXIS2_PLACEMENT_3D('',#6293,#6294,#6295);
#6293 = CARTESIAN_POINT('',(23.5,38.5,18.2));
#6294 = DIRECTION('',(0.,0.,1.));
#6295 = DIRECTION('',(1.,0.,0.));
#6296 = ORIENTED_EDGE('',*,*,#6297,.F.);
#6297 = EDGE_CURVE('',#6298,#6289,#6300,.T.);
#6298 = VERTEX_POINT('',#6299);
#6299 = CARTESIAN_POINT('',(-2.5,41.5,18.2));
#6300 = LINE('',#6301,#6302);
#6301 = CARTESIAN_POINT('',(-2.5,41.5,18.2));
#6302 = VECTOR('',#6303,1.);
#6303 = DIRECTION('',(1.,0.,0.));
#6304 = ORIENTED_EDGE('',*,*,#6305,.T.);
#6305 = EDGE_CURVE('',#6298,#6306,#6308,.T.);
#6306 = VERTEX_POINT('',#6307);
#6307 = CARTESIAN_POINT('',(-5.5,38.5,18.2));
#6308 = CIRCLE('',#6309,3.);
#6309 = AXIS2_PLACEMENT_3D('',#6310,#6311,#6312);
#6310 = CARTESIAN_POINT('',(-2.5,38.5,18.2));
#6311 = DIRECTION('',(0.,0.,1.));
#6312 = DIRECTION('',(1.,0.,0.));
#6313 = ORIENTED_EDGE('',*,*,#6314,.F.);
#6314 = EDGE_CURVE('',#6315,#6306,#6317,.T.);
#6315 = VERTEX_POINT('',#6316);
#6316 = CARTESIAN_POINT('',(-5.5,38.2,18.2));
#6317 = LINE('',#6318,#6319);
#6318 = CARTESIAN_POINT('',(-5.5,7.5,18.2));
#6319 = VECTOR('',#6320,1.);
#6320 = DIRECTION('',(0.,1.,0.));
#6321 = ORIENTED_EDGE('',*,*,#6322,.T.);
#6322 = EDGE_CURVE('',#6315,#6323,#6325,.T.);
#6323 = VERTEX_POINT('',#6324);
#6324 = CARTESIAN_POINT('',(0.7,38.2,18.2));
#6325 = LINE('',#6326,#6327);
#6326 = CARTESIAN_POINT('',(-5.6,38.2,18.2));
#6327 = VECTOR('',#6328,1.);
#6328 = DIRECTION('',(1.,0.,0.));
#6329 = ORIENTED_EDGE('',*,*,#6330,.F.);
#6330 = EDGE_CURVE('',#6331,#6323,#6333,.T.);
#6331 = VERTEX_POINT('',#6332);
#6332 = CARTESIAN_POINT('',(0.7,37.,18.2));
#6333 = LINE('',#6334,#6335);
#6334 = CARTESIAN_POINT('',(0.7,37.,18.2));
#6335 = VECTOR('',#6336,1.);
#6336 = DIRECTION('',(0.,1.,0.));
#6337 = ORIENTED_EDGE('',*,*,#6338,.F.);
#6338 = EDGE_CURVE('',#6339,#6331,#6341,.T.);
#6339 = VERTEX_POINT('',#6340);
#6340 = CARTESIAN_POINT('',(-5.5,37.,18.2));
#6341 = LINE('',#6342,#6343);
#6342 = CARTESIAN_POINT('',(-5.6,37.,18.2));
#6343 = VECTOR('',#6344,1.);
#6344 = DIRECTION('',(1.,0.,0.));
#6345 = ORIENTED_EDGE('',*,*,#6346,.F.);
#6346 = EDGE_CURVE('',#6347,#6339,#6349,.T.);
#6347 = VERTEX_POINT('',#6348);
#6348 = CARTESIAN_POINT('',(-5.5,10.3,18.2));
#6349 = LINE('',#6350,#6351);
#6350 = CARTESIAN_POINT('',(-5.5,7.5,18.2));
#6351 = VECTOR('',#6352,1.);
#6352 = DIRECTION('',(0.,1.,0.));
#6353 = ORIENTED_EDGE('',*,*,#6354,.T.);
#6354 = EDGE_CURVE('',#6347,#6355,#6357,.T.);
#6355 = VERTEX_POINT('',#6356);
#6356 = CARTESIAN_POINT('',(0.7,10.3,18.2));
#6357 = LINE('',#6358,#6359);
#6358 = CARTESIAN_POINT('',(-5.6,10.3,18.2));
#6359 = VECTOR('',#6360,1.);
#6360 = DIRECTION('',(1.,0.,0.));
#6361 = ORIENTED_EDGE('',*,*,#6362,.F.);
#6362 = EDGE_CURVE('',#6363,#6355,#6365,.T.);
#6363 = VERTEX_POINT('',#6364);
#6364 = CARTESIAN_POINT('',(0.7,9.1,18.2));
#6365 = LINE('',#6366,#6367);
#6366 = CARTESIAN_POINT('',(0.7,9.1,18.2));
#6367 = VECTOR('',#6368,1.);
#6368 = DIRECTION('',(0.,1.,0.));
#6369 = ORIENTED_EDGE('',*,*,#6370,.F.);
#6370 = EDGE_CURVE('',#6151,#6363,#6371,.T.);
#6371 = LINE('',#6372,#6373);
#6372 = CARTESIAN_POINT('',(-5.6,9.1,18.2));
#6373 = VECTOR('',#6374,1.);
#6374 = DIRECTION('',(1.,0.,0.));
#6375 = FACE_BOUND('',#6376,.F.);
#6376 = EDGE_LOOP('',(#6377));
#6377 = ORIENTED_EDGE('',*,*,#6378,.T.);
#6378 = EDGE_CURVE('',#6379,#6379,#6381,.T.);
#6379 = VERTEX_POINT('',#6380);
#6380 = CARTESIAN_POINT('',(18.75,11.9,18.2));
#6381 = CIRCLE('',#6382,1.9);
#6382 = AXIS2_PLACEMENT_3D('',#6383,#6384,#6385);
#6383 = CARTESIAN_POINT('',(16.85,11.9,18.2));
#6384 = DIRECTION('',(0.,0.,-1.));
#6385 = DIRECTION('',(1.,0.,0.));
#6386 = FACE_BOUND('',#6387,.F.);
#6387 = EDGE_LOOP('',(#6388));
#6388 = ORIENTED_EDGE('',*,*,#6389,.T.);
#6389 = EDGE_CURVE('',#6390,#6390,#6392,.T.);
#6390 = VERTEX_POINT('',#6391);
#6391 = CARTESIAN_POINT('',(22.7,11.,18.2));
#6392 = CIRCLE('',#6393,1.45);
#6393 = AXIS2_PLACEMENT_3D('',#6394,#6395,#6396);
#6394 = CARTESIAN_POINT('',(21.25,11.,18.2));
#6395 = DIRECTION('',(0.,0.,-1.));
#6396 = DIRECTION('',(1.,0.,0.));
#6397 = FACE_BOUND('',#6398,.F.);
#6398 = EDGE_LOOP('',(#6399));
#6399 = ORIENTED_EDGE('',*,*,#6400,.T.);
#6400 = EDGE_CURVE('',#6401,#6401,#6403,.T.);
#6401 = VERTEX_POINT('',#6402);
#6402 = CARTESIAN_POINT('',(22.7,14.75,18.2));
#6403 = CIRCLE('',#6404,1.45);
#6404 = AXIS2_PLACEMENT_3D('',#6405,#6406,#6407);
#6405 = CARTESIAN_POINT('',(21.25,14.75,18.2));
#6406 = DIRECTION('',(0.,0.,-1.));
#6407 = DIRECTION('',(1.,0.,0.));
#6408 = PLANE('',#6409);
#6409 = AXIS2_PLACEMENT_3D('',#6410,#6411,#6412);
#6410 = CARTESIAN_POINT('',(10.5,23.,18.2));
#6411 = DIRECTION('',(0.,0.,1.));
#6412 = DIRECTION('',(1.,0.,0.));
#6413 = ADVANCED_FACE('',(#6414),#6432,.T.);
#6414 = FACE_BOUND('',#6415,.T.);
#6415 = EDGE_LOOP('',(#6416,#6424,#6430,#6431));
#6416 = ORIENTED_EDGE('',*,*,#6417,.F.);
#6417 = EDGE_CURVE('',#6418,#6233,#6420,.T.);
#6418 = VERTEX_POINT('',#6419);
#6419 = CARTESIAN_POINT('',(24.78,28.2,13.85));
#6420 = LINE('',#6421,#6422);
#6421 = CARTESIAN_POINT('',(24.78,28.2,13.85));
#6422 = VECTOR('',#6423,1.);
#6423 = DIRECTION('',(0.,0.,1.));
#6424 = ORIENTED_EDGE('',*,*,#6425,.F.);
#6425 = EDGE_CURVE('',#6088,#6418,#6426,.T.);
#6426 = LINE('',#6427,#6428);
#6427 = CARTESIAN_POINT('',(23.98,28.2,13.85));
#6428 = VECTOR('',#6429,1.);
#6429 = DIRECTION('',(1.,0.,0.));
#6430 = ORIENTED_EDGE('',*,*,#6095,.T.);
#6431 = ORIENTED_EDGE('',*,*,#6232,.F.);
#6432 = PLANE('',#6433);
#6433 = AXIS2_PLACEMENT_3D('',#6434,#6435,#6436);
#6434 = CARTESIAN_POINT('',(23.98,28.2,13.85));
#6435 = DIRECTION('',(0.,1.,0.));
#6436 = DIRECTION('',(0.,0.,1.));
#6437 = ADVANCED_FACE('',(#6438),#6456,.F.);
#6438 = FACE_BOUND('',#6439,.F.);
#6439 = EDGE_LOOP('',(#6440,#6441,#6449,#6455));
#6440 = ORIENTED_EDGE('',*,*,#6087,.F.);
#6441 = ORIENTED_EDGE('',*,*,#6442,.F.);
#6442 = EDGE_CURVE('',#6443,#6080,#6445,.T.);
#6443 = VERTEX_POINT('',#6444);
#6444 = CARTESIAN_POINT('',(24.78,27.2,13.85));
#6445 = LINE('',#6446,#6447);
#6446 = CARTESIAN_POINT('',(23.64,27.2,13.85));
#6447 = VECTOR('',#6448,1.);
#6448 = DIRECTION('',(-1.,0.,0.));
#6449 = ORIENTED_EDGE('',*,*,#6450,.T.);
#6450 = EDGE_CURVE('',#6443,#6418,#6451,.T.);
#6451 = LINE('',#6452,#6453);
#6452 = CARTESIAN_POINT('',(24.78,16.5,13.85));
#6453 = VECTOR('',#6454,1.);
#6454 = DIRECTION('',(0.,1.,0.));
#6455 = ORIENTED_EDGE('',*,*,#6425,.F.);
#6456 = PLANE('',#6457);
#6457 = AXIS2_PLACEMENT_3D('',#6458,#6459,#6460);
#6458 = CARTESIAN_POINT('',(23.98,16.5,13.85));
#6459 = DIRECTION('',(0.,0.,1.));
#6460 = DIRECTION('',(1.,0.,0.));
#6461 = ADVANCED_FACE('',(#6462),#6480,.F.);
#6462 = FACE_BOUND('',#6463,.F.);
#6463 = EDGE_LOOP('',(#6464,#6465,#6473,#6479));
#6464 = ORIENTED_EDGE('',*,*,#6079,.T.);
#6465 = ORIENTED_EDGE('',*,*,#6466,.T.);
#6466 = EDGE_CURVE('',#6072,#6467,#6469,.T.);
#6467 = VERTEX_POINT('',#6468);
#6468 = CARTESIAN_POINT('',(24.78,27.2,17.4));
#6469 = LINE('',#6470,#6471);
#6470 = CARTESIAN_POINT('',(23.3,27.2,17.4));
#6471 = VECTOR('',#6472,1.);
#6472 = DIRECTION('',(1.,0.,0.));
#6473 = ORIENTED_EDGE('',*,*,#6474,.F.);
#6474 = EDGE_CURVE('',#6443,#6467,#6475,.T.);
#6475 = LINE('',#6476,#6477);
#6476 = CARTESIAN_POINT('',(24.78,27.2,14.7625));
#6477 = VECTOR('',#6478,1.);
#6478 = DIRECTION('',(0.,0.,1.));
#6479 = ORIENTED_EDGE('',*,*,#6442,.T.);
#6480 = PLANE('',#6481);
#6481 = AXIS2_PLACEMENT_3D('',#6482,#6483,#6484);
#6482 = CARTESIAN_POINT('',(23.3,27.2,13.1));
#6483 = DIRECTION('',(0.,1.,0.));
#6484 = DIRECTION('',(0.,0.,1.));
#6485 = ADVANCED_FACE('',(#6486),#6504,.F.);
#6486 = FACE_BOUND('',#6487,.F.);
#6487 = EDGE_LOOP('',(#6488,#6489,#6490,#6498));
#6488 = ORIENTED_EDGE('',*,*,#6466,.F.);
#6489 = ORIENTED_EDGE('',*,*,#6071,.T.);
#6490 = ORIENTED_EDGE('',*,*,#6491,.T.);
#6491 = EDGE_CURVE('',#6064,#6492,#6494,.T.);
#6492 = VERTEX_POINT('',#6493);
#6493 = CARTESIAN_POINT('',(24.78,17.2,17.4));
#6494 = LINE('',#6495,#6496);
#6495 = CARTESIAN_POINT('',(23.3,17.2,17.4));
#6496 = VECTOR('',#6497,1.);
#6497 = DIRECTION('',(1.,0.,0.));
#6498 = ORIENTED_EDGE('',*,*,#6499,.F.);
#6499 = EDGE_CURVE('',#6467,#6492,#6500,.T.);
#6500 = LINE('',#6501,#6502);
#6501 = CARTESIAN_POINT('',(24.78,19.775,17.4));
#6502 = VECTOR('',#6503,1.);
#6503 = DIRECTION('',(0.,-1.,0.));
#6504 = PLANE('',#6505);
#6505 = AXIS2_PLACEMENT_3D('',#6506,#6507,#6508);
#6506 = CARTESIAN_POINT('',(23.3,17.2,17.4));
#6507 = DIRECTION('',(0.,0.,1.));
#6508 = DIRECTION('',(1.,0.,0.));
#6509 = ADVANCED_FACE('',(#6510),#6528,.T.);
#6510 = FACE_BOUND('',#6511,.T.);
#6511 = EDGE_LOOP('',(#6512,#6513,#6514,#6522));
#6512 = ORIENTED_EDGE('',*,*,#6063,.T.);
#6513 = ORIENTED_EDGE('',*,*,#6491,.T.);
#6514 = ORIENTED_EDGE('',*,*,#6515,.F.);
#6515 = EDGE_CURVE('',#6516,#6492,#6518,.T.);
#6516 = VERTEX_POINT('',#6517);
#6517 = CARTESIAN_POINT('',(24.78,17.2,13.85));
#6518 = LINE('',#6519,#6520);
#6519 = CARTESIAN_POINT('',(24.78,17.2,14.7625));
#6520 = VECTOR('',#6521,1.);
#6521 = DIRECTION('',(0.,0.,1.));
#6522 = ORIENTED_EDGE('',*,*,#6523,.T.);
#6523 = EDGE_CURVE('',#6516,#6056,#6524,.T.);
#6524 = LINE('',#6525,#6526);
#6525 = CARTESIAN_POINT('',(23.64,17.2,13.85));
#6526 = VECTOR('',#6527,1.);
#6527 = DIRECTION('',(-1.,0.,0.));
#6528 = PLANE('',#6529);
#6529 = AXIS2_PLACEMENT_3D('',#6530,#6531,#6532);
#6530 = CARTESIAN_POINT('',(23.3,17.2,13.1));
#6531 = DIRECTION('',(0.,1.,0.));
#6532 = DIRECTION('',(0.,0.,1.));
#6533 = ADVANCED_FACE('',(#6534),#6545,.F.);
#6534 = FACE_BOUND('',#6535,.F.);
#6535 = EDGE_LOOP('',(#6536,#6537,#6538,#6544));
#6536 = ORIENTED_EDGE('',*,*,#6055,.F.);
#6537 = ORIENTED_EDGE('',*,*,#6127,.T.);
#6538 = ORIENTED_EDGE('',*,*,#6539,.T.);
#6539 = EDGE_CURVE('',#6118,#6516,#6540,.T.);
#6540 = LINE('',#6541,#6542);
#6541 = CARTESIAN_POINT('',(24.78,16.5,13.85));
#6542 = VECTOR('',#6543,1.);
#6543 = DIRECTION('',(0.,1.,0.));
#6544 = ORIENTED_EDGE('',*,*,#6523,.T.);
#6545 = PLANE('',#6546);
#6546 = AXIS2_PLACEMENT_3D('',#6547,#6548,#6549);
#6547 = CARTESIAN_POINT('',(23.98,16.5,13.85));
#6548 = DIRECTION('',(0.,0.,1.));
#6549 = DIRECTION('',(1.,0.,0.));
#6550 = ADVANCED_FACE('',(#6551),#6582,.T.);
#6551 = FACE_BOUND('',#6552,.T.);
#6552 = EDGE_LOOP('',(#6553,#6554,#6555,#6556,#6557,#6558,#6559,#6560,
    #6568,#6576));
#6553 = ORIENTED_EDGE('',*,*,#6117,.F.);
#6554 = ORIENTED_EDGE('',*,*,#6539,.T.);
#6555 = ORIENTED_EDGE('',*,*,#6515,.T.);
#6556 = ORIENTED_EDGE('',*,*,#6499,.F.);
#6557 = ORIENTED_EDGE('',*,*,#6474,.F.);
#6558 = ORIENTED_EDGE('',*,*,#6450,.T.);
#6559 = ORIENTED_EDGE('',*,*,#6417,.T.);
#6560 = ORIENTED_EDGE('',*,*,#6561,.T.);
#6561 = EDGE_CURVE('',#6233,#6562,#6564,.T.);
#6562 = VERTEX_POINT('',#6563);
#6563 = CARTESIAN_POINT('',(24.78,28.2,19.));
#6564 = LINE('',#6565,#6566);
#6565 = CARTESIAN_POINT('',(24.78,28.2,13.1));
#6566 = VECTOR('',#6567,1.);
#6567 = DIRECTION('',(0.,0.,1.));
#6568 = ORIENTED_EDGE('',*,*,#6569,.F.);
#6569 = EDGE_CURVE('',#6570,#6562,#6572,.T.);
#6570 = VERTEX_POINT('',#6571);
#6571 = CARTESIAN_POINT('',(24.78,16.5,19.));
#6572 = LINE('',#6573,#6574);
#6573 = CARTESIAN_POINT('',(24.78,19.75,19.));
#6574 = VECTOR('',#6575,1.);
#6575 = DIRECTION('',(0.,1.,0.));
#6576 = ORIENTED_EDGE('',*,*,#6577,.F.);
#6577 = EDGE_CURVE('',#6120,#6570,#6578,.T.);
#6578 = LINE('',#6579,#6580);
#6579 = CARTESIAN_POINT('',(24.78,16.5,13.1));
#6580 = VECTOR('',#6581,1.);
#6581 = DIRECTION('',(0.,0.,1.));
#6582 = PLANE('',#6583);
#6583 = AXIS2_PLACEMENT_3D('',#6584,#6585,#6586);
#6584 = CARTESIAN_POINT('',(24.78,22.35,16.425));
#6585 = DIRECTION('',(1.,0.,0.));
#6586 = DIRECTION('',(0.,0.,1.));
#6587 = ADVANCED_FACE('',(#6588),#6659,.T.);
#6588 = FACE_BOUND('',#6589,.T.);
#6589 = EDGE_LOOP('',(#6590,#6600,#6606,#6607,#6615,#6623,#6629,#6630,
    #6638,#6646,#6652,#6653));
#6590 = ORIENTED_EDGE('',*,*,#6591,.F.);
#6591 = EDGE_CURVE('',#6592,#6594,#6596,.T.);
#6592 = VERTEX_POINT('',#6593);
#6593 = CARTESIAN_POINT('',(-5.5,38.5,12.72));
#6594 = VERTEX_POINT('',#6595);
#6595 = CARTESIAN_POINT('',(-5.5,7.5,12.72));
#6596 = LINE('',#6597,#6598);
#6597 = CARTESIAN_POINT('',(-5.5,15.25,12.72));
#6598 = VECTOR('',#6599,1.);
#6599 = DIRECTION('',(0.,-1.,0.));
#6600 = ORIENTED_EDGE('',*,*,#6601,.T.);
#6601 = EDGE_CURVE('',#6592,#6306,#6602,.T.);
#6602 = LINE('',#6603,#6604);
#6603 = CARTESIAN_POINT('',(-5.5,38.5,10.4));
#6604 = VECTOR('',#6605,1.);
#6605 = DIRECTION('',(0.,0.,1.));
#6606 = ORIENTED_EDGE('',*,*,#6314,.F.);
#6607 = ORIENTED_EDGE('',*,*,#6608,.F.);
#6608 = EDGE_CURVE('',#6609,#6315,#6611,.T.);
#6609 = VERTEX_POINT('',#6610);
#6610 = CARTESIAN_POINT('',(-5.5,38.2,13.85));
#6611 = LINE('',#6612,#6613);
#6612 = CARTESIAN_POINT('',(-5.5,38.2,12.125));
#6613 = VECTOR('',#6614,1.);
#6614 = DIRECTION('',(0.,0.,1.));
#6615 = ORIENTED_EDGE('',*,*,#6616,.T.);
#6616 = EDGE_CURVE('',#6609,#6617,#6619,.T.);
#6617 = VERTEX_POINT('',#6618);
#6618 = CARTESIAN_POINT('',(-5.5,37.,13.85));
#6619 = LINE('',#6620,#6621);
#6620 = CARTESIAN_POINT('',(-5.5,22.25,13.85));
#6621 = VECTOR('',#6622,1.);
#6622 = DIRECTION('',(0.,-1.,0.));
#6623 = ORIENTED_EDGE('',*,*,#6624,.T.);
#6624 = EDGE_CURVE('',#6617,#6339,#6625,.T.);
#6625 = LINE('',#6626,#6627);
#6626 = CARTESIAN_POINT('',(-5.5,37.,12.125));
#6627 = VECTOR('',#6628,1.);
#6628 = DIRECTION('',(0.,0.,1.));
#6629 = ORIENTED_EDGE('',*,*,#6346,.F.);
#6630 = ORIENTED_EDGE('',*,*,#6631,.F.);
#6631 = EDGE_CURVE('',#6632,#6347,#6634,.T.);
#6632 = VERTEX_POINT('',#6633);
#6633 = CARTESIAN_POINT('',(-5.5,10.3,13.85));
#6634 = LINE('',#6635,#6636);
#6635 = CARTESIAN_POINT('',(-5.5,10.3,12.125));
#6636 = VECTOR('',#6637,1.);
#6637 = DIRECTION('',(0.,0.,1.));
#6638 = ORIENTED_EDGE('',*,*,#6639,.T.);
#6639 = EDGE_CURVE('',#6632,#6640,#6642,.T.);
#6640 = VERTEX_POINT('',#6641);
#6641 = CARTESIAN_POINT('',(-5.5,9.1,13.85));
#6642 = LINE('',#6643,#6644);
#6643 = CARTESIAN_POINT('',(-5.5,8.3,13.85));
#6644 = VECTOR('',#6645,1.);
#6645 = DIRECTION('',(0.,-1.,0.));
#6646 = ORIENTED_EDGE('',*,*,#6647,.T.);
#6647 = EDGE_CURVE('',#6640,#6151,#6648,.T.);
#6648 = LINE('',#6649,#6650);
#6649 = CARTESIAN_POINT('',(-5.5,9.1,12.125));
#6650 = VECTOR('',#6651,1.);
#6651 = DIRECTION('',(0.,0.,1.));
#6652 = ORIENTED_EDGE('',*,*,#6148,.F.);
#6653 = ORIENTED_EDGE('',*,*,#6654,.F.);
#6654 = EDGE_CURVE('',#6594,#6149,#6655,.T.);
#6655 = LINE('',#6656,#6657);
#6656 = CARTESIAN_POINT('',(-5.5,7.5,10.4));
#6657 = VECTOR('',#6658,1.);
#6658 = DIRECTION('',(0.,0.,1.));
#6659 = PLANE('',#6660);
#6660 = AXIS2_PLACEMENT_3D('',#6661,#6662,#6663);
#6661 = CARTESIAN_POINT('',(-5.5,7.5,10.4));
#6662 = DIRECTION('',(1.,0.,0.));
#6663 = DIRECTION('',(0.,0.,1.));
#6664 = ADVANCED_FACE('',(#6665),#6684,.F.);
#6665 = FACE_BOUND('',#6666,.T.);
#6666 = EDGE_LOOP('',(#6667,#6676,#6677,#6678));
#6667 = ORIENTED_EDGE('',*,*,#6668,.T.);
#6668 = EDGE_CURVE('',#6669,#6594,#6671,.T.);
#6669 = VERTEX_POINT('',#6670);
#6670 = CARTESIAN_POINT('',(-2.5,4.5,12.72));
#6671 = CIRCLE('',#6672,3.);
#6672 = AXIS2_PLACEMENT_3D('',#6673,#6674,#6675);
#6673 = CARTESIAN_POINT('',(-2.5,7.5,12.72));
#6674 = DIRECTION('',(0.,0.,-1.));
#6675 = DIRECTION('',(1.,0.,0.));
#6676 = ORIENTED_EDGE('',*,*,#6654,.T.);
#6677 = ORIENTED_EDGE('',*,*,#6158,.T.);
#6678 = ORIENTED_EDGE('',*,*,#6679,.F.);
#6679 = EDGE_CURVE('',#6669,#6159,#6680,.T.);
#6680 = LINE('',#6681,#6682);
#6681 = CARTESIAN_POINT('',(-2.5,4.5,10.4));
#6682 = VECTOR('',#6683,1.);
#6683 = DIRECTION('',(0.,0.,1.));
#6684 = CYLINDRICAL_SURFACE('',#6685,3.);
#6685 = AXIS2_PLACEMENT_3D('',#6686,#6687,#6688);
#6686 = CARTESIAN_POINT('',(-2.5,7.5,10.4));
#6687 = DIRECTION('',(-0.,-0.,-1.));
#6688 = DIRECTION('',(1.,0.,0.));
#6689 = ADVANCED_FACE('',(#6690),#6708,.F.);
#6690 = FACE_BOUND('',#6691,.F.);
#6691 = EDGE_LOOP('',(#6692,#6700,#6701,#6702));
#6692 = ORIENTED_EDGE('',*,*,#6693,.F.);
#6693 = EDGE_CURVE('',#6640,#6694,#6696,.T.);
#6694 = VERTEX_POINT('',#6695);
#6695 = CARTESIAN_POINT('',(0.7,9.1,13.85));
#6696 = LINE('',#6697,#6698);
#6697 = CARTESIAN_POINT('',(-5.6,9.1,13.85));
#6698 = VECTOR('',#6699,1.);
#6699 = DIRECTION('',(1.,0.,0.));
#6700 = ORIENTED_EDGE('',*,*,#6647,.T.);
#6701 = ORIENTED_EDGE('',*,*,#6370,.T.);
#6702 = ORIENTED_EDGE('',*,*,#6703,.F.);
#6703 = EDGE_CURVE('',#6694,#6363,#6704,.T.);
#6704 = LINE('',#6705,#6706);
#6705 = CARTESIAN_POINT('',(0.7,9.1,13.85));
#6706 = VECTOR('',#6707,1.);
#6707 = DIRECTION('',(0.,0.,1.));
#6708 = PLANE('',#6709);
#6709 = AXIS2_PLACEMENT_3D('',#6710,#6711,#6712);
#6710 = CARTESIAN_POINT('',(-5.6,9.1,13.85));
#6711 = DIRECTION('',(0.,1.,0.));
#6712 = DIRECTION('',(0.,0.,1.));
#6713 = ADVANCED_FACE('',(#6714),#6732,.T.);
#6714 = FACE_BOUND('',#6715,.T.);
#6715 = EDGE_LOOP('',(#6716,#6724,#6725,#6726));
#6716 = ORIENTED_EDGE('',*,*,#6717,.F.);
#6717 = EDGE_CURVE('',#6669,#6718,#6720,.T.);
#6718 = VERTEX_POINT('',#6719);
#6719 = CARTESIAN_POINT('',(23.5,4.5,12.72));
#6720 = LINE('',#6721,#6722);
#6721 = CARTESIAN_POINT('',(4.,4.5,12.72));
#6722 = VECTOR('',#6723,1.);
#6723 = DIRECTION('',(1.,0.,0.));
#6724 = ORIENTED_EDGE('',*,*,#6679,.T.);
#6725 = ORIENTED_EDGE('',*,*,#6167,.T.);
#6726 = ORIENTED_EDGE('',*,*,#6727,.F.);
#6727 = EDGE_CURVE('',#6718,#6168,#6728,.T.);
#6728 = LINE('',#6729,#6730);
#6729 = CARTESIAN_POINT('',(23.5,4.5,10.4));
#6730 = VECTOR('',#6731,1.);
#6731 = DIRECTION('',(0.,0.,1.));
#6732 = PLANE('',#6733);
#6733 = AXIS2_PLACEMENT_3D('',#6734,#6735,#6736);
#6734 = CARTESIAN_POINT('',(-2.5,4.5,10.4));
#6735 = DIRECTION('',(0.,1.,0.));
#6736 = DIRECTION('',(0.,0.,1.));
#6737 = ADVANCED_FACE('',(#6738),#6756,.T.);
#6738 = FACE_BOUND('',#6739,.T.);
#6739 = EDGE_LOOP('',(#6740,#6741,#6749,#6755));
#6740 = ORIENTED_EDGE('',*,*,#6703,.F.);
#6741 = ORIENTED_EDGE('',*,*,#6742,.T.);
#6742 = EDGE_CURVE('',#6694,#6743,#6745,.T.);
#6743 = VERTEX_POINT('',#6744);
#6744 = CARTESIAN_POINT('',(0.7,10.3,13.85));
#6745 = LINE('',#6746,#6747);
#6746 = CARTESIAN_POINT('',(0.7,9.1,13.85));
#6747 = VECTOR('',#6748,1.);
#6748 = DIRECTION('',(0.,1.,0.));
#6749 = ORIENTED_EDGE('',*,*,#6750,.T.);
#6750 = EDGE_CURVE('',#6743,#6355,#6751,.T.);
#6751 = LINE('',#6752,#6753);
#6752 = CARTESIAN_POINT('',(0.7,10.3,13.85));
#6753 = VECTOR('',#6754,1.);
#6754 = DIRECTION('',(0.,0.,1.));
#6755 = ORIENTED_EDGE('',*,*,#6362,.F.);
#6756 = PLANE('',#6757);
#6757 = AXIS2_PLACEMENT_3D('',#6758,#6759,#6760);
#6758 = CARTESIAN_POINT('',(0.7,9.1,13.85));
#6759 = DIRECTION('',(1.,0.,0.));
#6760 = DIRECTION('',(0.,0.,1.));
#6761 = ADVANCED_FACE('',(#6762),#6781,.F.);
#6762 = FACE_BOUND('',#6763,.T.);
#6763 = EDGE_LOOP('',(#6764,#6765,#6766,#6774));
#6764 = ORIENTED_EDGE('',*,*,#6727,.T.);
#6765 = ORIENTED_EDGE('',*,*,#6175,.T.);
#6766 = ORIENTED_EDGE('',*,*,#6767,.F.);
#6767 = EDGE_CURVE('',#6768,#6176,#6770,.T.);
#6768 = VERTEX_POINT('',#6769);
#6769 = CARTESIAN_POINT('',(26.5,7.5,12.72));
#6770 = LINE('',#6771,#6772);
#6771 = CARTESIAN_POINT('',(26.5,7.5,10.4));
#6772 = VECTOR('',#6773,1.);
#6773 = DIRECTION('',(0.,0.,1.));
#6774 = ORIENTED_EDGE('',*,*,#6775,.T.);
#6775 = EDGE_CURVE('',#6768,#6718,#6776,.T.);
#6776 = CIRCLE('',#6777,3.);
#6777 = AXIS2_PLACEMENT_3D('',#6778,#6779,#6780);
#6778 = CARTESIAN_POINT('',(23.5,7.5,12.72));
#6779 = DIRECTION('',(0.,0.,-1.));
#6780 = DIRECTION('',(1.,0.,0.));
#6781 = CYLINDRICAL_SURFACE('',#6782,3.);
#6782 = AXIS2_PLACEMENT_3D('',#6783,#6784,#6785);
#6783 = CARTESIAN_POINT('',(23.5,7.5,10.4));
#6784 = DIRECTION('',(-0.,-0.,-1.));
#6785 = DIRECTION('',(1.,0.,0.));
#6786 = ADVANCED_FACE('',(#6787),#6798,.T.);
#6787 = FACE_BOUND('',#6788,.T.);
#6788 = EDGE_LOOP('',(#6789,#6795,#6796,#6797));
#6789 = ORIENTED_EDGE('',*,*,#6790,.F.);
#6790 = EDGE_CURVE('',#6632,#6743,#6791,.T.);
#6791 = LINE('',#6792,#6793);
#6792 = CARTESIAN_POINT('',(-5.6,10.3,13.85));
#6793 = VECTOR('',#6794,1.);
#6794 = DIRECTION('',(1.,0.,0.));
#6795 = ORIENTED_EDGE('',*,*,#6631,.T.);
#6796 = ORIENTED_EDGE('',*,*,#6354,.T.);
#6797 = ORIENTED_EDGE('',*,*,#6750,.F.);
#6798 = PLANE('',#6799);
#6799 = AXIS2_PLACEMENT_3D('',#6800,#6801,#6802);
#6800 = CARTESIAN_POINT('',(-5.6,10.3,13.85));
#6801 = DIRECTION('',(0.,1.,0.));
#6802 = DIRECTION('',(0.,0.,1.));
#6803 = ADVANCED_FACE('',(#6804),#6891,.F.);
#6804 = FACE_BOUND('',#6805,.F.);
#6805 = EDGE_LOOP('',(#6806,#6807,#6815,#6821,#6822,#6830,#6838,#6844,
    #6845,#6853,#6861,#6867,#6868,#6876,#6884,#6890));
#6806 = ORIENTED_EDGE('',*,*,#6767,.F.);
#6807 = ORIENTED_EDGE('',*,*,#6808,.F.);
#6808 = EDGE_CURVE('',#6809,#6768,#6811,.T.);
#6809 = VERTEX_POINT('',#6810);
#6810 = CARTESIAN_POINT('',(26.5,38.5,12.72));
#6811 = LINE('',#6812,#6813);
#6812 = CARTESIAN_POINT('',(26.5,15.25,12.72));
#6813 = VECTOR('',#6814,1.);
#6814 = DIRECTION('',(0.,-1.,0.));
#6815 = ORIENTED_EDGE('',*,*,#6816,.T.);
#6816 = EDGE_CURVE('',#6809,#6281,#6817,.T.);
#6817 = LINE('',#6818,#6819);
#6818 = CARTESIAN_POINT('',(26.5,38.5,10.4));
#6819 = VECTOR('',#6820,1.);
#6820 = DIRECTION('',(0.,0.,1.));
#6821 = ORIENTED_EDGE('',*,*,#6280,.F.);
#6822 = ORIENTED_EDGE('',*,*,#6823,.F.);
#6823 = EDGE_CURVE('',#6824,#6273,#6826,.T.);
#6824 = VERTEX_POINT('',#6825);
#6825 = CARTESIAN_POINT('',(26.5,38.2,13.85));
#6826 = LINE('',#6827,#6828);
#6827 = CARTESIAN_POINT('',(26.5,38.2,12.125));
#6828 = VECTOR('',#6829,1.);
#6829 = DIRECTION('',(0.,0.,1.));
#6830 = ORIENTED_EDGE('',*,*,#6831,.T.);
#6831 = EDGE_CURVE('',#6824,#6832,#6834,.T.);
#6832 = VERTEX_POINT('',#6833);
#6833 = CARTESIAN_POINT('',(26.5,37.,13.85));
#6834 = LINE('',#6835,#6836);
#6835 = CARTESIAN_POINT('',(26.5,22.25,13.85));
#6836 = VECTOR('',#6837,1.);
#6837 = DIRECTION('',(0.,-1.,0.));
#6838 = ORIENTED_EDGE('',*,*,#6839,.T.);
#6839 = EDGE_CURVE('',#6832,#6249,#6840,.T.);
#6840 = LINE('',#6841,#6842);
#6841 = CARTESIAN_POINT('',(26.5,37.,12.125));
#6842 = VECTOR('',#6843,1.);
#6843 = DIRECTION('',(0.,0.,1.));
#6844 = ORIENTED_EDGE('',*,*,#6248,.F.);
#6845 = ORIENTED_EDGE('',*,*,#6846,.F.);
#6846 = EDGE_CURVE('',#6847,#6241,#6849,.T.);
#6847 = VERTEX_POINT('',#6848);
#6848 = CARTESIAN_POINT('',(26.5,28.2,13.1));
#6849 = LINE('',#6850,#6851);
#6850 = CARTESIAN_POINT('',(26.5,28.2,11.75));
#6851 = VECTOR('',#6852,1.);
#6852 = DIRECTION('',(0.,0.,1.));
#6853 = ORIENTED_EDGE('',*,*,#6854,.T.);
#6854 = EDGE_CURVE('',#6847,#6855,#6857,.T.);
#6855 = VERTEX_POINT('',#6856);
#6856 = CARTESIAN_POINT('',(26.5,16.5,13.1));
#6857 = LINE('',#6858,#6859);
#6858 = CARTESIAN_POINT('',(26.5,12.,13.1));
#6859 = VECTOR('',#6860,1.);
#6860 = DIRECTION('',(0.,-1.,0.));
#6861 = ORIENTED_EDGE('',*,*,#6862,.T.);
#6862 = EDGE_CURVE('',#6855,#6217,#6863,.T.);
#6863 = LINE('',#6864,#6865);
#6864 = CARTESIAN_POINT('',(26.5,16.5,11.75));
#6865 = VECTOR('',#6866,1.);
#6866 = DIRECTION('',(0.,0.,1.));
#6867 = ORIENTED_EDGE('',*,*,#6216,.F.);
#6868 = ORIENTED_EDGE('',*,*,#6869,.F.);
#6869 = EDGE_CURVE('',#6870,#6209,#6872,.T.);
#6870 = VERTEX_POINT('',#6871);
#6871 = CARTESIAN_POINT('',(26.5,10.3,13.85));
#6872 = LINE('',#6873,#6874);
#6873 = CARTESIAN_POINT('',(26.5,10.3,12.125));
#6874 = VECTOR('',#6875,1.);
#6875 = DIRECTION('',(0.,0.,1.));
#6876 = ORIENTED_EDGE('',*,*,#6877,.T.);
#6877 = EDGE_CURVE('',#6870,#6878,#6880,.T.);
#6878 = VERTEX_POINT('',#6879);
#6879 = CARTESIAN_POINT('',(26.5,9.1,13.85));
#6880 = LINE('',#6881,#6882);
#6881 = CARTESIAN_POINT('',(26.5,8.3,13.85));
#6882 = VECTOR('',#6883,1.);
#6883 = DIRECTION('',(0.,-1.,0.));
#6884 = ORIENTED_EDGE('',*,*,#6885,.T.);
#6885 = EDGE_CURVE('',#6878,#6185,#6886,.T.);
#6886 = LINE('',#6887,#6888);
#6887 = CARTESIAN_POINT('',(26.5,9.1,12.125));
#6888 = VECTOR('',#6889,1.);
#6889 = DIRECTION('',(0.,0.,1.));
#6890 = ORIENTED_EDGE('',*,*,#6184,.F.);
#6891 = PLANE('',#6892);
#6892 = AXIS2_PLACEMENT_3D('',#6893,#6894,#6895);
#6893 = CARTESIAN_POINT('',(26.5,7.5,10.4));
#6894 = DIRECTION('',(1.,0.,0.));
#6895 = DIRECTION('',(0.,0.,1.));
#6896 = ADVANCED_FACE('',(#6897),#6915,.F.);
#6897 = FACE_BOUND('',#6898,.F.);
#6898 = EDGE_LOOP('',(#6899,#6907,#6913,#6914));
#6899 = ORIENTED_EDGE('',*,*,#6900,.F.);
#6900 = EDGE_CURVE('',#6901,#6878,#6903,.T.);
#6901 = VERTEX_POINT('',#6902);
#6902 = CARTESIAN_POINT('',(24.3,9.1,13.85));
#6903 = LINE('',#6904,#6905);
#6904 = CARTESIAN_POINT('',(24.3,9.1,13.85));
#6905 = VECTOR('',#6906,1.);
#6906 = DIRECTION('',(1.,0.,0.));
#6907 = ORIENTED_EDGE('',*,*,#6908,.T.);
#6908 = EDGE_CURVE('',#6901,#6193,#6909,.T.);
#6909 = LINE('',#6910,#6911);
#6910 = CARTESIAN_POINT('',(24.3,9.1,13.85));
#6911 = VECTOR('',#6912,1.);
#6912 = DIRECTION('',(0.,0.,1.));
#6913 = ORIENTED_EDGE('',*,*,#6192,.T.);
#6914 = ORIENTED_EDGE('',*,*,#6885,.F.);
#6915 = PLANE('',#6916);
#6916 = AXIS2_PLACEMENT_3D('',#6917,#6918,#6919);
#6917 = CARTESIAN_POINT('',(24.3,9.1,13.85));
#6918 = DIRECTION('',(0.,1.,0.));
#6919 = DIRECTION('',(0.,0.,1.));
#6920 = ADVANCED_FACE('',(#6921),#6939,.F.);
#6921 = FACE_BOUND('',#6922,.F.);
#6922 = EDGE_LOOP('',(#6923,#6931,#6932,#6933));
#6923 = ORIENTED_EDGE('',*,*,#6924,.F.);
#6924 = EDGE_CURVE('',#6617,#6925,#6927,.T.);
#6925 = VERTEX_POINT('',#6926);
#6926 = CARTESIAN_POINT('',(0.7,37.,13.85));
#6927 = LINE('',#6928,#6929);
#6928 = CARTESIAN_POINT('',(-5.6,37.,13.85));
#6929 = VECTOR('',#6930,1.);
#6930 = DIRECTION('',(1.,0.,0.));
#6931 = ORIENTED_EDGE('',*,*,#6624,.T.);
#6932 = ORIENTED_EDGE('',*,*,#6338,.T.);
#6933 = ORIENTED_EDGE('',*,*,#6934,.F.);
#6934 = EDGE_CURVE('',#6925,#6331,#6935,.T.);
#6935 = LINE('',#6936,#6937);
#6936 = CARTESIAN_POINT('',(0.7,37.,13.85));
#6937 = VECTOR('',#6938,1.);
#6938 = DIRECTION('',(0.,0.,1.));
#6939 = PLANE('',#6940);
#6940 = AXIS2_PLACEMENT_3D('',#6941,#6942,#6943);
#6941 = CARTESIAN_POINT('',(-5.6,37.,13.85));
#6942 = DIRECTION('',(0.,1.,0.));
#6943 = DIRECTION('',(0.,0.,1.));
#6944 = ADVANCED_FACE('',(#6945),#6963,.F.);
#6945 = FACE_BOUND('',#6946,.F.);
#6946 = EDGE_LOOP('',(#6947,#6948,#6956,#6962));
#6947 = ORIENTED_EDGE('',*,*,#6908,.F.);
#6948 = ORIENTED_EDGE('',*,*,#6949,.T.);
#6949 = EDGE_CURVE('',#6901,#6950,#6952,.T.);
#6950 = VERTEX_POINT('',#6951);
#6951 = CARTESIAN_POINT('',(24.3,10.3,13.85));
#6952 = LINE('',#6953,#6954);
#6953 = CARTESIAN_POINT('',(24.3,9.1,13.85));
#6954 = VECTOR('',#6955,1.);
#6955 = DIRECTION('',(0.,1.,0.));
#6956 = ORIENTED_EDGE('',*,*,#6957,.T.);
#6957 = EDGE_CURVE('',#6950,#6201,#6958,.T.);
#6958 = LINE('',#6959,#6960);
#6959 = CARTESIAN_POINT('',(24.3,10.3,13.85));
#6960 = VECTOR('',#6961,1.);
#6961 = DIRECTION('',(0.,0.,1.));
#6962 = ORIENTED_EDGE('',*,*,#6200,.F.);
#6963 = PLANE('',#6964);
#6964 = AXIS2_PLACEMENT_3D('',#6965,#6966,#6967);
#6965 = CARTESIAN_POINT('',(24.3,9.1,13.85));
#6966 = DIRECTION('',(1.,0.,0.));
#6967 = DIRECTION('',(0.,0.,1.));
#6968 = ADVANCED_FACE('',(#6969),#6987,.T.);
#6969 = FACE_BOUND('',#6970,.T.);
#6970 = EDGE_LOOP('',(#6971,#6972,#6980,#6986));
#6971 = ORIENTED_EDGE('',*,*,#6934,.F.);
#6972 = ORIENTED_EDGE('',*,*,#6973,.T.);
#6973 = EDGE_CURVE('',#6925,#6974,#6976,.T.);
#6974 = VERTEX_POINT('',#6975);
#6975 = CARTESIAN_POINT('',(0.7,38.2,13.85));
#6976 = LINE('',#6977,#6978);
#6977 = CARTESIAN_POINT('',(0.7,37.,13.85));
#6978 = VECTOR('',#6979,1.);
#6979 = DIRECTION('',(0.,1.,0.));
#6980 = ORIENTED_EDGE('',*,*,#6981,.T.);
#6981 = EDGE_CURVE('',#6974,#6323,#6982,.T.);
#6982 = LINE('',#6983,#6984);
#6983 = CARTESIAN_POINT('',(0.7,38.2,13.85));
#6984 = VECTOR('',#6985,1.);
#6985 = DIRECTION('',(0.,0.,1.));
#6986 = ORIENTED_EDGE('',*,*,#6330,.F.);
#6987 = PLANE('',#6988);
#6988 = AXIS2_PLACEMENT_3D('',#6989,#6990,#6991);
#6989 = CARTESIAN_POINT('',(0.7,37.,13.85));
#6990 = DIRECTION('',(1.,0.,0.));
#6991 = DIRECTION('',(0.,0.,1.));
#6992 = ADVANCED_FACE('',(#6993),#7004,.T.);
#6993 = FACE_BOUND('',#6994,.T.);
#6994 = EDGE_LOOP('',(#6995,#7001,#7002,#7003));
#6995 = ORIENTED_EDGE('',*,*,#6996,.F.);
#6996 = EDGE_CURVE('',#6950,#6870,#6997,.T.);
#6997 = LINE('',#6998,#6999);
#6998 = CARTESIAN_POINT('',(24.3,10.3,13.85));
#6999 = VECTOR('',#7000,1.);
#7000 = DIRECTION('',(1.,0.,0.));
#7001 = ORIENTED_EDGE('',*,*,#6957,.T.);
#7002 = ORIENTED_EDGE('',*,*,#6208,.T.);
#7003 = ORIENTED_EDGE('',*,*,#6869,.F.);
#7004 = PLANE('',#7005);
#7005 = AXIS2_PLACEMENT_3D('',#7006,#7007,#7008);
#7006 = CARTESIAN_POINT('',(24.3,10.3,13.85));
#7007 = DIRECTION('',(0.,1.,0.));
#7008 = DIRECTION('',(0.,0.,1.));
#7009 = ADVANCED_FACE('',(#7010),#7021,.T.);
#7010 = FACE_BOUND('',#7011,.T.);
#7011 = EDGE_LOOP('',(#7012,#7018,#7019,#7020));
#7012 = ORIENTED_EDGE('',*,*,#7013,.F.);
#7013 = EDGE_CURVE('',#6609,#6974,#7014,.T.);
#7014 = LINE('',#7015,#7016);
#7015 = CARTESIAN_POINT('',(-5.6,38.2,13.85));
#7016 = VECTOR('',#7017,1.);
#7017 = DIRECTION('',(1.,0.,0.));
#7018 = ORIENTED_EDGE('',*,*,#6608,.T.);
#7019 = ORIENTED_EDGE('',*,*,#6322,.T.);
#7020 = ORIENTED_EDGE('',*,*,#6981,.F.);
#7021 = PLANE('',#7022);
#7022 = AXIS2_PLACEMENT_3D('',#7023,#7024,#7025);
#7023 = CARTESIAN_POINT('',(-5.6,38.2,13.85));
#7024 = DIRECTION('',(0.,1.,0.));
#7025 = DIRECTION('',(0.,0.,1.));
#7026 = ADVANCED_FACE('',(#7027),#7054,.T.);
#7027 = FACE_BOUND('',#7028,.T.);
#7028 = EDGE_LOOP('',(#7029,#7037,#7038,#7039,#7040,#7048));
#7029 = ORIENTED_EDGE('',*,*,#7030,.F.);
#7030 = EDGE_CURVE('',#6855,#7031,#7033,.T.);
#7031 = VERTEX_POINT('',#7032);
#7032 = CARTESIAN_POINT('',(27.3,16.5,13.1));
#7033 = LINE('',#7034,#7035);
#7034 = CARTESIAN_POINT('',(24.78,16.5,13.1));
#7035 = VECTOR('',#7036,1.);
#7036 = DIRECTION('',(1.,0.,0.));
#7037 = ORIENTED_EDGE('',*,*,#6862,.T.);
#7038 = ORIENTED_EDGE('',*,*,#6224,.T.);
#7039 = ORIENTED_EDGE('',*,*,#6577,.T.);
#7040 = ORIENTED_EDGE('',*,*,#7041,.F.);
#7041 = EDGE_CURVE('',#7042,#6570,#7044,.T.);
#7042 = VERTEX_POINT('',#7043);
#7043 = CARTESIAN_POINT('',(27.3,16.5,19.));
#7044 = LINE('',#7045,#7046);
#7045 = CARTESIAN_POINT('',(17.64,16.5,19.));
#7046 = VECTOR('',#7047,1.);
#7047 = DIRECTION('',(-1.,0.,0.));
#7048 = ORIENTED_EDGE('',*,*,#7049,.F.);
#7049 = EDGE_CURVE('',#7031,#7042,#7050,.T.);
#7050 = LINE('',#7051,#7052);
#7051 = CARTESIAN_POINT('',(27.3,16.5,11.8));
#7052 = VECTOR('',#7053,1.);
#7053 = DIRECTION('',(0.,0.,1.));
#7054 = PLANE('',#7055);
#7055 = AXIS2_PLACEMENT_3D('',#7056,#7057,#7058);
#7056 = CARTESIAN_POINT('',(24.78,16.5,13.1));
#7057 = DIRECTION('',(0.,1.,0.));
#7058 = DIRECTION('',(0.,0.,1.));
#7059 = ADVANCED_FACE('',(#7060),#7079,.F.);
#7060 = FACE_BOUND('',#7061,.T.);
#7061 = EDGE_LOOP('',(#7062,#7071,#7077,#7078));
#7062 = ORIENTED_EDGE('',*,*,#7063,.T.);
#7063 = EDGE_CURVE('',#6592,#7064,#7066,.T.);
#7064 = VERTEX_POINT('',#7065);
#7065 = CARTESIAN_POINT('',(-2.5,41.5,12.72));
#7066 = CIRCLE('',#7067,3.);
#7067 = AXIS2_PLACEMENT_3D('',#7068,#7069,#7070);
#7068 = CARTESIAN_POINT('',(-2.5,38.5,12.72));
#7069 = DIRECTION('',(0.,0.,-1.));
#7070 = DIRECTION('',(1.,0.,0.));
#7071 = ORIENTED_EDGE('',*,*,#7072,.T.);
#7072 = EDGE_CURVE('',#7064,#6298,#7073,.T.);
#7073 = LINE('',#7074,#7075);
#7074 = CARTESIAN_POINT('',(-2.5,41.5,10.4));
#7075 = VECTOR('',#7076,1.);
#7076 = DIRECTION('',(0.,0.,1.));
#7077 = ORIENTED_EDGE('',*,*,#6305,.T.);
#7078 = ORIENTED_EDGE('',*,*,#6601,.F.);
#7079 = CYLINDRICAL_SURFACE('',#7080,3.);
#7080 = AXIS2_PLACEMENT_3D('',#7081,#7082,#7083);
#7081 = CARTESIAN_POINT('',(-2.5,38.5,10.4));
#7082 = DIRECTION('',(-0.,-0.,-1.));
#7083 = DIRECTION('',(1.,0.,0.));
#7084 = ADVANCED_FACE('',(#7085),#7135,.F.);
#7085 = FACE_BOUND('',#7086,.F.);
#7086 = EDGE_LOOP('',(#7087,#7095,#7096,#7097,#7105,#7113,#7121,#7129));
#7087 = ORIENTED_EDGE('',*,*,#7088,.F.);
#7088 = EDGE_CURVE('',#7064,#7089,#7091,.T.);
#7089 = VERTEX_POINT('',#7090);
#7090 = CARTESIAN_POINT('',(5.8,41.5,12.72));
#7091 = LINE('',#7092,#7093);
#7092 = CARTESIAN_POINT('',(4.,41.5,12.72));
#7093 = VECTOR('',#7094,1.);
#7094 = DIRECTION('',(1.,0.,0.));
#7095 = ORIENTED_EDGE('',*,*,#7072,.T.);
#7096 = ORIENTED_EDGE('',*,*,#6297,.T.);
#7097 = ORIENTED_EDGE('',*,*,#7098,.F.);
#7098 = EDGE_CURVE('',#7099,#6289,#7101,.T.);
#7099 = VERTEX_POINT('',#7100);
#7100 = CARTESIAN_POINT('',(23.5,41.5,12.72));
#7101 = LINE('',#7102,#7103);
#7102 = CARTESIAN_POINT('',(23.5,41.5,10.4));
#7103 = VECTOR('',#7104,1.);
#7104 = DIRECTION('',(0.,0.,1.));
#7105 = ORIENTED_EDGE('',*,*,#7106,.F.);
#7106 = EDGE_CURVE('',#7107,#7099,#7109,.T.);
#7107 = VERTEX_POINT('',#7108);
#7108 = CARTESIAN_POINT('',(22.6,41.5,12.72));
#7109 = LINE('',#7110,#7111);
#7110 = CARTESIAN_POINT('',(4.,41.5,12.72));
#7111 = VECTOR('',#7112,1.);
#7112 = DIRECTION('',(1.,0.,0.));
#7113 = ORIENTED_EDGE('',*,*,#7114,.F.);
#7114 = EDGE_CURVE('',#7115,#7107,#7117,.T.);
#7115 = VERTEX_POINT('',#7116);
#7116 = CARTESIAN_POINT('',(22.6,41.5,17.6));
#7117 = LINE('',#7118,#7119);
#7118 = CARTESIAN_POINT('',(22.6,41.5,11.5));
#7119 = VECTOR('',#7120,1.);
#7120 = DIRECTION('',(0.,0.,-1.));
#7121 = ORIENTED_EDGE('',*,*,#7122,.F.);
#7122 = EDGE_CURVE('',#7123,#7115,#7125,.T.);
#7123 = VERTEX_POINT('',#7124);
#7124 = CARTESIAN_POINT('',(5.8,41.5,17.6));
#7125 = LINE('',#7126,#7127);
#7126 = CARTESIAN_POINT('',(5.85,41.5,17.6));
#7127 = VECTOR('',#7128,1.);
#7128 = DIRECTION('',(1.,0.,0.));
#7129 = ORIENTED_EDGE('',*,*,#7130,.T.);
#7130 = EDGE_CURVE('',#7123,#7089,#7131,.T.);
#7131 = LINE('',#7132,#7133);
#7132 = CARTESIAN_POINT('',(5.8,41.5,11.5));
#7133 = VECTOR('',#7134,1.);
#7134 = DIRECTION('',(0.,0.,-1.));
#7135 = PLANE('',#7136);
#7136 = AXIS2_PLACEMENT_3D('',#7137,#7138,#7139);
#7137 = CARTESIAN_POINT('',(-2.5,41.5,10.4));
#7138 = DIRECTION('',(0.,1.,0.));
#7139 = DIRECTION('',(0.,0.,1.));
#7140 = ADVANCED_FACE('',(#7141),#7153,.F.);
#7141 = FACE_BOUND('',#7142,.T.);
#7142 = EDGE_LOOP('',(#7143,#7150,#7151,#7152));
#7143 = ORIENTED_EDGE('',*,*,#7144,.T.);
#7144 = EDGE_CURVE('',#7099,#6809,#7145,.T.);
#7145 = CIRCLE('',#7146,3.);
#7146 = AXIS2_PLACEMENT_3D('',#7147,#7148,#7149);
#7147 = CARTESIAN_POINT('',(23.5,38.5,12.72));
#7148 = DIRECTION('',(0.,0.,-1.));
#7149 = DIRECTION('',(1.,0.,0.));
#7150 = ORIENTED_EDGE('',*,*,#6816,.T.);
#7151 = ORIENTED_EDGE('',*,*,#6288,.T.);
#7152 = ORIENTED_EDGE('',*,*,#7098,.F.);
#7153 = CYLINDRICAL_SURFACE('',#7154,3.);
#7154 = AXIS2_PLACEMENT_3D('',#7155,#7156,#7157);
#7155 = CARTESIAN_POINT('',(23.5,38.5,10.4));
#7156 = DIRECTION('',(-0.,-0.,-1.));
#7157 = DIRECTION('',(1.,0.,0.));
#7158 = ADVANCED_FACE('',(#7159),#7186,.F.);
#7159 = FACE_BOUND('',#7160,.F.);
#7160 = EDGE_LOOP('',(#7161,#7169,#7170,#7171,#7172,#7180));
#7161 = ORIENTED_EDGE('',*,*,#7162,.F.);
#7162 = EDGE_CURVE('',#6847,#7163,#7165,.T.);
#7163 = VERTEX_POINT('',#7164);
#7164 = CARTESIAN_POINT('',(27.3,28.2,13.1));
#7165 = LINE('',#7166,#7167);
#7166 = CARTESIAN_POINT('',(24.78,28.2,13.1));
#7167 = VECTOR('',#7168,1.);
#7168 = DIRECTION('',(1.,0.,0.));
#7169 = ORIENTED_EDGE('',*,*,#6846,.T.);
#7170 = ORIENTED_EDGE('',*,*,#6240,.T.);
#7171 = ORIENTED_EDGE('',*,*,#6561,.T.);
#7172 = ORIENTED_EDGE('',*,*,#7173,.F.);
#7173 = EDGE_CURVE('',#7174,#6562,#7176,.T.);
#7174 = VERTEX_POINT('',#7175);
#7175 = CARTESIAN_POINT('',(27.3,28.2,19.));
#7176 = LINE('',#7177,#7178);
#7177 = CARTESIAN_POINT('',(17.64,28.2,19.));
#7178 = VECTOR('',#7179,1.);
#7179 = DIRECTION('',(-1.,0.,0.));
#7180 = ORIENTED_EDGE('',*,*,#7181,.F.);
#7181 = EDGE_CURVE('',#7163,#7174,#7182,.T.);
#7182 = LINE('',#7183,#7184);
#7183 = CARTESIAN_POINT('',(27.3,28.2,11.8));
#7184 = VECTOR('',#7185,1.);
#7185 = DIRECTION('',(0.,0.,1.));
#7186 = PLANE('',#7187);
#7187 = AXIS2_PLACEMENT_3D('',#7188,#7189,#7190);
#7188 = CARTESIAN_POINT('',(24.78,28.2,13.1));
#7189 = DIRECTION('',(0.,1.,0.));
#7190 = DIRECTION('',(0.,0.,1.));
#7191 = ADVANCED_FACE('',(#7192),#7210,.T.);
#7192 = FACE_BOUND('',#7193,.T.);
#7193 = EDGE_LOOP('',(#7194,#7202,#7208,#7209));
#7194 = ORIENTED_EDGE('',*,*,#7195,.F.);
#7195 = EDGE_CURVE('',#7196,#6824,#7198,.T.);
#7196 = VERTEX_POINT('',#7197);
#7197 = CARTESIAN_POINT('',(24.3,38.2,13.85));
#7198 = LINE('',#7199,#7200);
#7199 = CARTESIAN_POINT('',(24.3,38.2,13.85));
#7200 = VECTOR('',#7201,1.);
#7201 = DIRECTION('',(1.,0.,0.));
#7202 = ORIENTED_EDGE('',*,*,#7203,.T.);
#7203 = EDGE_CURVE('',#7196,#6265,#7204,.T.);
#7204 = LINE('',#7205,#7206);
#7205 = CARTESIAN_POINT('',(24.3,38.2,13.85));
#7206 = VECTOR('',#7207,1.);
#7207 = DIRECTION('',(0.,0.,1.));
#7208 = ORIENTED_EDGE('',*,*,#6272,.T.);
#7209 = ORIENTED_EDGE('',*,*,#6823,.F.);
#7210 = PLANE('',#7211);
#7211 = AXIS2_PLACEMENT_3D('',#7212,#7213,#7214);
#7212 = CARTESIAN_POINT('',(24.3,38.2,13.85));
#7213 = DIRECTION('',(0.,1.,0.));
#7214 = DIRECTION('',(0.,0.,1.));
#7215 = ADVANCED_FACE('',(#7216),#7234,.F.);
#7216 = FACE_BOUND('',#7217,.F.);
#7217 = EDGE_LOOP('',(#7218,#7226,#7232,#7233));
#7218 = ORIENTED_EDGE('',*,*,#7219,.F.);
#7219 = EDGE_CURVE('',#7220,#6257,#7222,.T.);
#7220 = VERTEX_POINT('',#7221);
#7221 = CARTESIAN_POINT('',(24.3,37.,13.85));
#7222 = LINE('',#7223,#7224);
#7223 = CARTESIAN_POINT('',(24.3,37.,13.85));
#7224 = VECTOR('',#7225,1.);
#7225 = DIRECTION('',(0.,0.,1.));
#7226 = ORIENTED_EDGE('',*,*,#7227,.T.);
#7227 = EDGE_CURVE('',#7220,#7196,#7228,.T.);
#7228 = LINE('',#7229,#7230);
#7229 = CARTESIAN_POINT('',(24.3,37.,13.85));
#7230 = VECTOR('',#7231,1.);
#7231 = DIRECTION('',(0.,1.,0.));
#7232 = ORIENTED_EDGE('',*,*,#7203,.T.);
#7233 = ORIENTED_EDGE('',*,*,#6264,.F.);
#7234 = PLANE('',#7235);
#7235 = AXIS2_PLACEMENT_3D('',#7236,#7237,#7238);
#7236 = CARTESIAN_POINT('',(24.3,37.,13.85));
#7237 = DIRECTION('',(1.,0.,0.));
#7238 = DIRECTION('',(0.,0.,1.));
#7239 = ADVANCED_FACE('',(#7240),#7251,.F.);
#7240 = FACE_BOUND('',#7241,.F.);
#7241 = EDGE_LOOP('',(#7242,#7248,#7249,#7250));
#7242 = ORIENTED_EDGE('',*,*,#7243,.F.);
#7243 = EDGE_CURVE('',#7220,#6832,#7244,.T.);
#7244 = LINE('',#7245,#7246);
#7245 = CARTESIAN_POINT('',(24.3,37.,13.85));
#7246 = VECTOR('',#7247,1.);
#7247 = DIRECTION('',(1.,0.,0.));
#7248 = ORIENTED_EDGE('',*,*,#7219,.T.);
#7249 = ORIENTED_EDGE('',*,*,#6256,.T.);
#7250 = ORIENTED_EDGE('',*,*,#6839,.F.);
#7251 = PLANE('',#7252);
#7252 = AXIS2_PLACEMENT_3D('',#7253,#7254,#7255);
#7253 = CARTESIAN_POINT('',(24.3,37.,13.85));
#7254 = DIRECTION('',(0.,1.,0.));
#7255 = DIRECTION('',(0.,0.,1.));
#7256 = ADVANCED_FACE('',(#7257),#7276,.F.);
#7257 = FACE_BOUND('',#7258,.T.);
#7258 = EDGE_LOOP('',(#7259,#7260,#7268,#7275));
#7259 = ORIENTED_EDGE('',*,*,#6378,.T.);
#7260 = ORIENTED_EDGE('',*,*,#7261,.T.);
#7261 = EDGE_CURVE('',#6379,#7262,#7264,.T.);
#7262 = VERTEX_POINT('',#7263);
#7263 = CARTESIAN_POINT('',(18.75,11.9,19.));
#7264 = LINE('',#7265,#7266);
#7265 = CARTESIAN_POINT('',(18.75,11.9,15.8));
#7266 = VECTOR('',#7267,1.);
#7267 = DIRECTION('',(0.,0.,1.));
#7268 = ORIENTED_EDGE('',*,*,#7269,.F.);
#7269 = EDGE_CURVE('',#7262,#7262,#7270,.T.);
#7270 = CIRCLE('',#7271,1.9);
#7271 = AXIS2_PLACEMENT_3D('',#7272,#7273,#7274);
#7272 = CARTESIAN_POINT('',(16.85,11.9,19.));
#7273 = DIRECTION('',(0.,0.,-1.));
#7274 = DIRECTION('',(1.,0.,0.));
#7275 = ORIENTED_EDGE('',*,*,#7261,.F.);
#7276 = CYLINDRICAL_SURFACE('',#7277,1.9);
#7277 = AXIS2_PLACEMENT_3D('',#7278,#7279,#7280);
#7278 = CARTESIAN_POINT('',(16.85,11.9,15.8));
#7279 = DIRECTION('',(-0.,-0.,-1.));
#7280 = DIRECTION('',(1.,0.,0.));
#7281 = ADVANCED_FACE('',(#7282),#7301,.F.);
#7282 = FACE_BOUND('',#7283,.T.);
#7283 = EDGE_LOOP('',(#7284,#7285,#7293,#7300));
#7284 = ORIENTED_EDGE('',*,*,#6389,.T.);
#7285 = ORIENTED_EDGE('',*,*,#7286,.T.);
#7286 = EDGE_CURVE('',#6390,#7287,#7289,.T.);
#7287 = VERTEX_POINT('',#7288);
#7288 = CARTESIAN_POINT('',(22.7,11.,19.));
#7289 = LINE('',#7290,#7291);
#7290 = CARTESIAN_POINT('',(22.7,11.,15.8));
#7291 = VECTOR('',#7292,1.);
#7292 = DIRECTION('',(0.,0.,1.));
#7293 = ORIENTED_EDGE('',*,*,#7294,.F.);
#7294 = EDGE_CURVE('',#7287,#7287,#7295,.T.);
#7295 = CIRCLE('',#7296,1.45);
#7296 = AXIS2_PLACEMENT_3D('',#7297,#7298,#7299);
#7297 = CARTESIAN_POINT('',(21.25,11.,19.));
#7298 = DIRECTION('',(0.,0.,-1.));
#7299 = DIRECTION('',(1.,0.,0.));
#7300 = ORIENTED_EDGE('',*,*,#7286,.F.);
#7301 = CYLINDRICAL_SURFACE('',#7302,1.45);
#7302 = AXIS2_PLACEMENT_3D('',#7303,#7304,#7305);
#7303 = CARTESIAN_POINT('',(21.25,11.,15.8));
#7304 = DIRECTION('',(-0.,-0.,-1.));
#7305 = DIRECTION('',(1.,0.,0.));
#7306 = ADVANCED_FACE('',(#7307),#7326,.F.);
#7307 = FACE_BOUND('',#7308,.T.);
#7308 = EDGE_LOOP('',(#7309,#7310,#7318,#7325));
#7309 = ORIENTED_EDGE('',*,*,#6400,.T.);
#7310 = ORIENTED_EDGE('',*,*,#7311,.T.);
#7311 = EDGE_CURVE('',#6401,#7312,#7314,.T.);
#7312 = VERTEX_POINT('',#7313);
#7313 = CARTESIAN_POINT('',(22.7,14.75,19.));
#7314 = LINE('',#7315,#7316);
#7315 = CARTESIAN_POINT('',(22.7,14.75,15.8));
#7316 = VECTOR('',#7317,1.);
#7317 = DIRECTION('',(0.,0.,1.));
#7318 = ORIENTED_EDGE('',*,*,#7319,.F.);
#7319 = EDGE_CURVE('',#7312,#7312,#7320,.T.);
#7320 = CIRCLE('',#7321,1.45);
#7321 = AXIS2_PLACEMENT_3D('',#7322,#7323,#7324);
#7322 = CARTESIAN_POINT('',(21.25,14.75,19.));
#7323 = DIRECTION('',(0.,0.,-1.));
#7324 = DIRECTION('',(1.,0.,0.));
#7325 = ORIENTED_EDGE('',*,*,#7311,.F.);
#7326 = CYLINDRICAL_SURFACE('',#7327,1.45);
#7327 = AXIS2_PLACEMENT_3D('',#7328,#7329,#7330);
#7328 = CARTESIAN_POINT('',(21.25,14.75,15.8));
#7329 = DIRECTION('',(-0.,-0.,-1.));
#7330 = DIRECTION('',(1.,0.,0.));
#7331 = ADVANCED_FACE('',(#7332,#7411,#7414,#7417),#7420,.T.);
#7332 = FACE_BOUND('',#7333,.T.);
#7333 = EDGE_LOOP('',(#7334,#7344,#7353,#7361,#7370,#7376,#7377,#7378,
    #7379,#7387,#7396,#7404));
#7334 = ORIENTED_EDGE('',*,*,#7335,.F.);
#7335 = EDGE_CURVE('',#7336,#7338,#7340,.T.);
#7336 = VERTEX_POINT('',#7337);
#7337 = CARTESIAN_POINT('',(-6.3,7.5,19.));
#7338 = VERTEX_POINT('',#7339);
#7339 = CARTESIAN_POINT('',(-6.3,38.5,19.));
#7340 = LINE('',#7341,#7342);
#7341 = CARTESIAN_POINT('',(-6.3,7.5,19.));
#7342 = VECTOR('',#7343,1.);
#7343 = DIRECTION('',(0.,1.,0.));
#7344 = ORIENTED_EDGE('',*,*,#7345,.T.);
#7345 = EDGE_CURVE('',#7336,#7346,#7348,.T.);
#7346 = VERTEX_POINT('',#7347);
#7347 = CARTESIAN_POINT('',(-2.5,3.7,19.));
#7348 = CIRCLE('',#7349,3.8);
#7349 = AXIS2_PLACEMENT_3D('',#7350,#7351,#7352);
#7350 = CARTESIAN_POINT('',(-2.5,7.5,19.));
#7351 = DIRECTION('',(0.,0.,1.));
#7352 = DIRECTION('',(1.,0.,0.));
#7353 = ORIENTED_EDGE('',*,*,#7354,.T.);
#7354 = EDGE_CURVE('',#7346,#7355,#7357,.T.);
#7355 = VERTEX_POINT('',#7356);
#7356 = CARTESIAN_POINT('',(23.5,3.7,19.));
#7357 = LINE('',#7358,#7359);
#7358 = CARTESIAN_POINT('',(-2.5,3.7,19.));
#7359 = VECTOR('',#7360,1.);
#7360 = DIRECTION('',(1.,0.,0.));
#7361 = ORIENTED_EDGE('',*,*,#7362,.T.);
#7362 = EDGE_CURVE('',#7355,#7363,#7365,.T.);
#7363 = VERTEX_POINT('',#7364);
#7364 = CARTESIAN_POINT('',(27.3,7.5,19.));
#7365 = CIRCLE('',#7366,3.8);
#7366 = AXIS2_PLACEMENT_3D('',#7367,#7368,#7369);
#7367 = CARTESIAN_POINT('',(23.5,7.5,19.));
#7368 = DIRECTION('',(0.,0.,1.));
#7369 = DIRECTION('',(1.,0.,0.));
#7370 = ORIENTED_EDGE('',*,*,#7371,.T.);
#7371 = EDGE_CURVE('',#7363,#7042,#7372,.T.);
#7372 = LINE('',#7373,#7374);
#7373 = CARTESIAN_POINT('',(27.3,7.5,19.));
#7374 = VECTOR('',#7375,1.);
#7375 = DIRECTION('',(0.,1.,0.));
#7376 = ORIENTED_EDGE('',*,*,#7041,.T.);
#7377 = ORIENTED_EDGE('',*,*,#6569,.T.);
#7378 = ORIENTED_EDGE('',*,*,#7173,.F.);
#7379 = ORIENTED_EDGE('',*,*,#7380,.T.);
#7380 = EDGE_CURVE('',#7174,#7381,#7383,.T.);
#7381 = VERTEX_POINT('',#7382);
#7382 = CARTESIAN_POINT('',(27.3,38.5,19.));
#7383 = LINE('',#7384,#7385);
#7384 = CARTESIAN_POINT('',(27.3,7.5,19.));
#7385 = VECTOR('',#7386,1.);
#7386 = DIRECTION('',(0.,1.,0.));
#7387 = ORIENTED_EDGE('',*,*,#7388,.T.);
#7388 = EDGE_CURVE('',#7381,#7389,#7391,.T.);
#7389 = VERTEX_POINT('',#7390);
#7390 = CARTESIAN_POINT('',(23.5,42.3,19.));
#7391 = CIRCLE('',#7392,3.8);
#7392 = AXIS2_PLACEMENT_3D('',#7393,#7394,#7395);
#7393 = CARTESIAN_POINT('',(23.5,38.5,19.));
#7394 = DIRECTION('',(0.,0.,1.));
#7395 = DIRECTION('',(1.,0.,0.));
#7396 = ORIENTED_EDGE('',*,*,#7397,.F.);
#7397 = EDGE_CURVE('',#7398,#7389,#7400,.T.);
#7398 = VERTEX_POINT('',#7399);
#7399 = CARTESIAN_POINT('',(-2.5,42.3,19.));
#7400 = LINE('',#7401,#7402);
#7401 = CARTESIAN_POINT('',(-2.5,42.3,19.));
#7402 = VECTOR('',#7403,1.);
#7403 = DIRECTION('',(1.,0.,0.));
#7404 = ORIENTED_EDGE('',*,*,#7405,.T.);
#7405 = EDGE_CURVE('',#7398,#7338,#7406,.T.);
#7406 = CIRCLE('',#7407,3.8);
#7407 = AXIS2_PLACEMENT_3D('',#7408,#7409,#7410);
#7408 = CARTESIAN_POINT('',(-2.5,38.5,19.));
#7409 = DIRECTION('',(0.,0.,1.));
#7410 = DIRECTION('',(1.,0.,0.));
#7411 = FACE_BOUND('',#7412,.T.);
#7412 = EDGE_LOOP('',(#7413));
#7413 = ORIENTED_EDGE('',*,*,#7269,.T.);
#7414 = FACE_BOUND('',#7415,.T.);
#7415 = EDGE_LOOP('',(#7416));
#7416 = ORIENTED_EDGE('',*,*,#7294,.T.);
#7417 = FACE_BOUND('',#7418,.T.);
#7418 = EDGE_LOOP('',(#7419));
#7419 = ORIENTED_EDGE('',*,*,#7319,.T.);
#7420 = PLANE('',#7421);
#7421 = AXIS2_PLACEMENT_3D('',#7422,#7423,#7424);
#7422 = CARTESIAN_POINT('',(10.842373309391,22.977033782136,19.));
#7423 = DIRECTION('',(0.,0.,1.));
#7424 = DIRECTION('',(1.,0.,0.));
#7425 = ADVANCED_FACE('',(#7426),#7527,.F.);
#7426 = FACE_BOUND('',#7427,.F.);
#7427 = EDGE_LOOP('',(#7428,#7438,#7447,#7455,#7464,#7472,#7481,#7489,
    #7495,#7496,#7497,#7498,#7499,#7500,#7501,#7502,#7503,#7504,#7512,
    #7520));
#7428 = ORIENTED_EDGE('',*,*,#7429,.F.);
#7429 = EDGE_CURVE('',#7430,#7432,#7434,.T.);
#7430 = VERTEX_POINT('',#7431);
#7431 = CARTESIAN_POINT('',(-5.74,7.5,12.72));
#7432 = VERTEX_POINT('',#7433);
#7433 = CARTESIAN_POINT('',(-5.74,38.5,12.72));
#7434 = LINE('',#7435,#7436);
#7435 = CARTESIAN_POINT('',(-5.74,7.5,12.72));
#7436 = VECTOR('',#7437,1.);
#7437 = DIRECTION('',(0.,1.,0.));
#7438 = ORIENTED_EDGE('',*,*,#7439,.T.);
#7439 = EDGE_CURVE('',#7430,#7440,#7442,.T.);
#7440 = VERTEX_POINT('',#7441);
#7441 = CARTESIAN_POINT('',(-2.5,4.26,12.72));
#7442 = CIRCLE('',#7443,3.24);
#7443 = AXIS2_PLACEMENT_3D('',#7444,#7445,#7446);
#7444 = CARTESIAN_POINT('',(-2.5,7.5,12.72));
#7445 = DIRECTION('',(0.,0.,1.));
#7446 = DIRECTION('',(1.,0.,0.));
#7447 = ORIENTED_EDGE('',*,*,#7448,.T.);
#7448 = EDGE_CURVE('',#7440,#7449,#7451,.T.);
#7449 = VERTEX_POINT('',#7450);
#7450 = CARTESIAN_POINT('',(23.5,4.26,12.72));
#7451 = LINE('',#7452,#7453);
#7452 = CARTESIAN_POINT('',(-2.5,4.26,12.72));
#7453 = VECTOR('',#7454,1.);
#7454 = DIRECTION('',(1.,0.,0.));
#7455 = ORIENTED_EDGE('',*,*,#7456,.T.);
#7456 = EDGE_CURVE('',#7449,#7457,#7459,.T.);
#7457 = VERTEX_POINT('',#7458);
#7458 = CARTESIAN_POINT('',(26.74,7.5,12.72));
#7459 = CIRCLE('',#7460,3.24);
#7460 = AXIS2_PLACEMENT_3D('',#7461,#7462,#7463);
#7461 = CARTESIAN_POINT('',(23.5,7.5,12.72));
#7462 = DIRECTION('',(0.,0.,1.));
#7463 = DIRECTION('',(1.,0.,0.));
#7464 = ORIENTED_EDGE('',*,*,#7465,.T.);
#7465 = EDGE_CURVE('',#7457,#7466,#7468,.T.);
#7466 = VERTEX_POINT('',#7467);
#7467 = CARTESIAN_POINT('',(26.74,38.5,12.72));
#7468 = LINE('',#7469,#7470);
#7469 = CARTESIAN_POINT('',(26.74,7.5,12.72));
#7470 = VECTOR('',#7471,1.);
#7471 = DIRECTION('',(0.,1.,0.));
#7472 = ORIENTED_EDGE('',*,*,#7473,.T.);
#7473 = EDGE_CURVE('',#7466,#7474,#7476,.T.);
#7474 = VERTEX_POINT('',#7475);
#7475 = CARTESIAN_POINT('',(23.5,41.74,12.72));
#7476 = CIRCLE('',#7477,3.24);
#7477 = AXIS2_PLACEMENT_3D('',#7478,#7479,#7480);
#7478 = CARTESIAN_POINT('',(23.5,38.5,12.72));
#7479 = DIRECTION('',(0.,0.,1.));
#7480 = DIRECTION('',(1.,0.,0.));
#7481 = ORIENTED_EDGE('',*,*,#7482,.F.);
#7482 = EDGE_CURVE('',#7483,#7474,#7485,.T.);
#7483 = VERTEX_POINT('',#7484);
#7484 = CARTESIAN_POINT('',(22.6,41.74,12.72));
#7485 = LINE('',#7486,#7487);
#7486 = CARTESIAN_POINT('',(-2.5,41.74,12.72));
#7487 = VECTOR('',#7488,1.);
#7488 = DIRECTION('',(1.,0.,0.));
#7489 = ORIENTED_EDGE('',*,*,#7490,.F.);
#7490 = EDGE_CURVE('',#7107,#7483,#7491,.T.);
#7491 = LINE('',#7492,#7493);
#7492 = CARTESIAN_POINT('',(22.6,31.7,12.72));
#7493 = VECTOR('',#7494,1.);
#7494 = DIRECTION('',(0.,1.,0.));
#7495 = ORIENTED_EDGE('',*,*,#7106,.T.);
#7496 = ORIENTED_EDGE('',*,*,#7144,.T.);
#7497 = ORIENTED_EDGE('',*,*,#6808,.T.);
#7498 = ORIENTED_EDGE('',*,*,#6775,.T.);
#7499 = ORIENTED_EDGE('',*,*,#6717,.F.);
#7500 = ORIENTED_EDGE('',*,*,#6668,.T.);
#7501 = ORIENTED_EDGE('',*,*,#6591,.F.);
#7502 = ORIENTED_EDGE('',*,*,#7063,.T.);
#7503 = ORIENTED_EDGE('',*,*,#7088,.T.);
#7504 = ORIENTED_EDGE('',*,*,#7505,.T.);
#7505 = EDGE_CURVE('',#7089,#7506,#7508,.T.);
#7506 = VERTEX_POINT('',#7507);
#7507 = CARTESIAN_POINT('',(5.8,41.74,12.72));
#7508 = LINE('',#7509,#7510);
#7509 = CARTESIAN_POINT('',(5.8,31.7,12.72));
#7510 = VECTOR('',#7511,1.);
#7511 = DIRECTION('',(0.,1.,0.));
#7512 = ORIENTED_EDGE('',*,*,#7513,.F.);
#7513 = EDGE_CURVE('',#7514,#7506,#7516,.T.);
#7514 = VERTEX_POINT('',#7515);
#7515 = CARTESIAN_POINT('',(-2.5,41.74,12.72));
#7516 = LINE('',#7517,#7518);
#7517 = CARTESIAN_POINT('',(-2.5,41.74,12.72));
#7518 = VECTOR('',#7519,1.);
#7519 = DIRECTION('',(1.,0.,0.));
#7520 = ORIENTED_EDGE('',*,*,#7521,.T.);
#7521 = EDGE_CURVE('',#7514,#7432,#7522,.T.);
#7522 = CIRCLE('',#7523,3.24);
#7523 = AXIS2_PLACEMENT_3D('',#7524,#7525,#7526);
#7524 = CARTESIAN_POINT('',(-2.5,38.5,12.72));
#7525 = DIRECTION('',(0.,0.,1.));
#7526 = DIRECTION('',(1.,0.,0.));
#7527 = PLANE('',#7528);
#7528 = AXIS2_PLACEMENT_3D('',#7529,#7530,#7531);
#7529 = CARTESIAN_POINT('',(10.5,23.,12.72));
#7530 = DIRECTION('',(0.,0.,1.));
#7531 = DIRECTION('',(1.,0.,0.));
#7532 = ADVANCED_FACE('',(#7533),#7539,.F.);
#7533 = FACE_BOUND('',#7534,.F.);
#7534 = EDGE_LOOP('',(#7535,#7536,#7537,#7538));
#7535 = ORIENTED_EDGE('',*,*,#6790,.F.);
#7536 = ORIENTED_EDGE('',*,*,#6639,.T.);
#7537 = ORIENTED_EDGE('',*,*,#6693,.T.);
#7538 = ORIENTED_EDGE('',*,*,#6742,.T.);
#7539 = PLANE('',#7540);
#7540 = AXIS2_PLACEMENT_3D('',#7541,#7542,#7543);
#7541 = CARTESIAN_POINT('',(-5.6,9.1,13.85));
#7542 = DIRECTION('',(0.,0.,1.));
#7543 = DIRECTION('',(1.,0.,0.));
#7544 = ADVANCED_FACE('',(#7545),#7551,.F.);
#7545 = FACE_BOUND('',#7546,.F.);
#7546 = EDGE_LOOP('',(#7547,#7548,#7549,#7550));
#7547 = ORIENTED_EDGE('',*,*,#7013,.F.);
#7548 = ORIENTED_EDGE('',*,*,#6616,.T.);
#7549 = ORIENTED_EDGE('',*,*,#6924,.T.);
#7550 = ORIENTED_EDGE('',*,*,#6973,.T.);
#7551 = PLANE('',#7552);
#7552 = AXIS2_PLACEMENT_3D('',#7553,#7554,#7555);
#7553 = CARTESIAN_POINT('',(-5.6,37.,13.85));
#7554 = DIRECTION('',(0.,0.,1.));
#7555 = DIRECTION('',(1.,0.,0.));
#7556 = ADVANCED_FACE('',(#7557),#7563,.F.);
#7557 = FACE_BOUND('',#7558,.F.);
#7558 = EDGE_LOOP('',(#7559,#7560,#7561,#7562));
#7559 = ORIENTED_EDGE('',*,*,#6996,.F.);
#7560 = ORIENTED_EDGE('',*,*,#6949,.F.);
#7561 = ORIENTED_EDGE('',*,*,#6900,.T.);
#7562 = ORIENTED_EDGE('',*,*,#6877,.F.);
#7563 = PLANE('',#7564);
#7564 = AXIS2_PLACEMENT_3D('',#7565,#7566,#7567);
#7565 = CARTESIAN_POINT('',(24.3,9.1,13.85));
#7566 = DIRECTION('',(0.,0.,1.));
#7567 = DIRECTION('',(1.,0.,0.));
#7568 = ADVANCED_FACE('',(#7569),#7575,.F.);
#7569 = FACE_BOUND('',#7570,.F.);
#7570 = EDGE_LOOP('',(#7571,#7572,#7573,#7574));
#7571 = ORIENTED_EDGE('',*,*,#7195,.F.);
#7572 = ORIENTED_EDGE('',*,*,#7227,.F.);
#7573 = ORIENTED_EDGE('',*,*,#7243,.T.);
#7574 = ORIENTED_EDGE('',*,*,#6831,.F.);
#7575 = PLANE('',#7576);
#7576 = AXIS2_PLACEMENT_3D('',#7577,#7578,#7579);
#7577 = CARTESIAN_POINT('',(24.3,37.,13.85));
#7578 = DIRECTION('',(0.,0.,1.));
#7579 = DIRECTION('',(1.,0.,0.));
#7580 = ADVANCED_FACE('',(#7581),#7615,.T.);
#7581 = FACE_BOUND('',#7582,.T.);
#7582 = EDGE_LOOP('',(#7583,#7591,#7599,#7605,#7606,#7607,#7613,#7614));
#7583 = ORIENTED_EDGE('',*,*,#7584,.F.);
#7584 = EDGE_CURVE('',#7585,#7363,#7587,.T.);
#7585 = VERTEX_POINT('',#7586);
#7586 = CARTESIAN_POINT('',(27.3,7.5,12.8));
#7587 = LINE('',#7588,#7589);
#7588 = CARTESIAN_POINT('',(27.3,7.5,10.5));
#7589 = VECTOR('',#7590,1.);
#7590 = DIRECTION('',(0.,0.,1.));
#7591 = ORIENTED_EDGE('',*,*,#7592,.F.);
#7592 = EDGE_CURVE('',#7593,#7585,#7595,.T.);
#7593 = VERTEX_POINT('',#7594);
#7594 = CARTESIAN_POINT('',(27.3,38.5,12.8));
#7595 = LINE('',#7596,#7597);
#7596 = CARTESIAN_POINT('',(27.3,15.25,12.8));
#7597 = VECTOR('',#7598,1.);
#7598 = DIRECTION('',(0.,-1.,0.));
#7599 = ORIENTED_EDGE('',*,*,#7600,.T.);
#7600 = EDGE_CURVE('',#7593,#7381,#7601,.T.);
#7601 = LINE('',#7602,#7603);
#7602 = CARTESIAN_POINT('',(27.3,38.5,10.5));
#7603 = VECTOR('',#7604,1.);
#7604 = DIRECTION('',(0.,0.,1.));
#7605 = ORIENTED_EDGE('',*,*,#7380,.F.);
#7606 = ORIENTED_EDGE('',*,*,#7181,.F.);
#7607 = ORIENTED_EDGE('',*,*,#7608,.T.);
#7608 = EDGE_CURVE('',#7163,#7031,#7609,.T.);
#7609 = LINE('',#7610,#7611);
#7610 = CARTESIAN_POINT('',(27.3,12.,13.1));
#7611 = VECTOR('',#7612,1.);
#7612 = DIRECTION('',(0.,-1.,0.));
#7613 = ORIENTED_EDGE('',*,*,#7049,.T.);
#7614 = ORIENTED_EDGE('',*,*,#7371,.F.);
#7615 = PLANE('',#7616);
#7616 = AXIS2_PLACEMENT_3D('',#7617,#7618,#7619);
#7617 = CARTESIAN_POINT('',(27.3,7.5,10.5));
#7618 = DIRECTION('',(1.,0.,0.));
#7619 = DIRECTION('',(0.,0.,1.));
#7620 = ADVANCED_FACE('',(#7621),#7655,.F.);
#7621 = FACE_BOUND('',#7622,.F.);
#7622 = EDGE_LOOP('',(#7623,#7633,#7641,#7647,#7648,#7649));
#7623 = ORIENTED_EDGE('',*,*,#7624,.F.);
#7624 = EDGE_CURVE('',#7625,#7627,#7629,.T.);
#7625 = VERTEX_POINT('',#7626);
#7626 = CARTESIAN_POINT('',(5.8,40.4,12.6));
#7627 = VERTEX_POINT('',#7628);
#7628 = CARTESIAN_POINT('',(5.8,40.4,17.6));
#7629 = LINE('',#7630,#7631);
#7630 = CARTESIAN_POINT('',(5.8,40.4,12.6));
#7631 = VECTOR('',#7632,1.);
#7632 = DIRECTION('',(0.,0.,1.));
#7633 = ORIENTED_EDGE('',*,*,#7634,.T.);
#7634 = EDGE_CURVE('',#7625,#7635,#7637,.T.);
#7635 = VERTEX_POINT('',#7636);
#7636 = CARTESIAN_POINT('',(5.8,41.74,12.6));
#7637 = LINE('',#7638,#7639);
#7638 = CARTESIAN_POINT('',(5.8,40.4,12.6));
#7639 = VECTOR('',#7640,1.);
#7640 = DIRECTION('',(0.,1.,0.));
#7641 = ORIENTED_EDGE('',*,*,#7642,.F.);
#7642 = EDGE_CURVE('',#7506,#7635,#7643,.T.);
#7643 = LINE('',#7644,#7645);
#7644 = CARTESIAN_POINT('',(5.8,41.74,12.09));
#7645 = VECTOR('',#7646,1.);
#7646 = DIRECTION('',(0.,0.,-1.));
#7647 = ORIENTED_EDGE('',*,*,#7505,.F.);
#7648 = ORIENTED_EDGE('',*,*,#7130,.F.);
#7649 = ORIENTED_EDGE('',*,*,#7650,.F.);
#7650 = EDGE_CURVE('',#7627,#7123,#7651,.T.);
#7651 = LINE('',#7652,#7653);
#7652 = CARTESIAN_POINT('',(5.8,40.4,17.6));
#7653 = VECTOR('',#7654,1.);
#7654 = DIRECTION('',(0.,1.,0.));
#7655 = PLANE('',#7656);
#7656 = AXIS2_PLACEMENT_3D('',#7657,#7658,#7659);
#7657 = CARTESIAN_POINT('',(5.8,40.4,12.6));
#7658 = DIRECTION('',(1.,0.,0.));
#7659 = DIRECTION('',(0.,0.,1.));
#7660 = ADVANCED_FACE('',(#7661),#7697,.T.);
#7661 = FACE_BOUND('',#7662,.T.);
#7662 = EDGE_LOOP('',(#7663,#7664,#7673,#7681,#7690,#7696));
#7663 = ORIENTED_EDGE('',*,*,#7650,.F.);
#7664 = ORIENTED_EDGE('',*,*,#7665,.T.);
#7665 = EDGE_CURVE('',#7627,#7666,#7668,.T.);
#7666 = VERTEX_POINT('',#7667);
#7667 = CARTESIAN_POINT('',(6.8,39.4,17.6));
#7668 = CIRCLE('',#7669,1.);
#7669 = AXIS2_PLACEMENT_3D('',#7670,#7671,#7672);
#7670 = CARTESIAN_POINT('',(6.8,40.4,17.6));
#7671 = DIRECTION('',(0.,0.,1.));
#7672 = DIRECTION('',(1.,0.,0.));
#7673 = ORIENTED_EDGE('',*,*,#7674,.T.);
#7674 = EDGE_CURVE('',#7666,#7675,#7677,.T.);
#7675 = VERTEX_POINT('',#7676);
#7676 = CARTESIAN_POINT('',(21.6,39.4,17.6));
#7677 = LINE('',#7678,#7679);
#7678 = CARTESIAN_POINT('',(6.8,39.4,17.6));
#7679 = VECTOR('',#7680,1.);
#7680 = DIRECTION('',(1.,0.,0.));
#7681 = ORIENTED_EDGE('',*,*,#7682,.T.);
#7682 = EDGE_CURVE('',#7675,#7683,#7685,.T.);
#7683 = VERTEX_POINT('',#7684);
#7684 = CARTESIAN_POINT('',(22.6,40.4,17.6));
#7685 = CIRCLE('',#7686,1.);
#7686 = AXIS2_PLACEMENT_3D('',#7687,#7688,#7689);
#7687 = CARTESIAN_POINT('',(21.6,40.4,17.6));
#7688 = DIRECTION('',(0.,0.,1.));
#7689 = DIRECTION('',(1.,0.,0.));
#7690 = ORIENTED_EDGE('',*,*,#7691,.T.);
#7691 = EDGE_CURVE('',#7683,#7115,#7692,.T.);
#7692 = LINE('',#7693,#7694);
#7693 = CARTESIAN_POINT('',(22.6,40.4,17.6));
#7694 = VECTOR('',#7695,1.);
#7695 = DIRECTION('',(0.,1.,0.));
#7696 = ORIENTED_EDGE('',*,*,#7122,.F.);
#7697 = PLANE('',#7698);
#7698 = AXIS2_PLACEMENT_3D('',#7699,#7700,#7701);
#7699 = CARTESIAN_POINT('',(14.2,42.8,17.6));
#7700 = DIRECTION('',(0.,0.,1.));
#7701 = DIRECTION('',(1.,0.,0.));
#7702 = ADVANCED_FACE('',(#7703),#7730,.T.);
#7703 = FACE_BOUND('',#7704,.T.);
#7704 = EDGE_LOOP('',(#7705,#7713,#7721,#7727,#7728,#7729));
#7705 = ORIENTED_EDGE('',*,*,#7706,.F.);
#7706 = EDGE_CURVE('',#7707,#7683,#7709,.T.);
#7707 = VERTEX_POINT('',#7708);
#7708 = CARTESIAN_POINT('',(22.6,40.4,12.6));
#7709 = LINE('',#7710,#7711);
#7710 = CARTESIAN_POINT('',(22.6,40.4,12.6));
#7711 = VECTOR('',#7712,1.);
#7712 = DIRECTION('',(0.,0.,1.));
#7713 = ORIENTED_EDGE('',*,*,#7714,.T.);
#7714 = EDGE_CURVE('',#7707,#7715,#7717,.T.);
#7715 = VERTEX_POINT('',#7716);
#7716 = CARTESIAN_POINT('',(22.6,41.74,12.6));
#7717 = LINE('',#7718,#7719);
#7718 = CARTESIAN_POINT('',(22.6,40.4,12.6));
#7719 = VECTOR('',#7720,1.);
#7720 = DIRECTION('',(0.,1.,0.));
#7721 = ORIENTED_EDGE('',*,*,#7722,.F.);
#7722 = EDGE_CURVE('',#7483,#7715,#7723,.T.);
#7723 = LINE('',#7724,#7725);
#7724 = CARTESIAN_POINT('',(22.6,41.74,12.09));
#7725 = VECTOR('',#7726,1.);
#7726 = DIRECTION('',(0.,0.,-1.));
#7727 = ORIENTED_EDGE('',*,*,#7490,.F.);
#7728 = ORIENTED_EDGE('',*,*,#7114,.F.);
#7729 = ORIENTED_EDGE('',*,*,#7691,.F.);
#7730 = PLANE('',#7731);
#7731 = AXIS2_PLACEMENT_3D('',#7732,#7733,#7734);
#7732 = CARTESIAN_POINT('',(22.6,40.4,12.6));
#7733 = DIRECTION('',(1.,0.,0.));
#7734 = DIRECTION('',(0.,0.,1.));
#7735 = ADVANCED_FACE('',(#7736),#7761,.F.);
#7736 = FACE_BOUND('',#7737,.F.);
#7737 = EDGE_LOOP('',(#7738,#7746,#7754,#7760));
#7738 = ORIENTED_EDGE('',*,*,#7739,.F.);
#7739 = EDGE_CURVE('',#7740,#7336,#7742,.T.);
#7740 = VERTEX_POINT('',#7741);
#7741 = CARTESIAN_POINT('',(-6.3,7.5,12.8));
#7742 = LINE('',#7743,#7744);
#7743 = CARTESIAN_POINT('',(-6.3,7.5,10.5));
#7744 = VECTOR('',#7745,1.);
#7745 = DIRECTION('',(0.,0.,1.));
#7746 = ORIENTED_EDGE('',*,*,#7747,.F.);
#7747 = EDGE_CURVE('',#7748,#7740,#7750,.T.);
#7748 = VERTEX_POINT('',#7749);
#7749 = CARTESIAN_POINT('',(-6.3,38.5,12.8));
#7750 = LINE('',#7751,#7752);
#7751 = CARTESIAN_POINT('',(-6.3,15.25,12.8));
#7752 = VECTOR('',#7753,1.);
#7753 = DIRECTION('',(0.,-1.,0.));
#7754 = ORIENTED_EDGE('',*,*,#7755,.T.);
#7755 = EDGE_CURVE('',#7748,#7338,#7756,.T.);
#7756 = LINE('',#7757,#7758);
#7757 = CARTESIAN_POINT('',(-6.3,38.5,10.5));
#7758 = VECTOR('',#7759,1.);
#7759 = DIRECTION('',(0.,0.,1.));
#7760 = ORIENTED_EDGE('',*,*,#7335,.F.);
#7761 = PLANE('',#7762);
#7762 = AXIS2_PLACEMENT_3D('',#7763,#7764,#7765);
#7763 = CARTESIAN_POINT('',(-6.3,7.5,10.5));
#7764 = DIRECTION('',(1.,0.,0.));
#7765 = DIRECTION('',(0.,0.,1.));
#7766 = ADVANCED_FACE('',(#7767),#7786,.T.);
#7767 = FACE_BOUND('',#7768,.F.);
#7768 = EDGE_LOOP('',(#7769,#7777,#7784,#7785));
#7769 = ORIENTED_EDGE('',*,*,#7770,.F.);
#7770 = EDGE_CURVE('',#7771,#7346,#7773,.T.);
#7771 = VERTEX_POINT('',#7772);
#7772 = CARTESIAN_POINT('',(-2.5,3.7,12.8));
#7773 = LINE('',#7774,#7775);
#7774 = CARTESIAN_POINT('',(-2.5,3.7,10.5));
#7775 = VECTOR('',#7776,1.);
#7776 = DIRECTION('',(0.,0.,1.));
#7777 = ORIENTED_EDGE('',*,*,#7778,.T.);
#7778 = EDGE_CURVE('',#7771,#7740,#7779,.T.);
#7779 = CIRCLE('',#7780,3.8);
#7780 = AXIS2_PLACEMENT_3D('',#7781,#7782,#7783);
#7781 = CARTESIAN_POINT('',(-2.5,7.5,12.8));
#7782 = DIRECTION('',(0.,0.,-1.));
#7783 = DIRECTION('',(1.,0.,0.));
#7784 = ORIENTED_EDGE('',*,*,#7739,.T.);
#7785 = ORIENTED_EDGE('',*,*,#7345,.T.);
#7786 = CYLINDRICAL_SURFACE('',#7787,3.8);
#7787 = AXIS2_PLACEMENT_3D('',#7788,#7789,#7790);
#7788 = CARTESIAN_POINT('',(-2.5,7.5,10.5));
#7789 = DIRECTION('',(-0.,-0.,-1.));
#7790 = DIRECTION('',(1.,0.,0.));
#7791 = ADVANCED_FACE('',(#7792),#7811,.T.);
#7792 = FACE_BOUND('',#7793,.F.);
#7793 = EDGE_LOOP('',(#7794,#7803,#7809,#7810));
#7794 = ORIENTED_EDGE('',*,*,#7795,.T.);
#7795 = EDGE_CURVE('',#7748,#7796,#7798,.T.);
#7796 = VERTEX_POINT('',#7797);
#7797 = CARTESIAN_POINT('',(-2.5,42.3,12.8));
#7798 = CIRCLE('',#7799,3.8);
#7799 = AXIS2_PLACEMENT_3D('',#7800,#7801,#7802);
#7800 = CARTESIAN_POINT('',(-2.5,38.5,12.8));
#7801 = DIRECTION('',(0.,0.,-1.));
#7802 = DIRECTION('',(1.,0.,0.));
#7803 = ORIENTED_EDGE('',*,*,#7804,.T.);
#7804 = EDGE_CURVE('',#7796,#7398,#7805,.T.);
#7805 = LINE('',#7806,#7807);
#7806 = CARTESIAN_POINT('',(-2.5,42.3,10.5));
#7807 = VECTOR('',#7808,1.);
#7808 = DIRECTION('',(0.,0.,1.));
#7809 = ORIENTED_EDGE('',*,*,#7405,.T.);
#7810 = ORIENTED_EDGE('',*,*,#7755,.F.);
#7811 = CYLINDRICAL_SURFACE('',#7812,3.8);
#7812 = AXIS2_PLACEMENT_3D('',#7813,#7814,#7815);
#7813 = CARTESIAN_POINT('',(-2.5,38.5,10.5));
#7814 = DIRECTION('',(-0.,-0.,-1.));
#7815 = DIRECTION('',(1.,0.,0.));
#7816 = ADVANCED_FACE('',(#7817),#7835,.F.);
#7817 = FACE_BOUND('',#7818,.F.);
#7818 = EDGE_LOOP('',(#7819,#7827,#7828,#7829));
#7819 = ORIENTED_EDGE('',*,*,#7820,.F.);
#7820 = EDGE_CURVE('',#7771,#7821,#7823,.T.);
#7821 = VERTEX_POINT('',#7822);
#7822 = CARTESIAN_POINT('',(23.5,3.7,12.8));
#7823 = LINE('',#7824,#7825);
#7824 = CARTESIAN_POINT('',(4.,3.7,12.8));
#7825 = VECTOR('',#7826,1.);
#7826 = DIRECTION('',(1.,0.,0.));
#7827 = ORIENTED_EDGE('',*,*,#7770,.T.);
#7828 = ORIENTED_EDGE('',*,*,#7354,.T.);
#7829 = ORIENTED_EDGE('',*,*,#7830,.F.);
#7830 = EDGE_CURVE('',#7821,#7355,#7831,.T.);
#7831 = LINE('',#7832,#7833);
#7832 = CARTESIAN_POINT('',(23.5,3.7,10.5));
#7833 = VECTOR('',#7834,1.);
#7834 = DIRECTION('',(0.,0.,1.));
#7835 = PLANE('',#7836);
#7836 = AXIS2_PLACEMENT_3D('',#7837,#7838,#7839);
#7837 = CARTESIAN_POINT('',(-2.5,3.7,10.5));
#7838 = DIRECTION('',(0.,1.,0.));
#7839 = DIRECTION('',(0.,0.,1.));
#7840 = ADVANCED_FACE('',(#7841),#7891,.T.);
#7841 = FACE_BOUND('',#7842,.T.);
#7842 = EDGE_LOOP('',(#7843,#7851,#7852,#7853,#7861,#7869,#7877,#7885));
#7843 = ORIENTED_EDGE('',*,*,#7844,.F.);
#7844 = EDGE_CURVE('',#7796,#7845,#7847,.T.);
#7845 = VERTEX_POINT('',#7846);
#7846 = CARTESIAN_POINT('',(5.8,42.3,12.8));
#7847 = LINE('',#7848,#7849);
#7848 = CARTESIAN_POINT('',(4.,42.3,12.8));
#7849 = VECTOR('',#7850,1.);
#7850 = DIRECTION('',(1.,0.,0.));
#7851 = ORIENTED_EDGE('',*,*,#7804,.T.);
#7852 = ORIENTED_EDGE('',*,*,#7397,.T.);
#7853 = ORIENTED_EDGE('',*,*,#7854,.F.);
#7854 = EDGE_CURVE('',#7855,#7389,#7857,.T.);
#7855 = VERTEX_POINT('',#7856);
#7856 = CARTESIAN_POINT('',(23.5,42.3,12.8));
#7857 = LINE('',#7858,#7859);
#7858 = CARTESIAN_POINT('',(23.5,42.3,10.5));
#7859 = VECTOR('',#7860,1.);
#7860 = DIRECTION('',(0.,0.,1.));
#7861 = ORIENTED_EDGE('',*,*,#7862,.F.);
#7862 = EDGE_CURVE('',#7863,#7855,#7865,.T.);
#7863 = VERTEX_POINT('',#7864);
#7864 = CARTESIAN_POINT('',(22.6,42.3,12.8));
#7865 = LINE('',#7866,#7867);
#7866 = CARTESIAN_POINT('',(4.,42.3,12.8));
#7867 = VECTOR('',#7868,1.);
#7868 = DIRECTION('',(1.,0.,0.));
#7869 = ORIENTED_EDGE('',*,*,#7870,.F.);
#7870 = EDGE_CURVE('',#7871,#7863,#7873,.T.);
#7871 = VERTEX_POINT('',#7872);
#7872 = CARTESIAN_POINT('',(22.6,42.3,17.6));
#7873 = LINE('',#7874,#7875);
#7874 = CARTESIAN_POINT('',(22.6,42.3,11.55));
#7875 = VECTOR('',#7876,1.);
#7876 = DIRECTION('',(0.,0.,-1.));
#7877 = ORIENTED_EDGE('',*,*,#7878,.F.);
#7878 = EDGE_CURVE('',#7879,#7871,#7881,.T.);
#7879 = VERTEX_POINT('',#7880);
#7880 = CARTESIAN_POINT('',(5.8,42.3,17.6));
#7881 = LINE('',#7882,#7883);
#7882 = CARTESIAN_POINT('',(5.85,42.3,17.6));
#7883 = VECTOR('',#7884,1.);
#7884 = DIRECTION('',(1.,0.,0.));
#7885 = ORIENTED_EDGE('',*,*,#7886,.T.);
#7886 = EDGE_CURVE('',#7879,#7845,#7887,.T.);
#7887 = LINE('',#7888,#7889);
#7888 = CARTESIAN_POINT('',(5.8,42.3,11.55));
#7889 = VECTOR('',#7890,1.);
#7890 = DIRECTION('',(0.,0.,-1.));
#7891 = PLANE('',#7892);
#7892 = AXIS2_PLACEMENT_3D('',#7893,#7894,#7895);
#7893 = CARTESIAN_POINT('',(-2.5,42.3,10.5));
#7894 = DIRECTION('',(0.,1.,0.));
#7895 = DIRECTION('',(0.,0.,1.));
#7896 = ADVANCED_FACE('',(#7897),#7909,.T.);
#7897 = FACE_BOUND('',#7898,.F.);
#7898 = EDGE_LOOP('',(#7899,#7900,#7901,#7908));
#7899 = ORIENTED_EDGE('',*,*,#7362,.T.);
#7900 = ORIENTED_EDGE('',*,*,#7584,.F.);
#7901 = ORIENTED_EDGE('',*,*,#7902,.T.);
#7902 = EDGE_CURVE('',#7585,#7821,#7903,.T.);
#7903 = CIRCLE('',#7904,3.8);
#7904 = AXIS2_PLACEMENT_3D('',#7905,#7906,#7907);
#7905 = CARTESIAN_POINT('',(23.5,7.5,12.8));
#7906 = DIRECTION('',(0.,0.,-1.));
#7907 = DIRECTION('',(1.,0.,0.));
#7908 = ORIENTED_EDGE('',*,*,#7830,.T.);
#7909 = CYLINDRICAL_SURFACE('',#7910,3.8);
#7910 = AXIS2_PLACEMENT_3D('',#7911,#7912,#7913);
#7911 = CARTESIAN_POINT('',(23.5,7.5,10.5));
#7912 = DIRECTION('',(-0.,-0.,-1.));
#7913 = DIRECTION('',(1.,0.,0.));
#7914 = ADVANCED_FACE('',(#7915),#7927,.T.);
#7915 = FACE_BOUND('',#7916,.F.);
#7916 = EDGE_LOOP('',(#7917,#7924,#7925,#7926));
#7917 = ORIENTED_EDGE('',*,*,#7918,.T.);
#7918 = EDGE_CURVE('',#7855,#7593,#7919,.T.);
#7919 = CIRCLE('',#7920,3.8);
#7920 = AXIS2_PLACEMENT_3D('',#7921,#7922,#7923);
#7921 = CARTESIAN_POINT('',(23.5,38.5,12.8));
#7922 = DIRECTION('',(0.,0.,-1.));
#7923 = DIRECTION('',(1.,0.,0.));
#7924 = ORIENTED_EDGE('',*,*,#7600,.T.);
#7925 = ORIENTED_EDGE('',*,*,#7388,.T.);
#7926 = ORIENTED_EDGE('',*,*,#7854,.F.);
#7927 = CYLINDRICAL_SURFACE('',#7928,3.8);
#7928 = AXIS2_PLACEMENT_3D('',#7929,#7930,#7931);
#7929 = CARTESIAN_POINT('',(23.5,38.5,10.5));
#7930 = DIRECTION('',(-0.,-0.,-1.));
#7931 = DIRECTION('',(1.,0.,0.));
#7932 = ADVANCED_FACE('',(#7933),#7958,.T.);
#7933 = FACE_BOUND('',#7934,.T.);
#7934 = EDGE_LOOP('',(#7935,#7943,#7951,#7957));
#7935 = ORIENTED_EDGE('',*,*,#7936,.F.);
#7936 = EDGE_CURVE('',#7937,#7430,#7939,.T.);
#7937 = VERTEX_POINT('',#7938);
#7938 = CARTESIAN_POINT('',(-5.74,7.5,11.58));
#7939 = LINE('',#7940,#7941);
#7940 = CARTESIAN_POINT('',(-5.74,7.5,11.58));
#7941 = VECTOR('',#7942,1.);
#7942 = DIRECTION('',(0.,0.,1.));
#7943 = ORIENTED_EDGE('',*,*,#7944,.T.);
#7944 = EDGE_CURVE('',#7937,#7945,#7947,.T.);
#7945 = VERTEX_POINT('',#7946);
#7946 = CARTESIAN_POINT('',(-5.74,38.5,11.58));
#7947 = LINE('',#7948,#7949);
#7948 = CARTESIAN_POINT('',(-5.74,7.5,11.58));
#7949 = VECTOR('',#7950,1.);
#7950 = DIRECTION('',(0.,1.,0.));
#7951 = ORIENTED_EDGE('',*,*,#7952,.T.);
#7952 = EDGE_CURVE('',#7945,#7432,#7953,.T.);
#7953 = LINE('',#7954,#7955);
#7954 = CARTESIAN_POINT('',(-5.74,38.5,11.58));
#7955 = VECTOR('',#7956,1.);
#7956 = DIRECTION('',(0.,0.,1.));
#7957 = ORIENTED_EDGE('',*,*,#7429,.F.);
#7958 = PLANE('',#7959);
#7959 = AXIS2_PLACEMENT_3D('',#7960,#7961,#7962);
#7960 = CARTESIAN_POINT('',(-5.74,7.5,11.58));
#7961 = DIRECTION('',(1.,0.,0.));
#7962 = DIRECTION('',(0.,0.,1.));
#7963 = ADVANCED_FACE('',(#7964),#7983,.F.);
#7964 = FACE_BOUND('',#7965,.T.);
#7965 = EDGE_LOOP('',(#7966,#7975,#7981,#7982));
#7966 = ORIENTED_EDGE('',*,*,#7967,.F.);
#7967 = EDGE_CURVE('',#7968,#7945,#7970,.T.);
#7968 = VERTEX_POINT('',#7969);
#7969 = CARTESIAN_POINT('',(-2.5,41.74,11.58));
#7970 = CIRCLE('',#7971,3.24);
#7971 = AXIS2_PLACEMENT_3D('',#7972,#7973,#7974);
#7972 = CARTESIAN_POINT('',(-2.5,38.5,11.58));
#7973 = DIRECTION('',(0.,0.,1.));
#7974 = DIRECTION('',(1.,0.,0.));
#7975 = ORIENTED_EDGE('',*,*,#7976,.T.);
#7976 = EDGE_CURVE('',#7968,#7514,#7977,.T.);
#7977 = LINE('',#7978,#7979);
#7978 = CARTESIAN_POINT('',(-2.5,41.74,11.58));
#7979 = VECTOR('',#7980,1.);
#7980 = DIRECTION('',(0.,0.,1.));
#7981 = ORIENTED_EDGE('',*,*,#7521,.T.);
#7982 = ORIENTED_EDGE('',*,*,#7952,.F.);
#7983 = CYLINDRICAL_SURFACE('',#7984,3.24);
#7984 = AXIS2_PLACEMENT_3D('',#7985,#7986,#7987);
#7985 = CARTESIAN_POINT('',(-2.5,38.5,11.58));
#7986 = DIRECTION('',(-0.,-0.,-1.));
#7987 = DIRECTION('',(1.,0.,0.));
#7988 = ADVANCED_FACE('',(#7989),#8016,.F.);
#7989 = FACE_BOUND('',#7990,.F.);
#7990 = EDGE_LOOP('',(#7991,#7999,#8000,#8001,#8002,#8010));
#7991 = ORIENTED_EDGE('',*,*,#7992,.F.);
#7992 = EDGE_CURVE('',#7968,#7993,#7995,.T.);
#7993 = VERTEX_POINT('',#7994);
#7994 = CARTESIAN_POINT('',(6.4,41.74,11.58));
#7995 = LINE('',#7996,#7997);
#7996 = CARTESIAN_POINT('',(-2.5,41.74,11.58));
#7997 = VECTOR('',#7998,1.);
#7998 = DIRECTION('',(1.,0.,0.));
#7999 = ORIENTED_EDGE('',*,*,#7976,.T.);
#8000 = ORIENTED_EDGE('',*,*,#7513,.T.);
#8001 = ORIENTED_EDGE('',*,*,#7642,.T.);
#8002 = ORIENTED_EDGE('',*,*,#8003,.F.);
#8003 = EDGE_CURVE('',#8004,#7635,#8006,.T.);
#8004 = VERTEX_POINT('',#8005);
#8005 = CARTESIAN_POINT('',(6.4,41.74,12.6));
#8006 = LINE('',#8007,#8008);
#8007 = CARTESIAN_POINT('',(5.85,41.74,12.6));
#8008 = VECTOR('',#8009,1.);
#8009 = DIRECTION('',(-1.,0.,0.));
#8010 = ORIENTED_EDGE('',*,*,#8011,.T.);
#8011 = EDGE_CURVE('',#8004,#7993,#8012,.T.);
#8012 = LINE('',#8013,#8014);
#8013 = CARTESIAN_POINT('',(6.4,41.74,10.99));
#8014 = VECTOR('',#8015,1.);
#8015 = DIRECTION('',(0.,0.,-1.));
#8016 = PLANE('',#8017);
#8017 = AXIS2_PLACEMENT_3D('',#8018,#8019,#8020);
#8018 = CARTESIAN_POINT('',(-2.5,41.74,11.58));
#8019 = DIRECTION('',(0.,1.,0.));
#8020 = DIRECTION('',(0.,0.,1.));
#8021 = ADVANCED_FACE('',(#8022),#8056,.F.);
#8022 = FACE_BOUND('',#8023,.F.);
#8023 = EDGE_LOOP('',(#8024,#8034,#8042,#8048,#8049,#8050));
#8024 = ORIENTED_EDGE('',*,*,#8025,.F.);
#8025 = EDGE_CURVE('',#8026,#8028,#8030,.T.);
#8026 = VERTEX_POINT('',#8027);
#8027 = CARTESIAN_POINT('',(22.,41.74,11.58));
#8028 = VERTEX_POINT('',#8029);
#8029 = CARTESIAN_POINT('',(23.5,41.74,11.58));
#8030 = LINE('',#8031,#8032);
#8031 = CARTESIAN_POINT('',(-2.5,41.74,11.58));
#8032 = VECTOR('',#8033,1.);
#8033 = DIRECTION('',(1.,0.,0.));
#8034 = ORIENTED_EDGE('',*,*,#8035,.F.);
#8035 = EDGE_CURVE('',#8036,#8026,#8038,.T.);
#8036 = VERTEX_POINT('',#8037);
#8037 = CARTESIAN_POINT('',(22.,41.74,12.6));
#8038 = LINE('',#8039,#8040);
#8039 = CARTESIAN_POINT('',(22.,41.74,10.99));
#8040 = VECTOR('',#8041,1.);
#8041 = DIRECTION('',(0.,0.,-1.));
#8042 = ORIENTED_EDGE('',*,*,#8043,.F.);
#8043 = EDGE_CURVE('',#7715,#8036,#8044,.T.);
#8044 = LINE('',#8045,#8046);
#8045 = CARTESIAN_POINT('',(5.85,41.74,12.6));
#8046 = VECTOR('',#8047,1.);
#8047 = DIRECTION('',(-1.,0.,0.));
#8048 = ORIENTED_EDGE('',*,*,#7722,.F.);
#8049 = ORIENTED_EDGE('',*,*,#7482,.T.);
#8050 = ORIENTED_EDGE('',*,*,#8051,.F.);
#8051 = EDGE_CURVE('',#8028,#7474,#8052,.T.);
#8052 = LINE('',#8053,#8054);
#8053 = CARTESIAN_POINT('',(23.5,41.74,11.58));
#8054 = VECTOR('',#8055,1.);
#8055 = DIRECTION('',(0.,0.,1.));
#8056 = PLANE('',#8057);
#8057 = AXIS2_PLACEMENT_3D('',#8058,#8059,#8060);
#8058 = CARTESIAN_POINT('',(-2.5,41.74,11.58));
#8059 = DIRECTION('',(0.,1.,0.));
#8060 = DIRECTION('',(0.,0.,1.));
#8061 = ADVANCED_FACE('',(#8062),#8081,.F.);
#8062 = FACE_BOUND('',#8063,.T.);
#8063 = EDGE_LOOP('',(#8064,#8073,#8079,#8080));
#8064 = ORIENTED_EDGE('',*,*,#8065,.F.);
#8065 = EDGE_CURVE('',#8066,#8028,#8068,.T.);
#8066 = VERTEX_POINT('',#8067);
#8067 = CARTESIAN_POINT('',(26.74,38.5,11.58));
#8068 = CIRCLE('',#8069,3.24);
#8069 = AXIS2_PLACEMENT_3D('',#8070,#8071,#8072);
#8070 = CARTESIAN_POINT('',(23.5,38.5,11.58));
#8071 = DIRECTION('',(0.,0.,1.));
#8072 = DIRECTION('',(1.,0.,0.));
#8073 = ORIENTED_EDGE('',*,*,#8074,.T.);
#8074 = EDGE_CURVE('',#8066,#7466,#8075,.T.);
#8075 = LINE('',#8076,#8077);
#8076 = CARTESIAN_POINT('',(26.74,38.5,11.58));
#8077 = VECTOR('',#8078,1.);
#8078 = DIRECTION('',(0.,0.,1.));
#8079 = ORIENTED_EDGE('',*,*,#7473,.T.);
#8080 = ORIENTED_EDGE('',*,*,#8051,.F.);
#8081 = CYLINDRICAL_SURFACE('',#8082,3.24);
#8082 = AXIS2_PLACEMENT_3D('',#8083,#8084,#8085);
#8083 = CARTESIAN_POINT('',(23.5,38.5,11.58));
#8084 = DIRECTION('',(-0.,-0.,-1.));
#8085 = DIRECTION('',(1.,0.,0.));
#8086 = ADVANCED_FACE('',(#8087),#8105,.F.);
#8087 = FACE_BOUND('',#8088,.F.);
#8088 = EDGE_LOOP('',(#8089,#8097,#8103,#8104));
#8089 = ORIENTED_EDGE('',*,*,#8090,.F.);
#8090 = EDGE_CURVE('',#8091,#7457,#8093,.T.);
#8091 = VERTEX_POINT('',#8092);
#8092 = CARTESIAN_POINT('',(26.74,7.5,11.58));
#8093 = LINE('',#8094,#8095);
#8094 = CARTESIAN_POINT('',(26.74,7.5,11.58));
#8095 = VECTOR('',#8096,1.);
#8096 = DIRECTION('',(0.,0.,1.));
#8097 = ORIENTED_EDGE('',*,*,#8098,.T.);
#8098 = EDGE_CURVE('',#8091,#8066,#8099,.T.);
#8099 = LINE('',#8100,#8101);
#8100 = CARTESIAN_POINT('',(26.74,7.5,11.58));
#8101 = VECTOR('',#8102,1.);
#8102 = DIRECTION('',(0.,1.,0.));
#8103 = ORIENTED_EDGE('',*,*,#8074,.T.);
#8104 = ORIENTED_EDGE('',*,*,#7465,.F.);
#8105 = PLANE('',#8106);
#8106 = AXIS2_PLACEMENT_3D('',#8107,#8108,#8109);
#8107 = CARTESIAN_POINT('',(26.74,7.5,11.58));
#8108 = DIRECTION('',(1.,0.,0.));
#8109 = DIRECTION('',(0.,0.,1.));
#8110 = ADVANCED_FACE('',(#8111),#8130,.F.);
#8111 = FACE_BOUND('',#8112,.T.);
#8112 = EDGE_LOOP('',(#8113,#8114,#8123,#8129));
#8113 = ORIENTED_EDGE('',*,*,#8090,.F.);
#8114 = ORIENTED_EDGE('',*,*,#8115,.F.);
#8115 = EDGE_CURVE('',#8116,#8091,#8118,.T.);
#8116 = VERTEX_POINT('',#8117);
#8117 = CARTESIAN_POINT('',(23.5,4.26,11.58));
#8118 = CIRCLE('',#8119,3.24);
#8119 = AXIS2_PLACEMENT_3D('',#8120,#8121,#8122);
#8120 = CARTESIAN_POINT('',(23.5,7.5,11.58));
#8121 = DIRECTION('',(0.,0.,1.));
#8122 = DIRECTION('',(1.,0.,0.));
#8123 = ORIENTED_EDGE('',*,*,#8124,.T.);
#8124 = EDGE_CURVE('',#8116,#7449,#8125,.T.);
#8125 = LINE('',#8126,#8127);
#8126 = CARTESIAN_POINT('',(23.5,4.26,11.58));
#8127 = VECTOR('',#8128,1.);
#8128 = DIRECTION('',(0.,0.,1.));
#8129 = ORIENTED_EDGE('',*,*,#7456,.T.);
#8130 = CYLINDRICAL_SURFACE('',#8131,3.24);
#8131 = AXIS2_PLACEMENT_3D('',#8132,#8133,#8134);
#8132 = CARTESIAN_POINT('',(23.5,7.5,11.58));
#8133 = DIRECTION('',(-0.,-0.,-1.));
#8134 = DIRECTION('',(1.,0.,0.));
#8135 = ADVANCED_FACE('',(#8136),#8154,.T.);
#8136 = FACE_BOUND('',#8137,.T.);
#8137 = EDGE_LOOP('',(#8138,#8146,#8152,#8153));
#8138 = ORIENTED_EDGE('',*,*,#8139,.F.);
#8139 = EDGE_CURVE('',#8140,#8116,#8142,.T.);
#8140 = VERTEX_POINT('',#8141);
#8141 = CARTESIAN_POINT('',(-2.5,4.26,11.58));
#8142 = LINE('',#8143,#8144);
#8143 = CARTESIAN_POINT('',(-2.5,4.26,11.58));
#8144 = VECTOR('',#8145,1.);
#8145 = DIRECTION('',(1.,0.,0.));
#8146 = ORIENTED_EDGE('',*,*,#8147,.T.);
#8147 = EDGE_CURVE('',#8140,#7440,#8148,.T.);
#8148 = LINE('',#8149,#8150);
#8149 = CARTESIAN_POINT('',(-2.5,4.26,11.58));
#8150 = VECTOR('',#8151,1.);
#8151 = DIRECTION('',(0.,0.,1.));
#8152 = ORIENTED_EDGE('',*,*,#7448,.T.);
#8153 = ORIENTED_EDGE('',*,*,#8124,.F.);
#8154 = PLANE('',#8155);
#8155 = AXIS2_PLACEMENT_3D('',#8156,#8157,#8158);
#8156 = CARTESIAN_POINT('',(-2.5,4.26,11.58));
#8157 = DIRECTION('',(0.,1.,0.));
#8158 = DIRECTION('',(0.,0.,1.));
#8159 = ADVANCED_FACE('',(#8160),#8172,.F.);
#8160 = FACE_BOUND('',#8161,.T.);
#8161 = EDGE_LOOP('',(#8162,#8163,#8170,#8171));
#8162 = ORIENTED_EDGE('',*,*,#8147,.F.);
#8163 = ORIENTED_EDGE('',*,*,#8164,.F.);
#8164 = EDGE_CURVE('',#7937,#8140,#8165,.T.);
#8165 = CIRCLE('',#8166,3.24);
#8166 = AXIS2_PLACEMENT_3D('',#8167,#8168,#8169);
#8167 = CARTESIAN_POINT('',(-2.5,7.5,11.58));
#8168 = DIRECTION('',(0.,0.,1.));
#8169 = DIRECTION('',(1.,0.,0.));
#8170 = ORIENTED_EDGE('',*,*,#7936,.T.);
#8171 = ORIENTED_EDGE('',*,*,#7439,.T.);
#8172 = CYLINDRICAL_SURFACE('',#8173,3.24);
#8173 = AXIS2_PLACEMENT_3D('',#8174,#8175,#8176);
#8174 = CARTESIAN_POINT('',(-2.5,7.5,11.58));
#8175 = DIRECTION('',(-0.,-0.,-1.));
#8176 = DIRECTION('',(1.,0.,0.));
#8177 = ADVANCED_FACE('',(#8178),#8279,.T.);
#8178 = FACE_BOUND('',#8179,.T.);
#8179 = EDGE_LOOP('',(#8180,#8190,#8199,#8207,#8216,#8224,#8233,#8241,
    #8247,#8248,#8249,#8250,#8251,#8252,#8253,#8254,#8255,#8256,#8264,
    #8272));
#8180 = ORIENTED_EDGE('',*,*,#8181,.F.);
#8181 = EDGE_CURVE('',#8182,#8184,#8186,.T.);
#8182 = VERTEX_POINT('',#8183);
#8183 = CARTESIAN_POINT('',(-6.65,7.5,12.8));
#8184 = VERTEX_POINT('',#8185);
#8185 = CARTESIAN_POINT('',(-6.65,38.5,12.8));
#8186 = LINE('',#8187,#8188);
#8187 = CARTESIAN_POINT('',(-6.65,7.5,12.8));
#8188 = VECTOR('',#8189,1.);
#8189 = DIRECTION('',(0.,1.,0.));
#8190 = ORIENTED_EDGE('',*,*,#8191,.T.);
#8191 = EDGE_CURVE('',#8182,#8192,#8194,.T.);
#8192 = VERTEX_POINT('',#8193);
#8193 = CARTESIAN_POINT('',(-2.5,3.35,12.8));
#8194 = CIRCLE('',#8195,4.15);
#8195 = AXIS2_PLACEMENT_3D('',#8196,#8197,#8198);
#8196 = CARTESIAN_POINT('',(-2.5,7.5,12.8));
#8197 = DIRECTION('',(0.,0.,1.));
#8198 = DIRECTION('',(1.,0.,0.));
#8199 = ORIENTED_EDGE('',*,*,#8200,.T.);
#8200 = EDGE_CURVE('',#8192,#8201,#8203,.T.);
#8201 = VERTEX_POINT('',#8202);
#8202 = CARTESIAN_POINT('',(23.5,3.35,12.8));
#8203 = LINE('',#8204,#8205);
#8204 = CARTESIAN_POINT('',(-2.5,3.35,12.8));
#8205 = VECTOR('',#8206,1.);
#8206 = DIRECTION('',(1.,0.,0.));
#8207 = ORIENTED_EDGE('',*,*,#8208,.T.);
#8208 = EDGE_CURVE('',#8201,#8209,#8211,.T.);
#8209 = VERTEX_POINT('',#8210);
#8210 = CARTESIAN_POINT('',(27.65,7.5,12.8));
#8211 = CIRCLE('',#8212,4.15);
#8212 = AXIS2_PLACEMENT_3D('',#8213,#8214,#8215);
#8213 = CARTESIAN_POINT('',(23.5,7.5,12.8));
#8214 = DIRECTION('',(0.,0.,1.));
#8215 = DIRECTION('',(1.,0.,0.));
#8216 = ORIENTED_EDGE('',*,*,#8217,.T.);
#8217 = EDGE_CURVE('',#8209,#8218,#8220,.T.);
#8218 = VERTEX_POINT('',#8219);
#8219 = CARTESIAN_POINT('',(27.65,38.5,12.8));
#8220 = LINE('',#8221,#8222);
#8221 = CARTESIAN_POINT('',(27.65,7.5,12.8));
#8222 = VECTOR('',#8223,1.);
#8223 = DIRECTION('',(0.,1.,0.));
#8224 = ORIENTED_EDGE('',*,*,#8225,.T.);
#8225 = EDGE_CURVE('',#8218,#8226,#8228,.T.);
#8226 = VERTEX_POINT('',#8227);
#8227 = CARTESIAN_POINT('',(23.5,42.65,12.8));
#8228 = CIRCLE('',#8229,4.15);
#8229 = AXIS2_PLACEMENT_3D('',#8230,#8231,#8232);
#8230 = CARTESIAN_POINT('',(23.5,38.5,12.8));
#8231 = DIRECTION('',(0.,0.,1.));
#8232 = DIRECTION('',(1.,0.,0.));
#8233 = ORIENTED_EDGE('',*,*,#8234,.F.);
#8234 = EDGE_CURVE('',#8235,#8226,#8237,.T.);
#8235 = VERTEX_POINT('',#8236);
#8236 = CARTESIAN_POINT('',(22.6,42.65,12.8));
#8237 = LINE('',#8238,#8239);
#8238 = CARTESIAN_POINT('',(-2.5,42.65,12.8));
#8239 = VECTOR('',#8240,1.);
#8240 = DIRECTION('',(1.,0.,0.));
#8241 = ORIENTED_EDGE('',*,*,#8242,.F.);
#8242 = EDGE_CURVE('',#7863,#8235,#8243,.T.);
#8243 = LINE('',#8244,#8245);
#8244 = CARTESIAN_POINT('',(22.6,31.7,12.8));
#8245 = VECTOR('',#8246,1.);
#8246 = DIRECTION('',(0.,1.,0.));
#8247 = ORIENTED_EDGE('',*,*,#7862,.T.);
#8248 = ORIENTED_EDGE('',*,*,#7918,.T.);
#8249 = ORIENTED_EDGE('',*,*,#7592,.T.);
#8250 = ORIENTED_EDGE('',*,*,#7902,.T.);
#8251 = ORIENTED_EDGE('',*,*,#7820,.F.);
#8252 = ORIENTED_EDGE('',*,*,#7778,.T.);
#8253 = ORIENTED_EDGE('',*,*,#7747,.F.);
#8254 = ORIENTED_EDGE('',*,*,#7795,.T.);
#8255 = ORIENTED_EDGE('',*,*,#7844,.T.);
#8256 = ORIENTED_EDGE('',*,*,#8257,.T.);
#8257 = EDGE_CURVE('',#7845,#8258,#8260,.T.);
#8258 = VERTEX_POINT('',#8259);
#8259 = CARTESIAN_POINT('',(5.8,42.65,12.8));
#8260 = LINE('',#8261,#8262);
#8261 = CARTESIAN_POINT('',(5.8,31.7,12.8));
#8262 = VECTOR('',#8263,1.);
#8263 = DIRECTION('',(0.,1.,0.));
#8264 = ORIENTED_EDGE('',*,*,#8265,.F.);
#8265 = EDGE_CURVE('',#8266,#8258,#8268,.T.);
#8266 = VERTEX_POINT('',#8267);
#8267 = CARTESIAN_POINT('',(-2.5,42.65,12.8));
#8268 = LINE('',#8269,#8270);
#8269 = CARTESIAN_POINT('',(-2.5,42.65,12.8));
#8270 = VECTOR('',#8271,1.);
#8271 = DIRECTION('',(1.,0.,0.));
#8272 = ORIENTED_EDGE('',*,*,#8273,.T.);
#8273 = EDGE_CURVE('',#8266,#8184,#8274,.T.);
#8274 = CIRCLE('',#8275,4.15);
#8275 = AXIS2_PLACEMENT_3D('',#8276,#8277,#8278);
#8276 = CARTESIAN_POINT('',(-2.5,38.5,12.8));
#8277 = DIRECTION('',(0.,0.,1.));
#8278 = DIRECTION('',(1.,0.,0.));
#8279 = PLANE('',#8280);
#8280 = AXIS2_PLACEMENT_3D('',#8281,#8282,#8283);
#8281 = CARTESIAN_POINT('',(10.5,23.,12.8));
#8282 = DIRECTION('',(0.,0.,1.));
#8283 = DIRECTION('',(1.,0.,0.));
#8284 = ADVANCED_FACE('',(#8285),#8321,.T.);
#8285 = FACE_BOUND('',#8286,.F.);
#8286 = EDGE_LOOP('',(#8287,#8295,#8304,#8312,#8319,#8320));
#8287 = ORIENTED_EDGE('',*,*,#8288,.F.);
#8288 = EDGE_CURVE('',#8289,#7666,#8291,.T.);
#8289 = VERTEX_POINT('',#8290);
#8290 = CARTESIAN_POINT('',(6.8,39.4,16.8));
#8291 = LINE('',#8292,#8293);
#8292 = CARTESIAN_POINT('',(6.8,39.4,12.6));
#8293 = VECTOR('',#8294,1.);
#8294 = DIRECTION('',(0.,0.,1.));
#8295 = ORIENTED_EDGE('',*,*,#8296,.T.);
#8296 = EDGE_CURVE('',#8289,#8297,#8299,.T.);
#8297 = VERTEX_POINT('',#8298);
#8298 = CARTESIAN_POINT('',(6.6,39.420204102887,16.8));
#8299 = CIRCLE('',#8300,1.);
#8300 = AXIS2_PLACEMENT_3D('',#8301,#8302,#8303);
#8301 = CARTESIAN_POINT('',(6.8,40.4,16.8));
#8302 = DIRECTION('',(0.,0.,-1.));
#8303 = DIRECTION('',(1.,0.,0.));
#8304 = ORIENTED_EDGE('',*,*,#8305,.T.);
#8305 = EDGE_CURVE('',#8297,#8306,#8308,.T.);
#8306 = VERTEX_POINT('',#8307);
#8307 = CARTESIAN_POINT('',(6.6,39.420204102887,12.6));
#8308 = LINE('',#8309,#8310);
#8309 = CARTESIAN_POINT('',(6.6,39.420204102887,12.6));
#8310 = VECTOR('',#8311,1.);
#8311 = DIRECTION('',(-0.,-0.,-1.));
#8312 = ORIENTED_EDGE('',*,*,#8313,.F.);
#8313 = EDGE_CURVE('',#7625,#8306,#8314,.T.);
#8314 = CIRCLE('',#8315,1.);
#8315 = AXIS2_PLACEMENT_3D('',#8316,#8317,#8318);
#8316 = CARTESIAN_POINT('',(6.8,40.4,12.6));
#8317 = DIRECTION('',(0.,0.,1.));
#8318 = DIRECTION('',(1.,0.,0.));
#8319 = ORIENTED_EDGE('',*,*,#7624,.T.);
#8320 = ORIENTED_EDGE('',*,*,#7665,.T.);
#8321 = CYLINDRICAL_SURFACE('',#8322,1.);
#8322 = AXIS2_PLACEMENT_3D('',#8323,#8324,#8325);
#8323 = CARTESIAN_POINT('',(6.8,40.4,12.6));
#8324 = DIRECTION('',(-0.,-0.,-1.));
#8325 = DIRECTION('',(1.,0.,0.));
#8326 = ADVANCED_FACE('',(#8327),#8437,.T.);
#8327 = FACE_BOUND('',#8328,.T.);
#8328 = EDGE_LOOP('',(#8329,#8330,#8331,#8332,#8340,#8348,#8356,#8365,
    #8373,#8382,#8390,#8398,#8404,#8405,#8406,#8415,#8423,#8431));
#8329 = ORIENTED_EDGE('',*,*,#8313,.F.);
#8330 = ORIENTED_EDGE('',*,*,#7634,.T.);
#8331 = ORIENTED_EDGE('',*,*,#8003,.F.);
#8332 = ORIENTED_EDGE('',*,*,#8333,.T.);
#8333 = EDGE_CURVE('',#8004,#8334,#8336,.T.);
#8334 = VERTEX_POINT('',#8335);
#8335 = CARTESIAN_POINT('',(6.4,42.65,12.6));
#8336 = LINE('',#8337,#8338);
#8337 = CARTESIAN_POINT('',(6.4,41.05,12.6));
#8338 = VECTOR('',#8339,1.);
#8339 = DIRECTION('',(0.,1.,0.));
#8340 = ORIENTED_EDGE('',*,*,#8341,.T.);
#8341 = EDGE_CURVE('',#8334,#8342,#8344,.T.);
#8342 = VERTEX_POINT('',#8343);
#8343 = CARTESIAN_POINT('',(5.8,42.65,12.6));
#8344 = LINE('',#8345,#8346);
#8345 = CARTESIAN_POINT('',(5.85,42.65,12.6));
#8346 = VECTOR('',#8347,1.);
#8347 = DIRECTION('',(-1.,0.,0.));
#8348 = ORIENTED_EDGE('',*,*,#8349,.T.);
#8349 = EDGE_CURVE('',#8342,#8350,#8352,.T.);
#8350 = VERTEX_POINT('',#8351);
#8351 = CARTESIAN_POINT('',(5.8,45.2,12.6));
#8352 = LINE('',#8353,#8354);
#8353 = CARTESIAN_POINT('',(5.8,40.4,12.6));
#8354 = VECTOR('',#8355,1.);
#8355 = DIRECTION('',(0.,1.,0.));
#8356 = ORIENTED_EDGE('',*,*,#8357,.F.);
#8357 = EDGE_CURVE('',#8358,#8350,#8360,.T.);
#8358 = VERTEX_POINT('',#8359);
#8359 = CARTESIAN_POINT('',(6.8,46.2,12.6));
#8360 = CIRCLE('',#8361,1.);
#8361 = AXIS2_PLACEMENT_3D('',#8362,#8363,#8364);
#8362 = CARTESIAN_POINT('',(6.8,45.2,12.6));
#8363 = DIRECTION('',(0.,0.,1.));
#8364 = DIRECTION('',(1.,0.,0.));
#8365 = ORIENTED_EDGE('',*,*,#8366,.T.);
#8366 = EDGE_CURVE('',#8358,#8367,#8369,.T.);
#8367 = VERTEX_POINT('',#8368);
#8368 = CARTESIAN_POINT('',(21.6,46.2,12.6));
#8369 = LINE('',#8370,#8371);
#8370 = CARTESIAN_POINT('',(6.8,46.2,12.6));
#8371 = VECTOR('',#8372,1.);
#8372 = DIRECTION('',(1.,0.,0.));
#8373 = ORIENTED_EDGE('',*,*,#8374,.F.);
#8374 = EDGE_CURVE('',#8375,#8367,#8377,.T.);
#8375 = VERTEX_POINT('',#8376);
#8376 = CARTESIAN_POINT('',(22.6,45.2,12.6));
#8377 = CIRCLE('',#8378,1.);
#8378 = AXIS2_PLACEMENT_3D('',#8379,#8380,#8381);
#8379 = CARTESIAN_POINT('',(21.6,45.2,12.6));
#8380 = DIRECTION('',(0.,0.,1.));
#8381 = DIRECTION('',(1.,0.,0.));
#8382 = ORIENTED_EDGE('',*,*,#8383,.F.);
#8383 = EDGE_CURVE('',#8384,#8375,#8386,.T.);
#8384 = VERTEX_POINT('',#8385);
#8385 = CARTESIAN_POINT('',(22.6,42.65,12.6));
#8386 = LINE('',#8387,#8388);
#8387 = CARTESIAN_POINT('',(22.6,40.4,12.6));
#8388 = VECTOR('',#8389,1.);
#8389 = DIRECTION('',(0.,1.,0.));
#8390 = ORIENTED_EDGE('',*,*,#8391,.T.);
#8391 = EDGE_CURVE('',#8384,#8392,#8394,.T.);
#8392 = VERTEX_POINT('',#8393);
#8393 = CARTESIAN_POINT('',(22.,42.65,12.6));
#8394 = LINE('',#8395,#8396);
#8395 = CARTESIAN_POINT('',(5.85,42.65,12.6));
#8396 = VECTOR('',#8397,1.);
#8397 = DIRECTION('',(-1.,0.,0.));
#8398 = ORIENTED_EDGE('',*,*,#8399,.F.);
#8399 = EDGE_CURVE('',#8036,#8392,#8400,.T.);
#8400 = LINE('',#8401,#8402);
#8401 = CARTESIAN_POINT('',(22.,41.05,12.6));
#8402 = VECTOR('',#8403,1.);
#8403 = DIRECTION('',(0.,1.,0.));
#8404 = ORIENTED_EDGE('',*,*,#8043,.F.);
#8405 = ORIENTED_EDGE('',*,*,#7714,.F.);
#8406 = ORIENTED_EDGE('',*,*,#8407,.F.);
#8407 = EDGE_CURVE('',#8408,#7707,#8410,.T.);
#8408 = VERTEX_POINT('',#8409);
#8409 = CARTESIAN_POINT('',(21.8,39.420204102887,12.6));
#8410 = CIRCLE('',#8411,1.);
#8411 = AXIS2_PLACEMENT_3D('',#8412,#8413,#8414);
#8412 = CARTESIAN_POINT('',(21.6,40.4,12.6));
#8413 = DIRECTION('',(0.,0.,1.));
#8414 = DIRECTION('',(1.,0.,0.));
#8415 = ORIENTED_EDGE('',*,*,#8416,.F.);
#8416 = EDGE_CURVE('',#8417,#8408,#8419,.T.);
#8417 = VERTEX_POINT('',#8418);
#8418 = CARTESIAN_POINT('',(21.8,45.4,12.6));
#8419 = LINE('',#8420,#8421);
#8420 = CARTESIAN_POINT('',(21.8,41.05,12.6));
#8421 = VECTOR('',#8422,1.);
#8422 = DIRECTION('',(0.,-1.,0.));
#8423 = ORIENTED_EDGE('',*,*,#8424,.F.);
#8424 = EDGE_CURVE('',#8425,#8417,#8427,.T.);
#8425 = VERTEX_POINT('',#8426);
#8426 = CARTESIAN_POINT('',(6.6,45.4,12.6));
#8427 = LINE('',#8428,#8429);
#8428 = CARTESIAN_POINT('',(10.4,45.4,12.6));
#8429 = VECTOR('',#8430,1.);
#8430 = DIRECTION('',(1.,0.,0.));
#8431 = ORIENTED_EDGE('',*,*,#8432,.T.);
#8432 = EDGE_CURVE('',#8425,#8306,#8433,.T.);
#8433 = LINE('',#8434,#8435);
#8434 = CARTESIAN_POINT('',(6.6,41.05,12.6));
#8435 = VECTOR('',#8436,1.);
#8436 = DIRECTION('',(0.,-1.,0.));
#8437 = PLANE('',#8438);
#8438 = AXIS2_PLACEMENT_3D('',#8439,#8440,#8441);
#8439 = CARTESIAN_POINT('',(14.2,42.8,12.6));
#8440 = DIRECTION('',(-0.,-0.,-1.));
#8441 = DIRECTION('',(-1.,0.,0.));
#8442 = ADVANCED_FACE('',(#8443),#8471,.T.);
#8443 = FACE_BOUND('',#8444,.F.);
#8444 = EDGE_LOOP('',(#8445,#8446,#8447,#8455,#8464,#8470));
#8445 = ORIENTED_EDGE('',*,*,#7706,.F.);
#8446 = ORIENTED_EDGE('',*,*,#8407,.F.);
#8447 = ORIENTED_EDGE('',*,*,#8448,.F.);
#8448 = EDGE_CURVE('',#8449,#8408,#8451,.T.);
#8449 = VERTEX_POINT('',#8450);
#8450 = CARTESIAN_POINT('',(21.8,39.420204102886,16.8));
#8451 = LINE('',#8452,#8453);
#8452 = CARTESIAN_POINT('',(21.8,39.420204102887,12.6));
#8453 = VECTOR('',#8454,1.);
#8454 = DIRECTION('',(-0.,-0.,-1.));
#8455 = ORIENTED_EDGE('',*,*,#8456,.T.);
#8456 = EDGE_CURVE('',#8449,#8457,#8459,.T.);
#8457 = VERTEX_POINT('',#8458);
#8458 = CARTESIAN_POINT('',(21.6,39.4,16.8));
#8459 = CIRCLE('',#8460,1.);
#8460 = AXIS2_PLACEMENT_3D('',#8461,#8462,#8463);
#8461 = CARTESIAN_POINT('',(21.6,40.4,16.8));
#8462 = DIRECTION('',(0.,0.,-1.));
#8463 = DIRECTION('',(1.,0.,0.));
#8464 = ORIENTED_EDGE('',*,*,#8465,.T.);
#8465 = EDGE_CURVE('',#8457,#7675,#8466,.T.);
#8466 = LINE('',#8467,#8468);
#8467 = CARTESIAN_POINT('',(21.6,39.4,12.6));
#8468 = VECTOR('',#8469,1.);
#8469 = DIRECTION('',(0.,0.,1.));
#8470 = ORIENTED_EDGE('',*,*,#7682,.T.);
#8471 = CYLINDRICAL_SURFACE('',#8472,1.);
#8472 = AXIS2_PLACEMENT_3D('',#8473,#8474,#8475);
#8473 = CARTESIAN_POINT('',(21.6,40.4,12.6));
#8474 = DIRECTION('',(-0.,-0.,-1.));
#8475 = DIRECTION('',(1.,0.,0.));
#8476 = ADVANCED_FACE('',(#8477),#8488,.F.);
#8477 = FACE_BOUND('',#8478,.F.);
#8478 = EDGE_LOOP('',(#8479,#8485,#8486,#8487));
#8479 = ORIENTED_EDGE('',*,*,#8480,.F.);
#8480 = EDGE_CURVE('',#8289,#8457,#8481,.T.);
#8481 = LINE('',#8482,#8483);
#8482 = CARTESIAN_POINT('',(6.7,39.4,16.8));
#8483 = VECTOR('',#8484,1.);
#8484 = DIRECTION('',(1.,0.,0.));
#8485 = ORIENTED_EDGE('',*,*,#8288,.T.);
#8486 = ORIENTED_EDGE('',*,*,#7674,.T.);
#8487 = ORIENTED_EDGE('',*,*,#8465,.F.);
#8488 = PLANE('',#8489);
#8489 = AXIS2_PLACEMENT_3D('',#8490,#8491,#8492);
#8490 = CARTESIAN_POINT('',(6.8,39.4,12.6));
#8491 = DIRECTION('',(0.,1.,0.));
#8492 = DIRECTION('',(0.,0.,1.));
#8493 = ADVANCED_FACE('',(#8494),#8519,.F.);
#8494 = FACE_BOUND('',#8495,.F.);
#8495 = EDGE_LOOP('',(#8496,#8502,#8503,#8511,#8517,#8518));
#8496 = ORIENTED_EDGE('',*,*,#8497,.T.);
#8497 = EDGE_CURVE('',#8258,#8342,#8498,.T.);
#8498 = LINE('',#8499,#8500);
#8499 = CARTESIAN_POINT('',(5.8,42.65,12.05));
#8500 = VECTOR('',#8501,1.);
#8501 = DIRECTION('',(0.,0.,-1.));
#8502 = ORIENTED_EDGE('',*,*,#8349,.T.);
#8503 = ORIENTED_EDGE('',*,*,#8504,.T.);
#8504 = EDGE_CURVE('',#8350,#8505,#8507,.T.);
#8505 = VERTEX_POINT('',#8506);
#8506 = CARTESIAN_POINT('',(5.8,45.2,17.6));
#8507 = LINE('',#8508,#8509);
#8508 = CARTESIAN_POINT('',(5.8,45.2,12.6));
#8509 = VECTOR('',#8510,1.);
#8510 = DIRECTION('',(0.,0.,1.));
#8511 = ORIENTED_EDGE('',*,*,#8512,.F.);
#8512 = EDGE_CURVE('',#7879,#8505,#8513,.T.);
#8513 = LINE('',#8514,#8515);
#8514 = CARTESIAN_POINT('',(5.8,40.4,17.6));
#8515 = VECTOR('',#8516,1.);
#8516 = DIRECTION('',(0.,1.,0.));
#8517 = ORIENTED_EDGE('',*,*,#7886,.T.);
#8518 = ORIENTED_EDGE('',*,*,#8257,.T.);
#8519 = PLANE('',#8520);
#8520 = AXIS2_PLACEMENT_3D('',#8521,#8522,#8523);
#8521 = CARTESIAN_POINT('',(5.8,40.4,12.6));
#8522 = DIRECTION('',(1.,0.,0.));
#8523 = DIRECTION('',(0.,0.,1.));
#8524 = ADVANCED_FACE('',(#8525),#8561,.T.);
#8525 = FACE_BOUND('',#8526,.T.);
#8526 = EDGE_LOOP('',(#8527,#8528,#8529,#8537,#8546,#8554));
#8527 = ORIENTED_EDGE('',*,*,#8512,.F.);
#8528 = ORIENTED_EDGE('',*,*,#7878,.T.);
#8529 = ORIENTED_EDGE('',*,*,#8530,.T.);
#8530 = EDGE_CURVE('',#7871,#8531,#8533,.T.);
#8531 = VERTEX_POINT('',#8532);
#8532 = CARTESIAN_POINT('',(22.6,45.2,17.6));
#8533 = LINE('',#8534,#8535);
#8534 = CARTESIAN_POINT('',(22.6,40.4,17.6));
#8535 = VECTOR('',#8536,1.);
#8536 = DIRECTION('',(0.,1.,0.));
#8537 = ORIENTED_EDGE('',*,*,#8538,.T.);
#8538 = EDGE_CURVE('',#8531,#8539,#8541,.T.);
#8539 = VERTEX_POINT('',#8540);
#8540 = CARTESIAN_POINT('',(21.6,46.2,17.6));
#8541 = CIRCLE('',#8542,1.);
#8542 = AXIS2_PLACEMENT_3D('',#8543,#8544,#8545);
#8543 = CARTESIAN_POINT('',(21.6,45.2,17.6));
#8544 = DIRECTION('',(0.,0.,1.));
#8545 = DIRECTION('',(1.,0.,0.));
#8546 = ORIENTED_EDGE('',*,*,#8547,.F.);
#8547 = EDGE_CURVE('',#8548,#8539,#8550,.T.);
#8548 = VERTEX_POINT('',#8549);
#8549 = CARTESIAN_POINT('',(6.8,46.2,17.6));
#8550 = LINE('',#8551,#8552);
#8551 = CARTESIAN_POINT('',(6.8,46.2,17.6));
#8552 = VECTOR('',#8553,1.);
#8553 = DIRECTION('',(1.,0.,0.));
#8554 = ORIENTED_EDGE('',*,*,#8555,.T.);
#8555 = EDGE_CURVE('',#8548,#8505,#8556,.T.);
#8556 = CIRCLE('',#8557,1.);
#8557 = AXIS2_PLACEMENT_3D('',#8558,#8559,#8560);
#8558 = CARTESIAN_POINT('',(6.8,45.2,17.6));
#8559 = DIRECTION('',(0.,0.,1.));
#8560 = DIRECTION('',(1.,0.,0.));
#8561 = PLANE('',#8562);
#8562 = AXIS2_PLACEMENT_3D('',#8563,#8564,#8565);
#8563 = CARTESIAN_POINT('',(14.2,42.8,17.6));
#8564 = DIRECTION('',(0.,0.,1.));
#8565 = DIRECTION('',(1.,0.,0.));
#8566 = ADVANCED_FACE('',(#8567),#8585,.T.);
#8567 = FACE_BOUND('',#8568,.T.);
#8568 = EDGE_LOOP('',(#8569,#8575,#8576,#8582,#8583,#8584));
#8569 = ORIENTED_EDGE('',*,*,#8570,.T.);
#8570 = EDGE_CURVE('',#8235,#8384,#8571,.T.);
#8571 = LINE('',#8572,#8573);
#8572 = CARTESIAN_POINT('',(22.6,42.65,12.05));
#8573 = VECTOR('',#8574,1.);
#8574 = DIRECTION('',(0.,0.,-1.));
#8575 = ORIENTED_EDGE('',*,*,#8383,.T.);
#8576 = ORIENTED_EDGE('',*,*,#8577,.T.);
#8577 = EDGE_CURVE('',#8375,#8531,#8578,.T.);
#8578 = LINE('',#8579,#8580);
#8579 = CARTESIAN_POINT('',(22.6,45.2,12.6));
#8580 = VECTOR('',#8581,1.);
#8581 = DIRECTION('',(0.,0.,1.));
#8582 = ORIENTED_EDGE('',*,*,#8530,.F.);
#8583 = ORIENTED_EDGE('',*,*,#7870,.T.);
#8584 = ORIENTED_EDGE('',*,*,#8242,.T.);
#8585 = PLANE('',#8586);
#8586 = AXIS2_PLACEMENT_3D('',#8587,#8588,#8589);
#8587 = CARTESIAN_POINT('',(22.6,40.4,12.6));
#8588 = DIRECTION('',(1.,0.,0.));
#8589 = DIRECTION('',(0.,0.,1.));
#8590 = ADVANCED_FACE('',(#8591),#8692,.F.);
#8591 = FACE_BOUND('',#8592,.F.);
#8592 = EDGE_LOOP('',(#8593,#8594,#8595,#8596,#8597,#8605,#8613,#8622,
    #8630,#8639,#8647,#8656,#8664,#8673,#8681,#8687,#8688,#8689,#8690,
    #8691));
#8593 = ORIENTED_EDGE('',*,*,#8164,.F.);
#8594 = ORIENTED_EDGE('',*,*,#7944,.T.);
#8595 = ORIENTED_EDGE('',*,*,#7967,.F.);
#8596 = ORIENTED_EDGE('',*,*,#7992,.T.);
#8597 = ORIENTED_EDGE('',*,*,#8598,.T.);
#8598 = EDGE_CURVE('',#7993,#8599,#8601,.T.);
#8599 = VERTEX_POINT('',#8600);
#8600 = CARTESIAN_POINT('',(6.4,41.5,11.58));
#8601 = LINE('',#8602,#8603);
#8602 = CARTESIAN_POINT('',(6.4,31.15,11.58));
#8603 = VECTOR('',#8604,1.);
#8604 = DIRECTION('',(0.,-1.,0.));
#8605 = ORIENTED_EDGE('',*,*,#8606,.T.);
#8606 = EDGE_CURVE('',#8599,#8607,#8609,.T.);
#8607 = VERTEX_POINT('',#8608);
#8608 = CARTESIAN_POINT('',(-2.5,41.5,11.58));
#8609 = LINE('',#8610,#8611);
#8610 = CARTESIAN_POINT('',(4.,41.5,11.58));
#8611 = VECTOR('',#8612,1.);
#8612 = DIRECTION('',(-1.,0.,0.));
#8613 = ORIENTED_EDGE('',*,*,#8614,.F.);
#8614 = EDGE_CURVE('',#8615,#8607,#8617,.T.);
#8615 = VERTEX_POINT('',#8616);
#8616 = CARTESIAN_POINT('',(-5.5,38.5,11.58));
#8617 = CIRCLE('',#8618,3.);
#8618 = AXIS2_PLACEMENT_3D('',#8619,#8620,#8621);
#8619 = CARTESIAN_POINT('',(-2.5,38.5,11.58));
#8620 = DIRECTION('',(0.,0.,-1.));
#8621 = DIRECTION('',(1.,0.,0.));
#8622 = ORIENTED_EDGE('',*,*,#8623,.F.);
#8623 = EDGE_CURVE('',#8624,#8615,#8626,.T.);
#8624 = VERTEX_POINT('',#8625);
#8625 = CARTESIAN_POINT('',(-5.5,7.5,11.58));
#8626 = LINE('',#8627,#8628);
#8627 = CARTESIAN_POINT('',(-5.5,15.25,11.58));
#8628 = VECTOR('',#8629,1.);
#8629 = DIRECTION('',(0.,1.,0.));
#8630 = ORIENTED_EDGE('',*,*,#8631,.F.);
#8631 = EDGE_CURVE('',#8632,#8624,#8634,.T.);
#8632 = VERTEX_POINT('',#8633);
#8633 = CARTESIAN_POINT('',(-2.5,4.5,11.58));
#8634 = CIRCLE('',#8635,3.);
#8635 = AXIS2_PLACEMENT_3D('',#8636,#8637,#8638);
#8636 = CARTESIAN_POINT('',(-2.5,7.5,11.58));
#8637 = DIRECTION('',(0.,0.,-1.));
#8638 = DIRECTION('',(1.,0.,0.));
#8639 = ORIENTED_EDGE('',*,*,#8640,.F.);
#8640 = EDGE_CURVE('',#8641,#8632,#8643,.T.);
#8641 = VERTEX_POINT('',#8642);
#8642 = CARTESIAN_POINT('',(23.5,4.5,11.58));
#8643 = LINE('',#8644,#8645);
#8644 = CARTESIAN_POINT('',(4.,4.5,11.58));
#8645 = VECTOR('',#8646,1.);
#8646 = DIRECTION('',(-1.,0.,0.));
#8647 = ORIENTED_EDGE('',*,*,#8648,.F.);
#8648 = EDGE_CURVE('',#8649,#8641,#8651,.T.);
#8649 = VERTEX_POINT('',#8650);
#8650 = CARTESIAN_POINT('',(26.5,7.5,11.58));
#8651 = CIRCLE('',#8652,3.);
#8652 = AXIS2_PLACEMENT_3D('',#8653,#8654,#8655);
#8653 = CARTESIAN_POINT('',(23.5,7.5,11.58));
#8654 = DIRECTION('',(0.,0.,-1.));
#8655 = DIRECTION('',(1.,0.,0.));
#8656 = ORIENTED_EDGE('',*,*,#8657,.T.);
#8657 = EDGE_CURVE('',#8649,#8658,#8660,.T.);
#8658 = VERTEX_POINT('',#8659);
#8659 = CARTESIAN_POINT('',(26.5,38.5,11.58));
#8660 = LINE('',#8661,#8662);
#8661 = CARTESIAN_POINT('',(26.5,15.25,11.58));
#8662 = VECTOR('',#8663,1.);
#8663 = DIRECTION('',(0.,1.,0.));
#8664 = ORIENTED_EDGE('',*,*,#8665,.F.);
#8665 = EDGE_CURVE('',#8666,#8658,#8668,.T.);
#8666 = VERTEX_POINT('',#8667);
#8667 = CARTESIAN_POINT('',(23.5,41.5,11.58));
#8668 = CIRCLE('',#8669,3.);
#8669 = AXIS2_PLACEMENT_3D('',#8670,#8671,#8672);
#8670 = CARTESIAN_POINT('',(23.5,38.5,11.58));
#8671 = DIRECTION('',(0.,0.,-1.));
#8672 = DIRECTION('',(1.,0.,0.));
#8673 = ORIENTED_EDGE('',*,*,#8674,.T.);
#8674 = EDGE_CURVE('',#8666,#8675,#8677,.T.);
#8675 = VERTEX_POINT('',#8676);
#8676 = CARTESIAN_POINT('',(22.,41.5,11.58));
#8677 = LINE('',#8678,#8679);
#8678 = CARTESIAN_POINT('',(4.,41.5,11.58));
#8679 = VECTOR('',#8680,1.);
#8680 = DIRECTION('',(-1.,0.,0.));
#8681 = ORIENTED_EDGE('',*,*,#8682,.F.);
#8682 = EDGE_CURVE('',#8026,#8675,#8683,.T.);
#8683 = LINE('',#8684,#8685);
#8684 = CARTESIAN_POINT('',(22.,31.15,11.58));
#8685 = VECTOR('',#8686,1.);
#8686 = DIRECTION('',(0.,-1.,0.));
#8687 = ORIENTED_EDGE('',*,*,#8025,.T.);
#8688 = ORIENTED_EDGE('',*,*,#8065,.F.);
#8689 = ORIENTED_EDGE('',*,*,#8098,.F.);
#8690 = ORIENTED_EDGE('',*,*,#8115,.F.);
#8691 = ORIENTED_EDGE('',*,*,#8139,.F.);
#8692 = PLANE('',#8693);
#8693 = AXIS2_PLACEMENT_3D('',#8694,#8695,#8696);
#8694 = CARTESIAN_POINT('',(10.5,23.,11.58));
#8695 = DIRECTION('',(-0.,-0.,-1.));
#8696 = DIRECTION('',(-1.,0.,0.));
#8697 = ADVANCED_FACE('',(#8698),#8741,.T.);
#8698 = FACE_BOUND('',#8699,.T.);
#8699 = EDGE_LOOP('',(#8700,#8701,#8702,#8703,#8711,#8719,#8727,#8735));
#8700 = ORIENTED_EDGE('',*,*,#8333,.F.);
#8701 = ORIENTED_EDGE('',*,*,#8011,.T.);
#8702 = ORIENTED_EDGE('',*,*,#8598,.T.);
#8703 = ORIENTED_EDGE('',*,*,#8704,.T.);
#8704 = EDGE_CURVE('',#8599,#8705,#8707,.T.);
#8705 = VERTEX_POINT('',#8706);
#8706 = CARTESIAN_POINT('',(6.4,41.5,10.5));
#8707 = LINE('',#8708,#8709);
#8708 = CARTESIAN_POINT('',(6.4,41.5,10.4));
#8709 = VECTOR('',#8710,1.);
#8710 = DIRECTION('',(0.,0.,-1.));
#8711 = ORIENTED_EDGE('',*,*,#8712,.F.);
#8712 = EDGE_CURVE('',#8713,#8705,#8715,.T.);
#8713 = VERTEX_POINT('',#8714);
#8714 = CARTESIAN_POINT('',(6.4,42.3,10.5));
#8715 = LINE('',#8716,#8717);
#8716 = CARTESIAN_POINT('',(6.4,31.15,10.5));
#8717 = VECTOR('',#8718,1.);
#8718 = DIRECTION('',(0.,-1.,0.));
#8719 = ORIENTED_EDGE('',*,*,#8720,.F.);
#8720 = EDGE_CURVE('',#8721,#8713,#8723,.T.);
#8721 = VERTEX_POINT('',#8722);
#8722 = CARTESIAN_POINT('',(6.4,42.3,11.5));
#8723 = LINE('',#8724,#8725);
#8724 = CARTESIAN_POINT('',(6.4,42.3,10.45));
#8725 = VECTOR('',#8726,1.);
#8726 = DIRECTION('',(0.,0.,-1.));
#8727 = ORIENTED_EDGE('',*,*,#8728,.F.);
#8728 = EDGE_CURVE('',#8729,#8721,#8731,.T.);
#8729 = VERTEX_POINT('',#8730);
#8730 = CARTESIAN_POINT('',(6.4,42.65,11.5));
#8731 = LINE('',#8732,#8733);
#8732 = CARTESIAN_POINT('',(6.4,31.15,11.5));
#8733 = VECTOR('',#8734,1.);
#8734 = DIRECTION('',(0.,-1.,0.));
#8735 = ORIENTED_EDGE('',*,*,#8736,.F.);
#8736 = EDGE_CURVE('',#8334,#8729,#8737,.T.);
#8737 = LINE('',#8738,#8739);
#8738 = CARTESIAN_POINT('',(6.4,42.65,10.95));
#8739 = VECTOR('',#8740,1.);
#8740 = DIRECTION('',(0.,0.,-1.));
#8741 = PLANE('',#8742);
#8742 = AXIS2_PLACEMENT_3D('',#8743,#8744,#8745);
#8743 = CARTESIAN_POINT('',(6.4,39.3,10.4));
#8744 = DIRECTION('',(1.,0.,0.));
#8745 = DIRECTION('',(0.,0.,1.));
#8746 = ADVANCED_FACE('',(#8747),#8790,.F.);
#8747 = FACE_BOUND('',#8748,.F.);
#8748 = EDGE_LOOP('',(#8749,#8750,#8751,#8752,#8760,#8768,#8776,#8784));
#8749 = ORIENTED_EDGE('',*,*,#8399,.F.);
#8750 = ORIENTED_EDGE('',*,*,#8035,.T.);
#8751 = ORIENTED_EDGE('',*,*,#8682,.T.);
#8752 = ORIENTED_EDGE('',*,*,#8753,.T.);
#8753 = EDGE_CURVE('',#8675,#8754,#8756,.T.);
#8754 = VERTEX_POINT('',#8755);
#8755 = CARTESIAN_POINT('',(22.,41.5,10.5));
#8756 = LINE('',#8757,#8758);
#8757 = CARTESIAN_POINT('',(22.,41.5,10.4));
#8758 = VECTOR('',#8759,1.);
#8759 = DIRECTION('',(0.,0.,-1.));
#8760 = ORIENTED_EDGE('',*,*,#8761,.F.);
#8761 = EDGE_CURVE('',#8762,#8754,#8764,.T.);
#8762 = VERTEX_POINT('',#8763);
#8763 = CARTESIAN_POINT('',(22.,42.3,10.5));
#8764 = LINE('',#8765,#8766);
#8765 = CARTESIAN_POINT('',(22.,31.15,10.5));
#8766 = VECTOR('',#8767,1.);
#8767 = DIRECTION('',(0.,-1.,0.));
#8768 = ORIENTED_EDGE('',*,*,#8769,.F.);
#8769 = EDGE_CURVE('',#8770,#8762,#8772,.T.);
#8770 = VERTEX_POINT('',#8771);
#8771 = CARTESIAN_POINT('',(22.,42.3,11.5));
#8772 = LINE('',#8773,#8774);
#8773 = CARTESIAN_POINT('',(22.,42.3,10.45));
#8774 = VECTOR('',#8775,1.);
#8775 = DIRECTION('',(0.,0.,-1.));
#8776 = ORIENTED_EDGE('',*,*,#8777,.F.);
#8777 = EDGE_CURVE('',#8778,#8770,#8780,.T.);
#8778 = VERTEX_POINT('',#8779);
#8779 = CARTESIAN_POINT('',(22.,42.65,11.5));
#8780 = LINE('',#8781,#8782);
#8781 = CARTESIAN_POINT('',(22.,31.15,11.5));
#8782 = VECTOR('',#8783,1.);
#8783 = DIRECTION('',(0.,-1.,0.));
#8784 = ORIENTED_EDGE('',*,*,#8785,.F.);
#8785 = EDGE_CURVE('',#8392,#8778,#8786,.T.);
#8786 = LINE('',#8787,#8788);
#8787 = CARTESIAN_POINT('',(22.,42.65,10.95));
#8788 = VECTOR('',#8789,1.);
#8789 = DIRECTION('',(0.,0.,-1.));
#8790 = PLANE('',#8791);
#8791 = AXIS2_PLACEMENT_3D('',#8792,#8793,#8794);
#8792 = CARTESIAN_POINT('',(22.,39.3,10.4));
#8793 = DIRECTION('',(1.,0.,0.));
#8794 = DIRECTION('',(0.,0.,1.));
#8795 = ADVANCED_FACE('',(#8796),#8821,.F.);
#8796 = FACE_BOUND('',#8797,.F.);
#8797 = EDGE_LOOP('',(#8798,#8806,#8814,#8820));
#8798 = ORIENTED_EDGE('',*,*,#8799,.F.);
#8799 = EDGE_CURVE('',#8800,#8182,#8802,.T.);
#8800 = VERTEX_POINT('',#8801);
#8801 = CARTESIAN_POINT('',(-6.65,7.5,11.5));
#8802 = LINE('',#8803,#8804);
#8803 = CARTESIAN_POINT('',(-6.65,7.5,11.5));
#8804 = VECTOR('',#8805,1.);
#8805 = DIRECTION('',(0.,0.,1.));
#8806 = ORIENTED_EDGE('',*,*,#8807,.T.);
#8807 = EDGE_CURVE('',#8800,#8808,#8810,.T.);
#8808 = VERTEX_POINT('',#8809);
#8809 = CARTESIAN_POINT('',(-6.65,38.5,11.5));
#8810 = LINE('',#8811,#8812);
#8811 = CARTESIAN_POINT('',(-6.65,7.5,11.5));
#8812 = VECTOR('',#8813,1.);
#8813 = DIRECTION('',(0.,1.,0.));
#8814 = ORIENTED_EDGE('',*,*,#8815,.T.);
#8815 = EDGE_CURVE('',#8808,#8184,#8816,.T.);
#8816 = LINE('',#8817,#8818);
#8817 = CARTESIAN_POINT('',(-6.65,38.5,11.5));
#8818 = VECTOR('',#8819,1.);
#8819 = DIRECTION('',(0.,0.,1.));
#8820 = ORIENTED_EDGE('',*,*,#8181,.F.);
#8821 = PLANE('',#8822);
#8822 = AXIS2_PLACEMENT_3D('',#8823,#8824,#8825);
#8823 = CARTESIAN_POINT('',(-6.65,7.5,11.5));
#8824 = DIRECTION('',(1.,0.,0.));
#8825 = DIRECTION('',(0.,0.,1.));
#8826 = ADVANCED_FACE('',(#8827),#8846,.T.);
#8827 = FACE_BOUND('',#8828,.F.);
#8828 = EDGE_LOOP('',(#8829,#8838,#8844,#8845));
#8829 = ORIENTED_EDGE('',*,*,#8830,.F.);
#8830 = EDGE_CURVE('',#8831,#8808,#8833,.T.);
#8831 = VERTEX_POINT('',#8832);
#8832 = CARTESIAN_POINT('',(-2.5,42.65,11.5));
#8833 = CIRCLE('',#8834,4.15);
#8834 = AXIS2_PLACEMENT_3D('',#8835,#8836,#8837);
#8835 = CARTESIAN_POINT('',(-2.5,38.5,11.5));
#8836 = DIRECTION('',(0.,0.,1.));
#8837 = DIRECTION('',(1.,0.,0.));
#8838 = ORIENTED_EDGE('',*,*,#8839,.T.);
#8839 = EDGE_CURVE('',#8831,#8266,#8840,.T.);
#8840 = LINE('',#8841,#8842);
#8841 = CARTESIAN_POINT('',(-2.5,42.65,11.5));
#8842 = VECTOR('',#8843,1.);
#8843 = DIRECTION('',(0.,0.,1.));
#8844 = ORIENTED_EDGE('',*,*,#8273,.T.);
#8845 = ORIENTED_EDGE('',*,*,#8815,.F.);
#8846 = CYLINDRICAL_SURFACE('',#8847,4.15);
#8847 = AXIS2_PLACEMENT_3D('',#8848,#8849,#8850);
#8848 = CARTESIAN_POINT('',(-2.5,38.5,11.5));
#8849 = DIRECTION('',(-0.,-0.,-1.));
#8850 = DIRECTION('',(1.,0.,0.));
#8851 = ADVANCED_FACE('',(#8852),#8865,.T.);
#8852 = FACE_BOUND('',#8853,.T.);
#8853 = EDGE_LOOP('',(#8854,#8860,#8861,#8862,#8863,#8864));
#8854 = ORIENTED_EDGE('',*,*,#8855,.F.);
#8855 = EDGE_CURVE('',#8831,#8729,#8856,.T.);
#8856 = LINE('',#8857,#8858);
#8857 = CARTESIAN_POINT('',(-2.5,42.65,11.5));
#8858 = VECTOR('',#8859,1.);
#8859 = DIRECTION('',(1.,0.,0.));
#8860 = ORIENTED_EDGE('',*,*,#8839,.T.);
#8861 = ORIENTED_EDGE('',*,*,#8265,.T.);
#8862 = ORIENTED_EDGE('',*,*,#8497,.T.);
#8863 = ORIENTED_EDGE('',*,*,#8341,.F.);
#8864 = ORIENTED_EDGE('',*,*,#8736,.T.);
#8865 = PLANE('',#8866);
#8866 = AXIS2_PLACEMENT_3D('',#8867,#8868,#8869);
#8867 = CARTESIAN_POINT('',(-2.5,42.65,11.5));
#8868 = DIRECTION('',(0.,1.,0.));
#8869 = DIRECTION('',(0.,0.,1.));
#8870 = ADVANCED_FACE('',(#8871),#8891,.T.);
#8871 = FACE_BOUND('',#8872,.T.);
#8872 = EDGE_LOOP('',(#8873,#8881,#8882,#8883,#8884,#8885));
#8873 = ORIENTED_EDGE('',*,*,#8874,.F.);
#8874 = EDGE_CURVE('',#8778,#8875,#8877,.T.);
#8875 = VERTEX_POINT('',#8876);
#8876 = CARTESIAN_POINT('',(23.5,42.65,11.5));
#8877 = LINE('',#8878,#8879);
#8878 = CARTESIAN_POINT('',(-2.5,42.65,11.5));
#8879 = VECTOR('',#8880,1.);
#8880 = DIRECTION('',(1.,0.,0.));
#8881 = ORIENTED_EDGE('',*,*,#8785,.F.);
#8882 = ORIENTED_EDGE('',*,*,#8391,.F.);
#8883 = ORIENTED_EDGE('',*,*,#8570,.F.);
#8884 = ORIENTED_EDGE('',*,*,#8234,.T.);
#8885 = ORIENTED_EDGE('',*,*,#8886,.F.);
#8886 = EDGE_CURVE('',#8875,#8226,#8887,.T.);
#8887 = LINE('',#8888,#8889);
#8888 = CARTESIAN_POINT('',(23.5,42.65,11.5));
#8889 = VECTOR('',#8890,1.);
#8890 = DIRECTION('',(0.,0.,1.));
#8891 = PLANE('',#8892);
#8892 = AXIS2_PLACEMENT_3D('',#8893,#8894,#8895);
#8893 = CARTESIAN_POINT('',(-2.5,42.65,11.5));
#8894 = DIRECTION('',(0.,1.,0.));
#8895 = DIRECTION('',(0.,0.,1.));
#8896 = ADVANCED_FACE('',(#8897),#8916,.T.);
#8897 = FACE_BOUND('',#8898,.F.);
#8898 = EDGE_LOOP('',(#8899,#8908,#8914,#8915));
#8899 = ORIENTED_EDGE('',*,*,#8900,.F.);
#8900 = EDGE_CURVE('',#8901,#8875,#8903,.T.);
#8901 = VERTEX_POINT('',#8902);
#8902 = CARTESIAN_POINT('',(27.65,38.5,11.5));
#8903 = CIRCLE('',#8904,4.15);
#8904 = AXIS2_PLACEMENT_3D('',#8905,#8906,#8907);
#8905 = CARTESIAN_POINT('',(23.5,38.5,11.5));
#8906 = DIRECTION('',(0.,0.,1.));
#8907 = DIRECTION('',(1.,0.,0.));
#8908 = ORIENTED_EDGE('',*,*,#8909,.T.);
#8909 = EDGE_CURVE('',#8901,#8218,#8910,.T.);
#8910 = LINE('',#8911,#8912);
#8911 = CARTESIAN_POINT('',(27.65,38.5,11.5));
#8912 = VECTOR('',#8913,1.);
#8913 = DIRECTION('',(0.,0.,1.));
#8914 = ORIENTED_EDGE('',*,*,#8225,.T.);
#8915 = ORIENTED_EDGE('',*,*,#8886,.F.);
#8916 = CYLINDRICAL_SURFACE('',#8917,4.15);
#8917 = AXIS2_PLACEMENT_3D('',#8918,#8919,#8920);
#8918 = CARTESIAN_POINT('',(23.5,38.5,11.5));
#8919 = DIRECTION('',(-0.,-0.,-1.));
#8920 = DIRECTION('',(1.,0.,0.));
#8921 = ADVANCED_FACE('',(#8922),#8940,.T.);
#8922 = FACE_BOUND('',#8923,.T.);
#8923 = EDGE_LOOP('',(#8924,#8932,#8938,#8939));
#8924 = ORIENTED_EDGE('',*,*,#8925,.F.);
#8925 = EDGE_CURVE('',#8926,#8209,#8928,.T.);
#8926 = VERTEX_POINT('',#8927);
#8927 = CARTESIAN_POINT('',(27.65,7.5,11.5));
#8928 = LINE('',#8929,#8930);
#8929 = CARTESIAN_POINT('',(27.65,7.5,11.5));
#8930 = VECTOR('',#8931,1.);
#8931 = DIRECTION('',(0.,0.,1.));
#8932 = ORIENTED_EDGE('',*,*,#8933,.T.);
#8933 = EDGE_CURVE('',#8926,#8901,#8934,.T.);
#8934 = LINE('',#8935,#8936);
#8935 = CARTESIAN_POINT('',(27.65,7.5,11.5));
#8936 = VECTOR('',#8937,1.);
#8937 = DIRECTION('',(0.,1.,0.));
#8938 = ORIENTED_EDGE('',*,*,#8909,.T.);
#8939 = ORIENTED_EDGE('',*,*,#8217,.F.);
#8940 = PLANE('',#8941);
#8941 = AXIS2_PLACEMENT_3D('',#8942,#8943,#8944);
#8942 = CARTESIAN_POINT('',(27.65,7.5,11.5));
#8943 = DIRECTION('',(1.,0.,0.));
#8944 = DIRECTION('',(0.,0.,1.));
#8945 = ADVANCED_FACE('',(#8946),#8965,.T.);
#8946 = FACE_BOUND('',#8947,.F.);
#8947 = EDGE_LOOP('',(#8948,#8949,#8958,#8964));
#8948 = ORIENTED_EDGE('',*,*,#8925,.F.);
#8949 = ORIENTED_EDGE('',*,*,#8950,.F.);
#8950 = EDGE_CURVE('',#8951,#8926,#8953,.T.);
#8951 = VERTEX_POINT('',#8952);
#8952 = CARTESIAN_POINT('',(23.5,3.35,11.5));
#8953 = CIRCLE('',#8954,4.15);
#8954 = AXIS2_PLACEMENT_3D('',#8955,#8956,#8957);
#8955 = CARTESIAN_POINT('',(23.5,7.5,11.5));
#8956 = DIRECTION('',(0.,0.,1.));
#8957 = DIRECTION('',(1.,0.,0.));
#8958 = ORIENTED_EDGE('',*,*,#8959,.T.);
#8959 = EDGE_CURVE('',#8951,#8201,#8960,.T.);
#8960 = LINE('',#8961,#8962);
#8961 = CARTESIAN_POINT('',(23.5,3.35,11.5));
#8962 = VECTOR('',#8963,1.);
#8963 = DIRECTION('',(0.,0.,1.));
#8964 = ORIENTED_EDGE('',*,*,#8208,.T.);
#8965 = CYLINDRICAL_SURFACE('',#8966,4.15);
#8966 = AXIS2_PLACEMENT_3D('',#8967,#8968,#8969);
#8967 = CARTESIAN_POINT('',(23.5,7.5,11.5));
#8968 = DIRECTION('',(-0.,-0.,-1.));
#8969 = DIRECTION('',(1.,0.,0.));
#8970 = ADVANCED_FACE('',(#8971),#8989,.F.);
#8971 = FACE_BOUND('',#8972,.F.);
#8972 = EDGE_LOOP('',(#8973,#8981,#8987,#8988));
#8973 = ORIENTED_EDGE('',*,*,#8974,.F.);
#8974 = EDGE_CURVE('',#8975,#8951,#8977,.T.);
#8975 = VERTEX_POINT('',#8976);
#8976 = CARTESIAN_POINT('',(-2.5,3.35,11.5));
#8977 = LINE('',#8978,#8979);
#8978 = CARTESIAN_POINT('',(-2.5,3.35,11.5));
#8979 = VECTOR('',#8980,1.);
#8980 = DIRECTION('',(1.,0.,0.));
#8981 = ORIENTED_EDGE('',*,*,#8982,.T.);
#8982 = EDGE_CURVE('',#8975,#8192,#8983,.T.);
#8983 = LINE('',#8984,#8985);
#8984 = CARTESIAN_POINT('',(-2.5,3.35,11.5));
#8985 = VECTOR('',#8986,1.);
#8986 = DIRECTION('',(0.,0.,1.));
#8987 = ORIENTED_EDGE('',*,*,#8200,.T.);
#8988 = ORIENTED_EDGE('',*,*,#8959,.F.);
#8989 = PLANE('',#8990);
#8990 = AXIS2_PLACEMENT_3D('',#8991,#8992,#8993);
#8991 = CARTESIAN_POINT('',(-2.5,3.35,11.5));
#8992 = DIRECTION('',(0.,1.,0.));
#8993 = DIRECTION('',(0.,0.,1.));
#8994 = ADVANCED_FACE('',(#8995),#9007,.T.);
#8995 = FACE_BOUND('',#8996,.F.);
#8996 = EDGE_LOOP('',(#8997,#8998,#9005,#9006));
#8997 = ORIENTED_EDGE('',*,*,#8982,.F.);
#8998 = ORIENTED_EDGE('',*,*,#8999,.F.);
#8999 = EDGE_CURVE('',#8800,#8975,#9000,.T.);
#9000 = CIRCLE('',#9001,4.15);
#9001 = AXIS2_PLACEMENT_3D('',#9002,#9003,#9004);
#9002 = CARTESIAN_POINT('',(-2.5,7.5,11.5));
#9003 = DIRECTION('',(0.,0.,1.));
#9004 = DIRECTION('',(1.,0.,0.));
#9005 = ORIENTED_EDGE('',*,*,#8799,.T.);
#9006 = ORIENTED_EDGE('',*,*,#8191,.T.);
#9007 = CYLINDRICAL_SURFACE('',#9008,4.15);
#9008 = AXIS2_PLACEMENT_3D('',#9009,#9010,#9011);
#9009 = CARTESIAN_POINT('',(-2.5,7.5,11.5));
#9010 = DIRECTION('',(-0.,-0.,-1.));
#9011 = DIRECTION('',(1.,0.,0.));
#9012 = ADVANCED_FACE('',(#9013),#9031,.T.);
#9013 = FACE_BOUND('',#9014,.T.);
#9014 = EDGE_LOOP('',(#9015,#9023,#9024,#9025));
#9015 = ORIENTED_EDGE('',*,*,#9016,.F.);
#9016 = EDGE_CURVE('',#8297,#9017,#9019,.T.);
#9017 = VERTEX_POINT('',#9018);
#9018 = CARTESIAN_POINT('',(6.6,45.4,16.8));
#9019 = LINE('',#9020,#9021);
#9020 = CARTESIAN_POINT('',(6.6,39.3,16.8));
#9021 = VECTOR('',#9022,1.);
#9022 = DIRECTION('',(0.,1.,0.));
#9023 = ORIENTED_EDGE('',*,*,#8305,.T.);
#9024 = ORIENTED_EDGE('',*,*,#8432,.F.);
#9025 = ORIENTED_EDGE('',*,*,#9026,.T.);
#9026 = EDGE_CURVE('',#8425,#9017,#9027,.T.);
#9027 = LINE('',#9028,#9029);
#9028 = CARTESIAN_POINT('',(6.6,45.4,12.5));
#9029 = VECTOR('',#9030,1.);
#9030 = DIRECTION('',(0.,0.,1.));
#9031 = PLANE('',#9032);
#9032 = AXIS2_PLACEMENT_3D('',#9033,#9034,#9035);
#9033 = CARTESIAN_POINT('',(6.6,39.3,12.5));
#9034 = DIRECTION('',(1.,0.,0.));
#9035 = DIRECTION('',(0.,0.,1.));
#9036 = ADVANCED_FACE('',(#9037),#9057,.F.);
#9037 = FACE_BOUND('',#9038,.T.);
#9038 = EDGE_LOOP('',(#9039,#9040,#9048,#9054,#9055,#9056));
#9039 = ORIENTED_EDGE('',*,*,#9016,.T.);
#9040 = ORIENTED_EDGE('',*,*,#9041,.T.);
#9041 = EDGE_CURVE('',#9017,#9042,#9044,.T.);
#9042 = VERTEX_POINT('',#9043);
#9043 = CARTESIAN_POINT('',(21.8,45.4,16.8));
#9044 = LINE('',#9045,#9046);
#9045 = CARTESIAN_POINT('',(6.6,45.4,16.8));
#9046 = VECTOR('',#9047,1.);
#9047 = DIRECTION('',(1.,0.,0.));
#9048 = ORIENTED_EDGE('',*,*,#9049,.F.);
#9049 = EDGE_CURVE('',#8449,#9042,#9050,.T.);
#9050 = LINE('',#9051,#9052);
#9051 = CARTESIAN_POINT('',(21.8,39.3,16.8));
#9052 = VECTOR('',#9053,1.);
#9053 = DIRECTION('',(0.,1.,0.));
#9054 = ORIENTED_EDGE('',*,*,#8456,.T.);
#9055 = ORIENTED_EDGE('',*,*,#8480,.F.);
#9056 = ORIENTED_EDGE('',*,*,#8296,.T.);
#9057 = PLANE('',#9058);
#9058 = AXIS2_PLACEMENT_3D('',#9059,#9060,#9061);
#9059 = CARTESIAN_POINT('',(6.6,39.3,16.8));
#9060 = DIRECTION('',(0.,0.,1.));
#9061 = DIRECTION('',(1.,0.,0.));
#9062 = ADVANCED_FACE('',(#9063),#9074,.F.);
#9063 = FACE_BOUND('',#9064,.F.);
#9064 = EDGE_LOOP('',(#9065,#9071,#9072,#9073));
#9065 = ORIENTED_EDGE('',*,*,#9066,.F.);
#9066 = EDGE_CURVE('',#8417,#9042,#9067,.T.);
#9067 = LINE('',#9068,#9069);
#9068 = CARTESIAN_POINT('',(21.8,45.4,12.5));
#9069 = VECTOR('',#9070,1.);
#9070 = DIRECTION('',(0.,0.,1.));
#9071 = ORIENTED_EDGE('',*,*,#8424,.F.);
#9072 = ORIENTED_EDGE('',*,*,#9026,.T.);
#9073 = ORIENTED_EDGE('',*,*,#9041,.T.);
#9074 = PLANE('',#9075);
#9075 = AXIS2_PLACEMENT_3D('',#9076,#9077,#9078);
#9076 = CARTESIAN_POINT('',(6.6,45.4,12.5));
#9077 = DIRECTION('',(0.,1.,0.));
#9078 = DIRECTION('',(0.,0.,1.));
#9079 = ADVANCED_FACE('',(#9080),#9086,.F.);
#9080 = FACE_BOUND('',#9081,.F.);
#9081 = EDGE_LOOP('',(#9082,#9083,#9084,#9085));
#9082 = ORIENTED_EDGE('',*,*,#9049,.F.);
#9083 = ORIENTED_EDGE('',*,*,#8448,.T.);
#9084 = ORIENTED_EDGE('',*,*,#8416,.F.);
#9085 = ORIENTED_EDGE('',*,*,#9066,.T.);
#9086 = PLANE('',#9087);
#9087 = AXIS2_PLACEMENT_3D('',#9088,#9089,#9090);
#9088 = CARTESIAN_POINT('',(21.8,39.3,12.5));
#9089 = DIRECTION('',(1.,0.,0.));
#9090 = DIRECTION('',(0.,0.,1.));
#9091 = ADVANCED_FACE('',(#9092),#9103,.T.);
#9092 = FACE_BOUND('',#9093,.F.);
#9093 = EDGE_LOOP('',(#9094,#9095,#9096,#9097));
#9094 = ORIENTED_EDGE('',*,*,#8374,.F.);
#9095 = ORIENTED_EDGE('',*,*,#8577,.T.);
#9096 = ORIENTED_EDGE('',*,*,#8538,.T.);
#9097 = ORIENTED_EDGE('',*,*,#9098,.F.);
#9098 = EDGE_CURVE('',#8367,#8539,#9099,.T.);
#9099 = LINE('',#9100,#9101);
#9100 = CARTESIAN_POINT('',(21.6,46.2,12.6));
#9101 = VECTOR('',#9102,1.);
#9102 = DIRECTION('',(0.,0.,1.));
#9103 = CYLINDRICAL_SURFACE('',#9104,1.);
#9104 = AXIS2_PLACEMENT_3D('',#9105,#9106,#9107);
#9105 = CARTESIAN_POINT('',(21.6,45.2,12.6));
#9106 = DIRECTION('',(-0.,-0.,-1.));
#9107 = DIRECTION('',(1.,0.,0.));
#9108 = ADVANCED_FACE('',(#9109),#9120,.T.);
#9109 = FACE_BOUND('',#9110,.T.);
#9110 = EDGE_LOOP('',(#9111,#9112,#9118,#9119));
#9111 = ORIENTED_EDGE('',*,*,#8366,.F.);
#9112 = ORIENTED_EDGE('',*,*,#9113,.T.);
#9113 = EDGE_CURVE('',#8358,#8548,#9114,.T.);
#9114 = LINE('',#9115,#9116);
#9115 = CARTESIAN_POINT('',(6.8,46.2,12.6));
#9116 = VECTOR('',#9117,1.);
#9117 = DIRECTION('',(0.,0.,1.));
#9118 = ORIENTED_EDGE('',*,*,#8547,.T.);
#9119 = ORIENTED_EDGE('',*,*,#9098,.F.);
#9120 = PLANE('',#9121);
#9121 = AXIS2_PLACEMENT_3D('',#9122,#9123,#9124);
#9122 = CARTESIAN_POINT('',(6.8,46.2,12.6));
#9123 = DIRECTION('',(0.,1.,0.));
#9124 = DIRECTION('',(0.,0.,1.));
#9125 = ADVANCED_FACE('',(#9126),#9132,.T.);
#9126 = FACE_BOUND('',#9127,.F.);
#9127 = EDGE_LOOP('',(#9128,#9129,#9130,#9131));
#9128 = ORIENTED_EDGE('',*,*,#8357,.F.);
#9129 = ORIENTED_EDGE('',*,*,#9113,.T.);
#9130 = ORIENTED_EDGE('',*,*,#8555,.T.);
#9131 = ORIENTED_EDGE('',*,*,#8504,.F.);
#9132 = CYLINDRICAL_SURFACE('',#9133,1.);
#9133 = AXIS2_PLACEMENT_3D('',#9134,#9135,#9136);
#9134 = CARTESIAN_POINT('',(6.8,45.2,12.6));
#9135 = DIRECTION('',(-0.,-0.,-1.));
#9136 = DIRECTION('',(1.,0.,0.));
#9137 = ADVANCED_FACE('',(#9138),#9156,.F.);
#9138 = FACE_BOUND('',#9139,.F.);
#9139 = EDGE_LOOP('',(#9140,#9148,#9149,#9150));
#9140 = ORIENTED_EDGE('',*,*,#9141,.F.);
#9141 = EDGE_CURVE('',#8754,#9142,#9144,.T.);
#9142 = VERTEX_POINT('',#9143);
#9143 = CARTESIAN_POINT('',(23.5,41.5,10.5));
#9144 = LINE('',#9145,#9146);
#9145 = CARTESIAN_POINT('',(4.,41.5,10.5));
#9146 = VECTOR('',#9147,1.);
#9147 = DIRECTION('',(1.,0.,0.));
#9148 = ORIENTED_EDGE('',*,*,#8753,.F.);
#9149 = ORIENTED_EDGE('',*,*,#8674,.F.);
#9150 = ORIENTED_EDGE('',*,*,#9151,.F.);
#9151 = EDGE_CURVE('',#9142,#8666,#9152,.T.);
#9152 = LINE('',#9153,#9154);
#9153 = CARTESIAN_POINT('',(23.5,41.5,10.4));
#9154 = VECTOR('',#9155,1.);
#9155 = DIRECTION('',(0.,0.,1.));
#9156 = PLANE('',#9157);
#9157 = AXIS2_PLACEMENT_3D('',#9158,#9159,#9160);
#9158 = CARTESIAN_POINT('',(-2.5,41.5,10.4));
#9159 = DIRECTION('',(0.,1.,0.));
#9160 = DIRECTION('',(0.,0.,1.));
#9161 = ADVANCED_FACE('',(#9162),#9181,.F.);
#9162 = FACE_BOUND('',#9163,.T.);
#9163 = EDGE_LOOP('',(#9164,#9173,#9179,#9180));
#9164 = ORIENTED_EDGE('',*,*,#9165,.T.);
#9165 = EDGE_CURVE('',#9142,#9166,#9168,.T.);
#9166 = VERTEX_POINT('',#9167);
#9167 = CARTESIAN_POINT('',(26.5,38.5,10.5));
#9168 = CIRCLE('',#9169,3.);
#9169 = AXIS2_PLACEMENT_3D('',#9170,#9171,#9172);
#9170 = CARTESIAN_POINT('',(23.5,38.5,10.5));
#9171 = DIRECTION('',(0.,0.,-1.));
#9172 = DIRECTION('',(1.,0.,0.));
#9173 = ORIENTED_EDGE('',*,*,#9174,.T.);
#9174 = EDGE_CURVE('',#9166,#8658,#9175,.T.);
#9175 = LINE('',#9176,#9177);
#9176 = CARTESIAN_POINT('',(26.5,38.5,10.4));
#9177 = VECTOR('',#9178,1.);
#9178 = DIRECTION('',(0.,0.,1.));
#9179 = ORIENTED_EDGE('',*,*,#8665,.F.);
#9180 = ORIENTED_EDGE('',*,*,#9151,.F.);
#9181 = CYLINDRICAL_SURFACE('',#9182,3.);
#9182 = AXIS2_PLACEMENT_3D('',#9183,#9184,#9185);
#9183 = CARTESIAN_POINT('',(23.5,38.5,10.4));
#9184 = DIRECTION('',(-0.,-0.,-1.));
#9185 = DIRECTION('',(1.,0.,0.));
#9186 = ADVANCED_FACE('',(#9187),#9205,.F.);
#9187 = FACE_BOUND('',#9188,.F.);
#9188 = EDGE_LOOP('',(#9189,#9197,#9203,#9204));
#9189 = ORIENTED_EDGE('',*,*,#9190,.F.);
#9190 = EDGE_CURVE('',#9191,#8649,#9193,.T.);
#9191 = VERTEX_POINT('',#9192);
#9192 = CARTESIAN_POINT('',(26.5,7.5,10.5));
#9193 = LINE('',#9194,#9195);
#9194 = CARTESIAN_POINT('',(26.5,7.5,10.4));
#9195 = VECTOR('',#9196,1.);
#9196 = DIRECTION('',(0.,0.,1.));
#9197 = ORIENTED_EDGE('',*,*,#9198,.F.);
#9198 = EDGE_CURVE('',#9166,#9191,#9199,.T.);
#9199 = LINE('',#9200,#9201);
#9200 = CARTESIAN_POINT('',(26.5,15.25,10.5));
#9201 = VECTOR('',#9202,1.);
#9202 = DIRECTION('',(0.,-1.,0.));
#9203 = ORIENTED_EDGE('',*,*,#9174,.T.);
#9204 = ORIENTED_EDGE('',*,*,#8657,.F.);
#9205 = PLANE('',#9206);
#9206 = AXIS2_PLACEMENT_3D('',#9207,#9208,#9209);
#9207 = CARTESIAN_POINT('',(26.5,7.5,10.4));
#9208 = DIRECTION('',(1.,0.,0.));
#9209 = DIRECTION('',(0.,0.,1.));
#9210 = ADVANCED_FACE('',(#9211),#9230,.F.);
#9211 = FACE_BOUND('',#9212,.T.);
#9212 = EDGE_LOOP('',(#9213,#9221,#9222,#9223));
#9213 = ORIENTED_EDGE('',*,*,#9214,.T.);
#9214 = EDGE_CURVE('',#9215,#8641,#9217,.T.);
#9215 = VERTEX_POINT('',#9216);
#9216 = CARTESIAN_POINT('',(23.5,4.5,10.5));
#9217 = LINE('',#9218,#9219);
#9218 = CARTESIAN_POINT('',(23.5,4.5,10.4));
#9219 = VECTOR('',#9220,1.);
#9220 = DIRECTION('',(0.,0.,1.));
#9221 = ORIENTED_EDGE('',*,*,#8648,.F.);
#9222 = ORIENTED_EDGE('',*,*,#9190,.F.);
#9223 = ORIENTED_EDGE('',*,*,#9224,.T.);
#9224 = EDGE_CURVE('',#9191,#9215,#9225,.T.);
#9225 = CIRCLE('',#9226,3.);
#9226 = AXIS2_PLACEMENT_3D('',#9227,#9228,#9229);
#9227 = CARTESIAN_POINT('',(23.5,7.5,10.5));
#9228 = DIRECTION('',(0.,0.,-1.));
#9229 = DIRECTION('',(1.,0.,0.));
#9230 = CYLINDRICAL_SURFACE('',#9231,3.);
#9231 = AXIS2_PLACEMENT_3D('',#9232,#9233,#9234);
#9232 = CARTESIAN_POINT('',(23.5,7.5,10.4));
#9233 = DIRECTION('',(-0.,-0.,-1.));
#9234 = DIRECTION('',(1.,0.,0.));
#9235 = ADVANCED_FACE('',(#9236),#9254,.T.);
#9236 = FACE_BOUND('',#9237,.T.);
#9237 = EDGE_LOOP('',(#9238,#9246,#9252,#9253));
#9238 = ORIENTED_EDGE('',*,*,#9239,.F.);
#9239 = EDGE_CURVE('',#9240,#9215,#9242,.T.);
#9240 = VERTEX_POINT('',#9241);
#9241 = CARTESIAN_POINT('',(-2.5,4.5,10.5));
#9242 = LINE('',#9243,#9244);
#9243 = CARTESIAN_POINT('',(4.,4.5,10.5));
#9244 = VECTOR('',#9245,1.);
#9245 = DIRECTION('',(1.,0.,0.));
#9246 = ORIENTED_EDGE('',*,*,#9247,.T.);
#9247 = EDGE_CURVE('',#9240,#8632,#9248,.T.);
#9248 = LINE('',#9249,#9250);
#9249 = CARTESIAN_POINT('',(-2.5,4.5,10.4));
#9250 = VECTOR('',#9251,1.);
#9251 = DIRECTION('',(0.,0.,1.));
#9252 = ORIENTED_EDGE('',*,*,#8640,.F.);
#9253 = ORIENTED_EDGE('',*,*,#9214,.F.);
#9254 = PLANE('',#9255);
#9255 = AXIS2_PLACEMENT_3D('',#9256,#9257,#9258);
#9256 = CARTESIAN_POINT('',(-2.5,4.5,10.4));
#9257 = DIRECTION('',(0.,1.,0.));
#9258 = DIRECTION('',(0.,0.,1.));
#9259 = ADVANCED_FACE('',(#9260),#9279,.F.);
#9260 = FACE_BOUND('',#9261,.T.);
#9261 = EDGE_LOOP('',(#9262,#9271,#9277,#9278));
#9262 = ORIENTED_EDGE('',*,*,#9263,.T.);
#9263 = EDGE_CURVE('',#9240,#9264,#9266,.T.);
#9264 = VERTEX_POINT('',#9265);
#9265 = CARTESIAN_POINT('',(-5.5,7.5,10.5));
#9266 = CIRCLE('',#9267,3.);
#9267 = AXIS2_PLACEMENT_3D('',#9268,#9269,#9270);
#9268 = CARTESIAN_POINT('',(-2.5,7.5,10.5));
#9269 = DIRECTION('',(0.,0.,-1.));
#9270 = DIRECTION('',(1.,0.,0.));
#9271 = ORIENTED_EDGE('',*,*,#9272,.T.);
#9272 = EDGE_CURVE('',#9264,#8624,#9273,.T.);
#9273 = LINE('',#9274,#9275);
#9274 = CARTESIAN_POINT('',(-5.5,7.5,10.4));
#9275 = VECTOR('',#9276,1.);
#9276 = DIRECTION('',(0.,0.,1.));
#9277 = ORIENTED_EDGE('',*,*,#8631,.F.);
#9278 = ORIENTED_EDGE('',*,*,#9247,.F.);
#9279 = CYLINDRICAL_SURFACE('',#9280,3.);
#9280 = AXIS2_PLACEMENT_3D('',#9281,#9282,#9283);
#9281 = CARTESIAN_POINT('',(-2.5,7.5,10.4));
#9282 = DIRECTION('',(-0.,-0.,-1.));
#9283 = DIRECTION('',(1.,0.,0.));
#9284 = ADVANCED_FACE('',(#9285),#9303,.T.);
#9285 = FACE_BOUND('',#9286,.T.);
#9286 = EDGE_LOOP('',(#9287,#9295,#9301,#9302));
#9287 = ORIENTED_EDGE('',*,*,#9288,.F.);
#9288 = EDGE_CURVE('',#9289,#9264,#9291,.T.);
#9289 = VERTEX_POINT('',#9290);
#9290 = CARTESIAN_POINT('',(-5.5,38.5,10.5));
#9291 = LINE('',#9292,#9293);
#9292 = CARTESIAN_POINT('',(-5.5,15.25,10.5));
#9293 = VECTOR('',#9294,1.);
#9294 = DIRECTION('',(0.,-1.,0.));
#9295 = ORIENTED_EDGE('',*,*,#9296,.T.);
#9296 = EDGE_CURVE('',#9289,#8615,#9297,.T.);
#9297 = LINE('',#9298,#9299);
#9298 = CARTESIAN_POINT('',(-5.5,38.5,10.4));
#9299 = VECTOR('',#9300,1.);
#9300 = DIRECTION('',(0.,0.,1.));
#9301 = ORIENTED_EDGE('',*,*,#8623,.F.);
#9302 = ORIENTED_EDGE('',*,*,#9272,.F.);
#9303 = PLANE('',#9304);
#9304 = AXIS2_PLACEMENT_3D('',#9305,#9306,#9307);
#9305 = CARTESIAN_POINT('',(-5.5,7.5,10.4));
#9306 = DIRECTION('',(1.,0.,0.));
#9307 = DIRECTION('',(0.,0.,1.));
#9308 = ADVANCED_FACE('',(#9309),#9328,.F.);
#9309 = FACE_BOUND('',#9310,.T.);
#9310 = EDGE_LOOP('',(#9311,#9320,#9326,#9327));
#9311 = ORIENTED_EDGE('',*,*,#9312,.T.);
#9312 = EDGE_CURVE('',#9289,#9313,#9315,.T.);
#9313 = VERTEX_POINT('',#9314);
#9314 = CARTESIAN_POINT('',(-2.5,41.5,10.5));
#9315 = CIRCLE('',#9316,3.);
#9316 = AXIS2_PLACEMENT_3D('',#9317,#9318,#9319);
#9317 = CARTESIAN_POINT('',(-2.5,38.5,10.5));
#9318 = DIRECTION('',(0.,0.,-1.));
#9319 = DIRECTION('',(1.,0.,0.));
#9320 = ORIENTED_EDGE('',*,*,#9321,.T.);
#9321 = EDGE_CURVE('',#9313,#8607,#9322,.T.);
#9322 = LINE('',#9323,#9324);
#9323 = CARTESIAN_POINT('',(-2.5,41.5,10.4));
#9324 = VECTOR('',#9325,1.);
#9325 = DIRECTION('',(0.,0.,1.));
#9326 = ORIENTED_EDGE('',*,*,#8614,.F.);
#9327 = ORIENTED_EDGE('',*,*,#9296,.F.);
#9328 = CYLINDRICAL_SURFACE('',#9329,3.);
#9329 = AXIS2_PLACEMENT_3D('',#9330,#9331,#9332);
#9330 = CARTESIAN_POINT('',(-2.5,38.5,10.4));
#9331 = DIRECTION('',(-0.,-0.,-1.));
#9332 = DIRECTION('',(1.,0.,0.));
#9333 = ADVANCED_FACE('',(#9334),#9345,.F.);
#9334 = FACE_BOUND('',#9335,.F.);
#9335 = EDGE_LOOP('',(#9336,#9342,#9343,#9344));
#9336 = ORIENTED_EDGE('',*,*,#9337,.F.);
#9337 = EDGE_CURVE('',#9313,#8705,#9338,.T.);
#9338 = LINE('',#9339,#9340);
#9339 = CARTESIAN_POINT('',(4.,41.5,10.5));
#9340 = VECTOR('',#9341,1.);
#9341 = DIRECTION('',(1.,0.,0.));
#9342 = ORIENTED_EDGE('',*,*,#9321,.T.);
#9343 = ORIENTED_EDGE('',*,*,#8606,.F.);
#9344 = ORIENTED_EDGE('',*,*,#8704,.T.);
#9345 = PLANE('',#9346);
#9346 = AXIS2_PLACEMENT_3D('',#9347,#9348,#9349);
#9347 = CARTESIAN_POINT('',(-2.5,41.5,10.4));
#9348 = DIRECTION('',(0.,1.,0.));
#9349 = DIRECTION('',(0.,0.,1.));
#9350 = ADVANCED_FACE('',(#9351),#9438,.T.);
#9351 = FACE_BOUND('',#9352,.T.);
#9352 = EDGE_LOOP('',(#9353,#9354,#9355,#9356,#9357,#9358,#9366,#9375,
    #9383,#9392,#9400,#9409,#9417,#9426,#9432,#9433,#9434,#9435,#9436,
    #9437));
#9353 = ORIENTED_EDGE('',*,*,#8999,.F.);
#9354 = ORIENTED_EDGE('',*,*,#8807,.T.);
#9355 = ORIENTED_EDGE('',*,*,#8830,.F.);
#9356 = ORIENTED_EDGE('',*,*,#8855,.T.);
#9357 = ORIENTED_EDGE('',*,*,#8728,.T.);
#9358 = ORIENTED_EDGE('',*,*,#9359,.T.);
#9359 = EDGE_CURVE('',#8721,#9360,#9362,.T.);
#9360 = VERTEX_POINT('',#9361);
#9361 = CARTESIAN_POINT('',(-2.5,42.3,11.5));
#9362 = LINE('',#9363,#9364);
#9363 = CARTESIAN_POINT('',(4.,42.3,11.5));
#9364 = VECTOR('',#9365,1.);
#9365 = DIRECTION('',(-1.,0.,0.));
#9366 = ORIENTED_EDGE('',*,*,#9367,.F.);
#9367 = EDGE_CURVE('',#9368,#9360,#9370,.T.);
#9368 = VERTEX_POINT('',#9369);
#9369 = CARTESIAN_POINT('',(-6.3,38.5,11.5));
#9370 = CIRCLE('',#9371,3.8);
#9371 = AXIS2_PLACEMENT_3D('',#9372,#9373,#9374);
#9372 = CARTESIAN_POINT('',(-2.5,38.5,11.5));
#9373 = DIRECTION('',(0.,0.,-1.));
#9374 = DIRECTION('',(1.,0.,0.));
#9375 = ORIENTED_EDGE('',*,*,#9376,.F.);
#9376 = EDGE_CURVE('',#9377,#9368,#9379,.T.);
#9377 = VERTEX_POINT('',#9378);
#9378 = CARTESIAN_POINT('',(-6.3,7.5,11.5));
#9379 = LINE('',#9380,#9381);
#9380 = CARTESIAN_POINT('',(-6.3,15.25,11.5));
#9381 = VECTOR('',#9382,1.);
#9382 = DIRECTION('',(0.,1.,0.));
#9383 = ORIENTED_EDGE('',*,*,#9384,.F.);
#9384 = EDGE_CURVE('',#9385,#9377,#9387,.T.);
#9385 = VERTEX_POINT('',#9386);
#9386 = CARTESIAN_POINT('',(-2.5,3.7,11.5));
#9387 = CIRCLE('',#9388,3.8);
#9388 = AXIS2_PLACEMENT_3D('',#9389,#9390,#9391);
#9389 = CARTESIAN_POINT('',(-2.5,7.5,11.5));
#9390 = DIRECTION('',(0.,0.,-1.));
#9391 = DIRECTION('',(1.,0.,0.));
#9392 = ORIENTED_EDGE('',*,*,#9393,.F.);
#9393 = EDGE_CURVE('',#9394,#9385,#9396,.T.);
#9394 = VERTEX_POINT('',#9395);
#9395 = CARTESIAN_POINT('',(23.5,3.7,11.5));
#9396 = LINE('',#9397,#9398);
#9397 = CARTESIAN_POINT('',(4.,3.7,11.5));
#9398 = VECTOR('',#9399,1.);
#9399 = DIRECTION('',(-1.,0.,0.));
#9400 = ORIENTED_EDGE('',*,*,#9401,.F.);
#9401 = EDGE_CURVE('',#9402,#9394,#9404,.T.);
#9402 = VERTEX_POINT('',#9403);
#9403 = CARTESIAN_POINT('',(27.3,7.5,11.5));
#9404 = CIRCLE('',#9405,3.8);
#9405 = AXIS2_PLACEMENT_3D('',#9406,#9407,#9408);
#9406 = CARTESIAN_POINT('',(23.5,7.5,11.5));
#9407 = DIRECTION('',(0.,0.,-1.));
#9408 = DIRECTION('',(1.,0.,0.));
#9409 = ORIENTED_EDGE('',*,*,#9410,.T.);
#9410 = EDGE_CURVE('',#9402,#9411,#9413,.T.);
#9411 = VERTEX_POINT('',#9412);
#9412 = CARTESIAN_POINT('',(27.3,38.5,11.5));
#9413 = LINE('',#9414,#9415);
#9414 = CARTESIAN_POINT('',(27.3,15.25,11.5));
#9415 = VECTOR('',#9416,1.);
#9416 = DIRECTION('',(0.,1.,0.));
#9417 = ORIENTED_EDGE('',*,*,#9418,.F.);
#9418 = EDGE_CURVE('',#9419,#9411,#9421,.T.);
#9419 = VERTEX_POINT('',#9420);
#9420 = CARTESIAN_POINT('',(23.5,42.3,11.5));
#9421 = CIRCLE('',#9422,3.8);
#9422 = AXIS2_PLACEMENT_3D('',#9423,#9424,#9425);
#9423 = CARTESIAN_POINT('',(23.5,38.5,11.5));
#9424 = DIRECTION('',(0.,0.,-1.));
#9425 = DIRECTION('',(1.,0.,0.));
#9426 = ORIENTED_EDGE('',*,*,#9427,.T.);
#9427 = EDGE_CURVE('',#9419,#8770,#9428,.T.);
#9428 = LINE('',#9429,#9430);
#9429 = CARTESIAN_POINT('',(4.,42.3,11.5));
#9430 = VECTOR('',#9431,1.);
#9431 = DIRECTION('',(-1.,0.,0.));
#9432 = ORIENTED_EDGE('',*,*,#8777,.F.);
#9433 = ORIENTED_EDGE('',*,*,#8874,.T.);
#9434 = ORIENTED_EDGE('',*,*,#8900,.F.);
#9435 = ORIENTED_EDGE('',*,*,#8933,.F.);
#9436 = ORIENTED_EDGE('',*,*,#8950,.F.);
#9437 = ORIENTED_EDGE('',*,*,#8974,.F.);
#9438 = PLANE('',#9439);
#9439 = AXIS2_PLACEMENT_3D('',#9440,#9441,#9442);
#9440 = CARTESIAN_POINT('',(10.5,23.,11.5));
#9441 = DIRECTION('',(-0.,-0.,-1.));
#9442 = DIRECTION('',(-1.,0.,0.));
#9443 = ADVANCED_FACE('',(#9444),#9462,.T.);
#9444 = FACE_BOUND('',#9445,.T.);
#9445 = EDGE_LOOP('',(#9446,#9454,#9460,#9461));
#9446 = ORIENTED_EDGE('',*,*,#9447,.F.);
#9447 = EDGE_CURVE('',#9448,#8713,#9450,.T.);
#9448 = VERTEX_POINT('',#9449);
#9449 = CARTESIAN_POINT('',(-2.5,42.3,10.5));
#9450 = LINE('',#9451,#9452);
#9451 = CARTESIAN_POINT('',(-2.5,42.3,10.5));
#9452 = VECTOR('',#9453,1.);
#9453 = DIRECTION('',(1.,0.,0.));
#9454 = ORIENTED_EDGE('',*,*,#9455,.T.);
#9455 = EDGE_CURVE('',#9448,#9360,#9456,.T.);
#9456 = LINE('',#9457,#9458);
#9457 = CARTESIAN_POINT('',(-2.5,42.3,10.5));
#9458 = VECTOR('',#9459,1.);
#9459 = DIRECTION('',(0.,0.,1.));
#9460 = ORIENTED_EDGE('',*,*,#9359,.F.);
#9461 = ORIENTED_EDGE('',*,*,#8720,.T.);
#9462 = PLANE('',#9463);
#9463 = AXIS2_PLACEMENT_3D('',#9464,#9465,#9466);
#9464 = CARTESIAN_POINT('',(-2.5,42.3,10.5));
#9465 = DIRECTION('',(0.,1.,0.));
#9466 = DIRECTION('',(0.,0.,1.));
#9467 = ADVANCED_FACE('',(#9468),#9548,.T.);
#9468 = FACE_BOUND('',#9469,.T.);
#9469 = EDGE_LOOP('',(#9470,#9481,#9489,#9496,#9497,#9498,#9499,#9500,
    #9501,#9502,#9503,#9504,#9505,#9506,#9507,#9508,#9516,#9525,#9533,
    #9542));
#9470 = ORIENTED_EDGE('',*,*,#9471,.F.);
#9471 = EDGE_CURVE('',#9472,#9474,#9476,.T.);
#9472 = VERTEX_POINT('',#9473);
#9473 = CARTESIAN_POINT('',(-6.3,7.5,10.5));
#9474 = VERTEX_POINT('',#9475);
#9475 = CARTESIAN_POINT('',(-2.5,3.7,10.5));
#9476 = CIRCLE('',#9477,3.8);
#9477 = AXIS2_PLACEMENT_3D('',#9478,#9479,#9480);
#9478 = CARTESIAN_POINT('',(-2.5,7.5,10.5));
#9479 = DIRECTION('',(0.,0.,1.));
#9480 = DIRECTION('',(1.,0.,0.));
#9481 = ORIENTED_EDGE('',*,*,#9482,.T.);
#9482 = EDGE_CURVE('',#9472,#9483,#9485,.T.);
#9483 = VERTEX_POINT('',#9484);
#9484 = CARTESIAN_POINT('',(-6.3,38.5,10.5));
#9485 = LINE('',#9486,#9487);
#9486 = CARTESIAN_POINT('',(-6.3,7.5,10.5));
#9487 = VECTOR('',#9488,1.);
#9488 = DIRECTION('',(0.,1.,0.));
#9489 = ORIENTED_EDGE('',*,*,#9490,.F.);
#9490 = EDGE_CURVE('',#9448,#9483,#9491,.T.);
#9491 = CIRCLE('',#9492,3.8);
#9492 = AXIS2_PLACEMENT_3D('',#9493,#9494,#9495);
#9493 = CARTESIAN_POINT('',(-2.5,38.5,10.5));
#9494 = DIRECTION('',(0.,0.,1.));
#9495 = DIRECTION('',(1.,0.,0.));
#9496 = ORIENTED_EDGE('',*,*,#9447,.T.);
#9497 = ORIENTED_EDGE('',*,*,#8712,.T.);
#9498 = ORIENTED_EDGE('',*,*,#9337,.F.);
#9499 = ORIENTED_EDGE('',*,*,#9312,.F.);
#9500 = ORIENTED_EDGE('',*,*,#9288,.T.);
#9501 = ORIENTED_EDGE('',*,*,#9263,.F.);
#9502 = ORIENTED_EDGE('',*,*,#9239,.T.);
#9503 = ORIENTED_EDGE('',*,*,#9224,.F.);
#9504 = ORIENTED_EDGE('',*,*,#9198,.F.);
#9505 = ORIENTED_EDGE('',*,*,#9165,.F.);
#9506 = ORIENTED_EDGE('',*,*,#9141,.F.);
#9507 = ORIENTED_EDGE('',*,*,#8761,.F.);
#9508 = ORIENTED_EDGE('',*,*,#9509,.T.);
#9509 = EDGE_CURVE('',#8762,#9510,#9512,.T.);
#9510 = VERTEX_POINT('',#9511);
#9511 = CARTESIAN_POINT('',(23.5,42.3,10.5));
#9512 = LINE('',#9513,#9514);
#9513 = CARTESIAN_POINT('',(-2.5,42.3,10.5));
#9514 = VECTOR('',#9515,1.);
#9515 = DIRECTION('',(1.,0.,0.));
#9516 = ORIENTED_EDGE('',*,*,#9517,.F.);
#9517 = EDGE_CURVE('',#9518,#9510,#9520,.T.);
#9518 = VERTEX_POINT('',#9519);
#9519 = CARTESIAN_POINT('',(27.3,38.5,10.5));
#9520 = CIRCLE('',#9521,3.8);
#9521 = AXIS2_PLACEMENT_3D('',#9522,#9523,#9524);
#9522 = CARTESIAN_POINT('',(23.5,38.5,10.5));
#9523 = DIRECTION('',(0.,0.,1.));
#9524 = DIRECTION('',(1.,0.,0.));
#9525 = ORIENTED_EDGE('',*,*,#9526,.F.);
#9526 = EDGE_CURVE('',#9527,#9518,#9529,.T.);
#9527 = VERTEX_POINT('',#9528);
#9528 = CARTESIAN_POINT('',(27.3,7.5,10.5));
#9529 = LINE('',#9530,#9531);
#9530 = CARTESIAN_POINT('',(27.3,7.5,10.5));
#9531 = VECTOR('',#9532,1.);
#9532 = DIRECTION('',(0.,1.,0.));
#9533 = ORIENTED_EDGE('',*,*,#9534,.F.);
#9534 = EDGE_CURVE('',#9535,#9527,#9537,.T.);
#9535 = VERTEX_POINT('',#9536);
#9536 = CARTESIAN_POINT('',(23.5,3.7,10.5));
#9537 = CIRCLE('',#9538,3.8);
#9538 = AXIS2_PLACEMENT_3D('',#9539,#9540,#9541);
#9539 = CARTESIAN_POINT('',(23.5,7.5,10.5));
#9540 = DIRECTION('',(0.,0.,1.));
#9541 = DIRECTION('',(1.,0.,0.));
#9542 = ORIENTED_EDGE('',*,*,#9543,.F.);
#9543 = EDGE_CURVE('',#9474,#9535,#9544,.T.);
#9544 = LINE('',#9545,#9546);
#9545 = CARTESIAN_POINT('',(-2.5,3.7,10.5));
#9546 = VECTOR('',#9547,1.);
#9547 = DIRECTION('',(1.,0.,0.));
#9548 = PLANE('',#9549);
#9549 = AXIS2_PLACEMENT_3D('',#9550,#9551,#9552);
#9550 = CARTESIAN_POINT('',(10.5,23.,10.5));
#9551 = DIRECTION('',(-0.,-0.,-1.));
#9552 = DIRECTION('',(-1.,0.,0.));
#9553 = ADVANCED_FACE('',(#9554),#9565,.T.);
#9554 = FACE_BOUND('',#9555,.T.);
#9555 = EDGE_LOOP('',(#9556,#9557,#9558,#9559));
#9556 = ORIENTED_EDGE('',*,*,#9509,.F.);
#9557 = ORIENTED_EDGE('',*,*,#8769,.F.);
#9558 = ORIENTED_EDGE('',*,*,#9427,.F.);
#9559 = ORIENTED_EDGE('',*,*,#9560,.F.);
#9560 = EDGE_CURVE('',#9510,#9419,#9561,.T.);
#9561 = LINE('',#9562,#9563);
#9562 = CARTESIAN_POINT('',(23.5,42.3,10.5));
#9563 = VECTOR('',#9564,1.);
#9564 = DIRECTION('',(0.,0.,1.));
#9565 = PLANE('',#9566);
#9566 = AXIS2_PLACEMENT_3D('',#9567,#9568,#9569);
#9567 = CARTESIAN_POINT('',(-2.5,42.3,10.5));
#9568 = DIRECTION('',(0.,1.,0.));
#9569 = DIRECTION('',(0.,0.,1.));
#9570 = ADVANCED_FACE('',(#9571),#9582,.T.);
#9571 = FACE_BOUND('',#9572,.F.);
#9572 = EDGE_LOOP('',(#9573,#9574,#9580,#9581));
#9573 = ORIENTED_EDGE('',*,*,#9517,.F.);
#9574 = ORIENTED_EDGE('',*,*,#9575,.T.);
#9575 = EDGE_CURVE('',#9518,#9411,#9576,.T.);
#9576 = LINE('',#9577,#9578);
#9577 = CARTESIAN_POINT('',(27.3,38.5,10.5));
#9578 = VECTOR('',#9579,1.);
#9579 = DIRECTION('',(0.,0.,1.));
#9580 = ORIENTED_EDGE('',*,*,#9418,.F.);
#9581 = ORIENTED_EDGE('',*,*,#9560,.F.);
#9582 = CYLINDRICAL_SURFACE('',#9583,3.8);
#9583 = AXIS2_PLACEMENT_3D('',#9584,#9585,#9586);
#9584 = CARTESIAN_POINT('',(23.5,38.5,10.5));
#9585 = DIRECTION('',(-0.,-0.,-1.));
#9586 = DIRECTION('',(1.,0.,0.));
#9587 = ADVANCED_FACE('',(#9588),#9599,.T.);
#9588 = FACE_BOUND('',#9589,.T.);
#9589 = EDGE_LOOP('',(#9590,#9596,#9597,#9598));
#9590 = ORIENTED_EDGE('',*,*,#9591,.F.);
#9591 = EDGE_CURVE('',#9527,#9402,#9592,.T.);
#9592 = LINE('',#9593,#9594);
#9593 = CARTESIAN_POINT('',(27.3,7.5,10.5));
#9594 = VECTOR('',#9595,1.);
#9595 = DIRECTION('',(0.,0.,1.));
#9596 = ORIENTED_EDGE('',*,*,#9526,.T.);
#9597 = ORIENTED_EDGE('',*,*,#9575,.T.);
#9598 = ORIENTED_EDGE('',*,*,#9410,.F.);
#9599 = PLANE('',#9600);
#9600 = AXIS2_PLACEMENT_3D('',#9601,#9602,#9603);
#9601 = CARTESIAN_POINT('',(27.3,7.5,10.5));
#9602 = DIRECTION('',(1.,0.,0.));
#9603 = DIRECTION('',(0.,0.,1.));
#9604 = ADVANCED_FACE('',(#9605),#9616,.T.);
#9605 = FACE_BOUND('',#9606,.F.);
#9606 = EDGE_LOOP('',(#9607,#9608,#9609,#9615));
#9607 = ORIENTED_EDGE('',*,*,#9591,.F.);
#9608 = ORIENTED_EDGE('',*,*,#9534,.F.);
#9609 = ORIENTED_EDGE('',*,*,#9610,.T.);
#9610 = EDGE_CURVE('',#9535,#9394,#9611,.T.);
#9611 = LINE('',#9612,#9613);
#9612 = CARTESIAN_POINT('',(23.5,3.7,10.5));
#9613 = VECTOR('',#9614,1.);
#9614 = DIRECTION('',(0.,0.,1.));
#9615 = ORIENTED_EDGE('',*,*,#9401,.F.);
#9616 = CYLINDRICAL_SURFACE('',#9617,3.8);
#9617 = AXIS2_PLACEMENT_3D('',#9618,#9619,#9620);
#9618 = CARTESIAN_POINT('',(23.5,7.5,10.5));
#9619 = DIRECTION('',(-0.,-0.,-1.));
#9620 = DIRECTION('',(1.,0.,0.));
#9621 = ADVANCED_FACE('',(#9622),#9633,.F.);
#9622 = FACE_BOUND('',#9623,.F.);
#9623 = EDGE_LOOP('',(#9624,#9625,#9631,#9632));
#9624 = ORIENTED_EDGE('',*,*,#9543,.F.);
#9625 = ORIENTED_EDGE('',*,*,#9626,.T.);
#9626 = EDGE_CURVE('',#9474,#9385,#9627,.T.);
#9627 = LINE('',#9628,#9629);
#9628 = CARTESIAN_POINT('',(-2.5,3.7,10.5));
#9629 = VECTOR('',#9630,1.);
#9630 = DIRECTION('',(0.,0.,1.));
#9631 = ORIENTED_EDGE('',*,*,#9393,.F.);
#9632 = ORIENTED_EDGE('',*,*,#9610,.F.);
#9633 = PLANE('',#9634);
#9634 = AXIS2_PLACEMENT_3D('',#9635,#9636,#9637);
#9635 = CARTESIAN_POINT('',(-2.5,3.7,10.5));
#9636 = DIRECTION('',(0.,1.,0.));
#9637 = DIRECTION('',(0.,0.,1.));
#9638 = ADVANCED_FACE('',(#9639),#9650,.T.);
#9639 = FACE_BOUND('',#9640,.F.);
#9640 = EDGE_LOOP('',(#9641,#9642,#9643,#9649));
#9641 = ORIENTED_EDGE('',*,*,#9626,.F.);
#9642 = ORIENTED_EDGE('',*,*,#9471,.F.);
#9643 = ORIENTED_EDGE('',*,*,#9644,.T.);
#9644 = EDGE_CURVE('',#9472,#9377,#9645,.T.);
#9645 = LINE('',#9646,#9647);
#9646 = CARTESIAN_POINT('',(-6.3,7.5,10.5));
#9647 = VECTOR('',#9648,1.);
#9648 = DIRECTION('',(0.,0.,1.));
#9649 = ORIENTED_EDGE('',*,*,#9384,.F.);
#9650 = CYLINDRICAL_SURFACE('',#9651,3.8);
#9651 = AXIS2_PLACEMENT_3D('',#9652,#9653,#9654);
#9652 = CARTESIAN_POINT('',(-2.5,7.5,10.5));
#9653 = DIRECTION('',(-0.,-0.,-1.));
#9654 = DIRECTION('',(1.,0.,0.));
#9655 = ADVANCED_FACE('',(#9656),#9667,.F.);
#9656 = FACE_BOUND('',#9657,.F.);
#9657 = EDGE_LOOP('',(#9658,#9659,#9660,#9666));
#9658 = ORIENTED_EDGE('',*,*,#9644,.F.);
#9659 = ORIENTED_EDGE('',*,*,#9482,.T.);
#9660 = ORIENTED_EDGE('',*,*,#9661,.T.);
#9661 = EDGE_CURVE('',#9483,#9368,#9662,.T.);
#9662 = LINE('',#9663,#9664);
#9663 = CARTESIAN_POINT('',(-6.3,38.5,10.5));
#9664 = VECTOR('',#9665,1.);
#9665 = DIRECTION('',(0.,0.,1.));
#9666 = ORIENTED_EDGE('',*,*,#9376,.F.);
#9667 = PLANE('',#9668);
#9668 = AXIS2_PLACEMENT_3D('',#9669,#9670,#9671);
#9669 = CARTESIAN_POINT('',(-6.3,7.5,10.5));
#9670 = DIRECTION('',(1.,0.,0.));
#9671 = DIRECTION('',(0.,0.,1.));
#9672 = ADVANCED_FACE('',(#9673),#9679,.T.);
#9673 = FACE_BOUND('',#9674,.F.);
#9674 = EDGE_LOOP('',(#9675,#9676,#9677,#9678));
#9675 = ORIENTED_EDGE('',*,*,#9490,.F.);
#9676 = ORIENTED_EDGE('',*,*,#9455,.T.);
#9677 = ORIENTED_EDGE('',*,*,#9367,.F.);
#9678 = ORIENTED_EDGE('',*,*,#9661,.F.);
#9679 = CYLINDRICAL_SURFACE('',#9680,3.8);
#9680 = AXIS2_PLACEMENT_3D('',#9681,#9682,#9683);
#9681 = CARTESIAN_POINT('',(-2.5,38.5,10.5));
#9682 = DIRECTION('',(-0.,-0.,-1.));
#9683 = DIRECTION('',(1.,0.,0.));
#9684 = ADVANCED_FACE('',(#9685),#9691,.T.);
#9685 = FACE_BOUND('',#9686,.T.);
#9686 = EDGE_LOOP('',(#9687,#9688,#9689,#9690));
#9687 = ORIENTED_EDGE('',*,*,#7162,.F.);
#9688 = ORIENTED_EDGE('',*,*,#6854,.T.);
#9689 = ORIENTED_EDGE('',*,*,#7030,.T.);
#9690 = ORIENTED_EDGE('',*,*,#7608,.F.);
#9691 = PLANE('',#9692);
#9692 = AXIS2_PLACEMENT_3D('',#9693,#9694,#9695);
#9693 = CARTESIAN_POINT('',(24.78,16.5,13.1));
#9694 = DIRECTION('',(0.,0.,1.));
#9695 = DIRECTION('',(1.,0.,0.));
#9696 = MANIFOLD_SOLID_BREP('',#9697);
#9697 = CLOSED_SHELL('',(#9698,#9774,#9806,#9830,#9855,#9879,#9904,#9928
    ,#9953,#9970,#10056,#10088,#10112,#10136,#10161,#10186,#10210,#10234
    ,#10252,#10338,#10369,#10394,#10418,#10443,#10467,#10492,#10516,
    #10534,#10620,#10652,#10676,#10700,#10725,#10750,#10774,#10798,
    #10816,#10902,#10934,#10958,#10982,#11007,#11032,#11056,#11080,
    #11098,#11184,#11216,#11240,#11265,#11289,#11314,#11338,#11363,
    #11380));
#9698 = ADVANCED_FACE('',(#9699),#9769,.F.);
#9699 = FACE_BOUND('',#9700,.F.);
#9700 = EDGE_LOOP('',(#9701,#9712,#9720,#9729,#9737,#9746,#9754,#9763));
#9701 = ORIENTED_EDGE('',*,*,#9702,.F.);
#9702 = EDGE_CURVE('',#9703,#9705,#9707,.T.);
#9703 = VERTEX_POINT('',#9704);
#9704 = CARTESIAN_POINT('',(-5.5,7.5,0.8));
#9705 = VERTEX_POINT('',#9706);
#9706 = CARTESIAN_POINT('',(-2.5,4.5,0.8));
#9707 = CIRCLE('',#9708,3.);
#9708 = AXIS2_PLACEMENT_3D('',#9709,#9710,#9711);
#9709 = CARTESIAN_POINT('',(-2.5,7.5,0.8));
#9710 = DIRECTION('',(0.,0.,1.));
#9711 = DIRECTION('',(1.,0.,0.));
#9712 = ORIENTED_EDGE('',*,*,#9713,.T.);
#9713 = EDGE_CURVE('',#9703,#9714,#9716,.T.);
#9714 = VERTEX_POINT('',#9715);
#9715 = CARTESIAN_POINT('',(-5.5,38.5,0.8));
#9716 = LINE('',#9717,#9718);
#9717 = CARTESIAN_POINT('',(-5.5,7.5,0.8));
#9718 = VECTOR('',#9719,1.);
#9719 = DIRECTION('',(0.,1.,0.));
#9720 = ORIENTED_EDGE('',*,*,#9721,.F.);
#9721 = EDGE_CURVE('',#9722,#9714,#9724,.T.);
#9722 = VERTEX_POINT('',#9723);
#9723 = CARTESIAN_POINT('',(-2.5,41.5,0.8));
#9724 = CIRCLE('',#9725,3.);
#9725 = AXIS2_PLACEMENT_3D('',#9726,#9727,#9728);
#9726 = CARTESIAN_POINT('',(-2.5,38.5,0.8));
#9727 = DIRECTION('',(0.,0.,1.));
#9728 = DIRECTION('',(1.,0.,0.));
#9729 = ORIENTED_EDGE('',*,*,#9730,.T.);
#9730 = EDGE_CURVE('',#9722,#9731,#9733,.T.);
#9731 = VERTEX_POINT('',#9732);
#9732 = CARTESIAN_POINT('',(23.5,41.5,0.8));
#9733 = LINE('',#9734,#9735);
#9734 = CARTESIAN_POINT('',(-2.5,41.5,0.8));
#9735 = VECTOR('',#9736,1.);
#9736 = DIRECTION('',(1.,0.,0.));
#9737 = ORIENTED_EDGE('',*,*,#9738,.F.);
#9738 = EDGE_CURVE('',#9739,#9731,#9741,.T.);
#9739 = VERTEX_POINT('',#9740);
#9740 = CARTESIAN_POINT('',(26.5,38.5,0.8));
#9741 = CIRCLE('',#9742,3.);
#9742 = AXIS2_PLACEMENT_3D('',#9743,#9744,#9745);
#9743 = CARTESIAN_POINT('',(23.5,38.5,0.8));
#9744 = DIRECTION('',(0.,0.,1.));
#9745 = DIRECTION('',(1.,0.,0.));
#9746 = ORIENTED_EDGE('',*,*,#9747,.F.);
#9747 = EDGE_CURVE('',#9748,#9739,#9750,.T.);
#9748 = VERTEX_POINT('',#9749);
#9749 = CARTESIAN_POINT('',(26.5,7.5,0.8));
#9750 = LINE('',#9751,#9752);
#9751 = CARTESIAN_POINT('',(26.5,7.5,0.8));
#9752 = VECTOR('',#9753,1.);
#9753 = DIRECTION('',(0.,1.,0.));
#9754 = ORIENTED_EDGE('',*,*,#9755,.F.);
#9755 = EDGE_CURVE('',#9756,#9748,#9758,.T.);
#9756 = VERTEX_POINT('',#9757);
#9757 = CARTESIAN_POINT('',(23.5,4.5,0.8));
#9758 = CIRCLE('',#9759,3.);
#9759 = AXIS2_PLACEMENT_3D('',#9760,#9761,#9762);
#9760 = CARTESIAN_POINT('',(23.5,7.5,0.8));
#9761 = DIRECTION('',(0.,0.,1.));
#9762 = DIRECTION('',(1.,0.,0.));
#9763 = ORIENTED_EDGE('',*,*,#9764,.F.);
#9764 = EDGE_CURVE('',#9705,#9756,#9765,.T.);
#9765 = LINE('',#9766,#9767);
#9766 = CARTESIAN_POINT('',(-2.5,4.5,0.8));
#9767 = VECTOR('',#9768,1.);
#9768 = DIRECTION('',(1.,0.,0.));
#9769 = PLANE('',#9770);
#9770 = AXIS2_PLACEMENT_3D('',#9771,#9772,#9773);
#9771 = CARTESIAN_POINT('',(10.5,23.,0.8));
#9772 = DIRECTION('',(-0.,-0.,-1.));
#9773 = DIRECTION('',(-1.,0.,0.));
#9774 = ADVANCED_FACE('',(#9775),#9801,.F.);
#9775 = FACE_BOUND('',#9776,.T.);
#9776 = EDGE_LOOP('',(#9777,#9778,#9786,#9795));
#9777 = ORIENTED_EDGE('',*,*,#9702,.F.);
#9778 = ORIENTED_EDGE('',*,*,#9779,.T.);
#9779 = EDGE_CURVE('',#9703,#9780,#9782,.T.);
#9780 = VERTEX_POINT('',#9781);
#9781 = CARTESIAN_POINT('',(-5.5,7.5,4.08));
#9782 = LINE('',#9783,#9784);
#9783 = CARTESIAN_POINT('',(-5.5,7.5,0.8));
#9784 = VECTOR('',#9785,1.);
#9785 = DIRECTION('',(0.,0.,1.));
#9786 = ORIENTED_EDGE('',*,*,#9787,.F.);
#9787 = EDGE_CURVE('',#9788,#9780,#9790,.T.);
#9788 = VERTEX_POINT('',#9789);
#9789 = CARTESIAN_POINT('',(-2.5,4.5,4.08));
#9790 = CIRCLE('',#9791,3.);
#9791 = AXIS2_PLACEMENT_3D('',#9792,#9793,#9794);
#9792 = CARTESIAN_POINT('',(-2.5,7.5,4.08));
#9793 = DIRECTION('',(0.,0.,-1.));
#9794 = DIRECTION('',(1.,0.,0.));
#9795 = ORIENTED_EDGE('',*,*,#9796,.F.);
#9796 = EDGE_CURVE('',#9705,#9788,#9797,.T.);
#9797 = LINE('',#9798,#9799);
#9798 = CARTESIAN_POINT('',(-2.5,4.5,0.8));
#9799 = VECTOR('',#9800,1.);
#9800 = DIRECTION('',(0.,0.,1.));
#9801 = CYLINDRICAL_SURFACE('',#9802,3.);
#9802 = AXIS2_PLACEMENT_3D('',#9803,#9804,#9805);
#9803 = CARTESIAN_POINT('',(-2.5,7.5,0.8));
#9804 = DIRECTION('',(-0.,-0.,-1.));
#9805 = DIRECTION('',(1.,0.,0.));
#9806 = ADVANCED_FACE('',(#9807),#9825,.T.);
#9807 = FACE_BOUND('',#9808,.T.);
#9808 = EDGE_LOOP('',(#9809,#9810,#9811,#9819));
#9809 = ORIENTED_EDGE('',*,*,#9779,.F.);
#9810 = ORIENTED_EDGE('',*,*,#9713,.T.);
#9811 = ORIENTED_EDGE('',*,*,#9812,.T.);
#9812 = EDGE_CURVE('',#9714,#9813,#9815,.T.);
#9813 = VERTEX_POINT('',#9814);
#9814 = CARTESIAN_POINT('',(-5.5,38.5,4.08));
#9815 = LINE('',#9816,#9817);
#9816 = CARTESIAN_POINT('',(-5.5,38.5,0.8));
#9817 = VECTOR('',#9818,1.);
#9818 = DIRECTION('',(0.,0.,1.));
#9819 = ORIENTED_EDGE('',*,*,#9820,.F.);
#9820 = EDGE_CURVE('',#9780,#9813,#9821,.T.);
#9821 = LINE('',#9822,#9823);
#9822 = CARTESIAN_POINT('',(-5.5,15.25,4.08));
#9823 = VECTOR('',#9824,1.);
#9824 = DIRECTION('',(0.,1.,0.));
#9825 = PLANE('',#9826);
#9826 = AXIS2_PLACEMENT_3D('',#9827,#9828,#9829);
#9827 = CARTESIAN_POINT('',(-5.5,7.5,0.8));
#9828 = DIRECTION('',(1.,0.,0.));
#9829 = DIRECTION('',(0.,0.,1.));
#9830 = ADVANCED_FACE('',(#9831),#9850,.F.);
#9831 = FACE_BOUND('',#9832,.T.);
#9832 = EDGE_LOOP('',(#9833,#9834,#9842,#9849));
#9833 = ORIENTED_EDGE('',*,*,#9721,.F.);
#9834 = ORIENTED_EDGE('',*,*,#9835,.T.);
#9835 = EDGE_CURVE('',#9722,#9836,#9838,.T.);
#9836 = VERTEX_POINT('',#9837);
#9837 = CARTESIAN_POINT('',(-2.5,41.5,4.08));
#9838 = LINE('',#9839,#9840);
#9839 = CARTESIAN_POINT('',(-2.5,41.5,0.8));
#9840 = VECTOR('',#9841,1.);
#9841 = DIRECTION('',(0.,0.,1.));
#9842 = ORIENTED_EDGE('',*,*,#9843,.F.);
#9843 = EDGE_CURVE('',#9813,#9836,#9844,.T.);
#9844 = CIRCLE('',#9845,3.);
#9845 = AXIS2_PLACEMENT_3D('',#9846,#9847,#9848);
#9846 = CARTESIAN_POINT('',(-2.5,38.5,4.08));
#9847 = DIRECTION('',(0.,0.,-1.));
#9848 = DIRECTION('',(1.,0.,0.));
#9849 = ORIENTED_EDGE('',*,*,#9812,.F.);
#9850 = CYLINDRICAL_SURFACE('',#9851,3.);
#9851 = AXIS2_PLACEMENT_3D('',#9852,#9853,#9854);
#9852 = CARTESIAN_POINT('',(-2.5,38.5,0.8));
#9853 = DIRECTION('',(-0.,-0.,-1.));
#9854 = DIRECTION('',(1.,0.,0.));
#9855 = ADVANCED_FACE('',(#9856),#9874,.F.);
#9856 = FACE_BOUND('',#9857,.F.);
#9857 = EDGE_LOOP('',(#9858,#9866,#9872,#9873));
#9858 = ORIENTED_EDGE('',*,*,#9859,.F.);
#9859 = EDGE_CURVE('',#9860,#9836,#9862,.T.);
#9860 = VERTEX_POINT('',#9861);
#9861 = CARTESIAN_POINT('',(23.5,41.5,4.08));
#9862 = LINE('',#9863,#9864);
#9863 = CARTESIAN_POINT('',(4.,41.5,4.08));
#9864 = VECTOR('',#9865,1.);
#9865 = DIRECTION('',(-1.,0.,0.));
#9866 = ORIENTED_EDGE('',*,*,#9867,.F.);
#9867 = EDGE_CURVE('',#9731,#9860,#9868,.T.);
#9868 = LINE('',#9869,#9870);
#9869 = CARTESIAN_POINT('',(23.5,41.5,0.8));
#9870 = VECTOR('',#9871,1.);
#9871 = DIRECTION('',(0.,0.,1.));
#9872 = ORIENTED_EDGE('',*,*,#9730,.F.);
#9873 = ORIENTED_EDGE('',*,*,#9835,.T.);
#9874 = PLANE('',#9875);
#9875 = AXIS2_PLACEMENT_3D('',#9876,#9877,#9878);
#9876 = CARTESIAN_POINT('',(-2.5,41.5,0.8));
#9877 = DIRECTION('',(0.,1.,0.));
#9878 = DIRECTION('',(0.,0.,1.));
#9879 = ADVANCED_FACE('',(#9880),#9899,.F.);
#9880 = FACE_BOUND('',#9881,.T.);
#9881 = EDGE_LOOP('',(#9882,#9883,#9891,#9898));
#9882 = ORIENTED_EDGE('',*,*,#9738,.F.);
#9883 = ORIENTED_EDGE('',*,*,#9884,.T.);
#9884 = EDGE_CURVE('',#9739,#9885,#9887,.T.);
#9885 = VERTEX_POINT('',#9886);
#9886 = CARTESIAN_POINT('',(26.5,38.5,4.08));
#9887 = LINE('',#9888,#9889);
#9888 = CARTESIAN_POINT('',(26.5,38.5,0.8));
#9889 = VECTOR('',#9890,1.);
#9890 = DIRECTION('',(0.,0.,1.));
#9891 = ORIENTED_EDGE('',*,*,#9892,.F.);
#9892 = EDGE_CURVE('',#9860,#9885,#9893,.T.);
#9893 = CIRCLE('',#9894,3.);
#9894 = AXIS2_PLACEMENT_3D('',#9895,#9896,#9897);
#9895 = CARTESIAN_POINT('',(23.5,38.5,4.08));
#9896 = DIRECTION('',(0.,0.,-1.));
#9897 = DIRECTION('',(1.,0.,0.));
#9898 = ORIENTED_EDGE('',*,*,#9867,.F.);
#9899 = CYLINDRICAL_SURFACE('',#9900,3.);
#9900 = AXIS2_PLACEMENT_3D('',#9901,#9902,#9903);
#9901 = CARTESIAN_POINT('',(23.5,38.5,0.8));
#9902 = DIRECTION('',(-0.,-0.,-1.));
#9903 = DIRECTION('',(1.,0.,0.));
#9904 = ADVANCED_FACE('',(#9905),#9923,.F.);
#9905 = FACE_BOUND('',#9906,.F.);
#9906 = EDGE_LOOP('',(#9907,#9915,#9921,#9922));
#9907 = ORIENTED_EDGE('',*,*,#9908,.F.);
#9908 = EDGE_CURVE('',#9909,#9885,#9911,.T.);
#9909 = VERTEX_POINT('',#9910);
#9910 = CARTESIAN_POINT('',(26.5,7.5,4.08));
#9911 = LINE('',#9912,#9913);
#9912 = CARTESIAN_POINT('',(26.5,15.25,4.08));
#9913 = VECTOR('',#9914,1.);
#9914 = DIRECTION('',(0.,1.,0.));
#9915 = ORIENTED_EDGE('',*,*,#9916,.F.);
#9916 = EDGE_CURVE('',#9748,#9909,#9917,.T.);
#9917 = LINE('',#9918,#9919);
#9918 = CARTESIAN_POINT('',(26.5,7.5,0.8));
#9919 = VECTOR('',#9920,1.);
#9920 = DIRECTION('',(0.,0.,1.));
#9921 = ORIENTED_EDGE('',*,*,#9747,.T.);
#9922 = ORIENTED_EDGE('',*,*,#9884,.T.);
#9923 = PLANE('',#9924);
#9924 = AXIS2_PLACEMENT_3D('',#9925,#9926,#9927);
#9925 = CARTESIAN_POINT('',(26.5,7.5,0.8));
#9926 = DIRECTION('',(1.,0.,0.));
#9927 = DIRECTION('',(0.,0.,1.));
#9928 = ADVANCED_FACE('',(#9929),#9948,.F.);
#9929 = FACE_BOUND('',#9930,.T.);
#9930 = EDGE_LOOP('',(#9931,#9932,#9940,#9947));
#9931 = ORIENTED_EDGE('',*,*,#9755,.F.);
#9932 = ORIENTED_EDGE('',*,*,#9933,.T.);
#9933 = EDGE_CURVE('',#9756,#9934,#9936,.T.);
#9934 = VERTEX_POINT('',#9935);
#9935 = CARTESIAN_POINT('',(23.5,4.5,4.08));
#9936 = LINE('',#9937,#9938);
#9937 = CARTESIAN_POINT('',(23.5,4.5,0.8));
#9938 = VECTOR('',#9939,1.);
#9939 = DIRECTION('',(0.,0.,1.));
#9940 = ORIENTED_EDGE('',*,*,#9941,.F.);
#9941 = EDGE_CURVE('',#9909,#9934,#9942,.T.);
#9942 = CIRCLE('',#9943,3.);
#9943 = AXIS2_PLACEMENT_3D('',#9944,#9945,#9946);
#9944 = CARTESIAN_POINT('',(23.5,7.5,4.08));
#9945 = DIRECTION('',(0.,0.,-1.));
#9946 = DIRECTION('',(1.,0.,0.));
#9947 = ORIENTED_EDGE('',*,*,#9916,.F.);
#9948 = CYLINDRICAL_SURFACE('',#9949,3.);
#9949 = AXIS2_PLACEMENT_3D('',#9950,#9951,#9952);
#9950 = CARTESIAN_POINT('',(23.5,7.5,0.8));
#9951 = DIRECTION('',(-0.,-0.,-1.));
#9952 = DIRECTION('',(1.,0.,0.));
#9953 = ADVANCED_FACE('',(#9954),#9965,.T.);
#9954 = FACE_BOUND('',#9955,.T.);
#9955 = EDGE_LOOP('',(#9956,#9957,#9958,#9959));
#9956 = ORIENTED_EDGE('',*,*,#9933,.F.);
#9957 = ORIENTED_EDGE('',*,*,#9764,.F.);
#9958 = ORIENTED_EDGE('',*,*,#9796,.T.);
#9959 = ORIENTED_EDGE('',*,*,#9960,.F.);
#9960 = EDGE_CURVE('',#9934,#9788,#9961,.T.);
#9961 = LINE('',#9962,#9963);
#9962 = CARTESIAN_POINT('',(4.,4.5,4.08));
#9963 = VECTOR('',#9964,1.);
#9964 = DIRECTION('',(-1.,0.,0.));
#9965 = PLANE('',#9966);
#9966 = AXIS2_PLACEMENT_3D('',#9967,#9968,#9969);
#9967 = CARTESIAN_POINT('',(-2.5,4.5,0.8));
#9968 = DIRECTION('',(0.,1.,0.));
#9969 = DIRECTION('',(0.,0.,1.));
#9970 = ADVANCED_FACE('',(#9971,#10041),#10051,.F.);
#9971 = FACE_BOUND('',#9972,.F.);
#9972 = EDGE_LOOP('',(#9973,#9984,#9992,#10001,#10009,#10018,#10026,
    #10035));
#9973 = ORIENTED_EDGE('',*,*,#9974,.F.);
#9974 = EDGE_CURVE('',#9975,#9977,#9979,.T.);
#9975 = VERTEX_POINT('',#9976);
#9976 = CARTESIAN_POINT('',(-5.74,7.5,4.08));
#9977 = VERTEX_POINT('',#9978);
#9978 = CARTESIAN_POINT('',(-2.5,4.26,4.08));
#9979 = CIRCLE('',#9980,3.24);
#9980 = AXIS2_PLACEMENT_3D('',#9981,#9982,#9983);
#9981 = CARTESIAN_POINT('',(-2.5,7.5,4.08));
#9982 = DIRECTION('',(0.,0.,1.));
#9983 = DIRECTION('',(1.,0.,0.));
#9984 = ORIENTED_EDGE('',*,*,#9985,.T.);
#9985 = EDGE_CURVE('',#9975,#9986,#9988,.T.);
#9986 = VERTEX_POINT('',#9987);
#9987 = CARTESIAN_POINT('',(-5.74,38.5,4.08));
#9988 = LINE('',#9989,#9990);
#9989 = CARTESIAN_POINT('',(-5.74,7.5,4.08));
#9990 = VECTOR('',#9991,1.);
#9991 = DIRECTION('',(0.,1.,0.));
#9992 = ORIENTED_EDGE('',*,*,#9993,.F.);
#9993 = EDGE_CURVE('',#9994,#9986,#9996,.T.);
#9994 = VERTEX_POINT('',#9995);
#9995 = CARTESIAN_POINT('',(-2.5,41.74,4.08));
#9996 = CIRCLE('',#9997,3.24);
#9997 = AXIS2_PLACEMENT_3D('',#9998,#9999,#10000);
#9998 = CARTESIAN_POINT('',(-2.5,38.5,4.08));
#9999 = DIRECTION('',(0.,0.,1.));
#10000 = DIRECTION('',(1.,0.,0.));
#10001 = ORIENTED_EDGE('',*,*,#10002,.T.);
#10002 = EDGE_CURVE('',#9994,#10003,#10005,.T.);
#10003 = VERTEX_POINT('',#10004);
#10004 = CARTESIAN_POINT('',(23.5,41.74,4.08));
#10005 = LINE('',#10006,#10007);
#10006 = CARTESIAN_POINT('',(-2.5,41.74,4.08));
#10007 = VECTOR('',#10008,1.);
#10008 = DIRECTION('',(1.,0.,0.));
#10009 = ORIENTED_EDGE('',*,*,#10010,.F.);
#10010 = EDGE_CURVE('',#10011,#10003,#10013,.T.);
#10011 = VERTEX_POINT('',#10012);
#10012 = CARTESIAN_POINT('',(26.74,38.5,4.08));
#10013 = CIRCLE('',#10014,3.24);
#10014 = AXIS2_PLACEMENT_3D('',#10015,#10016,#10017);
#10015 = CARTESIAN_POINT('',(23.5,38.5,4.08));
#10016 = DIRECTION('',(0.,0.,1.));
#10017 = DIRECTION('',(1.,0.,0.));
#10018 = ORIENTED_EDGE('',*,*,#10019,.F.);
#10019 = EDGE_CURVE('',#10020,#10011,#10022,.T.);
#10020 = VERTEX_POINT('',#10021);
#10021 = CARTESIAN_POINT('',(26.74,7.5,4.08));
#10022 = LINE('',#10023,#10024);
#10023 = CARTESIAN_POINT('',(26.74,7.5,4.08));
#10024 = VECTOR('',#10025,1.);
#10025 = DIRECTION('',(0.,1.,0.));
#10026 = ORIENTED_EDGE('',*,*,#10027,.F.);
#10027 = EDGE_CURVE('',#10028,#10020,#10030,.T.);
#10028 = VERTEX_POINT('',#10029);
#10029 = CARTESIAN_POINT('',(23.5,4.26,4.08));
#10030 = CIRCLE('',#10031,3.24);
#10031 = AXIS2_PLACEMENT_3D('',#10032,#10033,#10034);
#10032 = CARTESIAN_POINT('',(23.5,7.5,4.08));
#10033 = DIRECTION('',(0.,0.,1.));
#10034 = DIRECTION('',(1.,0.,0.));
#10035 = ORIENTED_EDGE('',*,*,#10036,.F.);
#10036 = EDGE_CURVE('',#9977,#10028,#10037,.T.);
#10037 = LINE('',#10038,#10039);
#10038 = CARTESIAN_POINT('',(-2.5,4.26,4.08));
#10039 = VECTOR('',#10040,1.);
#10040 = DIRECTION('',(1.,0.,0.));
#10041 = FACE_BOUND('',#10042,.F.);
#10042 = EDGE_LOOP('',(#10043,#10044,#10045,#10046,#10047,#10048,#10049,
    #10050));
#10043 = ORIENTED_EDGE('',*,*,#9960,.F.);
#10044 = ORIENTED_EDGE('',*,*,#9941,.F.);
#10045 = ORIENTED_EDGE('',*,*,#9908,.T.);
#10046 = ORIENTED_EDGE('',*,*,#9892,.F.);
#10047 = ORIENTED_EDGE('',*,*,#9859,.T.);
#10048 = ORIENTED_EDGE('',*,*,#9843,.F.);
#10049 = ORIENTED_EDGE('',*,*,#9820,.F.);
#10050 = ORIENTED_EDGE('',*,*,#9787,.F.);
#10051 = PLANE('',#10052);
#10052 = AXIS2_PLACEMENT_3D('',#10053,#10054,#10055);
#10053 = CARTESIAN_POINT('',(10.5,23.,4.08));
#10054 = DIRECTION('',(-0.,-0.,-1.));
#10055 = DIRECTION('',(-1.,0.,0.));
#10056 = ADVANCED_FACE('',(#10057),#10083,.F.);
#10057 = FACE_BOUND('',#10058,.T.);
#10058 = EDGE_LOOP('',(#10059,#10067,#10068,#10076));
#10059 = ORIENTED_EDGE('',*,*,#10060,.F.);
#10060 = EDGE_CURVE('',#9977,#10061,#10063,.T.);
#10061 = VERTEX_POINT('',#10062);
#10062 = CARTESIAN_POINT('',(-2.5,4.26,5.22));
#10063 = LINE('',#10064,#10065);
#10064 = CARTESIAN_POINT('',(-2.5,4.26,4.08));
#10065 = VECTOR('',#10066,1.);
#10066 = DIRECTION('',(0.,0.,1.));
#10067 = ORIENTED_EDGE('',*,*,#9974,.F.);
#10068 = ORIENTED_EDGE('',*,*,#10069,.T.);
#10069 = EDGE_CURVE('',#9975,#10070,#10072,.T.);
#10070 = VERTEX_POINT('',#10071);
#10071 = CARTESIAN_POINT('',(-5.74,7.5,5.22));
#10072 = LINE('',#10073,#10074);
#10073 = CARTESIAN_POINT('',(-5.74,7.5,4.08));
#10074 = VECTOR('',#10075,1.);
#10075 = DIRECTION('',(0.,0.,1.));
#10076 = ORIENTED_EDGE('',*,*,#10077,.T.);
#10077 = EDGE_CURVE('',#10070,#10061,#10078,.T.);
#10078 = CIRCLE('',#10079,3.24);
#10079 = AXIS2_PLACEMENT_3D('',#10080,#10081,#10082);
#10080 = CARTESIAN_POINT('',(-2.5,7.5,5.22));
#10081 = DIRECTION('',(0.,0.,1.));
#10082 = DIRECTION('',(1.,0.,0.));
#10083 = CYLINDRICAL_SURFACE('',#10084,3.24);
#10084 = AXIS2_PLACEMENT_3D('',#10085,#10086,#10087);
#10085 = CARTESIAN_POINT('',(-2.5,7.5,4.08));
#10086 = DIRECTION('',(-0.,-0.,-1.));
#10087 = DIRECTION('',(1.,0.,0.));
#10088 = ADVANCED_FACE('',(#10089),#10107,.T.);
#10089 = FACE_BOUND('',#10090,.T.);
#10090 = EDGE_LOOP('',(#10091,#10092,#10093,#10101));
#10091 = ORIENTED_EDGE('',*,*,#10069,.F.);
#10092 = ORIENTED_EDGE('',*,*,#9985,.T.);
#10093 = ORIENTED_EDGE('',*,*,#10094,.T.);
#10094 = EDGE_CURVE('',#9986,#10095,#10097,.T.);
#10095 = VERTEX_POINT('',#10096);
#10096 = CARTESIAN_POINT('',(-5.74,38.5,5.22));
#10097 = LINE('',#10098,#10099);
#10098 = CARTESIAN_POINT('',(-5.74,38.5,4.08));
#10099 = VECTOR('',#10100,1.);
#10100 = DIRECTION('',(0.,0.,1.));
#10101 = ORIENTED_EDGE('',*,*,#10102,.F.);
#10102 = EDGE_CURVE('',#10070,#10095,#10103,.T.);
#10103 = LINE('',#10104,#10105);
#10104 = CARTESIAN_POINT('',(-5.74,7.5,5.22));
#10105 = VECTOR('',#10106,1.);
#10106 = DIRECTION('',(0.,1.,0.));
#10107 = PLANE('',#10108);
#10108 = AXIS2_PLACEMENT_3D('',#10109,#10110,#10111);
#10109 = CARTESIAN_POINT('',(-5.74,7.5,4.08));
#10110 = DIRECTION('',(1.,0.,0.));
#10111 = DIRECTION('',(0.,0.,1.));
#10112 = ADVANCED_FACE('',(#10113),#10131,.T.);
#10113 = FACE_BOUND('',#10114,.T.);
#10114 = EDGE_LOOP('',(#10115,#10116,#10117,#10125));
#10115 = ORIENTED_EDGE('',*,*,#10036,.F.);
#10116 = ORIENTED_EDGE('',*,*,#10060,.T.);
#10117 = ORIENTED_EDGE('',*,*,#10118,.T.);
#10118 = EDGE_CURVE('',#10061,#10119,#10121,.T.);
#10119 = VERTEX_POINT('',#10120);
#10120 = CARTESIAN_POINT('',(23.5,4.26,5.22));
#10121 = LINE('',#10122,#10123);
#10122 = CARTESIAN_POINT('',(-2.5,4.26,5.22));
#10123 = VECTOR('',#10124,1.);
#10124 = DIRECTION('',(1.,0.,0.));
#10125 = ORIENTED_EDGE('',*,*,#10126,.F.);
#10126 = EDGE_CURVE('',#10028,#10119,#10127,.T.);
#10127 = LINE('',#10128,#10129);
#10128 = CARTESIAN_POINT('',(23.5,4.26,4.08));
#10129 = VECTOR('',#10130,1.);
#10130 = DIRECTION('',(0.,0.,1.));
#10131 = PLANE('',#10132);
#10132 = AXIS2_PLACEMENT_3D('',#10133,#10134,#10135);
#10133 = CARTESIAN_POINT('',(-2.5,4.26,4.08));
#10134 = DIRECTION('',(0.,1.,0.));
#10135 = DIRECTION('',(0.,0.,1.));
#10136 = ADVANCED_FACE('',(#10137),#10156,.F.);
#10137 = FACE_BOUND('',#10138,.T.);
#10138 = EDGE_LOOP('',(#10139,#10140,#10148,#10155));
#10139 = ORIENTED_EDGE('',*,*,#9993,.F.);
#10140 = ORIENTED_EDGE('',*,*,#10141,.T.);
#10141 = EDGE_CURVE('',#9994,#10142,#10144,.T.);
#10142 = VERTEX_POINT('',#10143);
#10143 = CARTESIAN_POINT('',(-2.5,41.74,5.22));
#10144 = LINE('',#10145,#10146);
#10145 = CARTESIAN_POINT('',(-2.5,41.74,4.08));
#10146 = VECTOR('',#10147,1.);
#10147 = DIRECTION('',(0.,0.,1.));
#10148 = ORIENTED_EDGE('',*,*,#10149,.T.);
#10149 = EDGE_CURVE('',#10142,#10095,#10150,.T.);
#10150 = CIRCLE('',#10151,3.24);
#10151 = AXIS2_PLACEMENT_3D('',#10152,#10153,#10154);
#10152 = CARTESIAN_POINT('',(-2.5,38.5,5.22));
#10153 = DIRECTION('',(0.,0.,1.));
#10154 = DIRECTION('',(1.,0.,0.));
#10155 = ORIENTED_EDGE('',*,*,#10094,.F.);
#10156 = CYLINDRICAL_SURFACE('',#10157,3.24);
#10157 = AXIS2_PLACEMENT_3D('',#10158,#10159,#10160);
#10158 = CARTESIAN_POINT('',(-2.5,38.5,4.08));
#10159 = DIRECTION('',(-0.,-0.,-1.));
#10160 = DIRECTION('',(1.,0.,0.));
#10161 = ADVANCED_FACE('',(#10162),#10181,.F.);
#10162 = FACE_BOUND('',#10163,.T.);
#10163 = EDGE_LOOP('',(#10164,#10172,#10173,#10174));
#10164 = ORIENTED_EDGE('',*,*,#10165,.F.);
#10165 = EDGE_CURVE('',#10020,#10166,#10168,.T.);
#10166 = VERTEX_POINT('',#10167);
#10167 = CARTESIAN_POINT('',(26.74,7.5,5.22));
#10168 = LINE('',#10169,#10170);
#10169 = CARTESIAN_POINT('',(26.74,7.5,4.08));
#10170 = VECTOR('',#10171,1.);
#10171 = DIRECTION('',(0.,0.,1.));
#10172 = ORIENTED_EDGE('',*,*,#10027,.F.);
#10173 = ORIENTED_EDGE('',*,*,#10126,.T.);
#10174 = ORIENTED_EDGE('',*,*,#10175,.T.);
#10175 = EDGE_CURVE('',#10119,#10166,#10176,.T.);
#10176 = CIRCLE('',#10177,3.24);
#10177 = AXIS2_PLACEMENT_3D('',#10178,#10179,#10180);
#10178 = CARTESIAN_POINT('',(23.5,7.5,5.22));
#10179 = DIRECTION('',(0.,0.,1.));
#10180 = DIRECTION('',(1.,0.,0.));
#10181 = CYLINDRICAL_SURFACE('',#10182,3.24);
#10182 = AXIS2_PLACEMENT_3D('',#10183,#10184,#10185);
#10183 = CARTESIAN_POINT('',(23.5,7.5,4.08));
#10184 = DIRECTION('',(-0.,-0.,-1.));
#10185 = DIRECTION('',(1.,0.,0.));
#10186 = ADVANCED_FACE('',(#10187),#10205,.F.);
#10187 = FACE_BOUND('',#10188,.F.);
#10188 = EDGE_LOOP('',(#10189,#10190,#10191,#10199));
#10189 = ORIENTED_EDGE('',*,*,#10002,.F.);
#10190 = ORIENTED_EDGE('',*,*,#10141,.T.);
#10191 = ORIENTED_EDGE('',*,*,#10192,.T.);
#10192 = EDGE_CURVE('',#10142,#10193,#10195,.T.);
#10193 = VERTEX_POINT('',#10194);
#10194 = CARTESIAN_POINT('',(23.5,41.74,5.22));
#10195 = LINE('',#10196,#10197);
#10196 = CARTESIAN_POINT('',(-2.5,41.74,5.22));
#10197 = VECTOR('',#10198,1.);
#10198 = DIRECTION('',(1.,0.,0.));
#10199 = ORIENTED_EDGE('',*,*,#10200,.F.);
#10200 = EDGE_CURVE('',#10003,#10193,#10201,.T.);
#10201 = LINE('',#10202,#10203);
#10202 = CARTESIAN_POINT('',(23.5,41.74,4.08));
#10203 = VECTOR('',#10204,1.);
#10204 = DIRECTION('',(0.,0.,1.));
#10205 = PLANE('',#10206);
#10206 = AXIS2_PLACEMENT_3D('',#10207,#10208,#10209);
#10207 = CARTESIAN_POINT('',(-2.5,41.74,4.08));
#10208 = DIRECTION('',(0.,1.,0.));
#10209 = DIRECTION('',(0.,0.,1.));
#10210 = ADVANCED_FACE('',(#10211),#10229,.F.);
#10211 = FACE_BOUND('',#10212,.F.);
#10212 = EDGE_LOOP('',(#10213,#10214,#10215,#10223));
#10213 = ORIENTED_EDGE('',*,*,#10165,.F.);
#10214 = ORIENTED_EDGE('',*,*,#10019,.T.);
#10215 = ORIENTED_EDGE('',*,*,#10216,.T.);
#10216 = EDGE_CURVE('',#10011,#10217,#10219,.T.);
#10217 = VERTEX_POINT('',#10218);
#10218 = CARTESIAN_POINT('',(26.74,38.5,5.22));
#10219 = LINE('',#10220,#10221);
#10220 = CARTESIAN_POINT('',(26.74,38.5,4.08));
#10221 = VECTOR('',#10222,1.);
#10222 = DIRECTION('',(0.,0.,1.));
#10223 = ORIENTED_EDGE('',*,*,#10224,.F.);
#10224 = EDGE_CURVE('',#10166,#10217,#10225,.T.);
#10225 = LINE('',#10226,#10227);
#10226 = CARTESIAN_POINT('',(26.74,7.5,5.22));
#10227 = VECTOR('',#10228,1.);
#10228 = DIRECTION('',(0.,1.,0.));
#10229 = PLANE('',#10230);
#10230 = AXIS2_PLACEMENT_3D('',#10231,#10232,#10233);
#10231 = CARTESIAN_POINT('',(26.74,7.5,4.08));
#10232 = DIRECTION('',(1.,0.,0.));
#10233 = DIRECTION('',(0.,0.,1.));
#10234 = ADVANCED_FACE('',(#10235),#10247,.F.);
#10235 = FACE_BOUND('',#10236,.T.);
#10236 = EDGE_LOOP('',(#10237,#10238,#10239,#10246));
#10237 = ORIENTED_EDGE('',*,*,#10010,.F.);
#10238 = ORIENTED_EDGE('',*,*,#10216,.T.);
#10239 = ORIENTED_EDGE('',*,*,#10240,.T.);
#10240 = EDGE_CURVE('',#10217,#10193,#10241,.T.);
#10241 = CIRCLE('',#10242,3.24);
#10242 = AXIS2_PLACEMENT_3D('',#10243,#10244,#10245);
#10243 = CARTESIAN_POINT('',(23.5,38.5,5.22));
#10244 = DIRECTION('',(0.,0.,1.));
#10245 = DIRECTION('',(1.,0.,0.));
#10246 = ORIENTED_EDGE('',*,*,#10200,.F.);
#10247 = CYLINDRICAL_SURFACE('',#10248,3.24);
#10248 = AXIS2_PLACEMENT_3D('',#10249,#10250,#10251);
#10249 = CARTESIAN_POINT('',(23.5,38.5,4.08));
#10250 = DIRECTION('',(-0.,-0.,-1.));
#10251 = DIRECTION('',(1.,0.,0.));
#10252 = ADVANCED_FACE('',(#10253,#10263),#10333,.F.);
#10253 = FACE_BOUND('',#10254,.F.);
#10254 = EDGE_LOOP('',(#10255,#10256,#10257,#10258,#10259,#10260,#10261,
    #10262));
#10255 = ORIENTED_EDGE('',*,*,#10077,.T.);
#10256 = ORIENTED_EDGE('',*,*,#10118,.T.);
#10257 = ORIENTED_EDGE('',*,*,#10175,.T.);
#10258 = ORIENTED_EDGE('',*,*,#10224,.T.);
#10259 = ORIENTED_EDGE('',*,*,#10240,.T.);
#10260 = ORIENTED_EDGE('',*,*,#10192,.F.);
#10261 = ORIENTED_EDGE('',*,*,#10149,.T.);
#10262 = ORIENTED_EDGE('',*,*,#10102,.F.);
#10263 = FACE_BOUND('',#10264,.F.);
#10264 = EDGE_LOOP('',(#10265,#10275,#10284,#10292,#10301,#10309,#10318,
    #10326));
#10265 = ORIENTED_EDGE('',*,*,#10266,.F.);
#10266 = EDGE_CURVE('',#10267,#10269,#10271,.T.);
#10267 = VERTEX_POINT('',#10268);
#10268 = CARTESIAN_POINT('',(-2.5,4.5,5.22));
#10269 = VERTEX_POINT('',#10270);
#10270 = CARTESIAN_POINT('',(23.5,4.5,5.22));
#10271 = LINE('',#10272,#10273);
#10272 = CARTESIAN_POINT('',(4.,4.5,5.22));
#10273 = VECTOR('',#10274,1.);
#10274 = DIRECTION('',(1.,0.,0.));
#10275 = ORIENTED_EDGE('',*,*,#10276,.T.);
#10276 = EDGE_CURVE('',#10267,#10277,#10279,.T.);
#10277 = VERTEX_POINT('',#10278);
#10278 = CARTESIAN_POINT('',(-5.5,7.5,5.22));
#10279 = CIRCLE('',#10280,3.);
#10280 = AXIS2_PLACEMENT_3D('',#10281,#10282,#10283);
#10281 = CARTESIAN_POINT('',(-2.5,7.5,5.22));
#10282 = DIRECTION('',(0.,0.,-1.));
#10283 = DIRECTION('',(1.,0.,0.));
#10284 = ORIENTED_EDGE('',*,*,#10285,.F.);
#10285 = EDGE_CURVE('',#10286,#10277,#10288,.T.);
#10286 = VERTEX_POINT('',#10287);
#10287 = CARTESIAN_POINT('',(-5.5,38.5,5.22));
#10288 = LINE('',#10289,#10290);
#10289 = CARTESIAN_POINT('',(-5.5,15.25,5.22));
#10290 = VECTOR('',#10291,1.);
#10291 = DIRECTION('',(0.,-1.,0.));
#10292 = ORIENTED_EDGE('',*,*,#10293,.T.);
#10293 = EDGE_CURVE('',#10286,#10294,#10296,.T.);
#10294 = VERTEX_POINT('',#10295);
#10295 = CARTESIAN_POINT('',(-2.5,41.5,5.22));
#10296 = CIRCLE('',#10297,3.);
#10297 = AXIS2_PLACEMENT_3D('',#10298,#10299,#10300);
#10298 = CARTESIAN_POINT('',(-2.5,38.5,5.22));
#10299 = DIRECTION('',(0.,0.,-1.));
#10300 = DIRECTION('',(1.,0.,0.));
#10301 = ORIENTED_EDGE('',*,*,#10302,.T.);
#10302 = EDGE_CURVE('',#10294,#10303,#10305,.T.);
#10303 = VERTEX_POINT('',#10304);
#10304 = CARTESIAN_POINT('',(23.5,41.5,5.22));
#10305 = LINE('',#10306,#10307);
#10306 = CARTESIAN_POINT('',(4.,41.5,5.22));
#10307 = VECTOR('',#10308,1.);
#10308 = DIRECTION('',(1.,0.,0.));
#10309 = ORIENTED_EDGE('',*,*,#10310,.T.);
#10310 = EDGE_CURVE('',#10303,#10311,#10313,.T.);
#10311 = VERTEX_POINT('',#10312);
#10312 = CARTESIAN_POINT('',(26.5,38.5,5.22));
#10313 = CIRCLE('',#10314,3.);
#10314 = AXIS2_PLACEMENT_3D('',#10315,#10316,#10317);
#10315 = CARTESIAN_POINT('',(23.5,38.5,5.22));
#10316 = DIRECTION('',(0.,0.,-1.));
#10317 = DIRECTION('',(1.,0.,0.));
#10318 = ORIENTED_EDGE('',*,*,#10319,.T.);
#10319 = EDGE_CURVE('',#10311,#10320,#10322,.T.);
#10320 = VERTEX_POINT('',#10321);
#10321 = CARTESIAN_POINT('',(26.5,7.5,5.22));
#10322 = LINE('',#10323,#10324);
#10323 = CARTESIAN_POINT('',(26.5,15.25,5.22));
#10324 = VECTOR('',#10325,1.);
#10325 = DIRECTION('',(0.,-1.,0.));
#10326 = ORIENTED_EDGE('',*,*,#10327,.T.);
#10327 = EDGE_CURVE('',#10320,#10269,#10328,.T.);
#10328 = CIRCLE('',#10329,3.);
#10329 = AXIS2_PLACEMENT_3D('',#10330,#10331,#10332);
#10330 = CARTESIAN_POINT('',(23.5,7.5,5.22));
#10331 = DIRECTION('',(0.,0.,-1.));
#10332 = DIRECTION('',(1.,0.,0.));
#10333 = PLANE('',#10334);
#10334 = AXIS2_PLACEMENT_3D('',#10335,#10336,#10337);
#10335 = CARTESIAN_POINT('',(10.5,23.,5.22));
#10336 = DIRECTION('',(0.,0.,1.));
#10337 = DIRECTION('',(1.,0.,0.));
#10338 = ADVANCED_FACE('',(#10339),#10364,.T.);
#10339 = FACE_BOUND('',#10340,.T.);
#10340 = EDGE_LOOP('',(#10341,#10349,#10350,#10358));
#10341 = ORIENTED_EDGE('',*,*,#10342,.F.);
#10342 = EDGE_CURVE('',#10269,#10343,#10345,.T.);
#10343 = VERTEX_POINT('',#10344);
#10344 = CARTESIAN_POINT('',(23.5,4.5,6.5));
#10345 = LINE('',#10346,#10347);
#10346 = CARTESIAN_POINT('',(23.5,4.5,0.8));
#10347 = VECTOR('',#10348,1.);
#10348 = DIRECTION('',(0.,0.,1.));
#10349 = ORIENTED_EDGE('',*,*,#10266,.F.);
#10350 = ORIENTED_EDGE('',*,*,#10351,.T.);
#10351 = EDGE_CURVE('',#10267,#10352,#10354,.T.);
#10352 = VERTEX_POINT('',#10353);
#10353 = CARTESIAN_POINT('',(-2.5,4.5,6.5));
#10354 = LINE('',#10355,#10356);
#10355 = CARTESIAN_POINT('',(-2.5,4.5,0.8));
#10356 = VECTOR('',#10357,1.);
#10357 = DIRECTION('',(0.,0.,1.));
#10358 = ORIENTED_EDGE('',*,*,#10359,.F.);
#10359 = EDGE_CURVE('',#10343,#10352,#10360,.T.);
#10360 = LINE('',#10361,#10362);
#10361 = CARTESIAN_POINT('',(4.,4.5,6.5));
#10362 = VECTOR('',#10363,1.);
#10363 = DIRECTION('',(-1.,0.,0.));
#10364 = PLANE('',#10365);
#10365 = AXIS2_PLACEMENT_3D('',#10366,#10367,#10368);
#10366 = CARTESIAN_POINT('',(-2.5,4.5,0.8));
#10367 = DIRECTION('',(0.,1.,0.));
#10368 = DIRECTION('',(0.,0.,1.));
#10369 = ADVANCED_FACE('',(#10370),#10389,.F.);
#10370 = FACE_BOUND('',#10371,.T.);
#10371 = EDGE_LOOP('',(#10372,#10373,#10374,#10383));
#10372 = ORIENTED_EDGE('',*,*,#10327,.T.);
#10373 = ORIENTED_EDGE('',*,*,#10342,.T.);
#10374 = ORIENTED_EDGE('',*,*,#10375,.F.);
#10375 = EDGE_CURVE('',#10376,#10343,#10378,.T.);
#10376 = VERTEX_POINT('',#10377);
#10377 = CARTESIAN_POINT('',(26.5,7.5,6.5));
#10378 = CIRCLE('',#10379,3.);
#10379 = AXIS2_PLACEMENT_3D('',#10380,#10381,#10382);
#10380 = CARTESIAN_POINT('',(23.5,7.5,6.5));
#10381 = DIRECTION('',(0.,0.,-1.));
#10382 = DIRECTION('',(1.,0.,0.));
#10383 = ORIENTED_EDGE('',*,*,#10384,.F.);
#10384 = EDGE_CURVE('',#10320,#10376,#10385,.T.);
#10385 = LINE('',#10386,#10387);
#10386 = CARTESIAN_POINT('',(26.5,7.5,0.8));
#10387 = VECTOR('',#10388,1.);
#10388 = DIRECTION('',(0.,0.,1.));
#10389 = CYLINDRICAL_SURFACE('',#10390,3.);
#10390 = AXIS2_PLACEMENT_3D('',#10391,#10392,#10393);
#10391 = CARTESIAN_POINT('',(23.5,7.5,0.8));
#10392 = DIRECTION('',(-0.,-0.,-1.));
#10393 = DIRECTION('',(1.,0.,0.));
#10394 = ADVANCED_FACE('',(#10395),#10413,.F.);
#10395 = FACE_BOUND('',#10396,.F.);
#10396 = EDGE_LOOP('',(#10397,#10405,#10406,#10407));
#10397 = ORIENTED_EDGE('',*,*,#10398,.F.);
#10398 = EDGE_CURVE('',#10376,#10399,#10401,.T.);
#10399 = VERTEX_POINT('',#10400);
#10400 = CARTESIAN_POINT('',(26.5,38.5,6.5));
#10401 = LINE('',#10402,#10403);
#10402 = CARTESIAN_POINT('',(26.5,15.25,6.5));
#10403 = VECTOR('',#10404,1.);
#10404 = DIRECTION('',(0.,1.,0.));
#10405 = ORIENTED_EDGE('',*,*,#10384,.F.);
#10406 = ORIENTED_EDGE('',*,*,#10319,.F.);
#10407 = ORIENTED_EDGE('',*,*,#10408,.T.);
#10408 = EDGE_CURVE('',#10311,#10399,#10409,.T.);
#10409 = LINE('',#10410,#10411);
#10410 = CARTESIAN_POINT('',(26.5,38.5,0.8));
#10411 = VECTOR('',#10412,1.);
#10412 = DIRECTION('',(0.,0.,1.));
#10413 = PLANE('',#10414);
#10414 = AXIS2_PLACEMENT_3D('',#10415,#10416,#10417);
#10415 = CARTESIAN_POINT('',(26.5,7.5,0.8));
#10416 = DIRECTION('',(1.,0.,0.));
#10417 = DIRECTION('',(0.,0.,1.));
#10418 = ADVANCED_FACE('',(#10419),#10438,.F.);
#10419 = FACE_BOUND('',#10420,.T.);
#10420 = EDGE_LOOP('',(#10421,#10422,#10423,#10432));
#10421 = ORIENTED_EDGE('',*,*,#10310,.T.);
#10422 = ORIENTED_EDGE('',*,*,#10408,.T.);
#10423 = ORIENTED_EDGE('',*,*,#10424,.F.);
#10424 = EDGE_CURVE('',#10425,#10399,#10427,.T.);
#10425 = VERTEX_POINT('',#10426);
#10426 = CARTESIAN_POINT('',(23.5,41.5,6.5));
#10427 = CIRCLE('',#10428,3.);
#10428 = AXIS2_PLACEMENT_3D('',#10429,#10430,#10431);
#10429 = CARTESIAN_POINT('',(23.5,38.5,6.5));
#10430 = DIRECTION('',(0.,0.,-1.));
#10431 = DIRECTION('',(1.,0.,0.));
#10432 = ORIENTED_EDGE('',*,*,#10433,.F.);
#10433 = EDGE_CURVE('',#10303,#10425,#10434,.T.);
#10434 = LINE('',#10435,#10436);
#10435 = CARTESIAN_POINT('',(23.5,41.5,0.8));
#10436 = VECTOR('',#10437,1.);
#10437 = DIRECTION('',(0.,0.,1.));
#10438 = CYLINDRICAL_SURFACE('',#10439,3.);
#10439 = AXIS2_PLACEMENT_3D('',#10440,#10441,#10442);
#10440 = CARTESIAN_POINT('',(23.5,38.5,0.8));
#10441 = DIRECTION('',(-0.,-0.,-1.));
#10442 = DIRECTION('',(1.,0.,0.));
#10443 = ADVANCED_FACE('',(#10444),#10462,.F.);
#10444 = FACE_BOUND('',#10445,.F.);
#10445 = EDGE_LOOP('',(#10446,#10454,#10455,#10456));
#10446 = ORIENTED_EDGE('',*,*,#10447,.F.);
#10447 = EDGE_CURVE('',#10425,#10448,#10450,.T.);
#10448 = VERTEX_POINT('',#10449);
#10449 = CARTESIAN_POINT('',(-2.5,41.5,6.5));
#10450 = LINE('',#10451,#10452);
#10451 = CARTESIAN_POINT('',(4.,41.5,6.5));
#10452 = VECTOR('',#10453,1.);
#10453 = DIRECTION('',(-1.,0.,0.));
#10454 = ORIENTED_EDGE('',*,*,#10433,.F.);
#10455 = ORIENTED_EDGE('',*,*,#10302,.F.);
#10456 = ORIENTED_EDGE('',*,*,#10457,.T.);
#10457 = EDGE_CURVE('',#10294,#10448,#10458,.T.);
#10458 = LINE('',#10459,#10460);
#10459 = CARTESIAN_POINT('',(-2.5,41.5,0.8));
#10460 = VECTOR('',#10461,1.);
#10461 = DIRECTION('',(0.,0.,1.));
#10462 = PLANE('',#10463);
#10463 = AXIS2_PLACEMENT_3D('',#10464,#10465,#10466);
#10464 = CARTESIAN_POINT('',(-2.5,41.5,0.8));
#10465 = DIRECTION('',(0.,1.,0.));
#10466 = DIRECTION('',(0.,0.,1.));
#10467 = ADVANCED_FACE('',(#10468),#10487,.F.);
#10468 = FACE_BOUND('',#10469,.T.);
#10469 = EDGE_LOOP('',(#10470,#10471,#10472,#10481));
#10470 = ORIENTED_EDGE('',*,*,#10293,.T.);
#10471 = ORIENTED_EDGE('',*,*,#10457,.T.);
#10472 = ORIENTED_EDGE('',*,*,#10473,.F.);
#10473 = EDGE_CURVE('',#10474,#10448,#10476,.T.);
#10474 = VERTEX_POINT('',#10475);
#10475 = CARTESIAN_POINT('',(-5.5,38.5,6.5));
#10476 = CIRCLE('',#10477,3.);
#10477 = AXIS2_PLACEMENT_3D('',#10478,#10479,#10480);
#10478 = CARTESIAN_POINT('',(-2.5,38.5,6.5));
#10479 = DIRECTION('',(0.,0.,-1.));
#10480 = DIRECTION('',(1.,0.,0.));
#10481 = ORIENTED_EDGE('',*,*,#10482,.F.);
#10482 = EDGE_CURVE('',#10286,#10474,#10483,.T.);
#10483 = LINE('',#10484,#10485);
#10484 = CARTESIAN_POINT('',(-5.5,38.5,0.8));
#10485 = VECTOR('',#10486,1.);
#10486 = DIRECTION('',(0.,0.,1.));
#10487 = CYLINDRICAL_SURFACE('',#10488,3.);
#10488 = AXIS2_PLACEMENT_3D('',#10489,#10490,#10491);
#10489 = CARTESIAN_POINT('',(-2.5,38.5,0.8));
#10490 = DIRECTION('',(-0.,-0.,-1.));
#10491 = DIRECTION('',(1.,0.,0.));
#10492 = ADVANCED_FACE('',(#10493),#10511,.T.);
#10493 = FACE_BOUND('',#10494,.T.);
#10494 = EDGE_LOOP('',(#10495,#10503,#10504,#10505));
#10495 = ORIENTED_EDGE('',*,*,#10496,.F.);
#10496 = EDGE_CURVE('',#10277,#10497,#10499,.T.);
#10497 = VERTEX_POINT('',#10498);
#10498 = CARTESIAN_POINT('',(-5.5,7.5,6.5));
#10499 = LINE('',#10500,#10501);
#10500 = CARTESIAN_POINT('',(-5.5,7.5,0.8));
#10501 = VECTOR('',#10502,1.);
#10502 = DIRECTION('',(0.,0.,1.));
#10503 = ORIENTED_EDGE('',*,*,#10285,.F.);
#10504 = ORIENTED_EDGE('',*,*,#10482,.T.);
#10505 = ORIENTED_EDGE('',*,*,#10506,.F.);
#10506 = EDGE_CURVE('',#10497,#10474,#10507,.T.);
#10507 = LINE('',#10508,#10509);
#10508 = CARTESIAN_POINT('',(-5.5,15.25,6.5));
#10509 = VECTOR('',#10510,1.);
#10510 = DIRECTION('',(0.,1.,0.));
#10511 = PLANE('',#10512);
#10512 = AXIS2_PLACEMENT_3D('',#10513,#10514,#10515);
#10513 = CARTESIAN_POINT('',(-5.5,7.5,0.8));
#10514 = DIRECTION('',(1.,0.,0.));
#10515 = DIRECTION('',(0.,0.,1.));
#10516 = ADVANCED_FACE('',(#10517),#10529,.F.);
#10517 = FACE_BOUND('',#10518,.T.);
#10518 = EDGE_LOOP('',(#10519,#10520,#10521,#10528));
#10519 = ORIENTED_EDGE('',*,*,#10276,.T.);
#10520 = ORIENTED_EDGE('',*,*,#10496,.T.);
#10521 = ORIENTED_EDGE('',*,*,#10522,.F.);
#10522 = EDGE_CURVE('',#10352,#10497,#10523,.T.);
#10523 = CIRCLE('',#10524,3.);
#10524 = AXIS2_PLACEMENT_3D('',#10525,#10526,#10527);
#10525 = CARTESIAN_POINT('',(-2.5,7.5,6.5));
#10526 = DIRECTION('',(0.,0.,-1.));
#10527 = DIRECTION('',(1.,0.,0.));
#10528 = ORIENTED_EDGE('',*,*,#10351,.F.);
#10529 = CYLINDRICAL_SURFACE('',#10530,3.);
#10530 = AXIS2_PLACEMENT_3D('',#10531,#10532,#10533);
#10531 = CARTESIAN_POINT('',(-2.5,7.5,0.8));
#10532 = DIRECTION('',(-0.,-0.,-1.));
#10533 = DIRECTION('',(1.,0.,0.));
#10534 = ADVANCED_FACE('',(#10535,#10605),#10615,.T.);
#10535 = FACE_BOUND('',#10536,.T.);
#10536 = EDGE_LOOP('',(#10537,#10548,#10556,#10565,#10573,#10582,#10590,
    #10599));
#10537 = ORIENTED_EDGE('',*,*,#10538,.T.);
#10538 = EDGE_CURVE('',#10539,#10541,#10543,.T.);
#10539 = VERTEX_POINT('',#10540);
#10540 = CARTESIAN_POINT('',(-6.3,7.5,6.5));
#10541 = VERTEX_POINT('',#10542);
#10542 = CARTESIAN_POINT('',(-2.5,3.7,6.5));
#10543 = CIRCLE('',#10544,3.8);
#10544 = AXIS2_PLACEMENT_3D('',#10545,#10546,#10547);
#10545 = CARTESIAN_POINT('',(-2.5,7.5,6.5));
#10546 = DIRECTION('',(0.,0.,1.));
#10547 = DIRECTION('',(1.,0.,0.));
#10548 = ORIENTED_EDGE('',*,*,#10549,.T.);
#10549 = EDGE_CURVE('',#10541,#10550,#10552,.T.);
#10550 = VERTEX_POINT('',#10551);
#10551 = CARTESIAN_POINT('',(23.5,3.7,6.5));
#10552 = LINE('',#10553,#10554);
#10553 = CARTESIAN_POINT('',(-2.5,3.7,6.5));
#10554 = VECTOR('',#10555,1.);
#10555 = DIRECTION('',(1.,0.,0.));
#10556 = ORIENTED_EDGE('',*,*,#10557,.T.);
#10557 = EDGE_CURVE('',#10550,#10558,#10560,.T.);
#10558 = VERTEX_POINT('',#10559);
#10559 = CARTESIAN_POINT('',(27.3,7.5,6.5));
#10560 = CIRCLE('',#10561,3.8);
#10561 = AXIS2_PLACEMENT_3D('',#10562,#10563,#10564);
#10562 = CARTESIAN_POINT('',(23.5,7.5,6.5));
#10563 = DIRECTION('',(0.,0.,1.));
#10564 = DIRECTION('',(1.,0.,0.));
#10565 = ORIENTED_EDGE('',*,*,#10566,.T.);
#10566 = EDGE_CURVE('',#10558,#10567,#10569,.T.);
#10567 = VERTEX_POINT('',#10568);
#10568 = CARTESIAN_POINT('',(27.3,38.5,6.5));
#10569 = LINE('',#10570,#10571);
#10570 = CARTESIAN_POINT('',(27.3,7.5,6.5));
#10571 = VECTOR('',#10572,1.);
#10572 = DIRECTION('',(0.,1.,0.));
#10573 = ORIENTED_EDGE('',*,*,#10574,.T.);
#10574 = EDGE_CURVE('',#10567,#10575,#10577,.T.);
#10575 = VERTEX_POINT('',#10576);
#10576 = CARTESIAN_POINT('',(23.5,42.3,6.5));
#10577 = CIRCLE('',#10578,3.8);
#10578 = AXIS2_PLACEMENT_3D('',#10579,#10580,#10581);
#10579 = CARTESIAN_POINT('',(23.5,38.5,6.5));
#10580 = DIRECTION('',(0.,0.,1.));
#10581 = DIRECTION('',(1.,0.,0.));
#10582 = ORIENTED_EDGE('',*,*,#10583,.F.);
#10583 = EDGE_CURVE('',#10584,#10575,#10586,.T.);
#10584 = VERTEX_POINT('',#10585);
#10585 = CARTESIAN_POINT('',(-2.5,42.3,6.5));
#10586 = LINE('',#10587,#10588);
#10587 = CARTESIAN_POINT('',(-2.5,42.3,6.5));
#10588 = VECTOR('',#10589,1.);
#10589 = DIRECTION('',(1.,0.,0.));
#10590 = ORIENTED_EDGE('',*,*,#10591,.T.);
#10591 = EDGE_CURVE('',#10584,#10592,#10594,.T.);
#10592 = VERTEX_POINT('',#10593);
#10593 = CARTESIAN_POINT('',(-6.3,38.5,6.5));
#10594 = CIRCLE('',#10595,3.8);
#10595 = AXIS2_PLACEMENT_3D('',#10596,#10597,#10598);
#10596 = CARTESIAN_POINT('',(-2.5,38.5,6.5));
#10597 = DIRECTION('',(0.,0.,1.));
#10598 = DIRECTION('',(1.,0.,0.));
#10599 = ORIENTED_EDGE('',*,*,#10600,.F.);
#10600 = EDGE_CURVE('',#10539,#10592,#10601,.T.);
#10601 = LINE('',#10602,#10603);
#10602 = CARTESIAN_POINT('',(-6.3,7.5,6.5));
#10603 = VECTOR('',#10604,1.);
#10604 = DIRECTION('',(0.,1.,0.));
#10605 = FACE_BOUND('',#10606,.T.);
#10606 = EDGE_LOOP('',(#10607,#10608,#10609,#10610,#10611,#10612,#10613,
    #10614));
#10607 = ORIENTED_EDGE('',*,*,#10359,.T.);
#10608 = ORIENTED_EDGE('',*,*,#10522,.T.);
#10609 = ORIENTED_EDGE('',*,*,#10506,.T.);
#10610 = ORIENTED_EDGE('',*,*,#10473,.T.);
#10611 = ORIENTED_EDGE('',*,*,#10447,.F.);
#10612 = ORIENTED_EDGE('',*,*,#10424,.T.);
#10613 = ORIENTED_EDGE('',*,*,#10398,.F.);
#10614 = ORIENTED_EDGE('',*,*,#10375,.T.);
#10615 = PLANE('',#10616);
#10616 = AXIS2_PLACEMENT_3D('',#10617,#10618,#10619);
#10617 = CARTESIAN_POINT('',(10.5,23.,6.5));
#10618 = DIRECTION('',(0.,0.,1.));
#10619 = DIRECTION('',(1.,0.,0.));
#10620 = ADVANCED_FACE('',(#10621),#10647,.T.);
#10621 = FACE_BOUND('',#10622,.F.);
#10622 = EDGE_LOOP('',(#10623,#10631,#10640,#10646));
#10623 = ORIENTED_EDGE('',*,*,#10624,.F.);
#10624 = EDGE_CURVE('',#10625,#10541,#10627,.T.);
#10625 = VERTEX_POINT('',#10626);
#10626 = CARTESIAN_POINT('',(-2.5,3.7,5.3));
#10627 = LINE('',#10628,#10629);
#10628 = CARTESIAN_POINT('',(-2.5,3.7,0.));
#10629 = VECTOR('',#10630,1.);
#10630 = DIRECTION('',(0.,0.,1.));
#10631 = ORIENTED_EDGE('',*,*,#10632,.T.);
#10632 = EDGE_CURVE('',#10625,#10633,#10635,.T.);
#10633 = VERTEX_POINT('',#10634);
#10634 = CARTESIAN_POINT('',(-6.3,7.5,5.3));
#10635 = CIRCLE('',#10636,3.8);
#10636 = AXIS2_PLACEMENT_3D('',#10637,#10638,#10639);
#10637 = CARTESIAN_POINT('',(-2.5,7.5,5.3));
#10638 = DIRECTION('',(0.,0.,-1.));
#10639 = DIRECTION('',(1.,0.,0.));
#10640 = ORIENTED_EDGE('',*,*,#10641,.T.);
#10641 = EDGE_CURVE('',#10633,#10539,#10642,.T.);
#10642 = LINE('',#10643,#10644);
#10643 = CARTESIAN_POINT('',(-6.3,7.5,0.));
#10644 = VECTOR('',#10645,1.);
#10645 = DIRECTION('',(0.,0.,1.));
#10646 = ORIENTED_EDGE('',*,*,#10538,.T.);
#10647 = CYLINDRICAL_SURFACE('',#10648,3.8);
#10648 = AXIS2_PLACEMENT_3D('',#10649,#10650,#10651);
#10649 = CARTESIAN_POINT('',(-2.5,7.5,0.));
#10650 = DIRECTION('',(-0.,-0.,-1.));
#10651 = DIRECTION('',(1.,0.,0.));
#10652 = ADVANCED_FACE('',(#10653),#10671,.F.);
#10653 = FACE_BOUND('',#10654,.F.);
#10654 = EDGE_LOOP('',(#10655,#10656,#10664,#10670));
#10655 = ORIENTED_EDGE('',*,*,#10641,.F.);
#10656 = ORIENTED_EDGE('',*,*,#10657,.F.);
#10657 = EDGE_CURVE('',#10658,#10633,#10660,.T.);
#10658 = VERTEX_POINT('',#10659);
#10659 = CARTESIAN_POINT('',(-6.3,38.5,5.3));
#10660 = LINE('',#10661,#10662);
#10661 = CARTESIAN_POINT('',(-6.3,15.25,5.3));
#10662 = VECTOR('',#10663,1.);
#10663 = DIRECTION('',(0.,-1.,0.));
#10664 = ORIENTED_EDGE('',*,*,#10665,.T.);
#10665 = EDGE_CURVE('',#10658,#10592,#10666,.T.);
#10666 = LINE('',#10667,#10668);
#10667 = CARTESIAN_POINT('',(-6.3,38.5,0.));
#10668 = VECTOR('',#10669,1.);
#10669 = DIRECTION('',(0.,0.,1.));
#10670 = ORIENTED_EDGE('',*,*,#10600,.F.);
#10671 = PLANE('',#10672);
#10672 = AXIS2_PLACEMENT_3D('',#10673,#10674,#10675);
#10673 = CARTESIAN_POINT('',(-6.3,7.5,0.));
#10674 = DIRECTION('',(1.,0.,0.));
#10675 = DIRECTION('',(0.,0.,1.));
#10676 = ADVANCED_FACE('',(#10677),#10695,.F.);
#10677 = FACE_BOUND('',#10678,.F.);
#10678 = EDGE_LOOP('',(#10679,#10687,#10688,#10689));
#10679 = ORIENTED_EDGE('',*,*,#10680,.F.);
#10680 = EDGE_CURVE('',#10625,#10681,#10683,.T.);
#10681 = VERTEX_POINT('',#10682);
#10682 = CARTESIAN_POINT('',(23.5,3.7,5.3));
#10683 = LINE('',#10684,#10685);
#10684 = CARTESIAN_POINT('',(4.,3.7,5.3));
#10685 = VECTOR('',#10686,1.);
#10686 = DIRECTION('',(1.,0.,0.));
#10687 = ORIENTED_EDGE('',*,*,#10624,.T.);
#10688 = ORIENTED_EDGE('',*,*,#10549,.T.);
#10689 = ORIENTED_EDGE('',*,*,#10690,.F.);
#10690 = EDGE_CURVE('',#10681,#10550,#10691,.T.);
#10691 = LINE('',#10692,#10693);
#10692 = CARTESIAN_POINT('',(23.5,3.7,0.));
#10693 = VECTOR('',#10694,1.);
#10694 = DIRECTION('',(0.,0.,1.));
#10695 = PLANE('',#10696);
#10696 = AXIS2_PLACEMENT_3D('',#10697,#10698,#10699);
#10697 = CARTESIAN_POINT('',(-2.5,3.7,0.));
#10698 = DIRECTION('',(0.,1.,0.));
#10699 = DIRECTION('',(0.,0.,1.));
#10700 = ADVANCED_FACE('',(#10701),#10720,.T.);
#10701 = FACE_BOUND('',#10702,.F.);
#10702 = EDGE_LOOP('',(#10703,#10712,#10718,#10719));
#10703 = ORIENTED_EDGE('',*,*,#10704,.T.);
#10704 = EDGE_CURVE('',#10658,#10705,#10707,.T.);
#10705 = VERTEX_POINT('',#10706);
#10706 = CARTESIAN_POINT('',(-2.5,42.3,5.3));
#10707 = CIRCLE('',#10708,3.8);
#10708 = AXIS2_PLACEMENT_3D('',#10709,#10710,#10711);
#10709 = CARTESIAN_POINT('',(-2.5,38.5,5.3));
#10710 = DIRECTION('',(0.,0.,-1.));
#10711 = DIRECTION('',(1.,0.,0.));
#10712 = ORIENTED_EDGE('',*,*,#10713,.T.);
#10713 = EDGE_CURVE('',#10705,#10584,#10714,.T.);
#10714 = LINE('',#10715,#10716);
#10715 = CARTESIAN_POINT('',(-2.5,42.3,0.));
#10716 = VECTOR('',#10717,1.);
#10717 = DIRECTION('',(0.,0.,1.));
#10718 = ORIENTED_EDGE('',*,*,#10591,.T.);
#10719 = ORIENTED_EDGE('',*,*,#10665,.F.);
#10720 = CYLINDRICAL_SURFACE('',#10721,3.8);
#10721 = AXIS2_PLACEMENT_3D('',#10722,#10723,#10724);
#10722 = CARTESIAN_POINT('',(-2.5,38.5,0.));
#10723 = DIRECTION('',(-0.,-0.,-1.));
#10724 = DIRECTION('',(1.,0.,0.));
#10725 = ADVANCED_FACE('',(#10726),#10745,.T.);
#10726 = FACE_BOUND('',#10727,.F.);
#10727 = EDGE_LOOP('',(#10728,#10729,#10737,#10744));
#10728 = ORIENTED_EDGE('',*,*,#10557,.T.);
#10729 = ORIENTED_EDGE('',*,*,#10730,.F.);
#10730 = EDGE_CURVE('',#10731,#10558,#10733,.T.);
#10731 = VERTEX_POINT('',#10732);
#10732 = CARTESIAN_POINT('',(27.3,7.5,5.3));
#10733 = LINE('',#10734,#10735);
#10734 = CARTESIAN_POINT('',(27.3,7.5,0.));
#10735 = VECTOR('',#10736,1.);
#10736 = DIRECTION('',(0.,0.,1.));
#10737 = ORIENTED_EDGE('',*,*,#10738,.T.);
#10738 = EDGE_CURVE('',#10731,#10681,#10739,.T.);
#10739 = CIRCLE('',#10740,3.8);
#10740 = AXIS2_PLACEMENT_3D('',#10741,#10742,#10743);
#10741 = CARTESIAN_POINT('',(23.5,7.5,5.3));
#10742 = DIRECTION('',(0.,0.,-1.));
#10743 = DIRECTION('',(1.,0.,0.));
#10744 = ORIENTED_EDGE('',*,*,#10690,.T.);
#10745 = CYLINDRICAL_SURFACE('',#10746,3.8);
#10746 = AXIS2_PLACEMENT_3D('',#10747,#10748,#10749);
#10747 = CARTESIAN_POINT('',(23.5,7.5,0.));
#10748 = DIRECTION('',(-0.,-0.,-1.));
#10749 = DIRECTION('',(1.,0.,0.));
#10750 = ADVANCED_FACE('',(#10751),#10769,.T.);
#10751 = FACE_BOUND('',#10752,.T.);
#10752 = EDGE_LOOP('',(#10753,#10761,#10762,#10763));
#10753 = ORIENTED_EDGE('',*,*,#10754,.F.);
#10754 = EDGE_CURVE('',#10705,#10755,#10757,.T.);
#10755 = VERTEX_POINT('',#10756);
#10756 = CARTESIAN_POINT('',(23.5,42.3,5.3));
#10757 = LINE('',#10758,#10759);
#10758 = CARTESIAN_POINT('',(4.,42.3,5.3));
#10759 = VECTOR('',#10760,1.);
#10760 = DIRECTION('',(1.,0.,0.));
#10761 = ORIENTED_EDGE('',*,*,#10713,.T.);
#10762 = ORIENTED_EDGE('',*,*,#10583,.T.);
#10763 = ORIENTED_EDGE('',*,*,#10764,.F.);
#10764 = EDGE_CURVE('',#10755,#10575,#10765,.T.);
#10765 = LINE('',#10766,#10767);
#10766 = CARTESIAN_POINT('',(23.5,42.3,0.));
#10767 = VECTOR('',#10768,1.);
#10768 = DIRECTION('',(0.,0.,1.));
#10769 = PLANE('',#10770);
#10770 = AXIS2_PLACEMENT_3D('',#10771,#10772,#10773);
#10771 = CARTESIAN_POINT('',(-2.5,42.3,0.));
#10772 = DIRECTION('',(0.,1.,0.));
#10773 = DIRECTION('',(0.,0.,1.));
#10774 = ADVANCED_FACE('',(#10775),#10793,.T.);
#10775 = FACE_BOUND('',#10776,.T.);
#10776 = EDGE_LOOP('',(#10777,#10778,#10786,#10792));
#10777 = ORIENTED_EDGE('',*,*,#10730,.F.);
#10778 = ORIENTED_EDGE('',*,*,#10779,.F.);
#10779 = EDGE_CURVE('',#10780,#10731,#10782,.T.);
#10780 = VERTEX_POINT('',#10781);
#10781 = CARTESIAN_POINT('',(27.3,38.5,5.3));
#10782 = LINE('',#10783,#10784);
#10783 = CARTESIAN_POINT('',(27.3,15.25,5.3));
#10784 = VECTOR('',#10785,1.);
#10785 = DIRECTION('',(0.,-1.,0.));
#10786 = ORIENTED_EDGE('',*,*,#10787,.T.);
#10787 = EDGE_CURVE('',#10780,#10567,#10788,.T.);
#10788 = LINE('',#10789,#10790);
#10789 = CARTESIAN_POINT('',(27.3,38.5,0.));
#10790 = VECTOR('',#10791,1.);
#10791 = DIRECTION('',(0.,0.,1.));
#10792 = ORIENTED_EDGE('',*,*,#10566,.F.);
#10793 = PLANE('',#10794);
#10794 = AXIS2_PLACEMENT_3D('',#10795,#10796,#10797);
#10795 = CARTESIAN_POINT('',(27.3,7.5,0.));
#10796 = DIRECTION('',(1.,0.,0.));
#10797 = DIRECTION('',(0.,0.,1.));
#10798 = ADVANCED_FACE('',(#10799),#10811,.T.);
#10799 = FACE_BOUND('',#10800,.F.);
#10800 = EDGE_LOOP('',(#10801,#10808,#10809,#10810));
#10801 = ORIENTED_EDGE('',*,*,#10802,.T.);
#10802 = EDGE_CURVE('',#10755,#10780,#10803,.T.);
#10803 = CIRCLE('',#10804,3.8);
#10804 = AXIS2_PLACEMENT_3D('',#10805,#10806,#10807);
#10805 = CARTESIAN_POINT('',(23.5,38.5,5.3));
#10806 = DIRECTION('',(0.,0.,-1.));
#10807 = DIRECTION('',(1.,0.,0.));
#10808 = ORIENTED_EDGE('',*,*,#10787,.T.);
#10809 = ORIENTED_EDGE('',*,*,#10574,.T.);
#10810 = ORIENTED_EDGE('',*,*,#10764,.F.);
#10811 = CYLINDRICAL_SURFACE('',#10812,3.8);
#10812 = AXIS2_PLACEMENT_3D('',#10813,#10814,#10815);
#10813 = CARTESIAN_POINT('',(23.5,38.5,0.));
#10814 = DIRECTION('',(-0.,-0.,-1.));
#10815 = DIRECTION('',(1.,0.,0.));
#10816 = ADVANCED_FACE('',(#10817,#10887),#10897,.T.);
#10817 = FACE_BOUND('',#10818,.T.);
#10818 = EDGE_LOOP('',(#10819,#10830,#10838,#10847,#10855,#10864,#10872,
    #10881));
#10819 = ORIENTED_EDGE('',*,*,#10820,.T.);
#10820 = EDGE_CURVE('',#10821,#10823,#10825,.T.);
#10821 = VERTEX_POINT('',#10822);
#10822 = CARTESIAN_POINT('',(-6.65,7.5,5.3));
#10823 = VERTEX_POINT('',#10824);
#10824 = CARTESIAN_POINT('',(-2.5,3.35,5.3));
#10825 = CIRCLE('',#10826,4.15);
#10826 = AXIS2_PLACEMENT_3D('',#10827,#10828,#10829);
#10827 = CARTESIAN_POINT('',(-2.5,7.5,5.3));
#10828 = DIRECTION('',(0.,0.,1.));
#10829 = DIRECTION('',(1.,0.,0.));
#10830 = ORIENTED_EDGE('',*,*,#10831,.T.);
#10831 = EDGE_CURVE('',#10823,#10832,#10834,.T.);
#10832 = VERTEX_POINT('',#10833);
#10833 = CARTESIAN_POINT('',(23.5,3.35,5.3));
#10834 = LINE('',#10835,#10836);
#10835 = CARTESIAN_POINT('',(-2.5,3.35,5.3));
#10836 = VECTOR('',#10837,1.);
#10837 = DIRECTION('',(1.,0.,0.));
#10838 = ORIENTED_EDGE('',*,*,#10839,.T.);
#10839 = EDGE_CURVE('',#10832,#10840,#10842,.T.);
#10840 = VERTEX_POINT('',#10841);
#10841 = CARTESIAN_POINT('',(27.65,7.5,5.3));
#10842 = CIRCLE('',#10843,4.15);
#10843 = AXIS2_PLACEMENT_3D('',#10844,#10845,#10846);
#10844 = CARTESIAN_POINT('',(23.5,7.5,5.3));
#10845 = DIRECTION('',(0.,0.,1.));
#10846 = DIRECTION('',(1.,0.,0.));
#10847 = ORIENTED_EDGE('',*,*,#10848,.T.);
#10848 = EDGE_CURVE('',#10840,#10849,#10851,.T.);
#10849 = VERTEX_POINT('',#10850);
#10850 = CARTESIAN_POINT('',(27.65,38.5,5.3));
#10851 = LINE('',#10852,#10853);
#10852 = CARTESIAN_POINT('',(27.65,7.5,5.3));
#10853 = VECTOR('',#10854,1.);
#10854 = DIRECTION('',(0.,1.,0.));
#10855 = ORIENTED_EDGE('',*,*,#10856,.T.);
#10856 = EDGE_CURVE('',#10849,#10857,#10859,.T.);
#10857 = VERTEX_POINT('',#10858);
#10858 = CARTESIAN_POINT('',(23.5,42.65,5.3));
#10859 = CIRCLE('',#10860,4.15);
#10860 = AXIS2_PLACEMENT_3D('',#10861,#10862,#10863);
#10861 = CARTESIAN_POINT('',(23.5,38.5,5.3));
#10862 = DIRECTION('',(0.,0.,1.));
#10863 = DIRECTION('',(1.,0.,0.));
#10864 = ORIENTED_EDGE('',*,*,#10865,.F.);
#10865 = EDGE_CURVE('',#10866,#10857,#10868,.T.);
#10866 = VERTEX_POINT('',#10867);
#10867 = CARTESIAN_POINT('',(-2.5,42.65,5.3));
#10868 = LINE('',#10869,#10870);
#10869 = CARTESIAN_POINT('',(-2.5,42.65,5.3));
#10870 = VECTOR('',#10871,1.);
#10871 = DIRECTION('',(1.,0.,0.));
#10872 = ORIENTED_EDGE('',*,*,#10873,.T.);
#10873 = EDGE_CURVE('',#10866,#10874,#10876,.T.);
#10874 = VERTEX_POINT('',#10875);
#10875 = CARTESIAN_POINT('',(-6.65,38.5,5.3));
#10876 = CIRCLE('',#10877,4.15);
#10877 = AXIS2_PLACEMENT_3D('',#10878,#10879,#10880);
#10878 = CARTESIAN_POINT('',(-2.5,38.5,5.3));
#10879 = DIRECTION('',(0.,0.,1.));
#10880 = DIRECTION('',(1.,0.,0.));
#10881 = ORIENTED_EDGE('',*,*,#10882,.F.);
#10882 = EDGE_CURVE('',#10821,#10874,#10883,.T.);
#10883 = LINE('',#10884,#10885);
#10884 = CARTESIAN_POINT('',(-6.65,7.5,5.3));
#10885 = VECTOR('',#10886,1.);
#10886 = DIRECTION('',(0.,1.,0.));
#10887 = FACE_BOUND('',#10888,.T.);
#10888 = EDGE_LOOP('',(#10889,#10890,#10891,#10892,#10893,#10894,#10895,
    #10896));
#10889 = ORIENTED_EDGE('',*,*,#10680,.F.);
#10890 = ORIENTED_EDGE('',*,*,#10632,.T.);
#10891 = ORIENTED_EDGE('',*,*,#10657,.F.);
#10892 = ORIENTED_EDGE('',*,*,#10704,.T.);
#10893 = ORIENTED_EDGE('',*,*,#10754,.T.);
#10894 = ORIENTED_EDGE('',*,*,#10802,.T.);
#10895 = ORIENTED_EDGE('',*,*,#10779,.T.);
#10896 = ORIENTED_EDGE('',*,*,#10738,.T.);
#10897 = PLANE('',#10898);
#10898 = AXIS2_PLACEMENT_3D('',#10899,#10900,#10901);
#10899 = CARTESIAN_POINT('',(10.5,23.,5.3));
#10900 = DIRECTION('',(0.,0.,1.));
#10901 = DIRECTION('',(1.,0.,0.));
#10902 = ADVANCED_FACE('',(#10903),#10929,.T.);
#10903 = FACE_BOUND('',#10904,.F.);
#10904 = EDGE_LOOP('',(#10905,#10913,#10922,#10928));
#10905 = ORIENTED_EDGE('',*,*,#10906,.F.);
#10906 = EDGE_CURVE('',#10907,#10823,#10909,.T.);
#10907 = VERTEX_POINT('',#10908);
#10908 = CARTESIAN_POINT('',(-2.5,3.35,4.));
#10909 = LINE('',#10910,#10911);
#10910 = CARTESIAN_POINT('',(-2.5,3.35,4.));
#10911 = VECTOR('',#10912,1.);
#10912 = DIRECTION('',(0.,0.,1.));
#10913 = ORIENTED_EDGE('',*,*,#10914,.F.);
#10914 = EDGE_CURVE('',#10915,#10907,#10917,.T.);
#10915 = VERTEX_POINT('',#10916);
#10916 = CARTESIAN_POINT('',(-6.65,7.5,4.));
#10917 = CIRCLE('',#10918,4.15);
#10918 = AXIS2_PLACEMENT_3D('',#10919,#10920,#10921);
#10919 = CARTESIAN_POINT('',(-2.5,7.5,4.));
#10920 = DIRECTION('',(0.,0.,1.));
#10921 = DIRECTION('',(1.,0.,0.));
#10922 = ORIENTED_EDGE('',*,*,#10923,.T.);
#10923 = EDGE_CURVE('',#10915,#10821,#10924,.T.);
#10924 = LINE('',#10925,#10926);
#10925 = CARTESIAN_POINT('',(-6.65,7.5,4.));
#10926 = VECTOR('',#10927,1.);
#10927 = DIRECTION('',(0.,0.,1.));
#10928 = ORIENTED_EDGE('',*,*,#10820,.T.);
#10929 = CYLINDRICAL_SURFACE('',#10930,4.15);
#10930 = AXIS2_PLACEMENT_3D('',#10931,#10932,#10933);
#10931 = CARTESIAN_POINT('',(-2.5,7.5,4.));
#10932 = DIRECTION('',(-0.,-0.,-1.));
#10933 = DIRECTION('',(1.,0.,0.));
#10934 = ADVANCED_FACE('',(#10935),#10953,.F.);
#10935 = FACE_BOUND('',#10936,.F.);
#10936 = EDGE_LOOP('',(#10937,#10938,#10946,#10952));
#10937 = ORIENTED_EDGE('',*,*,#10923,.F.);
#10938 = ORIENTED_EDGE('',*,*,#10939,.T.);
#10939 = EDGE_CURVE('',#10915,#10940,#10942,.T.);
#10940 = VERTEX_POINT('',#10941);
#10941 = CARTESIAN_POINT('',(-6.65,38.5,4.));
#10942 = LINE('',#10943,#10944);
#10943 = CARTESIAN_POINT('',(-6.65,7.5,4.));
#10944 = VECTOR('',#10945,1.);
#10945 = DIRECTION('',(0.,1.,0.));
#10946 = ORIENTED_EDGE('',*,*,#10947,.T.);
#10947 = EDGE_CURVE('',#10940,#10874,#10948,.T.);
#10948 = LINE('',#10949,#10950);
#10949 = CARTESIAN_POINT('',(-6.65,38.5,4.));
#10950 = VECTOR('',#10951,1.);
#10951 = DIRECTION('',(0.,0.,1.));
#10952 = ORIENTED_EDGE('',*,*,#10882,.F.);
#10953 = PLANE('',#10954);
#10954 = AXIS2_PLACEMENT_3D('',#10955,#10956,#10957);
#10955 = CARTESIAN_POINT('',(-6.65,7.5,4.));
#10956 = DIRECTION('',(1.,0.,0.));
#10957 = DIRECTION('',(0.,0.,1.));
#10958 = ADVANCED_FACE('',(#10959),#10977,.F.);
#10959 = FACE_BOUND('',#10960,.F.);
#10960 = EDGE_LOOP('',(#10961,#10969,#10970,#10971));
#10961 = ORIENTED_EDGE('',*,*,#10962,.F.);
#10962 = EDGE_CURVE('',#10907,#10963,#10965,.T.);
#10963 = VERTEX_POINT('',#10964);
#10964 = CARTESIAN_POINT('',(23.5,3.35,4.));
#10965 = LINE('',#10966,#10967);
#10966 = CARTESIAN_POINT('',(-2.5,3.35,4.));
#10967 = VECTOR('',#10968,1.);
#10968 = DIRECTION('',(1.,0.,0.));
#10969 = ORIENTED_EDGE('',*,*,#10906,.T.);
#10970 = ORIENTED_EDGE('',*,*,#10831,.T.);
#10971 = ORIENTED_EDGE('',*,*,#10972,.F.);
#10972 = EDGE_CURVE('',#10963,#10832,#10973,.T.);
#10973 = LINE('',#10974,#10975);
#10974 = CARTESIAN_POINT('',(23.5,3.35,4.));
#10975 = VECTOR('',#10976,1.);
#10976 = DIRECTION('',(0.,0.,1.));
#10977 = PLANE('',#10978);
#10978 = AXIS2_PLACEMENT_3D('',#10979,#10980,#10981);
#10979 = CARTESIAN_POINT('',(-2.5,3.35,4.));
#10980 = DIRECTION('',(0.,1.,0.));
#10981 = DIRECTION('',(0.,0.,1.));
#10982 = ADVANCED_FACE('',(#10983),#11002,.T.);
#10983 = FACE_BOUND('',#10984,.F.);
#10984 = EDGE_LOOP('',(#10985,#10994,#11000,#11001));
#10985 = ORIENTED_EDGE('',*,*,#10986,.F.);
#10986 = EDGE_CURVE('',#10987,#10940,#10989,.T.);
#10987 = VERTEX_POINT('',#10988);
#10988 = CARTESIAN_POINT('',(-2.5,42.65,4.));
#10989 = CIRCLE('',#10990,4.15);
#10990 = AXIS2_PLACEMENT_3D('',#10991,#10992,#10993);
#10991 = CARTESIAN_POINT('',(-2.5,38.5,4.));
#10992 = DIRECTION('',(0.,0.,1.));
#10993 = DIRECTION('',(1.,0.,0.));
#10994 = ORIENTED_EDGE('',*,*,#10995,.T.);
#10995 = EDGE_CURVE('',#10987,#10866,#10996,.T.);
#10996 = LINE('',#10997,#10998);
#10997 = CARTESIAN_POINT('',(-2.5,42.65,4.));
#10998 = VECTOR('',#10999,1.);
#10999 = DIRECTION('',(0.,0.,1.));
#11000 = ORIENTED_EDGE('',*,*,#10873,.T.);
#11001 = ORIENTED_EDGE('',*,*,#10947,.F.);
#11002 = CYLINDRICAL_SURFACE('',#11003,4.15);
#11003 = AXIS2_PLACEMENT_3D('',#11004,#11005,#11006);
#11004 = CARTESIAN_POINT('',(-2.5,38.5,4.));
#11005 = DIRECTION('',(-0.,-0.,-1.));
#11006 = DIRECTION('',(1.,0.,0.));
#11007 = ADVANCED_FACE('',(#11008),#11027,.T.);
#11008 = FACE_BOUND('',#11009,.F.);
#11009 = EDGE_LOOP('',(#11010,#11018,#11025,#11026));
#11010 = ORIENTED_EDGE('',*,*,#11011,.F.);
#11011 = EDGE_CURVE('',#11012,#10840,#11014,.T.);
#11012 = VERTEX_POINT('',#11013);
#11013 = CARTESIAN_POINT('',(27.65,7.5,4.));
#11014 = LINE('',#11015,#11016);
#11015 = CARTESIAN_POINT('',(27.65,7.5,4.));
#11016 = VECTOR('',#11017,1.);
#11017 = DIRECTION('',(0.,0.,1.));
#11018 = ORIENTED_EDGE('',*,*,#11019,.F.);
#11019 = EDGE_CURVE('',#10963,#11012,#11020,.T.);
#11020 = CIRCLE('',#11021,4.15);
#11021 = AXIS2_PLACEMENT_3D('',#11022,#11023,#11024);
#11022 = CARTESIAN_POINT('',(23.5,7.5,4.));
#11023 = DIRECTION('',(0.,0.,1.));
#11024 = DIRECTION('',(1.,0.,0.));
#11025 = ORIENTED_EDGE('',*,*,#10972,.T.);
#11026 = ORIENTED_EDGE('',*,*,#10839,.T.);
#11027 = CYLINDRICAL_SURFACE('',#11028,4.15);
#11028 = AXIS2_PLACEMENT_3D('',#11029,#11030,#11031);
#11029 = CARTESIAN_POINT('',(23.5,7.5,4.));
#11030 = DIRECTION('',(-0.,-0.,-1.));
#11031 = DIRECTION('',(1.,0.,0.));
#11032 = ADVANCED_FACE('',(#11033),#11051,.T.);
#11033 = FACE_BOUND('',#11034,.T.);
#11034 = EDGE_LOOP('',(#11035,#11043,#11044,#11045));
#11035 = ORIENTED_EDGE('',*,*,#11036,.F.);
#11036 = EDGE_CURVE('',#10987,#11037,#11039,.T.);
#11037 = VERTEX_POINT('',#11038);
#11038 = CARTESIAN_POINT('',(23.5,42.65,4.));
#11039 = LINE('',#11040,#11041);
#11040 = CARTESIAN_POINT('',(-2.5,42.65,4.));
#11041 = VECTOR('',#11042,1.);
#11042 = DIRECTION('',(1.,0.,0.));
#11043 = ORIENTED_EDGE('',*,*,#10995,.T.);
#11044 = ORIENTED_EDGE('',*,*,#10865,.T.);
#11045 = ORIENTED_EDGE('',*,*,#11046,.F.);
#11046 = EDGE_CURVE('',#11037,#10857,#11047,.T.);
#11047 = LINE('',#11048,#11049);
#11048 = CARTESIAN_POINT('',(23.5,42.65,4.));
#11049 = VECTOR('',#11050,1.);
#11050 = DIRECTION('',(0.,0.,1.));
#11051 = PLANE('',#11052);
#11052 = AXIS2_PLACEMENT_3D('',#11053,#11054,#11055);
#11053 = CARTESIAN_POINT('',(-2.5,42.65,4.));
#11054 = DIRECTION('',(0.,1.,0.));
#11055 = DIRECTION('',(0.,0.,1.));
#11056 = ADVANCED_FACE('',(#11057),#11075,.T.);
#11057 = FACE_BOUND('',#11058,.T.);
#11058 = EDGE_LOOP('',(#11059,#11060,#11068,#11074));
#11059 = ORIENTED_EDGE('',*,*,#11011,.F.);
#11060 = ORIENTED_EDGE('',*,*,#11061,.T.);
#11061 = EDGE_CURVE('',#11012,#11062,#11064,.T.);
#11062 = VERTEX_POINT('',#11063);
#11063 = CARTESIAN_POINT('',(27.65,38.5,4.));
#11064 = LINE('',#11065,#11066);
#11065 = CARTESIAN_POINT('',(27.65,7.5,4.));
#11066 = VECTOR('',#11067,1.);
#11067 = DIRECTION('',(0.,1.,0.));
#11068 = ORIENTED_EDGE('',*,*,#11069,.T.);
#11069 = EDGE_CURVE('',#11062,#10849,#11070,.T.);
#11070 = LINE('',#11071,#11072);
#11071 = CARTESIAN_POINT('',(27.65,38.5,4.));
#11072 = VECTOR('',#11073,1.);
#11073 = DIRECTION('',(0.,0.,1.));
#11074 = ORIENTED_EDGE('',*,*,#10848,.F.);
#11075 = PLANE('',#11076);
#11076 = AXIS2_PLACEMENT_3D('',#11077,#11078,#11079);
#11077 = CARTESIAN_POINT('',(27.65,7.5,4.));
#11078 = DIRECTION('',(1.,0.,0.));
#11079 = DIRECTION('',(0.,0.,1.));
#11080 = ADVANCED_FACE('',(#11081),#11093,.T.);
#11081 = FACE_BOUND('',#11082,.F.);
#11082 = EDGE_LOOP('',(#11083,#11090,#11091,#11092));
#11083 = ORIENTED_EDGE('',*,*,#11084,.F.);
#11084 = EDGE_CURVE('',#11062,#11037,#11085,.T.);
#11085 = CIRCLE('',#11086,4.15);
#11086 = AXIS2_PLACEMENT_3D('',#11087,#11088,#11089);
#11087 = CARTESIAN_POINT('',(23.5,38.5,4.));
#11088 = DIRECTION('',(0.,0.,1.));
#11089 = DIRECTION('',(1.,0.,0.));
#11090 = ORIENTED_EDGE('',*,*,#11069,.T.);
#11091 = ORIENTED_EDGE('',*,*,#10856,.T.);
#11092 = ORIENTED_EDGE('',*,*,#11046,.F.);
#11093 = CYLINDRICAL_SURFACE('',#11094,4.15);
#11094 = AXIS2_PLACEMENT_3D('',#11095,#11096,#11097);
#11095 = CARTESIAN_POINT('',(23.5,38.5,4.));
#11096 = DIRECTION('',(-0.,-0.,-1.));
#11097 = DIRECTION('',(1.,0.,0.));
#11098 = ADVANCED_FACE('',(#11099,#11109),#11179,.T.);
#11099 = FACE_BOUND('',#11100,.T.);
#11100 = EDGE_LOOP('',(#11101,#11102,#11103,#11104,#11105,#11106,#11107,
    #11108));
#11101 = ORIENTED_EDGE('',*,*,#10914,.F.);
#11102 = ORIENTED_EDGE('',*,*,#10939,.T.);
#11103 = ORIENTED_EDGE('',*,*,#10986,.F.);
#11104 = ORIENTED_EDGE('',*,*,#11036,.T.);
#11105 = ORIENTED_EDGE('',*,*,#11084,.F.);
#11106 = ORIENTED_EDGE('',*,*,#11061,.F.);
#11107 = ORIENTED_EDGE('',*,*,#11019,.F.);
#11108 = ORIENTED_EDGE('',*,*,#10962,.F.);
#11109 = FACE_BOUND('',#11110,.T.);
#11110 = EDGE_LOOP('',(#11111,#11122,#11130,#11139,#11147,#11156,#11164,
    #11173));
#11111 = ORIENTED_EDGE('',*,*,#11112,.F.);
#11112 = EDGE_CURVE('',#11113,#11115,#11117,.T.);
#11113 = VERTEX_POINT('',#11114);
#11114 = CARTESIAN_POINT('',(-2.5,3.7,4.));
#11115 = VERTEX_POINT('',#11116);
#11116 = CARTESIAN_POINT('',(-6.3,7.5,4.));
#11117 = CIRCLE('',#11118,3.8);
#11118 = AXIS2_PLACEMENT_3D('',#11119,#11120,#11121);
#11119 = CARTESIAN_POINT('',(-2.5,7.5,4.));
#11120 = DIRECTION('',(0.,0.,-1.));
#11121 = DIRECTION('',(1.,0.,0.));
#11122 = ORIENTED_EDGE('',*,*,#11123,.F.);
#11123 = EDGE_CURVE('',#11124,#11113,#11126,.T.);
#11124 = VERTEX_POINT('',#11125);
#11125 = CARTESIAN_POINT('',(23.5,3.7,4.));
#11126 = LINE('',#11127,#11128);
#11127 = CARTESIAN_POINT('',(4.,3.7,4.));
#11128 = VECTOR('',#11129,1.);
#11129 = DIRECTION('',(-1.,0.,0.));
#11130 = ORIENTED_EDGE('',*,*,#11131,.F.);
#11131 = EDGE_CURVE('',#11132,#11124,#11134,.T.);
#11132 = VERTEX_POINT('',#11133);
#11133 = CARTESIAN_POINT('',(27.3,7.5,4.));
#11134 = CIRCLE('',#11135,3.8);
#11135 = AXIS2_PLACEMENT_3D('',#11136,#11137,#11138);
#11136 = CARTESIAN_POINT('',(23.5,7.5,4.));
#11137 = DIRECTION('',(0.,0.,-1.));
#11138 = DIRECTION('',(1.,0.,0.));
#11139 = ORIENTED_EDGE('',*,*,#11140,.T.);
#11140 = EDGE_CURVE('',#11132,#11141,#11143,.T.);
#11141 = VERTEX_POINT('',#11142);
#11142 = CARTESIAN_POINT('',(27.3,38.5,4.));
#11143 = LINE('',#11144,#11145);
#11144 = CARTESIAN_POINT('',(27.3,15.25,4.));
#11145 = VECTOR('',#11146,1.);
#11146 = DIRECTION('',(0.,1.,0.));
#11147 = ORIENTED_EDGE('',*,*,#11148,.F.);
#11148 = EDGE_CURVE('',#11149,#11141,#11151,.T.);
#11149 = VERTEX_POINT('',#11150);
#11150 = CARTESIAN_POINT('',(23.5,42.3,4.));
#11151 = CIRCLE('',#11152,3.8);
#11152 = AXIS2_PLACEMENT_3D('',#11153,#11154,#11155);
#11153 = CARTESIAN_POINT('',(23.5,38.5,4.));
#11154 = DIRECTION('',(0.,0.,-1.));
#11155 = DIRECTION('',(1.,0.,0.));
#11156 = ORIENTED_EDGE('',*,*,#11157,.T.);
#11157 = EDGE_CURVE('',#11149,#11158,#11160,.T.);
#11158 = VERTEX_POINT('',#11159);
#11159 = CARTESIAN_POINT('',(-2.5,42.3,4.));
#11160 = LINE('',#11161,#11162);
#11161 = CARTESIAN_POINT('',(4.,42.3,4.));
#11162 = VECTOR('',#11163,1.);
#11163 = DIRECTION('',(-1.,0.,0.));
#11164 = ORIENTED_EDGE('',*,*,#11165,.F.);
#11165 = EDGE_CURVE('',#11166,#11158,#11168,.T.);
#11166 = VERTEX_POINT('',#11167);
#11167 = CARTESIAN_POINT('',(-6.3,38.5,4.));
#11168 = CIRCLE('',#11169,3.8);
#11169 = AXIS2_PLACEMENT_3D('',#11170,#11171,#11172);
#11170 = CARTESIAN_POINT('',(-2.5,38.5,4.));
#11171 = DIRECTION('',(0.,0.,-1.));
#11172 = DIRECTION('',(1.,0.,0.));
#11173 = ORIENTED_EDGE('',*,*,#11174,.F.);
#11174 = EDGE_CURVE('',#11115,#11166,#11175,.T.);
#11175 = LINE('',#11176,#11177);
#11176 = CARTESIAN_POINT('',(-6.3,15.25,4.));
#11177 = VECTOR('',#11178,1.);
#11178 = DIRECTION('',(0.,1.,0.));
#11179 = PLANE('',#11180);
#11180 = AXIS2_PLACEMENT_3D('',#11181,#11182,#11183);
#11181 = CARTESIAN_POINT('',(10.5,23.,4.));
#11182 = DIRECTION('',(-0.,-0.,-1.));
#11183 = DIRECTION('',(-1.,0.,0.));
#11184 = ADVANCED_FACE('',(#11185),#11211,.T.);
#11185 = FACE_BOUND('',#11186,.F.);
#11186 = EDGE_LOOP('',(#11187,#11195,#11204,#11210));
#11187 = ORIENTED_EDGE('',*,*,#11188,.F.);
#11188 = EDGE_CURVE('',#11189,#11113,#11191,.T.);
#11189 = VERTEX_POINT('',#11190);
#11190 = CARTESIAN_POINT('',(-2.5,3.7,0.));
#11191 = LINE('',#11192,#11193);
#11192 = CARTESIAN_POINT('',(-2.5,3.7,0.));
#11193 = VECTOR('',#11194,1.);
#11194 = DIRECTION('',(0.,0.,1.));
#11195 = ORIENTED_EDGE('',*,*,#11196,.F.);
#11196 = EDGE_CURVE('',#11197,#11189,#11199,.T.);
#11197 = VERTEX_POINT('',#11198);
#11198 = CARTESIAN_POINT('',(-6.3,7.5,0.));
#11199 = CIRCLE('',#11200,3.8);
#11200 = AXIS2_PLACEMENT_3D('',#11201,#11202,#11203);
#11201 = CARTESIAN_POINT('',(-2.5,7.5,0.));
#11202 = DIRECTION('',(0.,0.,1.));
#11203 = DIRECTION('',(1.,0.,0.));
#11204 = ORIENTED_EDGE('',*,*,#11205,.T.);
#11205 = EDGE_CURVE('',#11197,#11115,#11206,.T.);
#11206 = LINE('',#11207,#11208);
#11207 = CARTESIAN_POINT('',(-6.3,7.5,0.));
#11208 = VECTOR('',#11209,1.);
#11209 = DIRECTION('',(0.,0.,1.));
#11210 = ORIENTED_EDGE('',*,*,#11112,.F.);
#11211 = CYLINDRICAL_SURFACE('',#11212,3.8);
#11212 = AXIS2_PLACEMENT_3D('',#11213,#11214,#11215);
#11213 = CARTESIAN_POINT('',(-2.5,7.5,0.));
#11214 = DIRECTION('',(-0.,-0.,-1.));
#11215 = DIRECTION('',(1.,0.,0.));
#11216 = ADVANCED_FACE('',(#11217),#11235,.F.);
#11217 = FACE_BOUND('',#11218,.F.);
#11218 = EDGE_LOOP('',(#11219,#11220,#11228,#11234));
#11219 = ORIENTED_EDGE('',*,*,#11205,.F.);
#11220 = ORIENTED_EDGE('',*,*,#11221,.T.);
#11221 = EDGE_CURVE('',#11197,#11222,#11224,.T.);
#11222 = VERTEX_POINT('',#11223);
#11223 = CARTESIAN_POINT('',(-6.3,38.5,0.));
#11224 = LINE('',#11225,#11226);
#11225 = CARTESIAN_POINT('',(-6.3,7.5,0.));
#11226 = VECTOR('',#11227,1.);
#11227 = DIRECTION('',(0.,1.,0.));
#11228 = ORIENTED_EDGE('',*,*,#11229,.T.);
#11229 = EDGE_CURVE('',#11222,#11166,#11230,.T.);
#11230 = LINE('',#11231,#11232);
#11231 = CARTESIAN_POINT('',(-6.3,38.5,0.));
#11232 = VECTOR('',#11233,1.);
#11233 = DIRECTION('',(0.,0.,1.));
#11234 = ORIENTED_EDGE('',*,*,#11174,.F.);
#11235 = PLANE('',#11236);
#11236 = AXIS2_PLACEMENT_3D('',#11237,#11238,#11239);
#11237 = CARTESIAN_POINT('',(-6.3,7.5,0.));
#11238 = DIRECTION('',(1.,0.,0.));
#11239 = DIRECTION('',(0.,0.,1.));
#11240 = ADVANCED_FACE('',(#11241),#11260,.T.);
#11241 = FACE_BOUND('',#11242,.F.);
#11242 = EDGE_LOOP('',(#11243,#11252,#11258,#11259));
#11243 = ORIENTED_EDGE('',*,*,#11244,.F.);
#11244 = EDGE_CURVE('',#11245,#11222,#11247,.T.);
#11245 = VERTEX_POINT('',#11246);
#11246 = CARTESIAN_POINT('',(-2.5,42.3,0.));
#11247 = CIRCLE('',#11248,3.8);
#11248 = AXIS2_PLACEMENT_3D('',#11249,#11250,#11251);
#11249 = CARTESIAN_POINT('',(-2.5,38.5,0.));
#11250 = DIRECTION('',(0.,0.,1.));
#11251 = DIRECTION('',(1.,0.,0.));
#11252 = ORIENTED_EDGE('',*,*,#11253,.T.);
#11253 = EDGE_CURVE('',#11245,#11158,#11254,.T.);
#11254 = LINE('',#11255,#11256);
#11255 = CARTESIAN_POINT('',(-2.5,42.3,0.));
#11256 = VECTOR('',#11257,1.);
#11257 = DIRECTION('',(0.,0.,1.));
#11258 = ORIENTED_EDGE('',*,*,#11165,.F.);
#11259 = ORIENTED_EDGE('',*,*,#11229,.F.);
#11260 = CYLINDRICAL_SURFACE('',#11261,3.8);
#11261 = AXIS2_PLACEMENT_3D('',#11262,#11263,#11264);
#11262 = CARTESIAN_POINT('',(-2.5,38.5,0.));
#11263 = DIRECTION('',(-0.,-0.,-1.));
#11264 = DIRECTION('',(1.,0.,0.));
#11265 = ADVANCED_FACE('',(#11266),#11284,.T.);
#11266 = FACE_BOUND('',#11267,.T.);
#11267 = EDGE_LOOP('',(#11268,#11276,#11277,#11278));
#11268 = ORIENTED_EDGE('',*,*,#11269,.F.);
#11269 = EDGE_CURVE('',#11245,#11270,#11272,.T.);
#11270 = VERTEX_POINT('',#11271);
#11271 = CARTESIAN_POINT('',(23.5,42.3,0.));
#11272 = LINE('',#11273,#11274);
#11273 = CARTESIAN_POINT('',(-2.5,42.3,0.));
#11274 = VECTOR('',#11275,1.);
#11275 = DIRECTION('',(1.,0.,0.));
#11276 = ORIENTED_EDGE('',*,*,#11253,.T.);
#11277 = ORIENTED_EDGE('',*,*,#11157,.F.);
#11278 = ORIENTED_EDGE('',*,*,#11279,.F.);
#11279 = EDGE_CURVE('',#11270,#11149,#11280,.T.);
#11280 = LINE('',#11281,#11282);
#11281 = CARTESIAN_POINT('',(23.5,42.3,0.));
#11282 = VECTOR('',#11283,1.);
#11283 = DIRECTION('',(0.,0.,1.));
#11284 = PLANE('',#11285);
#11285 = AXIS2_PLACEMENT_3D('',#11286,#11287,#11288);
#11286 = CARTESIAN_POINT('',(-2.5,42.3,0.));
#11287 = DIRECTION('',(0.,1.,0.));
#11288 = DIRECTION('',(0.,0.,1.));
#11289 = ADVANCED_FACE('',(#11290),#11309,.T.);
#11290 = FACE_BOUND('',#11291,.F.);
#11291 = EDGE_LOOP('',(#11292,#11301,#11307,#11308));
#11292 = ORIENTED_EDGE('',*,*,#11293,.F.);
#11293 = EDGE_CURVE('',#11294,#11270,#11296,.T.);
#11294 = VERTEX_POINT('',#11295);
#11295 = CARTESIAN_POINT('',(27.3,38.5,0.));
#11296 = CIRCLE('',#11297,3.8);
#11297 = AXIS2_PLACEMENT_3D('',#11298,#11299,#11300);
#11298 = CARTESIAN_POINT('',(23.5,38.5,0.));
#11299 = DIRECTION('',(0.,0.,1.));
#11300 = DIRECTION('',(1.,0.,0.));
#11301 = ORIENTED_EDGE('',*,*,#11302,.T.);
#11302 = EDGE_CURVE('',#11294,#11141,#11303,.T.);
#11303 = LINE('',#11304,#11305);
#11304 = CARTESIAN_POINT('',(27.3,38.5,0.));
#11305 = VECTOR('',#11306,1.);
#11306 = DIRECTION('',(0.,0.,1.));
#11307 = ORIENTED_EDGE('',*,*,#11148,.F.);
#11308 = ORIENTED_EDGE('',*,*,#11279,.F.);
#11309 = CYLINDRICAL_SURFACE('',#11310,3.8);
#11310 = AXIS2_PLACEMENT_3D('',#11311,#11312,#11313);
#11311 = CARTESIAN_POINT('',(23.5,38.5,0.));
#11312 = DIRECTION('',(-0.,-0.,-1.));
#11313 = DIRECTION('',(1.,0.,0.));
#11314 = ADVANCED_FACE('',(#11315),#11333,.T.);
#11315 = FACE_BOUND('',#11316,.T.);
#11316 = EDGE_LOOP('',(#11317,#11325,#11331,#11332));
#11317 = ORIENTED_EDGE('',*,*,#11318,.F.);
#11318 = EDGE_CURVE('',#11319,#11132,#11321,.T.);
#11319 = VERTEX_POINT('',#11320);
#11320 = CARTESIAN_POINT('',(27.3,7.5,0.));
#11321 = LINE('',#11322,#11323);
#11322 = CARTESIAN_POINT('',(27.3,7.5,0.));
#11323 = VECTOR('',#11324,1.);
#11324 = DIRECTION('',(0.,0.,1.));
#11325 = ORIENTED_EDGE('',*,*,#11326,.T.);
#11326 = EDGE_CURVE('',#11319,#11294,#11327,.T.);
#11327 = LINE('',#11328,#11329);
#11328 = CARTESIAN_POINT('',(27.3,7.5,0.));
#11329 = VECTOR('',#11330,1.);
#11330 = DIRECTION('',(0.,1.,0.));
#11331 = ORIENTED_EDGE('',*,*,#11302,.T.);
#11332 = ORIENTED_EDGE('',*,*,#11140,.F.);
#11333 = PLANE('',#11334);
#11334 = AXIS2_PLACEMENT_3D('',#11335,#11336,#11337);
#11335 = CARTESIAN_POINT('',(27.3,7.5,0.));
#11336 = DIRECTION('',(1.,0.,0.));
#11337 = DIRECTION('',(0.,0.,1.));
#11338 = ADVANCED_FACE('',(#11339),#11358,.T.);
#11339 = FACE_BOUND('',#11340,.F.);
#11340 = EDGE_LOOP('',(#11341,#11342,#11351,#11357));
#11341 = ORIENTED_EDGE('',*,*,#11318,.F.);
#11342 = ORIENTED_EDGE('',*,*,#11343,.F.);
#11343 = EDGE_CURVE('',#11344,#11319,#11346,.T.);
#11344 = VERTEX_POINT('',#11345);
#11345 = CARTESIAN_POINT('',(23.5,3.7,0.));
#11346 = CIRCLE('',#11347,3.8);
#11347 = AXIS2_PLACEMENT_3D('',#11348,#11349,#11350);
#11348 = CARTESIAN_POINT('',(23.5,7.5,0.));
#11349 = DIRECTION('',(0.,0.,1.));
#11350 = DIRECTION('',(1.,0.,0.));
#11351 = ORIENTED_EDGE('',*,*,#11352,.T.);
#11352 = EDGE_CURVE('',#11344,#11124,#11353,.T.);
#11353 = LINE('',#11354,#11355);
#11354 = CARTESIAN_POINT('',(23.5,3.7,0.));
#11355 = VECTOR('',#11356,1.);
#11356 = DIRECTION('',(0.,0.,1.));
#11357 = ORIENTED_EDGE('',*,*,#11131,.F.);
#11358 = CYLINDRICAL_SURFACE('',#11359,3.8);
#11359 = AXIS2_PLACEMENT_3D('',#11360,#11361,#11362);
#11360 = CARTESIAN_POINT('',(23.5,7.5,0.));
#11361 = DIRECTION('',(-0.,-0.,-1.));
#11362 = DIRECTION('',(1.,0.,0.));
#11363 = ADVANCED_FACE('',(#11364),#11375,.F.);
#11364 = FACE_BOUND('',#11365,.F.);
#11365 = EDGE_LOOP('',(#11366,#11372,#11373,#11374));
#11366 = ORIENTED_EDGE('',*,*,#11367,.F.);
#11367 = EDGE_CURVE('',#11189,#11344,#11368,.T.);
#11368 = LINE('',#11369,#11370);
#11369 = CARTESIAN_POINT('',(-2.5,3.7,0.));
#11370 = VECTOR('',#11371,1.);
#11371 = DIRECTION('',(1.,0.,0.));
#11372 = ORIENTED_EDGE('',*,*,#11188,.T.);
#11373 = ORIENTED_EDGE('',*,*,#11123,.F.);
#11374 = ORIENTED_EDGE('',*,*,#11352,.F.);
#11375 = PLANE('',#11376);
#11376 = AXIS2_PLACEMENT_3D('',#11377,#11378,#11379);
#11377 = CARTESIAN_POINT('',(-2.5,3.7,0.));
#11378 = DIRECTION('',(0.,1.,0.));
#11379 = DIRECTION('',(0.,0.,1.));
#11380 = ADVANCED_FACE('',(#11381),#11391,.T.);
#11381 = FACE_BOUND('',#11382,.T.);
#11382 = EDGE_LOOP('',(#11383,#11384,#11385,#11386,#11387,#11388,#11389,
    #11390));
#11383 = ORIENTED_EDGE('',*,*,#11196,.F.);
#11384 = ORIENTED_EDGE('',*,*,#11221,.T.);
#11385 = ORIENTED_EDGE('',*,*,#11244,.F.);
#11386 = ORIENTED_EDGE('',*,*,#11269,.T.);
#11387 = ORIENTED_EDGE('',*,*,#11293,.F.);
#11388 = ORIENTED_EDGE('',*,*,#11326,.F.);
#11389 = ORIENTED_EDGE('',*,*,#11343,.F.);
#11390 = ORIENTED_EDGE('',*,*,#11367,.F.);
#11391 = PLANE('',#11392);
#11392 = AXIS2_PLACEMENT_3D('',#11393,#11394,#11395);
#11393 = CARTESIAN_POINT('',(10.5,23.,0.));
#11394 = DIRECTION('',(-0.,-0.,-1.));
#11395 = DIRECTION('',(-1.,0.,0.));
#11396 = MANIFOLD_SOLID_BREP('',#11397);
#11397 = CLOSED_SHELL('',(#11398,#11438,#11469,#11500,#11531,#11562,
    #11593,#11624,#11646,#11688,#11719,#11752,#11774,#11807,#11849,
    #11880,#11913,#11935,#11977,#12008,#12041,#12063,#12096,#12138,
    #12169,#12202,#12224,#12257,#12290,#12342));
#11398 = ADVANCED_FACE('',(#11399),#11433,.T.);
#11399 = FACE_BOUND('',#11400,.T.);
#11400 = EDGE_LOOP('',(#11401,#11411,#11419,#11427));
#11401 = ORIENTED_EDGE('',*,*,#11402,.T.);
#11402 = EDGE_CURVE('',#11403,#11405,#11407,.T.);
#11403 = VERTEX_POINT('',#11404);
#11404 = CARTESIAN_POINT('',(25.,27.5,12.6));
#11405 = VERTEX_POINT('',#11406);
#11406 = CARTESIAN_POINT('',(25.,27.5,13.6));
#11407 = LINE('',#11408,#11409);
#11408 = CARTESIAN_POINT('',(25.,27.5,12.6));
#11409 = VECTOR('',#11410,1.);
#11410 = DIRECTION('',(0.,0.,1.));
#11411 = ORIENTED_EDGE('',*,*,#11412,.T.);
#11412 = EDGE_CURVE('',#11405,#11413,#11415,.T.);
#11413 = VERTEX_POINT('',#11414);
#11414 = CARTESIAN_POINT('',(24.45,27.5,13.6));
#11415 = LINE('',#11416,#11417);
#11416 = CARTESIAN_POINT('',(25.,27.5,13.6));
#11417 = VECTOR('',#11418,1.);
#11418 = DIRECTION('',(-1.,0.,0.));
#11419 = ORIENTED_EDGE('',*,*,#11420,.F.);
#11420 = EDGE_CURVE('',#11421,#11413,#11423,.T.);
#11421 = VERTEX_POINT('',#11422);
#11422 = CARTESIAN_POINT('',(24.45,27.5,12.6));
#11423 = LINE('',#11424,#11425);
#11424 = CARTESIAN_POINT('',(24.45,27.5,12.6));
#11425 = VECTOR('',#11426,1.);
#11426 = DIRECTION('',(0.,0.,1.));
#11427 = ORIENTED_EDGE('',*,*,#11428,.F.);
#11428 = EDGE_CURVE('',#11403,#11421,#11429,.T.);
#11429 = LINE('',#11430,#11431);
#11430 = CARTESIAN_POINT('',(25.,27.5,12.6));
#11431 = VECTOR('',#11432,1.);
#11432 = DIRECTION('',(-1.,0.,0.));
#11433 = PLANE('',#11434);
#11434 = AXIS2_PLACEMENT_3D('',#11435,#11436,#11437);
#11435 = CARTESIAN_POINT('',(25.,27.5,12.6));
#11436 = DIRECTION('',(0.,-1.,0.));
#11437 = DIRECTION('',(-1.,0.,0.));
#11438 = ADVANCED_FACE('',(#11439),#11464,.T.);
#11439 = FACE_BOUND('',#11440,.T.);
#11440 = EDGE_LOOP('',(#11441,#11451,#11457,#11458));
#11441 = ORIENTED_EDGE('',*,*,#11442,.T.);
#11442 = EDGE_CURVE('',#11443,#11445,#11447,.T.);
#11443 = VERTEX_POINT('',#11444);
#11444 = CARTESIAN_POINT('',(25.,39.,12.6));
#11445 = VERTEX_POINT('',#11446);
#11446 = CARTESIAN_POINT('',(25.,39.,13.6));
#11447 = LINE('',#11448,#11449);
#11448 = CARTESIAN_POINT('',(25.,39.,12.6));
#11449 = VECTOR('',#11450,1.);
#11450 = DIRECTION('',(0.,0.,1.));
#11451 = ORIENTED_EDGE('',*,*,#11452,.T.);
#11452 = EDGE_CURVE('',#11445,#11405,#11453,.T.);
#11453 = LINE('',#11454,#11455);
#11454 = CARTESIAN_POINT('',(25.,39.,13.6));
#11455 = VECTOR('',#11456,1.);
#11456 = DIRECTION('',(0.,-1.,0.));
#11457 = ORIENTED_EDGE('',*,*,#11402,.F.);
#11458 = ORIENTED_EDGE('',*,*,#11459,.F.);
#11459 = EDGE_CURVE('',#11443,#11403,#11460,.T.);
#11460 = LINE('',#11461,#11462);
#11461 = CARTESIAN_POINT('',(25.,39.,12.6));
#11462 = VECTOR('',#11463,1.);
#11463 = DIRECTION('',(0.,-1.,0.));
#11464 = PLANE('',#11465);
#11465 = AXIS2_PLACEMENT_3D('',#11466,#11467,#11468);
#11466 = CARTESIAN_POINT('',(25.,39.,12.6));
#11467 = DIRECTION('',(1.,0.,0.));
#11468 = DIRECTION('',(0.,-1.,0.));
#11469 = ADVANCED_FACE('',(#11470),#11495,.T.);
#11470 = FACE_BOUND('',#11471,.T.);
#11471 = EDGE_LOOP('',(#11472,#11482,#11488,#11489));
#11472 = ORIENTED_EDGE('',*,*,#11473,.T.);
#11473 = EDGE_CURVE('',#11474,#11476,#11478,.T.);
#11474 = VERTEX_POINT('',#11475);
#11475 = CARTESIAN_POINT('',(0.,39.,12.6));
#11476 = VERTEX_POINT('',#11477);
#11477 = CARTESIAN_POINT('',(0.,39.,13.6));
#11478 = LINE('',#11479,#11480);
#11479 = CARTESIAN_POINT('',(0.,39.,12.6));
#11480 = VECTOR('',#11481,1.);
#11481 = DIRECTION('',(0.,0.,1.));
#11482 = ORIENTED_EDGE('',*,*,#11483,.T.);
#11483 = EDGE_CURVE('',#11476,#11445,#11484,.T.);
#11484 = LINE('',#11485,#11486);
#11485 = CARTESIAN_POINT('',(0.,39.,13.6));
#11486 = VECTOR('',#11487,1.);
#11487 = DIRECTION('',(1.,0.,0.));
#11488 = ORIENTED_EDGE('',*,*,#11442,.F.);
#11489 = ORIENTED_EDGE('',*,*,#11490,.F.);
#11490 = EDGE_CURVE('',#11474,#11443,#11491,.T.);
#11491 = LINE('',#11492,#11493);
#11492 = CARTESIAN_POINT('',(0.,39.,12.6));
#11493 = VECTOR('',#11494,1.);
#11494 = DIRECTION('',(1.,0.,0.));
#11495 = PLANE('',#11496);
#11496 = AXIS2_PLACEMENT_3D('',#11497,#11498,#11499);
#11497 = CARTESIAN_POINT('',(0.,39.,12.6));
#11498 = DIRECTION('',(0.,1.,0.));
#11499 = DIRECTION('',(1.,0.,0.));
#11500 = ADVANCED_FACE('',(#11501),#11526,.T.);
#11501 = FACE_BOUND('',#11502,.T.);
#11502 = EDGE_LOOP('',(#11503,#11513,#11519,#11520));
#11503 = ORIENTED_EDGE('',*,*,#11504,.T.);
#11504 = EDGE_CURVE('',#11505,#11507,#11509,.T.);
#11505 = VERTEX_POINT('',#11506);
#11506 = CARTESIAN_POINT('',(0.,9.,12.6));
#11507 = VERTEX_POINT('',#11508);
#11508 = CARTESIAN_POINT('',(0.,9.,13.6));
#11509 = LINE('',#11510,#11511);
#11510 = CARTESIAN_POINT('',(0.,9.,12.6));
#11511 = VECTOR('',#11512,1.);
#11512 = DIRECTION('',(0.,0.,1.));
#11513 = ORIENTED_EDGE('',*,*,#11514,.T.);
#11514 = EDGE_CURVE('',#11507,#11476,#11515,.T.);
#11515 = LINE('',#11516,#11517);
#11516 = CARTESIAN_POINT('',(0.,9.,13.6));
#11517 = VECTOR('',#11518,1.);
#11518 = DIRECTION('',(0.,1.,0.));
#11519 = ORIENTED_EDGE('',*,*,#11473,.F.);
#11520 = ORIENTED_EDGE('',*,*,#11521,.F.);
#11521 = EDGE_CURVE('',#11505,#11474,#11522,.T.);
#11522 = LINE('',#11523,#11524);
#11523 = CARTESIAN_POINT('',(0.,9.,12.6));
#11524 = VECTOR('',#11525,1.);
#11525 = DIRECTION('',(0.,1.,0.));
#11526 = PLANE('',#11527);
#11527 = AXIS2_PLACEMENT_3D('',#11528,#11529,#11530);
#11528 = CARTESIAN_POINT('',(0.,9.,12.6));
#11529 = DIRECTION('',(-1.,0.,0.));
#11530 = DIRECTION('',(0.,1.,0.));
#11531 = ADVANCED_FACE('',(#11532),#11557,.T.);
#11532 = FACE_BOUND('',#11533,.T.);
#11533 = EDGE_LOOP('',(#11534,#11544,#11550,#11551));
#11534 = ORIENTED_EDGE('',*,*,#11535,.T.);
#11535 = EDGE_CURVE('',#11536,#11538,#11540,.T.);
#11536 = VERTEX_POINT('',#11537);
#11537 = CARTESIAN_POINT('',(25.,9.,12.6));
#11538 = VERTEX_POINT('',#11539);
#11539 = CARTESIAN_POINT('',(25.,9.,13.6));
#11540 = LINE('',#11541,#11542);
#11541 = CARTESIAN_POINT('',(25.,9.,12.6));
#11542 = VECTOR('',#11543,1.);
#11543 = DIRECTION('',(0.,0.,1.));
#11544 = ORIENTED_EDGE('',*,*,#11545,.T.);
#11545 = EDGE_CURVE('',#11538,#11507,#11546,.T.);
#11546 = LINE('',#11547,#11548);
#11547 = CARTESIAN_POINT('',(25.,9.,13.6));
#11548 = VECTOR('',#11549,1.);
#11549 = DIRECTION('',(-1.,0.,0.));
#11550 = ORIENTED_EDGE('',*,*,#11504,.F.);
#11551 = ORIENTED_EDGE('',*,*,#11552,.F.);
#11552 = EDGE_CURVE('',#11536,#11505,#11553,.T.);
#11553 = LINE('',#11554,#11555);
#11554 = CARTESIAN_POINT('',(25.,9.,12.6));
#11555 = VECTOR('',#11556,1.);
#11556 = DIRECTION('',(-1.,0.,0.));
#11557 = PLANE('',#11558);
#11558 = AXIS2_PLACEMENT_3D('',#11559,#11560,#11561);
#11559 = CARTESIAN_POINT('',(25.,9.,12.6));
#11560 = DIRECTION('',(0.,-1.,0.));
#11561 = DIRECTION('',(-1.,0.,0.));
#11562 = ADVANCED_FACE('',(#11563),#11588,.T.);
#11563 = FACE_BOUND('',#11564,.T.);
#11564 = EDGE_LOOP('',(#11565,#11575,#11581,#11582));
#11565 = ORIENTED_EDGE('',*,*,#11566,.T.);
#11566 = EDGE_CURVE('',#11567,#11569,#11571,.T.);
#11567 = VERTEX_POINT('',#11568);
#11568 = CARTESIAN_POINT('',(25.,16.9,12.6));
#11569 = VERTEX_POINT('',#11570);
#11570 = CARTESIAN_POINT('',(25.,16.9,13.6));
#11571 = LINE('',#11572,#11573);
#11572 = CARTESIAN_POINT('',(25.,16.9,12.6));
#11573 = VECTOR('',#11574,1.);
#11574 = DIRECTION('',(0.,0.,1.));
#11575 = ORIENTED_EDGE('',*,*,#11576,.T.);
#11576 = EDGE_CURVE('',#11569,#11538,#11577,.T.);
#11577 = LINE('',#11578,#11579);
#11578 = CARTESIAN_POINT('',(25.,16.9,13.6));
#11579 = VECTOR('',#11580,1.);
#11580 = DIRECTION('',(0.,-1.,0.));
#11581 = ORIENTED_EDGE('',*,*,#11535,.F.);
#11582 = ORIENTED_EDGE('',*,*,#11583,.F.);
#11583 = EDGE_CURVE('',#11567,#11536,#11584,.T.);
#11584 = LINE('',#11585,#11586);
#11585 = CARTESIAN_POINT('',(25.,16.9,12.6));
#11586 = VECTOR('',#11587,1.);
#11587 = DIRECTION('',(0.,-1.,0.));
#11588 = PLANE('',#11589);
#11589 = AXIS2_PLACEMENT_3D('',#11590,#11591,#11592);
#11590 = CARTESIAN_POINT('',(25.,16.9,12.6));
#11591 = DIRECTION('',(1.,0.,0.));
#11592 = DIRECTION('',(0.,-1.,0.));
#11593 = ADVANCED_FACE('',(#11594),#11619,.T.);
#11594 = FACE_BOUND('',#11595,.T.);
#11595 = EDGE_LOOP('',(#11596,#11606,#11612,#11613));
#11596 = ORIENTED_EDGE('',*,*,#11597,.T.);
#11597 = EDGE_CURVE('',#11598,#11600,#11602,.T.);
#11598 = VERTEX_POINT('',#11599);
#11599 = CARTESIAN_POINT('',(24.45,16.9,12.6));
#11600 = VERTEX_POINT('',#11601);
#11601 = CARTESIAN_POINT('',(24.45,16.9,13.6));
#11602 = LINE('',#11603,#11604);
#11603 = CARTESIAN_POINT('',(24.45,16.9,12.6));
#11604 = VECTOR('',#11605,1.);
#11605 = DIRECTION('',(0.,0.,1.));
#11606 = ORIENTED_EDGE('',*,*,#11607,.T.);
#11607 = EDGE_CURVE('',#11600,#11569,#11608,.T.);
#11608 = LINE('',#11609,#11610);
#11609 = CARTESIAN_POINT('',(24.45,16.9,13.6));
#11610 = VECTOR('',#11611,1.);
#11611 = DIRECTION('',(1.,0.,0.));
#11612 = ORIENTED_EDGE('',*,*,#11566,.F.);
#11613 = ORIENTED_EDGE('',*,*,#11614,.F.);
#11614 = EDGE_CURVE('',#11598,#11567,#11615,.T.);
#11615 = LINE('',#11616,#11617);
#11616 = CARTESIAN_POINT('',(24.45,16.9,12.6));
#11617 = VECTOR('',#11618,1.);
#11618 = DIRECTION('',(1.,0.,0.));
#11619 = PLANE('',#11620);
#11620 = AXIS2_PLACEMENT_3D('',#11621,#11622,#11623);
#11621 = CARTESIAN_POINT('',(24.45,16.9,12.6));
#11622 = DIRECTION('',(0.,1.,0.));
#11623 = DIRECTION('',(1.,0.,0.));
#11624 = ADVANCED_FACE('',(#11625),#11641,.T.);
#11625 = FACE_BOUND('',#11626,.T.);
#11626 = EDGE_LOOP('',(#11627,#11628,#11634,#11635));
#11627 = ORIENTED_EDGE('',*,*,#11420,.T.);
#11628 = ORIENTED_EDGE('',*,*,#11629,.T.);
#11629 = EDGE_CURVE('',#11413,#11600,#11630,.T.);
#11630 = LINE('',#11631,#11632);
#11631 = CARTESIAN_POINT('',(24.45,27.5,13.6));
#11632 = VECTOR('',#11633,1.);
#11633 = DIRECTION('',(0.,-1.,0.));
#11634 = ORIENTED_EDGE('',*,*,#11597,.F.);
#11635 = ORIENTED_EDGE('',*,*,#11636,.F.);
#11636 = EDGE_CURVE('',#11421,#11598,#11637,.T.);
#11637 = LINE('',#11638,#11639);
#11638 = CARTESIAN_POINT('',(24.45,27.5,12.6));
#11639 = VECTOR('',#11640,1.);
#11640 = DIRECTION('',(0.,-1.,0.));
#11641 = PLANE('',#11642);
#11642 = AXIS2_PLACEMENT_3D('',#11643,#11644,#11645);
#11643 = CARTESIAN_POINT('',(24.45,27.5,12.6));
#11644 = DIRECTION('',(1.,0.,0.));
#11645 = DIRECTION('',(0.,-1.,0.));
#11646 = ADVANCED_FACE('',(#11647),#11683,.F.);
#11647 = FACE_BOUND('',#11648,.F.);
#11648 = EDGE_LOOP('',(#11649,#11659,#11668,#11676));
#11649 = ORIENTED_EDGE('',*,*,#11650,.T.);
#11650 = EDGE_CURVE('',#11651,#11653,#11655,.T.);
#11651 = VERTEX_POINT('',#11652);
#11652 = CARTESIAN_POINT('',(18.52,18.18,12.6));
#11653 = VERTEX_POINT('',#11654);
#11654 = CARTESIAN_POINT('',(18.52,18.18,13.6));
#11655 = LINE('',#11656,#11657);
#11656 = CARTESIAN_POINT('',(18.52,18.18,12.6));
#11657 = VECTOR('',#11658,1.);
#11658 = DIRECTION('',(0.,0.,1.));
#11659 = ORIENTED_EDGE('',*,*,#11660,.T.);
#11660 = EDGE_CURVE('',#11653,#11661,#11663,.T.);
#11661 = VERTEX_POINT('',#11662);
#11662 = CARTESIAN_POINT('',(18.52,17.58,13.6));
#11663 = CIRCLE('',#11664,0.3);
#11664 = AXIS2_PLACEMENT_3D('',#11665,#11666,#11667);
#11665 = CARTESIAN_POINT('',(18.52,17.88,13.6));
#11666 = DIRECTION('',(-0.,0.,-1.));
#11667 = DIRECTION('',(-1.184237892933E-14,-1.,0.));
#11668 = ORIENTED_EDGE('',*,*,#11669,.F.);
#11669 = EDGE_CURVE('',#11670,#11661,#11672,.T.);
#11670 = VERTEX_POINT('',#11671);
#11671 = CARTESIAN_POINT('',(18.52,17.58,12.6));
#11672 = LINE('',#11673,#11674);
#11673 = CARTESIAN_POINT('',(18.52,17.58,12.6));
#11674 = VECTOR('',#11675,1.);
#11675 = DIRECTION('',(0.,0.,1.));
#11676 = ORIENTED_EDGE('',*,*,#11677,.F.);
#11677 = EDGE_CURVE('',#11651,#11670,#11678,.T.);
#11678 = CIRCLE('',#11679,0.3);
#11679 = AXIS2_PLACEMENT_3D('',#11680,#11681,#11682);
#11680 = CARTESIAN_POINT('',(18.52,17.88,12.6));
#11681 = DIRECTION('',(-0.,0.,-1.));
#11682 = DIRECTION('',(-1.184237892933E-14,-1.,0.));
#11683 = CYLINDRICAL_SURFACE('',#11684,0.3);
#11684 = AXIS2_PLACEMENT_3D('',#11685,#11686,#11687);
#11685 = CARTESIAN_POINT('',(18.52,17.88,12.6));
#11686 = DIRECTION('',(0.,0.,-1.));
#11687 = DIRECTION('',(-1.184237892933E-14,-1.,0.));
#11688 = ADVANCED_FACE('',(#11689),#11714,.F.);
#11689 = FACE_BOUND('',#11690,.F.);
#11690 = EDGE_LOOP('',(#11691,#11692,#11700,#11708));
#11691 = ORIENTED_EDGE('',*,*,#11669,.T.);
#11692 = ORIENTED_EDGE('',*,*,#11693,.T.);
#11693 = EDGE_CURVE('',#11661,#11694,#11696,.T.);
#11694 = VERTEX_POINT('',#11695);
#11695 = CARTESIAN_POINT('',(17.42,17.58,13.6));
#11696 = LINE('',#11697,#11698);
#11697 = CARTESIAN_POINT('',(8.71,17.58,13.6));
#11698 = VECTOR('',#11699,1.);
#11699 = DIRECTION('',(-1.,0.,0.));
#11700 = ORIENTED_EDGE('',*,*,#11701,.F.);
#11701 = EDGE_CURVE('',#11702,#11694,#11704,.T.);
#11702 = VERTEX_POINT('',#11703);
#11703 = CARTESIAN_POINT('',(17.42,17.58,12.6));
#11704 = LINE('',#11705,#11706);
#11705 = CARTESIAN_POINT('',(17.42,17.58,12.6));
#11706 = VECTOR('',#11707,1.);
#11707 = DIRECTION('',(0.,0.,1.));
#11708 = ORIENTED_EDGE('',*,*,#11709,.F.);
#11709 = EDGE_CURVE('',#11670,#11702,#11710,.T.);
#11710 = LINE('',#11711,#11712);
#11711 = CARTESIAN_POINT('',(8.71,17.58,12.6));
#11712 = VECTOR('',#11713,1.);
#11713 = DIRECTION('',(-1.,0.,0.));
#11714 = PLANE('',#11715);
#11715 = AXIS2_PLACEMENT_3D('',#11716,#11717,#11718);
#11716 = CARTESIAN_POINT('',(18.52,17.58,12.6));
#11717 = DIRECTION('',(0.,-1.,0.));
#11718 = DIRECTION('',(-1.,0.,0.));
#11719 = ADVANCED_FACE('',(#11720),#11747,.F.);
#11720 = FACE_BOUND('',#11721,.F.);
#11721 = EDGE_LOOP('',(#11722,#11723,#11732,#11740));
#11722 = ORIENTED_EDGE('',*,*,#11701,.T.);
#11723 = ORIENTED_EDGE('',*,*,#11724,.T.);
#11724 = EDGE_CURVE('',#11694,#11725,#11727,.T.);
#11725 = VERTEX_POINT('',#11726);
#11726 = CARTESIAN_POINT('',(17.42,18.18,13.6));
#11727 = CIRCLE('',#11728,0.3);
#11728 = AXIS2_PLACEMENT_3D('',#11729,#11730,#11731);
#11729 = CARTESIAN_POINT('',(17.42,17.88,13.6));
#11730 = DIRECTION('',(0.,0.,-1.));
#11731 = DIRECTION('',(0.,1.,0.));
#11732 = ORIENTED_EDGE('',*,*,#11733,.F.);
#11733 = EDGE_CURVE('',#11734,#11725,#11736,.T.);
#11734 = VERTEX_POINT('',#11735);
#11735 = CARTESIAN_POINT('',(17.42,18.18,12.6));
#11736 = LINE('',#11737,#11738);
#11737 = CARTESIAN_POINT('',(17.42,18.18,12.6));
#11738 = VECTOR('',#11739,1.);
#11739 = DIRECTION('',(0.,0.,1.));
#11740 = ORIENTED_EDGE('',*,*,#11741,.F.);
#11741 = EDGE_CURVE('',#11702,#11734,#11742,.T.);
#11742 = CIRCLE('',#11743,0.3);
#11743 = AXIS2_PLACEMENT_3D('',#11744,#11745,#11746);
#11744 = CARTESIAN_POINT('',(17.42,17.88,12.6));
#11745 = DIRECTION('',(0.,0.,-1.));
#11746 = DIRECTION('',(0.,1.,0.));
#11747 = CYLINDRICAL_SURFACE('',#11748,0.3);
#11748 = AXIS2_PLACEMENT_3D('',#11749,#11750,#11751);
#11749 = CARTESIAN_POINT('',(17.42,17.88,12.6));
#11750 = DIRECTION('',(0.,0.,-1.));
#11751 = DIRECTION('',(0.,1.,0.));
#11752 = ADVANCED_FACE('',(#11753),#11769,.F.);
#11753 = FACE_BOUND('',#11754,.F.);
#11754 = EDGE_LOOP('',(#11755,#11756,#11762,#11763));
#11755 = ORIENTED_EDGE('',*,*,#11733,.T.);
#11756 = ORIENTED_EDGE('',*,*,#11757,.T.);
#11757 = EDGE_CURVE('',#11725,#11653,#11758,.T.);
#11758 = LINE('',#11759,#11760);
#11759 = CARTESIAN_POINT('',(9.26,18.18,13.6));
#11760 = VECTOR('',#11761,1.);
#11761 = DIRECTION('',(1.,0.,0.));
#11762 = ORIENTED_EDGE('',*,*,#11650,.F.);
#11763 = ORIENTED_EDGE('',*,*,#11764,.F.);
#11764 = EDGE_CURVE('',#11734,#11651,#11765,.T.);
#11765 = LINE('',#11766,#11767);
#11766 = CARTESIAN_POINT('',(9.26,18.18,12.6));
#11767 = VECTOR('',#11768,1.);
#11768 = DIRECTION('',(1.,0.,0.));
#11769 = PLANE('',#11770);
#11770 = AXIS2_PLACEMENT_3D('',#11771,#11772,#11773);
#11771 = CARTESIAN_POINT('',(17.42,18.18,12.6));
#11772 = DIRECTION('',(0.,1.,0.));
#11773 = DIRECTION('',(1.,0.,0.));
#11774 = ADVANCED_FACE('',(#11775),#11802,.F.);
#11775 = FACE_BOUND('',#11776,.F.);
#11776 = EDGE_LOOP('',(#11777,#11787,#11794,#11795));
#11777 = ORIENTED_EDGE('',*,*,#11778,.T.);
#11778 = EDGE_CURVE('',#11779,#11781,#11783,.T.);
#11779 = VERTEX_POINT('',#11780);
#11780 = CARTESIAN_POINT('',(18.5,18.985,12.6));
#11781 = VERTEX_POINT('',#11782);
#11782 = CARTESIAN_POINT('',(18.5,18.985,13.6));
#11783 = LINE('',#11784,#11785);
#11784 = CARTESIAN_POINT('',(18.5,18.985,12.6));
#11785 = VECTOR('',#11786,1.);
#11786 = DIRECTION('',(0.,0.,1.));
#11787 = ORIENTED_EDGE('',*,*,#11788,.T.);
#11788 = EDGE_CURVE('',#11781,#11781,#11789,.T.);
#11789 = CIRCLE('',#11790,0.325);
#11790 = AXIS2_PLACEMENT_3D('',#11791,#11792,#11793);
#11791 = CARTESIAN_POINT('',(18.5,19.31,13.6));
#11792 = DIRECTION('',(-0.,-0.,-1.));
#11793 = DIRECTION('',(0.,-1.,0.));
#11794 = ORIENTED_EDGE('',*,*,#11778,.F.);
#11795 = ORIENTED_EDGE('',*,*,#11796,.F.);
#11796 = EDGE_CURVE('',#11779,#11779,#11797,.T.);
#11797 = CIRCLE('',#11798,0.325);
#11798 = AXIS2_PLACEMENT_3D('',#11799,#11800,#11801);
#11799 = CARTESIAN_POINT('',(18.5,19.31,12.6));
#11800 = DIRECTION('',(-0.,-0.,-1.));
#11801 = DIRECTION('',(0.,-1.,0.));
#11802 = CYLINDRICAL_SURFACE('',#11803,0.325);
#11803 = AXIS2_PLACEMENT_3D('',#11804,#11805,#11806);
#11804 = CARTESIAN_POINT('',(18.5,19.31,12.6));
#11805 = DIRECTION('',(-0.,-0.,-1.));
#11806 = DIRECTION('',(0.,-1.,0.));
#11807 = ADVANCED_FACE('',(#11808),#11844,.F.);
#11808 = FACE_BOUND('',#11809,.F.);
#11809 = EDGE_LOOP('',(#11810,#11820,#11829,#11837));
#11810 = ORIENTED_EDGE('',*,*,#11811,.T.);
#11811 = EDGE_CURVE('',#11812,#11814,#11816,.T.);
#11812 = VERTEX_POINT('',#11813);
#11813 = CARTESIAN_POINT('',(22.45,18.18,12.6));
#11814 = VERTEX_POINT('',#11815);
#11815 = CARTESIAN_POINT('',(22.45,18.18,13.6));
#11816 = LINE('',#11817,#11818);
#11817 = CARTESIAN_POINT('',(22.45,18.18,12.6));
#11818 = VECTOR('',#11819,1.);
#11819 = DIRECTION('',(0.,0.,1.));
#11820 = ORIENTED_EDGE('',*,*,#11821,.T.);
#11821 = EDGE_CURVE('',#11814,#11822,#11824,.T.);
#11822 = VERTEX_POINT('',#11823);
#11823 = CARTESIAN_POINT('',(22.45,17.58,13.6));
#11824 = CIRCLE('',#11825,0.3);
#11825 = AXIS2_PLACEMENT_3D('',#11826,#11827,#11828);
#11826 = CARTESIAN_POINT('',(22.45,17.88,13.6));
#11827 = DIRECTION('',(-0.,0.,-1.));
#11828 = DIRECTION('',(-1.184237892933E-14,-1.,0.));
#11829 = ORIENTED_EDGE('',*,*,#11830,.F.);
#11830 = EDGE_CURVE('',#11831,#11822,#11833,.T.);
#11831 = VERTEX_POINT('',#11832);
#11832 = CARTESIAN_POINT('',(22.45,17.58,12.6));
#11833 = LINE('',#11834,#11835);
#11834 = CARTESIAN_POINT('',(22.45,17.58,12.6));
#11835 = VECTOR('',#11836,1.);
#11836 = DIRECTION('',(0.,0.,1.));
#11837 = ORIENTED_EDGE('',*,*,#11838,.F.);
#11838 = EDGE_CURVE('',#11812,#11831,#11839,.T.);
#11839 = CIRCLE('',#11840,0.3);
#11840 = AXIS2_PLACEMENT_3D('',#11841,#11842,#11843);
#11841 = CARTESIAN_POINT('',(22.45,17.88,12.6));
#11842 = DIRECTION('',(-0.,0.,-1.));
#11843 = DIRECTION('',(-1.184237892933E-14,-1.,0.));
#11844 = CYLINDRICAL_SURFACE('',#11845,0.3);
#11845 = AXIS2_PLACEMENT_3D('',#11846,#11847,#11848);
#11846 = CARTESIAN_POINT('',(22.45,17.88,12.6));
#11847 = DIRECTION('',(0.,0.,-1.));
#11848 = DIRECTION('',(-1.184237892933E-14,-1.,0.));
#11849 = ADVANCED_FACE('',(#11850),#11875,.F.);
#11850 = FACE_BOUND('',#11851,.F.);
#11851 = EDGE_LOOP('',(#11852,#11853,#11861,#11869));
#11852 = ORIENTED_EDGE('',*,*,#11830,.T.);
#11853 = ORIENTED_EDGE('',*,*,#11854,.T.);
#11854 = EDGE_CURVE('',#11822,#11855,#11857,.T.);
#11855 = VERTEX_POINT('',#11856);
#11856 = CARTESIAN_POINT('',(21.85,17.58,13.6));
#11857 = LINE('',#11858,#11859);
#11858 = CARTESIAN_POINT('',(10.925,17.58,13.6));
#11859 = VECTOR('',#11860,1.);
#11860 = DIRECTION('',(-1.,0.,0.));
#11861 = ORIENTED_EDGE('',*,*,#11862,.F.);
#11862 = EDGE_CURVE('',#11863,#11855,#11865,.T.);
#11863 = VERTEX_POINT('',#11864);
#11864 = CARTESIAN_POINT('',(21.85,17.58,12.6));
#11865 = LINE('',#11866,#11867);
#11866 = CARTESIAN_POINT('',(21.85,17.58,12.6));
#11867 = VECTOR('',#11868,1.);
#11868 = DIRECTION('',(0.,0.,1.));
#11869 = ORIENTED_EDGE('',*,*,#11870,.F.);
#11870 = EDGE_CURVE('',#11831,#11863,#11871,.T.);
#11871 = LINE('',#11872,#11873);
#11872 = CARTESIAN_POINT('',(10.925,17.58,12.6));
#11873 = VECTOR('',#11874,1.);
#11874 = DIRECTION('',(-1.,0.,0.));
#11875 = PLANE('',#11876);
#11876 = AXIS2_PLACEMENT_3D('',#11877,#11878,#11879);
#11877 = CARTESIAN_POINT('',(22.45,17.58,12.6));
#11878 = DIRECTION('',(0.,-1.,0.));
#11879 = DIRECTION('',(-1.,0.,0.));
#11880 = ADVANCED_FACE('',(#11881),#11908,.F.);
#11881 = FACE_BOUND('',#11882,.F.);
#11882 = EDGE_LOOP('',(#11883,#11884,#11893,#11901));
#11883 = ORIENTED_EDGE('',*,*,#11862,.T.);
#11884 = ORIENTED_EDGE('',*,*,#11885,.T.);
#11885 = EDGE_CURVE('',#11855,#11886,#11888,.T.);
#11886 = VERTEX_POINT('',#11887);
#11887 = CARTESIAN_POINT('',(21.85,18.18,13.6));
#11888 = CIRCLE('',#11889,0.3);
#11889 = AXIS2_PLACEMENT_3D('',#11890,#11891,#11892);
#11890 = CARTESIAN_POINT('',(21.85,17.88,13.6));
#11891 = DIRECTION('',(0.,0.,-1.));
#11892 = DIRECTION('',(0.,1.,0.));
#11893 = ORIENTED_EDGE('',*,*,#11894,.F.);
#11894 = EDGE_CURVE('',#11895,#11886,#11897,.T.);
#11895 = VERTEX_POINT('',#11896);
#11896 = CARTESIAN_POINT('',(21.85,18.18,12.6));
#11897 = LINE('',#11898,#11899);
#11898 = CARTESIAN_POINT('',(21.85,18.18,12.6));
#11899 = VECTOR('',#11900,1.);
#11900 = DIRECTION('',(0.,0.,1.));
#11901 = ORIENTED_EDGE('',*,*,#11902,.F.);
#11902 = EDGE_CURVE('',#11863,#11895,#11903,.T.);
#11903 = CIRCLE('',#11904,0.3);
#11904 = AXIS2_PLACEMENT_3D('',#11905,#11906,#11907);
#11905 = CARTESIAN_POINT('',(21.85,17.88,12.6));
#11906 = DIRECTION('',(0.,0.,-1.));
#11907 = DIRECTION('',(0.,1.,0.));
#11908 = CYLINDRICAL_SURFACE('',#11909,0.3);
#11909 = AXIS2_PLACEMENT_3D('',#11910,#11911,#11912);
#11910 = CARTESIAN_POINT('',(21.85,17.88,12.6));
#11911 = DIRECTION('',(0.,0.,-1.));
#11912 = DIRECTION('',(0.,1.,0.));
#11913 = ADVANCED_FACE('',(#11914),#11930,.F.);
#11914 = FACE_BOUND('',#11915,.F.);
#11915 = EDGE_LOOP('',(#11916,#11917,#11923,#11924));
#11916 = ORIENTED_EDGE('',*,*,#11894,.T.);
#11917 = ORIENTED_EDGE('',*,*,#11918,.T.);
#11918 = EDGE_CURVE('',#11886,#11814,#11919,.T.);
#11919 = LINE('',#11920,#11921);
#11920 = CARTESIAN_POINT('',(11.225,18.18,13.6));
#11921 = VECTOR('',#11922,1.);
#11922 = DIRECTION('',(1.,0.,0.));
#11923 = ORIENTED_EDGE('',*,*,#11811,.F.);
#11924 = ORIENTED_EDGE('',*,*,#11925,.F.);
#11925 = EDGE_CURVE('',#11895,#11812,#11926,.T.);
#11926 = LINE('',#11927,#11928);
#11927 = CARTESIAN_POINT('',(11.225,18.18,12.6));
#11928 = VECTOR('',#11929,1.);
#11929 = DIRECTION('',(1.,0.,0.));
#11930 = PLANE('',#11931);
#11931 = AXIS2_PLACEMENT_3D('',#11932,#11933,#11934);
#11932 = CARTESIAN_POINT('',(21.85,18.18,12.6));
#11933 = DIRECTION('',(0.,1.,0.));
#11934 = DIRECTION('',(1.,0.,0.));
#11935 = ADVANCED_FACE('',(#11936),#11972,.F.);
#11936 = FACE_BOUND('',#11937,.F.);
#11937 = EDGE_LOOP('',(#11938,#11948,#11957,#11965));
#11938 = ORIENTED_EDGE('',*,*,#11939,.T.);
#11939 = EDGE_CURVE('',#11940,#11942,#11944,.T.);
#11940 = VERTEX_POINT('',#11941);
#11941 = CARTESIAN_POINT('',(18.52,26.82,12.6));
#11942 = VERTEX_POINT('',#11943);
#11943 = CARTESIAN_POINT('',(18.52,26.82,13.6));
#11944 = LINE('',#11945,#11946);
#11945 = CARTESIAN_POINT('',(18.52,26.82,12.6));
#11946 = VECTOR('',#11947,1.);
#11947 = DIRECTION('',(0.,0.,1.));
#11948 = ORIENTED_EDGE('',*,*,#11949,.T.);
#11949 = EDGE_CURVE('',#11942,#11950,#11952,.T.);
#11950 = VERTEX_POINT('',#11951);
#11951 = CARTESIAN_POINT('',(18.52,26.22,13.6));
#11952 = CIRCLE('',#11953,0.3);
#11953 = AXIS2_PLACEMENT_3D('',#11954,#11955,#11956);
#11954 = CARTESIAN_POINT('',(18.52,26.52,13.6));
#11955 = DIRECTION('',(-0.,-0.,-1.));
#11956 = DIRECTION('',(0.,-1.,0.));
#11957 = ORIENTED_EDGE('',*,*,#11958,.F.);
#11958 = EDGE_CURVE('',#11959,#11950,#11961,.T.);
#11959 = VERTEX_POINT('',#11960);
#11960 = CARTESIAN_POINT('',(18.52,26.22,12.6));
#11961 = LINE('',#11962,#11963);
#11962 = CARTESIAN_POINT('',(18.52,26.22,12.6));
#11963 = VECTOR('',#11964,1.);
#11964 = DIRECTION('',(0.,0.,1.));
#11965 = ORIENTED_EDGE('',*,*,#11966,.F.);
#11966 = EDGE_CURVE('',#11940,#11959,#11967,.T.);
#11967 = CIRCLE('',#11968,0.3);
#11968 = AXIS2_PLACEMENT_3D('',#11969,#11970,#11971);
#11969 = CARTESIAN_POINT('',(18.52,26.52,12.6));
#11970 = DIRECTION('',(-0.,-0.,-1.));
#11971 = DIRECTION('',(0.,-1.,0.));
#11972 = CYLINDRICAL_SURFACE('',#11973,0.3);
#11973 = AXIS2_PLACEMENT_3D('',#11974,#11975,#11976);
#11974 = CARTESIAN_POINT('',(18.52,26.52,12.6));
#11975 = DIRECTION('',(-0.,-0.,-1.));
#11976 = DIRECTION('',(0.,-1.,0.));
#11977 = ADVANCED_FACE('',(#11978),#12003,.F.);
#11978 = FACE_BOUND('',#11979,.F.);
#11979 = EDGE_LOOP('',(#11980,#11981,#11989,#11997));
#11980 = ORIENTED_EDGE('',*,*,#11958,.T.);
#11981 = ORIENTED_EDGE('',*,*,#11982,.T.);
#11982 = EDGE_CURVE('',#11950,#11983,#11985,.T.);
#11983 = VERTEX_POINT('',#11984);
#11984 = CARTESIAN_POINT('',(17.42,26.22,13.6));
#11985 = LINE('',#11986,#11987);
#11986 = CARTESIAN_POINT('',(8.71,26.22,13.6));
#11987 = VECTOR('',#11988,1.);
#11988 = DIRECTION('',(-1.,0.,0.));
#11989 = ORIENTED_EDGE('',*,*,#11990,.F.);
#11990 = EDGE_CURVE('',#11991,#11983,#11993,.T.);
#11991 = VERTEX_POINT('',#11992);
#11992 = CARTESIAN_POINT('',(17.42,26.22,12.6));
#11993 = LINE('',#11994,#11995);
#11994 = CARTESIAN_POINT('',(17.42,26.22,12.6));
#11995 = VECTOR('',#11996,1.);
#11996 = DIRECTION('',(0.,0.,1.));
#11997 = ORIENTED_EDGE('',*,*,#11998,.F.);
#11998 = EDGE_CURVE('',#11959,#11991,#11999,.T.);
#11999 = LINE('',#12000,#12001);
#12000 = CARTESIAN_POINT('',(8.71,26.22,12.6));
#12001 = VECTOR('',#12002,1.);
#12002 = DIRECTION('',(-1.,0.,0.));
#12003 = PLANE('',#12004);
#12004 = AXIS2_PLACEMENT_3D('',#12005,#12006,#12007);
#12005 = CARTESIAN_POINT('',(18.52,26.22,12.6));
#12006 = DIRECTION('',(0.,-1.,0.));
#12007 = DIRECTION('',(-1.,0.,0.));
#12008 = ADVANCED_FACE('',(#12009),#12036,.F.);
#12009 = FACE_BOUND('',#12010,.F.);
#12010 = EDGE_LOOP('',(#12011,#12012,#12021,#12029));
#12011 = ORIENTED_EDGE('',*,*,#11990,.T.);
#12012 = ORIENTED_EDGE('',*,*,#12013,.T.);
#12013 = EDGE_CURVE('',#11983,#12014,#12016,.T.);
#12014 = VERTEX_POINT('',#12015);
#12015 = CARTESIAN_POINT('',(17.42,26.82,13.6));
#12016 = CIRCLE('',#12017,0.3);
#12017 = AXIS2_PLACEMENT_3D('',#12018,#12019,#12020);
#12018 = CARTESIAN_POINT('',(17.42,26.52,13.6));
#12019 = DIRECTION('',(0.,0.,-1.));
#12020 = DIRECTION('',(-1.184237892933E-14,1.,0.));
#12021 = ORIENTED_EDGE('',*,*,#12022,.F.);
#12022 = EDGE_CURVE('',#12023,#12014,#12025,.T.);
#12023 = VERTEX_POINT('',#12024);
#12024 = CARTESIAN_POINT('',(17.42,26.82,12.6));
#12025 = LINE('',#12026,#12027);
#12026 = CARTESIAN_POINT('',(17.42,26.82,12.6));
#12027 = VECTOR('',#12028,1.);
#12028 = DIRECTION('',(0.,0.,1.));
#12029 = ORIENTED_EDGE('',*,*,#12030,.F.);
#12030 = EDGE_CURVE('',#11991,#12023,#12031,.T.);
#12031 = CIRCLE('',#12032,0.3);
#12032 = AXIS2_PLACEMENT_3D('',#12033,#12034,#12035);
#12033 = CARTESIAN_POINT('',(17.42,26.52,12.6));
#12034 = DIRECTION('',(0.,0.,-1.));
#12035 = DIRECTION('',(-1.184237892933E-14,1.,0.));
#12036 = CYLINDRICAL_SURFACE('',#12037,0.3);
#12037 = AXIS2_PLACEMENT_3D('',#12038,#12039,#12040);
#12038 = CARTESIAN_POINT('',(17.42,26.52,12.6));
#12039 = DIRECTION('',(0.,0.,-1.));
#12040 = DIRECTION('',(-1.184237892933E-14,1.,0.));
#12041 = ADVANCED_FACE('',(#12042),#12058,.F.);
#12042 = FACE_BOUND('',#12043,.F.);
#12043 = EDGE_LOOP('',(#12044,#12045,#12051,#12052));
#12044 = ORIENTED_EDGE('',*,*,#12022,.T.);
#12045 = ORIENTED_EDGE('',*,*,#12046,.T.);
#12046 = EDGE_CURVE('',#12014,#11942,#12047,.T.);
#12047 = LINE('',#12048,#12049);
#12048 = CARTESIAN_POINT('',(9.26,26.82,13.6));
#12049 = VECTOR('',#12050,1.);
#12050 = DIRECTION('',(1.,0.,0.));
#12051 = ORIENTED_EDGE('',*,*,#11939,.F.);
#12052 = ORIENTED_EDGE('',*,*,#12053,.F.);
#12053 = EDGE_CURVE('',#12023,#11940,#12054,.T.);
#12054 = LINE('',#12055,#12056);
#12055 = CARTESIAN_POINT('',(9.26,26.82,12.6));
#12056 = VECTOR('',#12057,1.);
#12057 = DIRECTION('',(1.,0.,0.));
#12058 = PLANE('',#12059);
#12059 = AXIS2_PLACEMENT_3D('',#12060,#12061,#12062);
#12060 = CARTESIAN_POINT('',(17.42,26.82,12.6));
#12061 = DIRECTION('',(0.,1.,0.));
#12062 = DIRECTION('',(1.,0.,0.));
#12063 = ADVANCED_FACE('',(#12064),#12091,.F.);
#12064 = FACE_BOUND('',#12065,.F.);
#12065 = EDGE_LOOP('',(#12066,#12076,#12083,#12084));
#12066 = ORIENTED_EDGE('',*,*,#12067,.T.);
#12067 = EDGE_CURVE('',#12068,#12070,#12072,.T.);
#12068 = VERTEX_POINT('',#12069);
#12069 = CARTESIAN_POINT('',(18.5,24.765,12.6));
#12070 = VERTEX_POINT('',#12071);
#12071 = CARTESIAN_POINT('',(18.5,24.765,13.6));
#12072 = LINE('',#12073,#12074);
#12073 = CARTESIAN_POINT('',(18.5,24.765,12.6));
#12074 = VECTOR('',#12075,1.);
#12075 = DIRECTION('',(0.,0.,1.));
#12076 = ORIENTED_EDGE('',*,*,#12077,.T.);
#12077 = EDGE_CURVE('',#12070,#12070,#12078,.T.);
#12078 = CIRCLE('',#12079,0.325);
#12079 = AXIS2_PLACEMENT_3D('',#12080,#12081,#12082);
#12080 = CARTESIAN_POINT('',(18.5,25.09,13.6));
#12081 = DIRECTION('',(-0.,-0.,-1.));
#12082 = DIRECTION('',(0.,-1.,0.));
#12083 = ORIENTED_EDGE('',*,*,#12067,.F.);
#12084 = ORIENTED_EDGE('',*,*,#12085,.F.);
#12085 = EDGE_CURVE('',#12068,#12068,#12086,.T.);
#12086 = CIRCLE('',#12087,0.325);
#12087 = AXIS2_PLACEMENT_3D('',#12088,#12089,#12090);
#12088 = CARTESIAN_POINT('',(18.5,25.09,12.6));
#12089 = DIRECTION('',(-0.,-0.,-1.));
#12090 = DIRECTION('',(0.,-1.,0.));
#12091 = CYLINDRICAL_SURFACE('',#12092,0.325);
#12092 = AXIS2_PLACEMENT_3D('',#12093,#12094,#12095);
#12093 = CARTESIAN_POINT('',(18.5,25.09,12.6));
#12094 = DIRECTION('',(-0.,-0.,-1.));
#12095 = DIRECTION('',(0.,-1.,0.));
#12096 = ADVANCED_FACE('',(#12097),#12133,.F.);
#12097 = FACE_BOUND('',#12098,.F.);
#12098 = EDGE_LOOP('',(#12099,#12109,#12118,#12126));
#12099 = ORIENTED_EDGE('',*,*,#12100,.T.);
#12100 = EDGE_CURVE('',#12101,#12103,#12105,.T.);
#12101 = VERTEX_POINT('',#12102);
#12102 = CARTESIAN_POINT('',(22.45,26.82,12.6));
#12103 = VERTEX_POINT('',#12104);
#12104 = CARTESIAN_POINT('',(22.45,26.82,13.6));
#12105 = LINE('',#12106,#12107);
#12106 = CARTESIAN_POINT('',(22.45,26.82,12.6));
#12107 = VECTOR('',#12108,1.);
#12108 = DIRECTION('',(0.,0.,1.));
#12109 = ORIENTED_EDGE('',*,*,#12110,.T.);
#12110 = EDGE_CURVE('',#12103,#12111,#12113,.T.);
#12111 = VERTEX_POINT('',#12112);
#12112 = CARTESIAN_POINT('',(22.45,26.22,13.6));
#12113 = CIRCLE('',#12114,0.3);
#12114 = AXIS2_PLACEMENT_3D('',#12115,#12116,#12117);
#12115 = CARTESIAN_POINT('',(22.45,26.52,13.6));
#12116 = DIRECTION('',(-0.,-0.,-1.));
#12117 = DIRECTION('',(0.,-1.,0.));
#12118 = ORIENTED_EDGE('',*,*,#12119,.F.);
#12119 = EDGE_CURVE('',#12120,#12111,#12122,.T.);
#12120 = VERTEX_POINT('',#12121);
#12121 = CARTESIAN_POINT('',(22.45,26.22,12.6));
#12122 = LINE('',#12123,#12124);
#12123 = CARTESIAN_POINT('',(22.45,26.22,12.6));
#12124 = VECTOR('',#12125,1.);
#12125 = DIRECTION('',(0.,0.,1.));
#12126 = ORIENTED_EDGE('',*,*,#12127,.F.);
#12127 = EDGE_CURVE('',#12101,#12120,#12128,.T.);
#12128 = CIRCLE('',#12129,0.3);
#12129 = AXIS2_PLACEMENT_3D('',#12130,#12131,#12132);
#12130 = CARTESIAN_POINT('',(22.45,26.52,12.6));
#12131 = DIRECTION('',(-0.,-0.,-1.));
#12132 = DIRECTION('',(0.,-1.,0.));
#12133 = CYLINDRICAL_SURFACE('',#12134,0.3);
#12134 = AXIS2_PLACEMENT_3D('',#12135,#12136,#12137);
#12135 = CARTESIAN_POINT('',(22.45,26.52,12.6));
#12136 = DIRECTION('',(-0.,-0.,-1.));
#12137 = DIRECTION('',(0.,-1.,0.));
#12138 = ADVANCED_FACE('',(#12139),#12164,.F.);
#12139 = FACE_BOUND('',#12140,.F.);
#12140 = EDGE_LOOP('',(#12141,#12142,#12150,#12158));
#12141 = ORIENTED_EDGE('',*,*,#12119,.T.);
#12142 = ORIENTED_EDGE('',*,*,#12143,.T.);
#12143 = EDGE_CURVE('',#12111,#12144,#12146,.T.);
#12144 = VERTEX_POINT('',#12145);
#12145 = CARTESIAN_POINT('',(21.85,26.22,13.6));
#12146 = LINE('',#12147,#12148);
#12147 = CARTESIAN_POINT('',(10.925,26.22,13.6));
#12148 = VECTOR('',#12149,1.);
#12149 = DIRECTION('',(-1.,0.,0.));
#12150 = ORIENTED_EDGE('',*,*,#12151,.F.);
#12151 = EDGE_CURVE('',#12152,#12144,#12154,.T.);
#12152 = VERTEX_POINT('',#12153);
#12153 = CARTESIAN_POINT('',(21.85,26.22,12.6));
#12154 = LINE('',#12155,#12156);
#12155 = CARTESIAN_POINT('',(21.85,26.22,12.6));
#12156 = VECTOR('',#12157,1.);
#12157 = DIRECTION('',(0.,0.,1.));
#12158 = ORIENTED_EDGE('',*,*,#12159,.F.);
#12159 = EDGE_CURVE('',#12120,#12152,#12160,.T.);
#12160 = LINE('',#12161,#12162);
#12161 = CARTESIAN_POINT('',(10.925,26.22,12.6));
#12162 = VECTOR('',#12163,1.);
#12163 = DIRECTION('',(-1.,0.,0.));
#12164 = PLANE('',#12165);
#12165 = AXIS2_PLACEMENT_3D('',#12166,#12167,#12168);
#12166 = CARTESIAN_POINT('',(22.45,26.22,12.6));
#12167 = DIRECTION('',(0.,-1.,0.));
#12168 = DIRECTION('',(-1.,0.,0.));
#12169 = ADVANCED_FACE('',(#12170),#12197,.F.);
#12170 = FACE_BOUND('',#12171,.F.);
#12171 = EDGE_LOOP('',(#12172,#12173,#12182,#12190));
#12172 = ORIENTED_EDGE('',*,*,#12151,.T.);
#12173 = ORIENTED_EDGE('',*,*,#12174,.T.);
#12174 = EDGE_CURVE('',#12144,#12175,#12177,.T.);
#12175 = VERTEX_POINT('',#12176);
#12176 = CARTESIAN_POINT('',(21.85,26.82,13.6));
#12177 = CIRCLE('',#12178,0.3);
#12178 = AXIS2_PLACEMENT_3D('',#12179,#12180,#12181);
#12179 = CARTESIAN_POINT('',(21.85,26.52,13.6));
#12180 = DIRECTION('',(0.,0.,-1.));
#12181 = DIRECTION('',(-1.184237892933E-14,1.,0.));
#12182 = ORIENTED_EDGE('',*,*,#12183,.F.);
#12183 = EDGE_CURVE('',#12184,#12175,#12186,.T.);
#12184 = VERTEX_POINT('',#12185);
#12185 = CARTESIAN_POINT('',(21.85,26.82,12.6));
#12186 = LINE('',#12187,#12188);
#12187 = CARTESIAN_POINT('',(21.85,26.82,12.6));
#12188 = VECTOR('',#12189,1.);
#12189 = DIRECTION('',(0.,0.,1.));
#12190 = ORIENTED_EDGE('',*,*,#12191,.F.);
#12191 = EDGE_CURVE('',#12152,#12184,#12192,.T.);
#12192 = CIRCLE('',#12193,0.3);
#12193 = AXIS2_PLACEMENT_3D('',#12194,#12195,#12196);
#12194 = CARTESIAN_POINT('',(21.85,26.52,12.6));
#12195 = DIRECTION('',(0.,0.,-1.));
#12196 = DIRECTION('',(-1.184237892933E-14,1.,0.));
#12197 = CYLINDRICAL_SURFACE('',#12198,0.3);
#12198 = AXIS2_PLACEMENT_3D('',#12199,#12200,#12201);
#12199 = CARTESIAN_POINT('',(21.85,26.52,12.6));
#12200 = DIRECTION('',(0.,0.,-1.));
#12201 = DIRECTION('',(-1.184237892933E-14,1.,0.));
#12202 = ADVANCED_FACE('',(#12203),#12219,.F.);
#12203 = FACE_BOUND('',#12204,.F.);
#12204 = EDGE_LOOP('',(#12205,#12206,#12212,#12213));
#12205 = ORIENTED_EDGE('',*,*,#12183,.T.);
#12206 = ORIENTED_EDGE('',*,*,#12207,.T.);
#12207 = EDGE_CURVE('',#12175,#12103,#12208,.T.);
#12208 = LINE('',#12209,#12210);
#12209 = CARTESIAN_POINT('',(11.225,26.82,13.6));
#12210 = VECTOR('',#12211,1.);
#12211 = DIRECTION('',(1.,0.,0.));
#12212 = ORIENTED_EDGE('',*,*,#12100,.F.);
#12213 = ORIENTED_EDGE('',*,*,#12214,.F.);
#12214 = EDGE_CURVE('',#12184,#12101,#12215,.T.);
#12215 = LINE('',#12216,#12217);
#12216 = CARTESIAN_POINT('',(11.225,26.82,12.6));
#12217 = VECTOR('',#12218,1.);
#12218 = DIRECTION('',(1.,0.,0.));
#12219 = PLANE('',#12220);
#12220 = AXIS2_PLACEMENT_3D('',#12221,#12222,#12223);
#12221 = CARTESIAN_POINT('',(21.85,26.82,12.6));
#12222 = DIRECTION('',(0.,1.,0.));
#12223 = DIRECTION('',(1.,0.,0.));
#12224 = ADVANCED_FACE('',(#12225),#12252,.F.);
#12225 = FACE_BOUND('',#12226,.F.);
#12226 = EDGE_LOOP('',(#12227,#12237,#12244,#12245));
#12227 = ORIENTED_EDGE('',*,*,#12228,.T.);
#12228 = EDGE_CURVE('',#12229,#12231,#12233,.T.);
#12229 = VERTEX_POINT('',#12230);
#12230 = CARTESIAN_POINT('',(4.5,32.93,12.6));
#12231 = VERTEX_POINT('',#12232);
#12232 = CARTESIAN_POINT('',(4.5,32.93,13.6));
#12233 = LINE('',#12234,#12235);
#12234 = CARTESIAN_POINT('',(4.5,32.93,12.6));
#12235 = VECTOR('',#12236,1.);
#12236 = DIRECTION('',(0.,0.,1.));
#12237 = ORIENTED_EDGE('',*,*,#12238,.T.);
#12238 = EDGE_CURVE('',#12231,#12231,#12239,.T.);
#12239 = CIRCLE('',#12240,0.5);
#12240 = AXIS2_PLACEMENT_3D('',#12241,#12242,#12243);
#12241 = CARTESIAN_POINT('',(4.5,33.43,13.6));
#12242 = DIRECTION('',(-0.,-0.,-1.));
#12243 = DIRECTION('',(0.,-1.,0.));
#12244 = ORIENTED_EDGE('',*,*,#12228,.F.);
#12245 = ORIENTED_EDGE('',*,*,#12246,.F.);
#12246 = EDGE_CURVE('',#12229,#12229,#12247,.T.);
#12247 = CIRCLE('',#12248,0.5);
#12248 = AXIS2_PLACEMENT_3D('',#12249,#12250,#12251);
#12249 = CARTESIAN_POINT('',(4.5,33.43,12.6));
#12250 = DIRECTION('',(-0.,-0.,-1.));
#12251 = DIRECTION('',(0.,-1.,0.));
#12252 = CYLINDRICAL_SURFACE('',#12253,0.5);
#12253 = AXIS2_PLACEMENT_3D('',#12254,#12255,#12256);
#12254 = CARTESIAN_POINT('',(4.5,33.43,12.6));
#12255 = DIRECTION('',(-0.,-0.,-1.));
#12256 = DIRECTION('',(0.,-1.,0.));
#12257 = ADVANCED_FACE('',(#12258),#12285,.F.);
#12258 = FACE_BOUND('',#12259,.F.);
#12259 = EDGE_LOOP('',(#12260,#12270,#12277,#12278));
#12260 = ORIENTED_EDGE('',*,*,#12261,.T.);
#12261 = EDGE_CURVE('',#12262,#12264,#12266,.T.);
#12262 = VERTEX_POINT('',#12263);
#12263 = CARTESIAN_POINT('',(4.5,35.47,12.6));
#12264 = VERTEX_POINT('',#12265);
#12265 = CARTESIAN_POINT('',(4.5,35.47,13.6));
#12266 = LINE('',#12267,#12268);
#12267 = CARTESIAN_POINT('',(4.5,35.47,12.6));
#12268 = VECTOR('',#12269,1.);
#12269 = DIRECTION('',(0.,0.,1.));
#12270 = ORIENTED_EDGE('',*,*,#12271,.T.);
#12271 = EDGE_CURVE('',#12264,#12264,#12272,.T.);
#12272 = CIRCLE('',#12273,0.5);
#12273 = AXIS2_PLACEMENT_3D('',#12274,#12275,#12276);
#12274 = CARTESIAN_POINT('',(4.5,35.97,13.6));
#12275 = DIRECTION('',(-0.,-0.,-1.));
#12276 = DIRECTION('',(0.,-1.,0.));
#12277 = ORIENTED_EDGE('',*,*,#12261,.F.);
#12278 = ORIENTED_EDGE('',*,*,#12279,.F.);
#12279 = EDGE_CURVE('',#12262,#12262,#12280,.T.);
#12280 = CIRCLE('',#12281,0.5);
#12281 = AXIS2_PLACEMENT_3D('',#12282,#12283,#12284);
#12282 = CARTESIAN_POINT('',(4.5,35.97,12.6));
#12283 = DIRECTION('',(-0.,-0.,-1.));
#12284 = DIRECTION('',(0.,-1.,0.));
#12285 = CYLINDRICAL_SURFACE('',#12286,0.5);
#12286 = AXIS2_PLACEMENT_3D('',#12287,#12288,#12289);
#12287 = CARTESIAN_POINT('',(4.5,35.97,12.6));
#12288 = DIRECTION('',(-0.,-0.,-1.));
#12289 = DIRECTION('',(0.,-1.,0.));
#12290 = ADVANCED_FACE('',(#12291,#12301,#12307,#12310,#12316,#12322,
    #12325,#12331,#12334),#12337,.F.);
#12291 = FACE_BOUND('',#12292,.F.);
#12292 = EDGE_LOOP('',(#12293,#12294,#12295,#12296,#12297,#12298,#12299,
    #12300));
#12293 = ORIENTED_EDGE('',*,*,#11428,.F.);
#12294 = ORIENTED_EDGE('',*,*,#11459,.F.);
#12295 = ORIENTED_EDGE('',*,*,#11490,.F.);
#12296 = ORIENTED_EDGE('',*,*,#11521,.F.);
#12297 = ORIENTED_EDGE('',*,*,#11552,.F.);
#12298 = ORIENTED_EDGE('',*,*,#11583,.F.);
#12299 = ORIENTED_EDGE('',*,*,#11614,.F.);
#12300 = ORIENTED_EDGE('',*,*,#11636,.F.);
#12301 = FACE_BOUND('',#12302,.F.);
#12302 = EDGE_LOOP('',(#12303,#12304,#12305,#12306));
#12303 = ORIENTED_EDGE('',*,*,#11677,.T.);
#12304 = ORIENTED_EDGE('',*,*,#11709,.T.);
#12305 = ORIENTED_EDGE('',*,*,#11741,.T.);
#12306 = ORIENTED_EDGE('',*,*,#11764,.T.);
#12307 = FACE_BOUND('',#12308,.F.);
#12308 = EDGE_LOOP('',(#12309));
#12309 = ORIENTED_EDGE('',*,*,#11796,.T.);
#12310 = FACE_BOUND('',#12311,.F.);
#12311 = EDGE_LOOP('',(#12312,#12313,#12314,#12315));
#12312 = ORIENTED_EDGE('',*,*,#11838,.T.);
#12313 = ORIENTED_EDGE('',*,*,#11870,.T.);
#12314 = ORIENTED_EDGE('',*,*,#11902,.T.);
#12315 = ORIENTED_EDGE('',*,*,#11925,.T.);
#12316 = FACE_BOUND('',#12317,.F.);
#12317 = EDGE_LOOP('',(#12318,#12319,#12320,#12321));
#12318 = ORIENTED_EDGE('',*,*,#11966,.T.);
#12319 = ORIENTED_EDGE('',*,*,#11998,.T.);
#12320 = ORIENTED_EDGE('',*,*,#12030,.T.);
#12321 = ORIENTED_EDGE('',*,*,#12053,.T.);
#12322 = FACE_BOUND('',#12323,.F.);
#12323 = EDGE_LOOP('',(#12324));
#12324 = ORIENTED_EDGE('',*,*,#12085,.T.);
#12325 = FACE_BOUND('',#12326,.F.);
#12326 = EDGE_LOOP('',(#12327,#12328,#12329,#12330));
#12327 = ORIENTED_EDGE('',*,*,#12127,.T.);
#12328 = ORIENTED_EDGE('',*,*,#12159,.T.);
#12329 = ORIENTED_EDGE('',*,*,#12191,.T.);
#12330 = ORIENTED_EDGE('',*,*,#12214,.T.);
#12331 = FACE_BOUND('',#12332,.F.);
#12332 = EDGE_LOOP('',(#12333));
#12333 = ORIENTED_EDGE('',*,*,#12246,.T.);
#12334 = FACE_BOUND('',#12335,.F.);
#12335 = EDGE_LOOP('',(#12336));
#12336 = ORIENTED_EDGE('',*,*,#12279,.T.);
#12337 = PLANE('',#12338);
#12338 = AXIS2_PLACEMENT_3D('',#12339,#12340,#12341);
#12339 = CARTESIAN_POINT('',(0.,4.,12.6));
#12340 = DIRECTION('',(0.,0.,1.));
#12341 = DIRECTION('',(1.,0.,0.));
#12342 = ADVANCED_FACE('',(#12343,#12353,#12359,#12362,#12368,#12374,
    #12377,#12383,#12386),#12389,.T.);
#12343 = FACE_BOUND('',#12344,.T.);
#12344 = EDGE_LOOP('',(#12345,#12346,#12347,#12348,#12349,#12350,#12351,
    #12352));
#12345 = ORIENTED_EDGE('',*,*,#11412,.F.);
#12346 = ORIENTED_EDGE('',*,*,#11452,.F.);
#12347 = ORIENTED_EDGE('',*,*,#11483,.F.);
#12348 = ORIENTED_EDGE('',*,*,#11514,.F.);
#12349 = ORIENTED_EDGE('',*,*,#11545,.F.);
#12350 = ORIENTED_EDGE('',*,*,#11576,.F.);
#12351 = ORIENTED_EDGE('',*,*,#11607,.F.);
#12352 = ORIENTED_EDGE('',*,*,#11629,.F.);
#12353 = FACE_BOUND('',#12354,.T.);
#12354 = EDGE_LOOP('',(#12355,#12356,#12357,#12358));
#12355 = ORIENTED_EDGE('',*,*,#11660,.T.);
#12356 = ORIENTED_EDGE('',*,*,#11693,.T.);
#12357 = ORIENTED_EDGE('',*,*,#11724,.T.);
#12358 = ORIENTED_EDGE('',*,*,#11757,.T.);
#12359 = FACE_BOUND('',#12360,.T.);
#12360 = EDGE_LOOP('',(#12361));
#12361 = ORIENTED_EDGE('',*,*,#11788,.T.);
#12362 = FACE_BOUND('',#12363,.T.);
#12363 = EDGE_LOOP('',(#12364,#12365,#12366,#12367));
#12364 = ORIENTED_EDGE('',*,*,#11821,.T.);
#12365 = ORIENTED_EDGE('',*,*,#11854,.T.);
#12366 = ORIENTED_EDGE('',*,*,#11885,.T.);
#12367 = ORIENTED_EDGE('',*,*,#11918,.T.);
#12368 = FACE_BOUND('',#12369,.T.);
#12369 = EDGE_LOOP('',(#12370,#12371,#12372,#12373));
#12370 = ORIENTED_EDGE('',*,*,#11949,.T.);
#12371 = ORIENTED_EDGE('',*,*,#11982,.T.);
#12372 = ORIENTED_EDGE('',*,*,#12013,.T.);
#12373 = ORIENTED_EDGE('',*,*,#12046,.T.);
#12374 = FACE_BOUND('',#12375,.T.);
#12375 = EDGE_LOOP('',(#12376));
#12376 = ORIENTED_EDGE('',*,*,#12077,.T.);
#12377 = FACE_BOUND('',#12378,.T.);
#12378 = EDGE_LOOP('',(#12379,#12380,#12381,#12382));
#12379 = ORIENTED_EDGE('',*,*,#12110,.T.);
#12380 = ORIENTED_EDGE('',*,*,#12143,.T.);
#12381 = ORIENTED_EDGE('',*,*,#12174,.T.);
#12382 = ORIENTED_EDGE('',*,*,#12207,.T.);
#12383 = FACE_BOUND('',#12384,.T.);
#12384 = EDGE_LOOP('',(#12385));
#12385 = ORIENTED_EDGE('',*,*,#12238,.T.);
#12386 = FACE_BOUND('',#12387,.T.);
#12387 = EDGE_LOOP('',(#12388));
#12388 = ORIENTED_EDGE('',*,*,#12271,.T.);
#12389 = PLANE('',#12390);
#12390 = AXIS2_PLACEMENT_3D('',#12391,#12392,#12393);
#12391 = CARTESIAN_POINT('',(0.,4.,13.6));
#12392 = DIRECTION('',(0.,0.,1.));
#12393 = DIRECTION('',(1.,0.,0.));
#12394 = MANIFOLD_SOLID_BREP('',#12395);
#12395 = CLOSED_SHELL('',(#12396,#12436,#12476,#12498,#12520,#12532));
#12396 = ADVANCED_FACE('',(#12397),#12431,.F.);
#12397 = FACE_BOUND('',#12398,.F.);
#12398 = EDGE_LOOP('',(#12399,#12409,#12417,#12425));
#12399 = ORIENTED_EDGE('',*,*,#12400,.F.);
#12400 = EDGE_CURVE('',#12401,#12403,#12405,.T.);
#12401 = VERTEX_POINT('',#12402);
#12402 = CARTESIAN_POINT('',(0.,9.2,12.2));
#12403 = VERTEX_POINT('',#12404);
#12404 = CARTESIAN_POINT('',(0.,9.2,12.4));
#12405 = LINE('',#12406,#12407);
#12406 = CARTESIAN_POINT('',(0.,9.2,12.2));
#12407 = VECTOR('',#12408,1.);
#12408 = DIRECTION('',(0.,0.,1.));
#12409 = ORIENTED_EDGE('',*,*,#12410,.T.);
#12410 = EDGE_CURVE('',#12401,#12411,#12413,.T.);
#12411 = VERTEX_POINT('',#12412);
#12412 = CARTESIAN_POINT('',(0.,11.2,12.2));
#12413 = LINE('',#12414,#12415);
#12414 = CARTESIAN_POINT('',(0.,9.2,12.2));
#12415 = VECTOR('',#12416,1.);
#12416 = DIRECTION('',(0.,1.,0.));
#12417 = ORIENTED_EDGE('',*,*,#12418,.T.);
#12418 = EDGE_CURVE('',#12411,#12419,#12421,.T.);
#12419 = VERTEX_POINT('',#12420);
#12420 = CARTESIAN_POINT('',(0.,11.2,12.4));
#12421 = LINE('',#12422,#12423);
#12422 = CARTESIAN_POINT('',(0.,11.2,12.2));
#12423 = VECTOR('',#12424,1.);
#12424 = DIRECTION('',(0.,0.,1.));
#12425 = ORIENTED_EDGE('',*,*,#12426,.F.);
#12426 = EDGE_CURVE('',#12403,#12419,#12427,.T.);
#12427 = LINE('',#12428,#12429);
#12428 = CARTESIAN_POINT('',(0.,9.2,12.4));
#12429 = VECTOR('',#12430,1.);
#12430 = DIRECTION('',(0.,1.,0.));
#12431 = PLANE('',#12432);
#12432 = AXIS2_PLACEMENT_3D('',#12433,#12434,#12435);
#12433 = CARTESIAN_POINT('',(0.,9.2,12.2));
#12434 = DIRECTION('',(1.,0.,0.));
#12435 = DIRECTION('',(0.,0.,1.));
#12436 = ADVANCED_FACE('',(#12437),#12471,.T.);
#12437 = FACE_BOUND('',#12438,.T.);
#12438 = EDGE_LOOP('',(#12439,#12449,#12457,#12465));
#12439 = ORIENTED_EDGE('',*,*,#12440,.F.);
#12440 = EDGE_CURVE('',#12441,#12443,#12445,.T.);
#12441 = VERTEX_POINT('',#12442);
#12442 = CARTESIAN_POINT('',(0.7,9.2,12.2));
#12443 = VERTEX_POINT('',#12444);
#12444 = CARTESIAN_POINT('',(0.7,9.2,12.4));
#12445 = LINE('',#12446,#12447);
#12446 = CARTESIAN_POINT('',(0.7,9.2,12.2));
#12447 = VECTOR('',#12448,1.);
#12448 = DIRECTION('',(0.,0.,1.));
#12449 = ORIENTED_EDGE('',*,*,#12450,.T.);
#12450 = EDGE_CURVE('',#12441,#12451,#12453,.T.);
#12451 = VERTEX_POINT('',#12452);
#12452 = CARTESIAN_POINT('',(0.7,11.2,12.2));
#12453 = LINE('',#12454,#12455);
#12454 = CARTESIAN_POINT('',(0.7,9.2,12.2));
#12455 = VECTOR('',#12456,1.);
#12456 = DIRECTION('',(0.,1.,0.));
#12457 = ORIENTED_EDGE('',*,*,#12458,.T.);
#12458 = EDGE_CURVE('',#12451,#12459,#12461,.T.);
#12459 = VERTEX_POINT('',#12460);
#12460 = CARTESIAN_POINT('',(0.7,11.2,12.4));
#12461 = LINE('',#12462,#12463);
#12462 = CARTESIAN_POINT('',(0.7,11.2,12.2));
#12463 = VECTOR('',#12464,1.);
#12464 = DIRECTION('',(0.,0.,1.));
#12465 = ORIENTED_EDGE('',*,*,#12466,.F.);
#12466 = EDGE_CURVE('',#12443,#12459,#12467,.T.);
#12467 = LINE('',#12468,#12469);
#12468 = CARTESIAN_POINT('',(0.7,9.2,12.4));
#12469 = VECTOR('',#12470,1.);
#12470 = DIRECTION('',(0.,1.,0.));
#12471 = PLANE('',#12472);
#12472 = AXIS2_PLACEMENT_3D('',#12473,#12474,#12475);
#12473 = CARTESIAN_POINT('',(0.7,9.2,12.2));
#12474 = DIRECTION('',(1.,0.,0.));
#12475 = DIRECTION('',(0.,0.,1.));
#12476 = ADVANCED_FACE('',(#12477),#12493,.F.);
#12477 = FACE_BOUND('',#12478,.F.);
#12478 = EDGE_LOOP('',(#12479,#12485,#12486,#12492));
#12479 = ORIENTED_EDGE('',*,*,#12480,.F.);
#12480 = EDGE_CURVE('',#12401,#12441,#12481,.T.);
#12481 = LINE('',#12482,#12483);
#12482 = CARTESIAN_POINT('',(0.,9.2,12.2));
#12483 = VECTOR('',#12484,1.);
#12484 = DIRECTION('',(1.,0.,0.));
#12485 = ORIENTED_EDGE('',*,*,#12400,.T.);
#12486 = ORIENTED_EDGE('',*,*,#12487,.T.);
#12487 = EDGE_CURVE('',#12403,#12443,#12488,.T.);
#12488 = LINE('',#12489,#12490);
#12489 = CARTESIAN_POINT('',(0.,9.2,12.4));
#12490 = VECTOR('',#12491,1.);
#12491 = DIRECTION('',(1.,0.,0.));
#12492 = ORIENTED_EDGE('',*,*,#12440,.F.);
#12493 = PLANE('',#12494);
#12494 = AXIS2_PLACEMENT_3D('',#12495,#12496,#12497);
#12495 = CARTESIAN_POINT('',(0.,9.2,12.2));
#12496 = DIRECTION('',(0.,1.,0.));
#12497 = DIRECTION('',(0.,0.,1.));
#12498 = ADVANCED_FACE('',(#12499),#12515,.T.);
#12499 = FACE_BOUND('',#12500,.T.);
#12500 = EDGE_LOOP('',(#12501,#12507,#12508,#12514));
#12501 = ORIENTED_EDGE('',*,*,#12502,.F.);
#12502 = EDGE_CURVE('',#12411,#12451,#12503,.T.);
#12503 = LINE('',#12504,#12505);
#12504 = CARTESIAN_POINT('',(0.,11.2,12.2));
#12505 = VECTOR('',#12506,1.);
#12506 = DIRECTION('',(1.,0.,0.));
#12507 = ORIENTED_EDGE('',*,*,#12418,.T.);
#12508 = ORIENTED_EDGE('',*,*,#12509,.T.);
#12509 = EDGE_CURVE('',#12419,#12459,#12510,.T.);
#12510 = LINE('',#12511,#12512);
#12511 = CARTESIAN_POINT('',(0.,11.2,12.4));
#12512 = VECTOR('',#12513,1.);
#12513 = DIRECTION('',(1.,0.,0.));
#12514 = ORIENTED_EDGE('',*,*,#12458,.F.);
#12515 = PLANE('',#12516);
#12516 = AXIS2_PLACEMENT_3D('',#12517,#12518,#12519);
#12517 = CARTESIAN_POINT('',(0.,11.2,12.2));
#12518 = DIRECTION('',(0.,1.,0.));
#12519 = DIRECTION('',(0.,0.,1.));
#12520 = ADVANCED_FACE('',(#12521),#12527,.F.);
#12521 = FACE_BOUND('',#12522,.F.);
#12522 = EDGE_LOOP('',(#12523,#12524,#12525,#12526));
#12523 = ORIENTED_EDGE('',*,*,#12410,.F.);
#12524 = ORIENTED_EDGE('',*,*,#12480,.T.);
#12525 = ORIENTED_EDGE('',*,*,#12450,.T.);
#12526 = ORIENTED_EDGE('',*,*,#12502,.F.);
#12527 = PLANE('',#12528);
#12528 = AXIS2_PLACEMENT_3D('',#12529,#12530,#12531);
#12529 = CARTESIAN_POINT('',(0.,9.2,12.2));
#12530 = DIRECTION('',(0.,0.,1.));
#12531 = DIRECTION('',(1.,0.,0.));
#12532 = ADVANCED_FACE('',(#12533),#12539,.T.);
#12533 = FACE_BOUND('',#12534,.T.);
#12534 = EDGE_LOOP('',(#12535,#12536,#12537,#12538));
#12535 = ORIENTED_EDGE('',*,*,#12426,.F.);
#12536 = ORIENTED_EDGE('',*,*,#12487,.T.);
#12537 = ORIENTED_EDGE('',*,*,#12466,.T.);
#12538 = ORIENTED_EDGE('',*,*,#12509,.F.);
#12539 = PLANE('',#12540);
#12540 = AXIS2_PLACEMENT_3D('',#12541,#12542,#12543);
#12541 = CARTESIAN_POINT('',(0.,9.2,12.4));
#12542 = DIRECTION('',(0.,0.,1.));
#12543 = DIRECTION('',(1.,0.,0.));
#12544 = MANIFOLD_SOLID_BREP('',#12545);
#12545 = CLOSED_SHELL('',(#12546,#12586,#12626,#12648,#12670,#12682));
#12546 = ADVANCED_FACE('',(#12547),#12581,.F.);
#12547 = FACE_BOUND('',#12548,.F.);
#12548 = EDGE_LOOP('',(#12549,#12559,#12567,#12575));
#12549 = ORIENTED_EDGE('',*,*,#12550,.F.);
#12550 = EDGE_CURVE('',#12551,#12553,#12555,.T.);
#12551 = VERTEX_POINT('',#12552);
#12552 = CARTESIAN_POINT('',(24.1,9.2,12.2));
#12553 = VERTEX_POINT('',#12554);
#12554 = CARTESIAN_POINT('',(24.1,9.2,12.4));
#12555 = LINE('',#12556,#12557);
#12556 = CARTESIAN_POINT('',(24.1,9.2,12.2));
#12557 = VECTOR('',#12558,1.);
#12558 = DIRECTION('',(0.,0.,1.));
#12559 = ORIENTED_EDGE('',*,*,#12560,.T.);
#12560 = EDGE_CURVE('',#12551,#12561,#12563,.T.);
#12561 = VERTEX_POINT('',#12562);
#12562 = CARTESIAN_POINT('',(24.1,11.2,12.2));
#12563 = LINE('',#12564,#12565);
#12564 = CARTESIAN_POINT('',(24.1,9.2,12.2));
#12565 = VECTOR('',#12566,1.);
#12566 = DIRECTION('',(0.,1.,0.));
#12567 = ORIENTED_EDGE('',*,*,#12568,.T.);
#12568 = EDGE_CURVE('',#12561,#12569,#12571,.T.);
#12569 = VERTEX_POINT('',#12570);
#12570 = CARTESIAN_POINT('',(24.1,11.2,12.4));
#12571 = LINE('',#12572,#12573);
#12572 = CARTESIAN_POINT('',(24.1,11.2,12.2));
#12573 = VECTOR('',#12574,1.);
#12574 = DIRECTION('',(0.,0.,1.));
#12575 = ORIENTED_EDGE('',*,*,#12576,.F.);
#12576 = EDGE_CURVE('',#12553,#12569,#12577,.T.);
#12577 = LINE('',#12578,#12579);
#12578 = CARTESIAN_POINT('',(24.1,9.2,12.4));
#12579 = VECTOR('',#12580,1.);
#12580 = DIRECTION('',(0.,1.,0.));
#12581 = PLANE('',#12582);
#12582 = AXIS2_PLACEMENT_3D('',#12583,#12584,#12585);
#12583 = CARTESIAN_POINT('',(24.1,9.2,12.2));
#12584 = DIRECTION('',(1.,0.,0.));
#12585 = DIRECTION('',(0.,0.,1.));
#12586 = ADVANCED_FACE('',(#12587),#12621,.T.);
#12587 = FACE_BOUND('',#12588,.T.);
#12588 = EDGE_LOOP('',(#12589,#12599,#12607,#12615));
#12589 = ORIENTED_EDGE('',*,*,#12590,.F.);
#12590 = EDGE_CURVE('',#12591,#12593,#12595,.T.);
#12591 = VERTEX_POINT('',#12592);
#12592 = CARTESIAN_POINT('',(25.,9.2,12.2));
#12593 = VERTEX_POINT('',#12594);
#12594 = CARTESIAN_POINT('',(25.,9.2,12.4));
#12595 = LINE('',#12596,#12597);
#12596 = CARTESIAN_POINT('',(25.,9.2,12.2));
#12597 = VECTOR('',#12598,1.);
#12598 = DIRECTION('',(0.,0.,1.));
#12599 = ORIENTED_EDGE('',*,*,#12600,.T.);
#12600 = EDGE_CURVE('',#12591,#12601,#12603,.T.);
#12601 = VERTEX_POINT('',#12602);
#12602 = CARTESIAN_POINT('',(25.,11.2,12.2));
#12603 = LINE('',#12604,#12605);
#12604 = CARTESIAN_POINT('',(25.,9.2,12.2));
#12605 = VECTOR('',#12606,1.);
#12606 = DIRECTION('',(0.,1.,0.));
#12607 = ORIENTED_EDGE('',*,*,#12608,.T.);
#12608 = EDGE_CURVE('',#12601,#12609,#12611,.T.);
#12609 = VERTEX_POINT('',#12610);
#12610 = CARTESIAN_POINT('',(25.,11.2,12.4));
#12611 = LINE('',#12612,#12613);
#12612 = CARTESIAN_POINT('',(25.,11.2,12.2));
#12613 = VECTOR('',#12614,1.);
#12614 = DIRECTION('',(0.,0.,1.));
#12615 = ORIENTED_EDGE('',*,*,#12616,.F.);
#12616 = EDGE_CURVE('',#12593,#12609,#12617,.T.);
#12617 = LINE('',#12618,#12619);
#12618 = CARTESIAN_POINT('',(25.,9.2,12.4));
#12619 = VECTOR('',#12620,1.);
#12620 = DIRECTION('',(0.,1.,0.));
#12621 = PLANE('',#12622);
#12622 = AXIS2_PLACEMENT_3D('',#12623,#12624,#12625);
#12623 = CARTESIAN_POINT('',(25.,9.2,12.2));
#12624 = DIRECTION('',(1.,0.,0.));
#12625 = DIRECTION('',(0.,0.,1.));
#12626 = ADVANCED_FACE('',(#12627),#12643,.F.);
#12627 = FACE_BOUND('',#12628,.F.);
#12628 = EDGE_LOOP('',(#12629,#12635,#12636,#12642));
#12629 = ORIENTED_EDGE('',*,*,#12630,.F.);
#12630 = EDGE_CURVE('',#12551,#12591,#12631,.T.);
#12631 = LINE('',#12632,#12633);
#12632 = CARTESIAN_POINT('',(24.1,9.2,12.2));
#12633 = VECTOR('',#12634,1.);
#12634 = DIRECTION('',(1.,0.,0.));
#12635 = ORIENTED_EDGE('',*,*,#12550,.T.);
#12636 = ORIENTED_EDGE('',*,*,#12637,.T.);
#12637 = EDGE_CURVE('',#12553,#12593,#12638,.T.);
#12638 = LINE('',#12639,#12640);
#12639 = CARTESIAN_POINT('',(24.1,9.2,12.4));
#12640 = VECTOR('',#12641,1.);
#12641 = DIRECTION('',(1.,0.,0.));
#12642 = ORIENTED_EDGE('',*,*,#12590,.F.);
#12643 = PLANE('',#12644);
#12644 = AXIS2_PLACEMENT_3D('',#12645,#12646,#12647);
#12645 = CARTESIAN_POINT('',(24.1,9.2,12.2));
#12646 = DIRECTION('',(0.,1.,0.));
#12647 = DIRECTION('',(0.,0.,1.));
#12648 = ADVANCED_FACE('',(#12649),#12665,.T.);
#12649 = FACE_BOUND('',#12650,.T.);
#12650 = EDGE_LOOP('',(#12651,#12657,#12658,#12664));
#12651 = ORIENTED_EDGE('',*,*,#12652,.F.);
#12652 = EDGE_CURVE('',#12561,#12601,#12653,.T.);
#12653 = LINE('',#12654,#12655);
#12654 = CARTESIAN_POINT('',(24.1,11.2,12.2));
#12655 = VECTOR('',#12656,1.);
#12656 = DIRECTION('',(1.,0.,0.));
#12657 = ORIENTED_EDGE('',*,*,#12568,.T.);
#12658 = ORIENTED_EDGE('',*,*,#12659,.T.);
#12659 = EDGE_CURVE('',#12569,#12609,#12660,.T.);
#12660 = LINE('',#12661,#12662);
#12661 = CARTESIAN_POINT('',(24.1,11.2,12.4));
#12662 = VECTOR('',#12663,1.);
#12663 = DIRECTION('',(1.,0.,0.));
#12664 = ORIENTED_EDGE('',*,*,#12608,.F.);
#12665 = PLANE('',#12666);
#12666 = AXIS2_PLACEMENT_3D('',#12667,#12668,#12669);
#12667 = CARTESIAN_POINT('',(24.1,11.2,12.2));
#12668 = DIRECTION('',(0.,1.,0.));
#12669 = DIRECTION('',(0.,0.,1.));
#12670 = ADVANCED_FACE('',(#12671),#12677,.F.);
#12671 = FACE_BOUND('',#12672,.F.);
#12672 = EDGE_LOOP('',(#12673,#12674,#12675,#12676));
#12673 = ORIENTED_EDGE('',*,*,#12560,.F.);
#12674 = ORIENTED_EDGE('',*,*,#12630,.T.);
#12675 = ORIENTED_EDGE('',*,*,#12600,.T.);
#12676 = ORIENTED_EDGE('',*,*,#12652,.F.);
#12677 = PLANE('',#12678);
#12678 = AXIS2_PLACEMENT_3D('',#12679,#12680,#12681);
#12679 = CARTESIAN_POINT('',(24.1,9.2,12.2));
#12680 = DIRECTION('',(0.,0.,1.));
#12681 = DIRECTION('',(1.,0.,0.));
#12682 = ADVANCED_FACE('',(#12683),#12689,.T.);
#12683 = FACE_BOUND('',#12684,.T.);
#12684 = EDGE_LOOP('',(#12685,#12686,#12687,#12688));
#12685 = ORIENTED_EDGE('',*,*,#12576,.F.);
#12686 = ORIENTED_EDGE('',*,*,#12637,.T.);
#12687 = ORIENTED_EDGE('',*,*,#12616,.T.);
#12688 = ORIENTED_EDGE('',*,*,#12659,.F.);
#12689 = PLANE('',#12690);
#12690 = AXIS2_PLACEMENT_3D('',#12691,#12692,#12693);
#12691 = CARTESIAN_POINT('',(24.1,9.2,12.4));
#12692 = DIRECTION('',(0.,0.,1.));
#12693 = DIRECTION('',(1.,0.,0.));
#12694 = MANIFOLD_SOLID_BREP('',#12695);
#12695 = CLOSED_SHELL('',(#12696,#12736,#12776,#12798,#12820,#12832));
#12696 = ADVANCED_FACE('',(#12697),#12731,.F.);
#12697 = FACE_BOUND('',#12698,.F.);
#12698 = EDGE_LOOP('',(#12699,#12709,#12717,#12725));
#12699 = ORIENTED_EDGE('',*,*,#12700,.F.);
#12700 = EDGE_CURVE('',#12701,#12703,#12705,.T.);
#12701 = VERTEX_POINT('',#12702);
#12702 = CARTESIAN_POINT('',(0.,36.5,12.2));
#12703 = VERTEX_POINT('',#12704);
#12704 = CARTESIAN_POINT('',(0.,36.5,12.4));
#12705 = LINE('',#12706,#12707);
#12706 = CARTESIAN_POINT('',(0.,36.5,12.2));
#12707 = VECTOR('',#12708,1.);
#12708 = DIRECTION('',(0.,0.,1.));
#12709 = ORIENTED_EDGE('',*,*,#12710,.T.);
#12710 = EDGE_CURVE('',#12701,#12711,#12713,.T.);
#12711 = VERTEX_POINT('',#12712);
#12712 = CARTESIAN_POINT('',(0.,38.5,12.2));
#12713 = LINE('',#12714,#12715);
#12714 = CARTESIAN_POINT('',(0.,36.5,12.2));
#12715 = VECTOR('',#12716,1.);
#12716 = DIRECTION('',(0.,1.,0.));
#12717 = ORIENTED_EDGE('',*,*,#12718,.T.);
#12718 = EDGE_CURVE('',#12711,#12719,#12721,.T.);
#12719 = VERTEX_POINT('',#12720);
#12720 = CARTESIAN_POINT('',(0.,38.5,12.4));
#12721 = LINE('',#12722,#12723);
#12722 = CARTESIAN_POINT('',(0.,38.5,12.2));
#12723 = VECTOR('',#12724,1.);
#12724 = DIRECTION('',(0.,0.,1.));
#12725 = ORIENTED_EDGE('',*,*,#12726,.F.);
#12726 = EDGE_CURVE('',#12703,#12719,#12727,.T.);
#12727 = LINE('',#12728,#12729);
#12728 = CARTESIAN_POINT('',(0.,36.5,12.4));
#12729 = VECTOR('',#12730,1.);
#12730 = DIRECTION('',(0.,1.,0.));
#12731 = PLANE('',#12732);
#12732 = AXIS2_PLACEMENT_3D('',#12733,#12734,#12735);
#12733 = CARTESIAN_POINT('',(0.,36.5,12.2));
#12734 = DIRECTION('',(1.,0.,0.));
#12735 = DIRECTION('',(0.,0.,1.));
#12736 = ADVANCED_FACE('',(#12737),#12771,.T.);
#12737 = FACE_BOUND('',#12738,.T.);
#12738 = EDGE_LOOP('',(#12739,#12749,#12757,#12765));
#12739 = ORIENTED_EDGE('',*,*,#12740,.F.);
#12740 = EDGE_CURVE('',#12741,#12743,#12745,.T.);
#12741 = VERTEX_POINT('',#12742);
#12742 = CARTESIAN_POINT('',(0.7,36.5,12.2));
#12743 = VERTEX_POINT('',#12744);
#12744 = CARTESIAN_POINT('',(0.7,36.5,12.4));
#12745 = LINE('',#12746,#12747);
#12746 = CARTESIAN_POINT('',(0.7,36.5,12.2));
#12747 = VECTOR('',#12748,1.);
#12748 = DIRECTION('',(0.,0.,1.));
#12749 = ORIENTED_EDGE('',*,*,#12750,.T.);
#12750 = EDGE_CURVE('',#12741,#12751,#12753,.T.);
#12751 = VERTEX_POINT('',#12752);
#12752 = CARTESIAN_POINT('',(0.7,38.5,12.2));
#12753 = LINE('',#12754,#12755);
#12754 = CARTESIAN_POINT('',(0.7,36.5,12.2));
#12755 = VECTOR('',#12756,1.);
#12756 = DIRECTION('',(0.,1.,0.));
#12757 = ORIENTED_EDGE('',*,*,#12758,.T.);
#12758 = EDGE_CURVE('',#12751,#12759,#12761,.T.);
#12759 = VERTEX_POINT('',#12760);
#12760 = CARTESIAN_POINT('',(0.7,38.5,12.4));
#12761 = LINE('',#12762,#12763);
#12762 = CARTESIAN_POINT('',(0.7,38.5,12.2));
#12763 = VECTOR('',#12764,1.);
#12764 = DIRECTION('',(0.,0.,1.));
#12765 = ORIENTED_EDGE('',*,*,#12766,.F.);
#12766 = EDGE_CURVE('',#12743,#12759,#12767,.T.);
#12767 = LINE('',#12768,#12769);
#12768 = CARTESIAN_POINT('',(0.7,36.5,12.4));
#12769 = VECTOR('',#12770,1.);
#12770 = DIRECTION('',(0.,1.,0.));
#12771 = PLANE('',#12772);
#12772 = AXIS2_PLACEMENT_3D('',#12773,#12774,#12775);
#12773 = CARTESIAN_POINT('',(0.7,36.5,12.2));
#12774 = DIRECTION('',(1.,0.,0.));
#12775 = DIRECTION('',(0.,0.,1.));
#12776 = ADVANCED_FACE('',(#12777),#12793,.F.);
#12777 = FACE_BOUND('',#12778,.F.);
#12778 = EDGE_LOOP('',(#12779,#12785,#12786,#12792));
#12779 = ORIENTED_EDGE('',*,*,#12780,.F.);
#12780 = EDGE_CURVE('',#12701,#12741,#12781,.T.);
#12781 = LINE('',#12782,#12783);
#12782 = CARTESIAN_POINT('',(0.,36.5,12.2));
#12783 = VECTOR('',#12784,1.);
#12784 = DIRECTION('',(1.,0.,0.));
#12785 = ORIENTED_EDGE('',*,*,#12700,.T.);
#12786 = ORIENTED_EDGE('',*,*,#12787,.T.);
#12787 = EDGE_CURVE('',#12703,#12743,#12788,.T.);
#12788 = LINE('',#12789,#12790);
#12789 = CARTESIAN_POINT('',(0.,36.5,12.4));
#12790 = VECTOR('',#12791,1.);
#12791 = DIRECTION('',(1.,0.,0.));
#12792 = ORIENTED_EDGE('',*,*,#12740,.F.);
#12793 = PLANE('',#12794);
#12794 = AXIS2_PLACEMENT_3D('',#12795,#12796,#12797);
#12795 = CARTESIAN_POINT('',(0.,36.5,12.2));
#12796 = DIRECTION('',(0.,1.,0.));
#12797 = DIRECTION('',(0.,0.,1.));
#12798 = ADVANCED_FACE('',(#12799),#12815,.T.);
#12799 = FACE_BOUND('',#12800,.T.);
#12800 = EDGE_LOOP('',(#12801,#12807,#12808,#12814));
#12801 = ORIENTED_EDGE('',*,*,#12802,.F.);
#12802 = EDGE_CURVE('',#12711,#12751,#12803,.T.);
#12803 = LINE('',#12804,#12805);
#12804 = CARTESIAN_POINT('',(0.,38.5,12.2));
#12805 = VECTOR('',#12806,1.);
#12806 = DIRECTION('',(1.,0.,0.));
#12807 = ORIENTED_EDGE('',*,*,#12718,.T.);
#12808 = ORIENTED_EDGE('',*,*,#12809,.T.);
#12809 = EDGE_CURVE('',#12719,#12759,#12810,.T.);
#12810 = LINE('',#12811,#12812);
#12811 = CARTESIAN_POINT('',(0.,38.5,12.4));
#12812 = VECTOR('',#12813,1.);
#12813 = DIRECTION('',(1.,0.,0.));
#12814 = ORIENTED_EDGE('',*,*,#12758,.F.);
#12815 = PLANE('',#12816);
#12816 = AXIS2_PLACEMENT_3D('',#12817,#12818,#12819);
#12817 = CARTESIAN_POINT('',(0.,38.5,12.2));
#12818 = DIRECTION('',(0.,1.,0.));
#12819 = DIRECTION('',(0.,0.,1.));
#12820 = ADVANCED_FACE('',(#12821),#12827,.F.);
#12821 = FACE_BOUND('',#12822,.F.);
#12822 = EDGE_LOOP('',(#12823,#12824,#12825,#12826));
#12823 = ORIENTED_EDGE('',*,*,#12710,.F.);
#12824 = ORIENTED_EDGE('',*,*,#12780,.T.);
#12825 = ORIENTED_EDGE('',*,*,#12750,.T.);
#12826 = ORIENTED_EDGE('',*,*,#12802,.F.);
#12827 = PLANE('',#12828);
#12828 = AXIS2_PLACEMENT_3D('',#12829,#12830,#12831);
#12829 = CARTESIAN_POINT('',(0.,36.5,12.2));
#12830 = DIRECTION('',(0.,0.,1.));
#12831 = DIRECTION('',(1.,0.,0.));
#12832 = ADVANCED_FACE('',(#12833),#12839,.T.);
#12833 = FACE_BOUND('',#12834,.T.);
#12834 = EDGE_LOOP('',(#12835,#12836,#12837,#12838));
#12835 = ORIENTED_EDGE('',*,*,#12726,.F.);
#12836 = ORIENTED_EDGE('',*,*,#12787,.T.);
#12837 = ORIENTED_EDGE('',*,*,#12766,.T.);
#12838 = ORIENTED_EDGE('',*,*,#12809,.F.);
#12839 = PLANE('',#12840);
#12840 = AXIS2_PLACEMENT_3D('',#12841,#12842,#12843);
#12841 = CARTESIAN_POINT('',(0.,36.5,12.4));
#12842 = DIRECTION('',(0.,0.,1.));
#12843 = DIRECTION('',(1.,0.,0.));
#12844 = MANIFOLD_SOLID_BREP('',#12845);
#12845 = CLOSED_SHELL('',(#12846,#12886,#12926,#12948,#12970,#12982));
#12846 = ADVANCED_FACE('',(#12847),#12881,.F.);
#12847 = FACE_BOUND('',#12848,.F.);
#12848 = EDGE_LOOP('',(#12849,#12859,#12867,#12875));
#12849 = ORIENTED_EDGE('',*,*,#12850,.F.);
#12850 = EDGE_CURVE('',#12851,#12853,#12855,.T.);
#12851 = VERTEX_POINT('',#12852);
#12852 = CARTESIAN_POINT('',(24.1,36.5,12.2));
#12853 = VERTEX_POINT('',#12854);
#12854 = CARTESIAN_POINT('',(24.1,36.5,12.4));
#12855 = LINE('',#12856,#12857);
#12856 = CARTESIAN_POINT('',(24.1,36.5,12.2));
#12857 = VECTOR('',#12858,1.);
#12858 = DIRECTION('',(0.,0.,1.));
#12859 = ORIENTED_EDGE('',*,*,#12860,.T.);
#12860 = EDGE_CURVE('',#12851,#12861,#12863,.T.);
#12861 = VERTEX_POINT('',#12862);
#12862 = CARTESIAN_POINT('',(24.1,38.5,12.2));
#12863 = LINE('',#12864,#12865);
#12864 = CARTESIAN_POINT('',(24.1,36.5,12.2));
#12865 = VECTOR('',#12866,1.);
#12866 = DIRECTION('',(0.,1.,0.));
#12867 = ORIENTED_EDGE('',*,*,#12868,.T.);
#12868 = EDGE_CURVE('',#12861,#12869,#12871,.T.);
#12869 = VERTEX_POINT('',#12870);
#12870 = CARTESIAN_POINT('',(24.1,38.5,12.4));
#12871 = LINE('',#12872,#12873);
#12872 = CARTESIAN_POINT('',(24.1,38.5,12.2));
#12873 = VECTOR('',#12874,1.);
#12874 = DIRECTION('',(0.,0.,1.));
#12875 = ORIENTED_EDGE('',*,*,#12876,.F.);
#12876 = EDGE_CURVE('',#12853,#12869,#12877,.T.);
#12877 = LINE('',#12878,#12879);
#12878 = CARTESIAN_POINT('',(24.1,36.5,12.4));
#12879 = VECTOR('',#12880,1.);
#12880 = DIRECTION('',(0.,1.,0.));
#12881 = PLANE('',#12882);
#12882 = AXIS2_PLACEMENT_3D('',#12883,#12884,#12885);
#12883 = CARTESIAN_POINT('',(24.1,36.5,12.2));
#12884 = DIRECTION('',(1.,0.,0.));
#12885 = DIRECTION('',(0.,0.,1.));
#12886 = ADVANCED_FACE('',(#12887),#12921,.T.);
#12887 = FACE_BOUND('',#12888,.T.);
#12888 = EDGE_LOOP('',(#12889,#12899,#12907,#12915));
#12889 = ORIENTED_EDGE('',*,*,#12890,.F.);
#12890 = EDGE_CURVE('',#12891,#12893,#12895,.T.);
#12891 = VERTEX_POINT('',#12892);
#12892 = CARTESIAN_POINT('',(25.,36.5,12.2));
#12893 = VERTEX_POINT('',#12894);
#12894 = CARTESIAN_POINT('',(25.,36.5,12.4));
#12895 = LINE('',#12896,#12897);
#12896 = CARTESIAN_POINT('',(25.,36.5,12.2));
#12897 = VECTOR('',#12898,1.);
#12898 = DIRECTION('',(0.,0.,1.));
#12899 = ORIENTED_EDGE('',*,*,#12900,.T.);
#12900 = EDGE_CURVE('',#12891,#12901,#12903,.T.);
#12901 = VERTEX_POINT('',#12902);
#12902 = CARTESIAN_POINT('',(25.,38.5,12.2));
#12903 = LINE('',#12904,#12905);
#12904 = CARTESIAN_POINT('',(25.,36.5,12.2));
#12905 = VECTOR('',#12906,1.);
#12906 = DIRECTION('',(0.,1.,0.));
#12907 = ORIENTED_EDGE('',*,*,#12908,.T.);
#12908 = EDGE_CURVE('',#12901,#12909,#12911,.T.);
#12909 = VERTEX_POINT('',#12910);
#12910 = CARTESIAN_POINT('',(25.,38.5,12.4));
#12911 = LINE('',#12912,#12913);
#12912 = CARTESIAN_POINT('',(25.,38.5,12.2));
#12913 = VECTOR('',#12914,1.);
#12914 = DIRECTION('',(0.,0.,1.));
#12915 = ORIENTED_EDGE('',*,*,#12916,.F.);
#12916 = EDGE_CURVE('',#12893,#12909,#12917,.T.);
#12917 = LINE('',#12918,#12919);
#12918 = CARTESIAN_POINT('',(25.,36.5,12.4));
#12919 = VECTOR('',#12920,1.);
#12920 = DIRECTION('',(0.,1.,0.));
#12921 = PLANE('',#12922);
#12922 = AXIS2_PLACEMENT_3D('',#12923,#12924,#12925);
#12923 = CARTESIAN_POINT('',(25.,36.5,12.2));
#12924 = DIRECTION('',(1.,0.,0.));
#12925 = DIRECTION('',(0.,0.,1.));
#12926 = ADVANCED_FACE('',(#12927),#12943,.F.);
#12927 = FACE_BOUND('',#12928,.F.);
#12928 = EDGE_LOOP('',(#12929,#12935,#12936,#12942));
#12929 = ORIENTED_EDGE('',*,*,#12930,.F.);
#12930 = EDGE_CURVE('',#12851,#12891,#12931,.T.);
#12931 = LINE('',#12932,#12933);
#12932 = CARTESIAN_POINT('',(24.1,36.5,12.2));
#12933 = VECTOR('',#12934,1.);
#12934 = DIRECTION('',(1.,0.,0.));
#12935 = ORIENTED_EDGE('',*,*,#12850,.T.);
#12936 = ORIENTED_EDGE('',*,*,#12937,.T.);
#12937 = EDGE_CURVE('',#12853,#12893,#12938,.T.);
#12938 = LINE('',#12939,#12940);
#12939 = CARTESIAN_POINT('',(24.1,36.5,12.4));
#12940 = VECTOR('',#12941,1.);
#12941 = DIRECTION('',(1.,0.,0.));
#12942 = ORIENTED_EDGE('',*,*,#12890,.F.);
#12943 = PLANE('',#12944);
#12944 = AXIS2_PLACEMENT_3D('',#12945,#12946,#12947);
#12945 = CARTESIAN_POINT('',(24.1,36.5,12.2));
#12946 = DIRECTION('',(0.,1.,0.));
#12947 = DIRECTION('',(0.,0.,1.));
#12948 = ADVANCED_FACE('',(#12949),#12965,.T.);
#12949 = FACE_BOUND('',#12950,.T.);
#12950 = EDGE_LOOP('',(#12951,#12957,#12958,#12964));
#12951 = ORIENTED_EDGE('',*,*,#12952,.F.);
#12952 = EDGE_CURVE('',#12861,#12901,#12953,.T.);
#12953 = LINE('',#12954,#12955);
#12954 = CARTESIAN_POINT('',(24.1,38.5,12.2));
#12955 = VECTOR('',#12956,1.);
#12956 = DIRECTION('',(1.,0.,0.));
#12957 = ORIENTED_EDGE('',*,*,#12868,.T.);
#12958 = ORIENTED_EDGE('',*,*,#12959,.T.);
#12959 = EDGE_CURVE('',#12869,#12909,#12960,.T.);
#12960 = LINE('',#12961,#12962);
#12961 = CARTESIAN_POINT('',(24.1,38.5,12.4));
#12962 = VECTOR('',#12963,1.);
#12963 = DIRECTION('',(1.,0.,0.));
#12964 = ORIENTED_EDGE('',*,*,#12908,.F.);
#12965 = PLANE('',#12966);
#12966 = AXIS2_PLACEMENT_3D('',#12967,#12968,#12969);
#12967 = CARTESIAN_POINT('',(24.1,38.5,12.2));
#12968 = DIRECTION('',(0.,1.,0.));
#12969 = DIRECTION('',(0.,0.,1.));
#12970 = ADVANCED_FACE('',(#12971),#12977,.F.);
#12971 = FACE_BOUND('',#12972,.F.);
#12972 = EDGE_LOOP('',(#12973,#12974,#12975,#12976));
#12973 = ORIENTED_EDGE('',*,*,#12860,.F.);
#12974 = ORIENTED_EDGE('',*,*,#12930,.T.);
#12975 = ORIENTED_EDGE('',*,*,#12900,.T.);
#12976 = ORIENTED_EDGE('',*,*,#12952,.F.);
#12977 = PLANE('',#12978);
#12978 = AXIS2_PLACEMENT_3D('',#12979,#12980,#12981);
#12979 = CARTESIAN_POINT('',(24.1,36.5,12.2));
#12980 = DIRECTION('',(0.,0.,1.));
#12981 = DIRECTION('',(1.,0.,0.));
#12982 = ADVANCED_FACE('',(#12983),#12989,.T.);
#12983 = FACE_BOUND('',#12984,.T.);
#12984 = EDGE_LOOP('',(#12985,#12986,#12987,#12988));
#12985 = ORIENTED_EDGE('',*,*,#12876,.F.);
#12986 = ORIENTED_EDGE('',*,*,#12937,.T.);
#12987 = ORIENTED_EDGE('',*,*,#12916,.T.);
#12988 = ORIENTED_EDGE('',*,*,#12959,.F.);
#12989 = PLANE('',#12990);
#12990 = AXIS2_PLACEMENT_3D('',#12991,#12992,#12993);
#12991 = CARTESIAN_POINT('',(24.1,36.5,12.4));
#12992 = DIRECTION('',(0.,0.,1.));
#12993 = DIRECTION('',(1.,0.,0.));
#12994 = MANIFOLD_SOLID_BREP('',#12995);
#12995 = CLOSED_SHELL('',(#12996,#13036,#13076,#13098,#13120,#13132));
#12996 = ADVANCED_FACE('',(#12997),#13031,.F.);
#12997 = FACE_BOUND('',#12998,.F.);
#12998 = EDGE_LOOP('',(#12999,#13009,#13017,#13025));
#12999 = ORIENTED_EDGE('',*,*,#13000,.F.);
#13000 = EDGE_CURVE('',#13001,#13003,#13005,.T.);
#13001 = VERTEX_POINT('',#13002);
#13002 = CARTESIAN_POINT('',(0.,9.2,12.4));
#13003 = VERTEX_POINT('',#13004);
#13004 = CARTESIAN_POINT('',(0.,9.2,12.6));
#13005 = LINE('',#13006,#13007);
#13006 = CARTESIAN_POINT('',(0.,9.2,12.4));
#13007 = VECTOR('',#13008,1.);
#13008 = DIRECTION('',(0.,0.,1.));
#13009 = ORIENTED_EDGE('',*,*,#13010,.T.);
#13010 = EDGE_CURVE('',#13001,#13011,#13013,.T.);
#13011 = VERTEX_POINT('',#13012);
#13012 = CARTESIAN_POINT('',(0.,11.2,12.4));
#13013 = LINE('',#13014,#13015);
#13014 = CARTESIAN_POINT('',(0.,9.2,12.4));
#13015 = VECTOR('',#13016,1.);
#13016 = DIRECTION('',(0.,1.,0.));
#13017 = ORIENTED_EDGE('',*,*,#13018,.T.);
#13018 = EDGE_CURVE('',#13011,#13019,#13021,.T.);
#13019 = VERTEX_POINT('',#13020);
#13020 = CARTESIAN_POINT('',(0.,11.2,12.6));
#13021 = LINE('',#13022,#13023);
#13022 = CARTESIAN_POINT('',(0.,11.2,12.4));
#13023 = VECTOR('',#13024,1.);
#13024 = DIRECTION('',(0.,0.,1.));
#13025 = ORIENTED_EDGE('',*,*,#13026,.F.);
#13026 = EDGE_CURVE('',#13003,#13019,#13027,.T.);
#13027 = LINE('',#13028,#13029);
#13028 = CARTESIAN_POINT('',(0.,9.2,12.6));
#13029 = VECTOR('',#13030,1.);
#13030 = DIRECTION('',(0.,1.,0.));
#13031 = PLANE('',#13032);
#13032 = AXIS2_PLACEMENT_3D('',#13033,#13034,#13035);
#13033 = CARTESIAN_POINT('',(0.,9.2,12.4));
#13034 = DIRECTION('',(1.,0.,0.));
#13035 = DIRECTION('',(0.,0.,1.));
#13036 = ADVANCED_FACE('',(#13037),#13071,.T.);
#13037 = FACE_BOUND('',#13038,.T.);
#13038 = EDGE_LOOP('',(#13039,#13049,#13057,#13065));
#13039 = ORIENTED_EDGE('',*,*,#13040,.F.);
#13040 = EDGE_CURVE('',#13041,#13043,#13045,.T.);
#13041 = VERTEX_POINT('',#13042);
#13042 = CARTESIAN_POINT('',(0.7,9.2,12.4));
#13043 = VERTEX_POINT('',#13044);
#13044 = CARTESIAN_POINT('',(0.7,9.2,12.6));
#13045 = LINE('',#13046,#13047);
#13046 = CARTESIAN_POINT('',(0.7,9.2,12.4));
#13047 = VECTOR('',#13048,1.);
#13048 = DIRECTION('',(0.,0.,1.));
#13049 = ORIENTED_EDGE('',*,*,#13050,.T.);
#13050 = EDGE_CURVE('',#13041,#13051,#13053,.T.);
#13051 = VERTEX_POINT('',#13052);
#13052 = CARTESIAN_POINT('',(0.7,11.2,12.4));
#13053 = LINE('',#13054,#13055);
#13054 = CARTESIAN_POINT('',(0.7,9.2,12.4));
#13055 = VECTOR('',#13056,1.);
#13056 = DIRECTION('',(0.,1.,0.));
#13057 = ORIENTED_EDGE('',*,*,#13058,.T.);
#13058 = EDGE_CURVE('',#13051,#13059,#13061,.T.);
#13059 = VERTEX_POINT('',#13060);
#13060 = CARTESIAN_POINT('',(0.7,11.2,12.6));
#13061 = LINE('',#13062,#13063);
#13062 = CARTESIAN_POINT('',(0.7,11.2,12.4));
#13063 = VECTOR('',#13064,1.);
#13064 = DIRECTION('',(0.,0.,1.));
#13065 = ORIENTED_EDGE('',*,*,#13066,.F.);
#13066 = EDGE_CURVE('',#13043,#13059,#13067,.T.);
#13067 = LINE('',#13068,#13069);
#13068 = CARTESIAN_POINT('',(0.7,9.2,12.6));
#13069 = VECTOR('',#13070,1.);
#13070 = DIRECTION('',(0.,1.,0.));
#13071 = PLANE('',#13072);
#13072 = AXIS2_PLACEMENT_3D('',#13073,#13074,#13075);
#13073 = CARTESIAN_POINT('',(0.7,9.2,12.4));
#13074 = DIRECTION('',(1.,0.,0.));
#13075 = DIRECTION('',(0.,0.,1.));
#13076 = ADVANCED_FACE('',(#13077),#13093,.F.);
#13077 = FACE_BOUND('',#13078,.F.);
#13078 = EDGE_LOOP('',(#13079,#13085,#13086,#13092));
#13079 = ORIENTED_EDGE('',*,*,#13080,.F.);
#13080 = EDGE_CURVE('',#13001,#13041,#13081,.T.);
#13081 = LINE('',#13082,#13083);
#13082 = CARTESIAN_POINT('',(0.,9.2,12.4));
#13083 = VECTOR('',#13084,1.);
#13084 = DIRECTION('',(1.,0.,0.));
#13085 = ORIENTED_EDGE('',*,*,#13000,.T.);
#13086 = ORIENTED_EDGE('',*,*,#13087,.T.);
#13087 = EDGE_CURVE('',#13003,#13043,#13088,.T.);
#13088 = LINE('',#13089,#13090);
#13089 = CARTESIAN_POINT('',(0.,9.2,12.6));
#13090 = VECTOR('',#13091,1.);
#13091 = DIRECTION('',(1.,0.,0.));
#13092 = ORIENTED_EDGE('',*,*,#13040,.F.);
#13093 = PLANE('',#13094);
#13094 = AXIS2_PLACEMENT_3D('',#13095,#13096,#13097);
#13095 = CARTESIAN_POINT('',(0.,9.2,12.4));
#13096 = DIRECTION('',(0.,1.,0.));
#13097 = DIRECTION('',(0.,0.,1.));
#13098 = ADVANCED_FACE('',(#13099),#13115,.T.);
#13099 = FACE_BOUND('',#13100,.T.);
#13100 = EDGE_LOOP('',(#13101,#13107,#13108,#13114));
#13101 = ORIENTED_EDGE('',*,*,#13102,.F.);
#13102 = EDGE_CURVE('',#13011,#13051,#13103,.T.);
#13103 = LINE('',#13104,#13105);
#13104 = CARTESIAN_POINT('',(0.,11.2,12.4));
#13105 = VECTOR('',#13106,1.);
#13106 = DIRECTION('',(1.,0.,0.));
#13107 = ORIENTED_EDGE('',*,*,#13018,.T.);
#13108 = ORIENTED_EDGE('',*,*,#13109,.T.);
#13109 = EDGE_CURVE('',#13019,#13059,#13110,.T.);
#13110 = LINE('',#13111,#13112);
#13111 = CARTESIAN_POINT('',(0.,11.2,12.6));
#13112 = VECTOR('',#13113,1.);
#13113 = DIRECTION('',(1.,0.,0.));
#13114 = ORIENTED_EDGE('',*,*,#13058,.F.);
#13115 = PLANE('',#13116);
#13116 = AXIS2_PLACEMENT_3D('',#13117,#13118,#13119);
#13117 = CARTESIAN_POINT('',(0.,11.2,12.4));
#13118 = DIRECTION('',(0.,1.,0.));
#13119 = DIRECTION('',(0.,0.,1.));
#13120 = ADVANCED_FACE('',(#13121),#13127,.F.);
#13121 = FACE_BOUND('',#13122,.F.);
#13122 = EDGE_LOOP('',(#13123,#13124,#13125,#13126));
#13123 = ORIENTED_EDGE('',*,*,#13010,.F.);
#13124 = ORIENTED_EDGE('',*,*,#13080,.T.);
#13125 = ORIENTED_EDGE('',*,*,#13050,.T.);
#13126 = ORIENTED_EDGE('',*,*,#13102,.F.);
#13127 = PLANE('',#13128);
#13128 = AXIS2_PLACEMENT_3D('',#13129,#13130,#13131);
#13129 = CARTESIAN_POINT('',(0.,9.2,12.4));
#13130 = DIRECTION('',(0.,0.,1.));
#13131 = DIRECTION('',(1.,0.,0.));
#13132 = ADVANCED_FACE('',(#13133),#13139,.T.);
#13133 = FACE_BOUND('',#13134,.T.);
#13134 = EDGE_LOOP('',(#13135,#13136,#13137,#13138));
#13135 = ORIENTED_EDGE('',*,*,#13026,.F.);
#13136 = ORIENTED_EDGE('',*,*,#13087,.T.);
#13137 = ORIENTED_EDGE('',*,*,#13066,.T.);
#13138 = ORIENTED_EDGE('',*,*,#13109,.F.);
#13139 = PLANE('',#13140);
#13140 = AXIS2_PLACEMENT_3D('',#13141,#13142,#13143);
#13141 = CARTESIAN_POINT('',(0.,9.2,12.6));
#13142 = DIRECTION('',(0.,0.,1.));
#13143 = DIRECTION('',(1.,0.,0.));
#13144 = MANIFOLD_SOLID_BREP('',#13145);
#13145 = CLOSED_SHELL('',(#13146,#13186,#13226,#13248,#13270,#13282));
#13146 = ADVANCED_FACE('',(#13147),#13181,.F.);
#13147 = FACE_BOUND('',#13148,.F.);
#13148 = EDGE_LOOP('',(#13149,#13159,#13167,#13175));
#13149 = ORIENTED_EDGE('',*,*,#13150,.F.);
#13150 = EDGE_CURVE('',#13151,#13153,#13155,.T.);
#13151 = VERTEX_POINT('',#13152);
#13152 = CARTESIAN_POINT('',(24.1,9.2,12.4));
#13153 = VERTEX_POINT('',#13154);
#13154 = CARTESIAN_POINT('',(24.1,9.2,12.6));
#13155 = LINE('',#13156,#13157);
#13156 = CARTESIAN_POINT('',(24.1,9.2,12.4));
#13157 = VECTOR('',#13158,1.);
#13158 = DIRECTION('',(0.,0.,1.));
#13159 = ORIENTED_EDGE('',*,*,#13160,.T.);
#13160 = EDGE_CURVE('',#13151,#13161,#13163,.T.);
#13161 = VERTEX_POINT('',#13162);
#13162 = CARTESIAN_POINT('',(24.1,11.2,12.4));
#13163 = LINE('',#13164,#13165);
#13164 = CARTESIAN_POINT('',(24.1,9.2,12.4));
#13165 = VECTOR('',#13166,1.);
#13166 = DIRECTION('',(0.,1.,0.));
#13167 = ORIENTED_EDGE('',*,*,#13168,.T.);
#13168 = EDGE_CURVE('',#13161,#13169,#13171,.T.);
#13169 = VERTEX_POINT('',#13170);
#13170 = CARTESIAN_POINT('',(24.1,11.2,12.6));
#13171 = LINE('',#13172,#13173);
#13172 = CARTESIAN_POINT('',(24.1,11.2,12.4));
#13173 = VECTOR('',#13174,1.);
#13174 = DIRECTION('',(0.,0.,1.));
#13175 = ORIENTED_EDGE('',*,*,#13176,.F.);
#13176 = EDGE_CURVE('',#13153,#13169,#13177,.T.);
#13177 = LINE('',#13178,#13179);
#13178 = CARTESIAN_POINT('',(24.1,9.2,12.6));
#13179 = VECTOR('',#13180,1.);
#13180 = DIRECTION('',(0.,1.,0.));
#13181 = PLANE('',#13182);
#13182 = AXIS2_PLACEMENT_3D('',#13183,#13184,#13185);
#13183 = CARTESIAN_POINT('',(24.1,9.2,12.4));
#13184 = DIRECTION('',(1.,0.,0.));
#13185 = DIRECTION('',(0.,0.,1.));
#13186 = ADVANCED_FACE('',(#13187),#13221,.T.);
#13187 = FACE_BOUND('',#13188,.T.);
#13188 = EDGE_LOOP('',(#13189,#13199,#13207,#13215));
#13189 = ORIENTED_EDGE('',*,*,#13190,.F.);
#13190 = EDGE_CURVE('',#13191,#13193,#13195,.T.);
#13191 = VERTEX_POINT('',#13192);
#13192 = CARTESIAN_POINT('',(25.,9.2,12.4));
#13193 = VERTEX_POINT('',#13194);
#13194 = CARTESIAN_POINT('',(25.,9.2,12.6));
#13195 = LINE('',#13196,#13197);
#13196 = CARTESIAN_POINT('',(25.,9.2,12.4));
#13197 = VECTOR('',#13198,1.);
#13198 = DIRECTION('',(0.,0.,1.));
#13199 = ORIENTED_EDGE('',*,*,#13200,.T.);
#13200 = EDGE_CURVE('',#13191,#13201,#13203,.T.);
#13201 = VERTEX_POINT('',#13202);
#13202 = CARTESIAN_POINT('',(25.,11.2,12.4));
#13203 = LINE('',#13204,#13205);
#13204 = CARTESIAN_POINT('',(25.,9.2,12.4));
#13205 = VECTOR('',#13206,1.);
#13206 = DIRECTION('',(0.,1.,0.));
#13207 = ORIENTED_EDGE('',*,*,#13208,.T.);
#13208 = EDGE_CURVE('',#13201,#13209,#13211,.T.);
#13209 = VERTEX_POINT('',#13210);
#13210 = CARTESIAN_POINT('',(25.,11.2,12.6));
#13211 = LINE('',#13212,#13213);
#13212 = CARTESIAN_POINT('',(25.,11.2,12.4));
#13213 = VECTOR('',#13214,1.);
#13214 = DIRECTION('',(0.,0.,1.));
#13215 = ORIENTED_EDGE('',*,*,#13216,.F.);
#13216 = EDGE_CURVE('',#13193,#13209,#13217,.T.);
#13217 = LINE('',#13218,#13219);
#13218 = CARTESIAN_POINT('',(25.,9.2,12.6));
#13219 = VECTOR('',#13220,1.);
#13220 = DIRECTION('',(0.,1.,0.));
#13221 = PLANE('',#13222);
#13222 = AXIS2_PLACEMENT_3D('',#13223,#13224,#13225);
#13223 = CARTESIAN_POINT('',(25.,9.2,12.4));
#13224 = DIRECTION('',(1.,0.,0.));
#13225 = DIRECTION('',(0.,0.,1.));
#13226 = ADVANCED_FACE('',(#13227),#13243,.F.);
#13227 = FACE_BOUND('',#13228,.F.);
#13228 = EDGE_LOOP('',(#13229,#13235,#13236,#13242));
#13229 = ORIENTED_EDGE('',*,*,#13230,.F.);
#13230 = EDGE_CURVE('',#13151,#13191,#13231,.T.);
#13231 = LINE('',#13232,#13233);
#13232 = CARTESIAN_POINT('',(24.1,9.2,12.4));
#13233 = VECTOR('',#13234,1.);
#13234 = DIRECTION('',(1.,0.,0.));
#13235 = ORIENTED_EDGE('',*,*,#13150,.T.);
#13236 = ORIENTED_EDGE('',*,*,#13237,.T.);
#13237 = EDGE_CURVE('',#13153,#13193,#13238,.T.);
#13238 = LINE('',#13239,#13240);
#13239 = CARTESIAN_POINT('',(24.1,9.2,12.6));
#13240 = VECTOR('',#13241,1.);
#13241 = DIRECTION('',(1.,0.,0.));
#13242 = ORIENTED_EDGE('',*,*,#13190,.F.);
#13243 = PLANE('',#13244);
#13244 = AXIS2_PLACEMENT_3D('',#13245,#13246,#13247);
#13245 = CARTESIAN_POINT('',(24.1,9.2,12.4));
#13246 = DIRECTION('',(0.,1.,0.));
#13247 = DIRECTION('',(0.,0.,1.));
#13248 = ADVANCED_FACE('',(#13249),#13265,.T.);
#13249 = FACE_BOUND('',#13250,.T.);
#13250 = EDGE_LOOP('',(#13251,#13257,#13258,#13264));
#13251 = ORIENTED_EDGE('',*,*,#13252,.F.);
#13252 = EDGE_CURVE('',#13161,#13201,#13253,.T.);
#13253 = LINE('',#13254,#13255);
#13254 = CARTESIAN_POINT('',(24.1,11.2,12.4));
#13255 = VECTOR('',#13256,1.);
#13256 = DIRECTION('',(1.,0.,0.));
#13257 = ORIENTED_EDGE('',*,*,#13168,.T.);
#13258 = ORIENTED_EDGE('',*,*,#13259,.T.);
#13259 = EDGE_CURVE('',#13169,#13209,#13260,.T.);
#13260 = LINE('',#13261,#13262);
#13261 = CARTESIAN_POINT('',(24.1,11.2,12.6));
#13262 = VECTOR('',#13263,1.);
#13263 = DIRECTION('',(1.,0.,0.));
#13264 = ORIENTED_EDGE('',*,*,#13208,.F.);
#13265 = PLANE('',#13266);
#13266 = AXIS2_PLACEMENT_3D('',#13267,#13268,#13269);
#13267 = CARTESIAN_POINT('',(24.1,11.2,12.4));
#13268 = DIRECTION('',(0.,1.,0.));
#13269 = DIRECTION('',(0.,0.,1.));
#13270 = ADVANCED_FACE('',(#13271),#13277,.F.);
#13271 = FACE_BOUND('',#13272,.F.);
#13272 = EDGE_LOOP('',(#13273,#13274,#13275,#13276));
#13273 = ORIENTED_EDGE('',*,*,#13160,.F.);
#13274 = ORIENTED_EDGE('',*,*,#13230,.T.);
#13275 = ORIENTED_EDGE('',*,*,#13200,.T.);
#13276 = ORIENTED_EDGE('',*,*,#13252,.F.);
#13277 = PLANE('',#13278);
#13278 = AXIS2_PLACEMENT_3D('',#13279,#13280,#13281);
#13279 = CARTESIAN_POINT('',(24.1,9.2,12.4));
#13280 = DIRECTION('',(0.,0.,1.));
#13281 = DIRECTION('',(1.,0.,0.));
#13282 = ADVANCED_FACE('',(#13283),#13289,.T.);
#13283 = FACE_BOUND('',#13284,.T.);
#13284 = EDGE_LOOP('',(#13285,#13286,#13287,#13288));
#13285 = ORIENTED_EDGE('',*,*,#13176,.F.);
#13286 = ORIENTED_EDGE('',*,*,#13237,.T.);
#13287 = ORIENTED_EDGE('',*,*,#13216,.T.);
#13288 = ORIENTED_EDGE('',*,*,#13259,.F.);
#13289 = PLANE('',#13290);
#13290 = AXIS2_PLACEMENT_3D('',#13291,#13292,#13293);
#13291 = CARTESIAN_POINT('',(24.1,9.2,12.6));
#13292 = DIRECTION('',(0.,0.,1.));
#13293 = DIRECTION('',(1.,0.,0.));
#13294 = MANIFOLD_SOLID_BREP('',#13295);
#13295 = CLOSED_SHELL('',(#13296,#13336,#13376,#13398,#13420,#13432));
#13296 = ADVANCED_FACE('',(#13297),#13331,.F.);
#13297 = FACE_BOUND('',#13298,.F.);
#13298 = EDGE_LOOP('',(#13299,#13309,#13317,#13325));
#13299 = ORIENTED_EDGE('',*,*,#13300,.F.);
#13300 = EDGE_CURVE('',#13301,#13303,#13305,.T.);
#13301 = VERTEX_POINT('',#13302);
#13302 = CARTESIAN_POINT('',(0.,36.5,12.4));
#13303 = VERTEX_POINT('',#13304);
#13304 = CARTESIAN_POINT('',(0.,36.5,12.6));
#13305 = LINE('',#13306,#13307);
#13306 = CARTESIAN_POINT('',(0.,36.5,12.4));
#13307 = VECTOR('',#13308,1.);
#13308 = DIRECTION('',(0.,0.,1.));
#13309 = ORIENTED_EDGE('',*,*,#13310,.T.);
#13310 = EDGE_CURVE('',#13301,#13311,#13313,.T.);
#13311 = VERTEX_POINT('',#13312);
#13312 = CARTESIAN_POINT('',(0.,38.5,12.4));
#13313 = LINE('',#13314,#13315);
#13314 = CARTESIAN_POINT('',(0.,36.5,12.4));
#13315 = VECTOR('',#13316,1.);
#13316 = DIRECTION('',(0.,1.,0.));
#13317 = ORIENTED_EDGE('',*,*,#13318,.T.);
#13318 = EDGE_CURVE('',#13311,#13319,#13321,.T.);
#13319 = VERTEX_POINT('',#13320);
#13320 = CARTESIAN_POINT('',(0.,38.5,12.6));
#13321 = LINE('',#13322,#13323);
#13322 = CARTESIAN_POINT('',(0.,38.5,12.4));
#13323 = VECTOR('',#13324,1.);
#13324 = DIRECTION('',(0.,0.,1.));
#13325 = ORIENTED_EDGE('',*,*,#13326,.F.);
#13326 = EDGE_CURVE('',#13303,#13319,#13327,.T.);
#13327 = LINE('',#13328,#13329);
#13328 = CARTESIAN_POINT('',(0.,36.5,12.6));
#13329 = VECTOR('',#13330,1.);
#13330 = DIRECTION('',(0.,1.,0.));
#13331 = PLANE('',#13332);
#13332 = AXIS2_PLACEMENT_3D('',#13333,#13334,#13335);
#13333 = CARTESIAN_POINT('',(0.,36.5,12.4));
#13334 = DIRECTION('',(1.,0.,0.));
#13335 = DIRECTION('',(0.,0.,1.));
#13336 = ADVANCED_FACE('',(#13337),#13371,.T.);
#13337 = FACE_BOUND('',#13338,.T.);
#13338 = EDGE_LOOP('',(#13339,#13349,#13357,#13365));
#13339 = ORIENTED_EDGE('',*,*,#13340,.F.);
#13340 = EDGE_CURVE('',#13341,#13343,#13345,.T.);
#13341 = VERTEX_POINT('',#13342);
#13342 = CARTESIAN_POINT('',(0.7,36.5,12.4));
#13343 = VERTEX_POINT('',#13344);
#13344 = CARTESIAN_POINT('',(0.7,36.5,12.6));
#13345 = LINE('',#13346,#13347);
#13346 = CARTESIAN_POINT('',(0.7,36.5,12.4));
#13347 = VECTOR('',#13348,1.);
#13348 = DIRECTION('',(0.,0.,1.));
#13349 = ORIENTED_EDGE('',*,*,#13350,.T.);
#13350 = EDGE_CURVE('',#13341,#13351,#13353,.T.);
#13351 = VERTEX_POINT('',#13352);
#13352 = CARTESIAN_POINT('',(0.7,38.5,12.4));
#13353 = LINE('',#13354,#13355);
#13354 = CARTESIAN_POINT('',(0.7,36.5,12.4));
#13355 = VECTOR('',#13356,1.);
#13356 = DIRECTION('',(0.,1.,0.));
#13357 = ORIENTED_EDGE('',*,*,#13358,.T.);
#13358 = EDGE_CURVE('',#13351,#13359,#13361,.T.);
#13359 = VERTEX_POINT('',#13360);
#13360 = CARTESIAN_POINT('',(0.7,38.5,12.6));
#13361 = LINE('',#13362,#13363);
#13362 = CARTESIAN_POINT('',(0.7,38.5,12.4));
#13363 = VECTOR('',#13364,1.);
#13364 = DIRECTION('',(0.,0.,1.));
#13365 = ORIENTED_EDGE('',*,*,#13366,.F.);
#13366 = EDGE_CURVE('',#13343,#13359,#13367,.T.);
#13367 = LINE('',#13368,#13369);
#13368 = CARTESIAN_POINT('',(0.7,36.5,12.6));
#13369 = VECTOR('',#13370,1.);
#13370 = DIRECTION('',(0.,1.,0.));
#13371 = PLANE('',#13372);
#13372 = AXIS2_PLACEMENT_3D('',#13373,#13374,#13375);
#13373 = CARTESIAN_POINT('',(0.7,36.5,12.4));
#13374 = DIRECTION('',(1.,0.,0.));
#13375 = DIRECTION('',(0.,0.,1.));
#13376 = ADVANCED_FACE('',(#13377),#13393,.F.);
#13377 = FACE_BOUND('',#13378,.F.);
#13378 = EDGE_LOOP('',(#13379,#13385,#13386,#13392));
#13379 = ORIENTED_EDGE('',*,*,#13380,.F.);
#13380 = EDGE_CURVE('',#13301,#13341,#13381,.T.);
#13381 = LINE('',#13382,#13383);
#13382 = CARTESIAN_POINT('',(0.,36.5,12.4));
#13383 = VECTOR('',#13384,1.);
#13384 = DIRECTION('',(1.,0.,0.));
#13385 = ORIENTED_EDGE('',*,*,#13300,.T.);
#13386 = ORIENTED_EDGE('',*,*,#13387,.T.);
#13387 = EDGE_CURVE('',#13303,#13343,#13388,.T.);
#13388 = LINE('',#13389,#13390);
#13389 = CARTESIAN_POINT('',(0.,36.5,12.6));
#13390 = VECTOR('',#13391,1.);
#13391 = DIRECTION('',(1.,0.,0.));
#13392 = ORIENTED_EDGE('',*,*,#13340,.F.);
#13393 = PLANE('',#13394);
#13394 = AXIS2_PLACEMENT_3D('',#13395,#13396,#13397);
#13395 = CARTESIAN_POINT('',(0.,36.5,12.4));
#13396 = DIRECTION('',(0.,1.,0.));
#13397 = DIRECTION('',(0.,0.,1.));
#13398 = ADVANCED_FACE('',(#13399),#13415,.T.);
#13399 = FACE_BOUND('',#13400,.T.);
#13400 = EDGE_LOOP('',(#13401,#13407,#13408,#13414));
#13401 = ORIENTED_EDGE('',*,*,#13402,.F.);
#13402 = EDGE_CURVE('',#13311,#13351,#13403,.T.);
#13403 = LINE('',#13404,#13405);
#13404 = CARTESIAN_POINT('',(0.,38.5,12.4));
#13405 = VECTOR('',#13406,1.);
#13406 = DIRECTION('',(1.,0.,0.));
#13407 = ORIENTED_EDGE('',*,*,#13318,.T.);
#13408 = ORIENTED_EDGE('',*,*,#13409,.T.);
#13409 = EDGE_CURVE('',#13319,#13359,#13410,.T.);
#13410 = LINE('',#13411,#13412);
#13411 = CARTESIAN_POINT('',(0.,38.5,12.6));
#13412 = VECTOR('',#13413,1.);
#13413 = DIRECTION('',(1.,0.,0.));
#13414 = ORIENTED_EDGE('',*,*,#13358,.F.);
#13415 = PLANE('',#13416);
#13416 = AXIS2_PLACEMENT_3D('',#13417,#13418,#13419);
#13417 = CARTESIAN_POINT('',(0.,38.5,12.4));
#13418 = DIRECTION('',(0.,1.,0.));
#13419 = DIRECTION('',(0.,0.,1.));
#13420 = ADVANCED_FACE('',(#13421),#13427,.F.);
#13421 = FACE_BOUND('',#13422,.F.);
#13422 = EDGE_LOOP('',(#13423,#13424,#13425,#13426));
#13423 = ORIENTED_EDGE('',*,*,#13310,.F.);
#13424 = ORIENTED_EDGE('',*,*,#13380,.T.);
#13425 = ORIENTED_EDGE('',*,*,#13350,.T.);
#13426 = ORIENTED_EDGE('',*,*,#13402,.F.);
#13427 = PLANE('',#13428);
#13428 = AXIS2_PLACEMENT_3D('',#13429,#13430,#13431);
#13429 = CARTESIAN_POINT('',(0.,36.5,12.4));
#13430 = DIRECTION('',(0.,0.,1.));
#13431 = DIRECTION('',(1.,0.,0.));
#13432 = ADVANCED_FACE('',(#13433),#13439,.T.);
#13433 = FACE_BOUND('',#13434,.T.);
#13434 = EDGE_LOOP('',(#13435,#13436,#13437,#13438));
#13435 = ORIENTED_EDGE('',*,*,#13326,.F.);
#13436 = ORIENTED_EDGE('',*,*,#13387,.T.);
#13437 = ORIENTED_EDGE('',*,*,#13366,.T.);
#13438 = ORIENTED_EDGE('',*,*,#13409,.F.);
#13439 = PLANE('',#13440);
#13440 = AXIS2_PLACEMENT_3D('',#13441,#13442,#13443);
#13441 = CARTESIAN_POINT('',(0.,36.5,12.6));
#13442 = DIRECTION('',(0.,0.,1.));
#13443 = DIRECTION('',(1.,0.,0.));
#13444 = MANIFOLD_SOLID_BREP('',#13445);
#13445 = CLOSED_SHELL('',(#13446,#13486,#13526,#13548,#13570,#13582));
#13446 = ADVANCED_FACE('',(#13447),#13481,.F.);
#13447 = FACE_BOUND('',#13448,.F.);
#13448 = EDGE_LOOP('',(#13449,#13459,#13467,#13475));
#13449 = ORIENTED_EDGE('',*,*,#13450,.F.);
#13450 = EDGE_CURVE('',#13451,#13453,#13455,.T.);
#13451 = VERTEX_POINT('',#13452);
#13452 = CARTESIAN_POINT('',(24.1,36.5,12.4));
#13453 = VERTEX_POINT('',#13454);
#13454 = CARTESIAN_POINT('',(24.1,36.5,12.6));
#13455 = LINE('',#13456,#13457);
#13456 = CARTESIAN_POINT('',(24.1,36.5,12.4));
#13457 = VECTOR('',#13458,1.);
#13458 = DIRECTION('',(0.,0.,1.));
#13459 = ORIENTED_EDGE('',*,*,#13460,.T.);
#13460 = EDGE_CURVE('',#13451,#13461,#13463,.T.);
#13461 = VERTEX_POINT('',#13462);
#13462 = CARTESIAN_POINT('',(24.1,38.5,12.4));
#13463 = LINE('',#13464,#13465);
#13464 = CARTESIAN_POINT('',(24.1,36.5,12.4));
#13465 = VECTOR('',#13466,1.);
#13466 = DIRECTION('',(0.,1.,0.));
#13467 = ORIENTED_EDGE('',*,*,#13468,.T.);
#13468 = EDGE_CURVE('',#13461,#13469,#13471,.T.);
#13469 = VERTEX_POINT('',#13470);
#13470 = CARTESIAN_POINT('',(24.1,38.5,12.6));
#13471 = LINE('',#13472,#13473);
#13472 = CARTESIAN_POINT('',(24.1,38.5,12.4));
#13473 = VECTOR('',#13474,1.);
#13474 = DIRECTION('',(0.,0.,1.));
#13475 = ORIENTED_EDGE('',*,*,#13476,.F.);
#13476 = EDGE_CURVE('',#13453,#13469,#13477,.T.);
#13477 = LINE('',#13478,#13479);
#13478 = CARTESIAN_POINT('',(24.1,36.5,12.6));
#13479 = VECTOR('',#13480,1.);
#13480 = DIRECTION('',(0.,1.,0.));
#13481 = PLANE('',#13482);
#13482 = AXIS2_PLACEMENT_3D('',#13483,#13484,#13485);
#13483 = CARTESIAN_POINT('',(24.1,36.5,12.4));
#13484 = DIRECTION('',(1.,0.,0.));
#13485 = DIRECTION('',(0.,0.,1.));
#13486 = ADVANCED_FACE('',(#13487),#13521,.T.);
#13487 = FACE_BOUND('',#13488,.T.);
#13488 = EDGE_LOOP('',(#13489,#13499,#13507,#13515));
#13489 = ORIENTED_EDGE('',*,*,#13490,.F.);
#13490 = EDGE_CURVE('',#13491,#13493,#13495,.T.);
#13491 = VERTEX_POINT('',#13492);
#13492 = CARTESIAN_POINT('',(25.,36.5,12.4));
#13493 = VERTEX_POINT('',#13494);
#13494 = CARTESIAN_POINT('',(25.,36.5,12.6));
#13495 = LINE('',#13496,#13497);
#13496 = CARTESIAN_POINT('',(25.,36.5,12.4));
#13497 = VECTOR('',#13498,1.);
#13498 = DIRECTION('',(0.,0.,1.));
#13499 = ORIENTED_EDGE('',*,*,#13500,.T.);
#13500 = EDGE_CURVE('',#13491,#13501,#13503,.T.);
#13501 = VERTEX_POINT('',#13502);
#13502 = CARTESIAN_POINT('',(25.,38.5,12.4));
#13503 = LINE('',#13504,#13505);
#13504 = CARTESIAN_POINT('',(25.,36.5,12.4));
#13505 = VECTOR('',#13506,1.);
#13506 = DIRECTION('',(0.,1.,0.));
#13507 = ORIENTED_EDGE('',*,*,#13508,.T.);
#13508 = EDGE_CURVE('',#13501,#13509,#13511,.T.);
#13509 = VERTEX_POINT('',#13510);
#13510 = CARTESIAN_POINT('',(25.,38.5,12.6));
#13511 = LINE('',#13512,#13513);
#13512 = CARTESIAN_POINT('',(25.,38.5,12.4));
#13513 = VECTOR('',#13514,1.);
#13514 = DIRECTION('',(0.,0.,1.));
#13515 = ORIENTED_EDGE('',*,*,#13516,.F.);
#13516 = EDGE_CURVE('',#13493,#13509,#13517,.T.);
#13517 = LINE('',#13518,#13519);
#13518 = CARTESIAN_POINT('',(25.,36.5,12.6));
#13519 = VECTOR('',#13520,1.);
#13520 = DIRECTION('',(0.,1.,0.));
#13521 = PLANE('',#13522);
#13522 = AXIS2_PLACEMENT_3D('',#13523,#13524,#13525);
#13523 = CARTESIAN_POINT('',(25.,36.5,12.4));
#13524 = DIRECTION('',(1.,0.,0.));
#13525 = DIRECTION('',(0.,0.,1.));
#13526 = ADVANCED_FACE('',(#13527),#13543,.F.);
#13527 = FACE_BOUND('',#13528,.F.);
#13528 = EDGE_LOOP('',(#13529,#13535,#13536,#13542));
#13529 = ORIENTED_EDGE('',*,*,#13530,.F.);
#13530 = EDGE_CURVE('',#13451,#13491,#13531,.T.);
#13531 = LINE('',#13532,#13533);
#13532 = CARTESIAN_POINT('',(24.1,36.5,12.4));
#13533 = VECTOR('',#13534,1.);
#13534 = DIRECTION('',(1.,0.,0.));
#13535 = ORIENTED_EDGE('',*,*,#13450,.T.);
#13536 = ORIENTED_EDGE('',*,*,#13537,.T.);
#13537 = EDGE_CURVE('',#13453,#13493,#13538,.T.);
#13538 = LINE('',#13539,#13540);
#13539 = CARTESIAN_POINT('',(24.1,36.5,12.6));
#13540 = VECTOR('',#13541,1.);
#13541 = DIRECTION('',(1.,0.,0.));
#13542 = ORIENTED_EDGE('',*,*,#13490,.F.);
#13543 = PLANE('',#13544);
#13544 = AXIS2_PLACEMENT_3D('',#13545,#13546,#13547);
#13545 = CARTESIAN_POINT('',(24.1,36.5,12.4));
#13546 = DIRECTION('',(0.,1.,0.));
#13547 = DIRECTION('',(0.,0.,1.));
#13548 = ADVANCED_FACE('',(#13549),#13565,.T.);
#13549 = FACE_BOUND('',#13550,.T.);
#13550 = EDGE_LOOP('',(#13551,#13557,#13558,#13564));
#13551 = ORIENTED_EDGE('',*,*,#13552,.F.);
#13552 = EDGE_CURVE('',#13461,#13501,#13553,.T.);
#13553 = LINE('',#13554,#13555);
#13554 = CARTESIAN_POINT('',(24.1,38.5,12.4));
#13555 = VECTOR('',#13556,1.);
#13556 = DIRECTION('',(1.,0.,0.));
#13557 = ORIENTED_EDGE('',*,*,#13468,.T.);
#13558 = ORIENTED_EDGE('',*,*,#13559,.T.);
#13559 = EDGE_CURVE('',#13469,#13509,#13560,.T.);
#13560 = LINE('',#13561,#13562);
#13561 = CARTESIAN_POINT('',(24.1,38.5,12.6));
#13562 = VECTOR('',#13563,1.);
#13563 = DIRECTION('',(1.,0.,0.));
#13564 = ORIENTED_EDGE('',*,*,#13508,.F.);
#13565 = PLANE('',#13566);
#13566 = AXIS2_PLACEMENT_3D('',#13567,#13568,#13569);
#13567 = CARTESIAN_POINT('',(24.1,38.5,12.4));
#13568 = DIRECTION('',(0.,1.,0.));
#13569 = DIRECTION('',(0.,0.,1.));
#13570 = ADVANCED_FACE('',(#13571),#13577,.F.);
#13571 = FACE_BOUND('',#13572,.F.);
#13572 = EDGE_LOOP('',(#13573,#13574,#13575,#13576));
#13573 = ORIENTED_EDGE('',*,*,#13460,.F.);
#13574 = ORIENTED_EDGE('',*,*,#13530,.T.);
#13575 = ORIENTED_EDGE('',*,*,#13500,.T.);
#13576 = ORIENTED_EDGE('',*,*,#13552,.F.);
#13577 = PLANE('',#13578);
#13578 = AXIS2_PLACEMENT_3D('',#13579,#13580,#13581);
#13579 = CARTESIAN_POINT('',(24.1,36.5,12.4));
#13580 = DIRECTION('',(0.,0.,1.));
#13581 = DIRECTION('',(1.,0.,0.));
#13582 = ADVANCED_FACE('',(#13583),#13589,.T.);
#13583 = FACE_BOUND('',#13584,.T.);
#13584 = EDGE_LOOP('',(#13585,#13586,#13587,#13588));
#13585 = ORIENTED_EDGE('',*,*,#13476,.F.);
#13586 = ORIENTED_EDGE('',*,*,#13537,.T.);
#13587 = ORIENTED_EDGE('',*,*,#13516,.T.);
#13588 = ORIENTED_EDGE('',*,*,#13559,.F.);
#13589 = PLANE('',#13590);
#13590 = AXIS2_PLACEMENT_3D('',#13591,#13592,#13593);
#13591 = CARTESIAN_POINT('',(24.1,36.5,12.6));
#13592 = DIRECTION('',(0.,0.,1.));
#13593 = DIRECTION('',(1.,0.,0.));
#13594 = MANIFOLD_SOLID_BREP('',#13595);
#13595 = CLOSED_SHELL('',(#13596,#13636,#13676,#13698,#13720,#13732));
#13596 = ADVANCED_FACE('',(#13597),#13631,.F.);
#13597 = FACE_BOUND('',#13598,.F.);
#13598 = EDGE_LOOP('',(#13599,#13609,#13617,#13625));
#13599 = ORIENTED_EDGE('',*,*,#13600,.F.);
#13600 = EDGE_CURVE('',#13601,#13603,#13605,.T.);
#13601 = VERTEX_POINT('',#13602);
#13602 = CARTESIAN_POINT('',(22.73,31.975,13.6));
#13603 = VERTEX_POINT('',#13604);
#13604 = CARTESIAN_POINT('',(22.73,31.975,14.15));
#13605 = LINE('',#13606,#13607);
#13606 = CARTESIAN_POINT('',(22.73,31.975,13.6));
#13607 = VECTOR('',#13608,1.);
#13608 = DIRECTION('',(0.,0.,1.));
#13609 = ORIENTED_EDGE('',*,*,#13610,.T.);
#13610 = EDGE_CURVE('',#13601,#13611,#13613,.T.);
#13611 = VERTEX_POINT('',#13612);
#13612 = CARTESIAN_POINT('',(22.73,33.025,13.6));
#13613 = LINE('',#13614,#13615);
#13614 = CARTESIAN_POINT('',(22.73,31.975,13.6));
#13615 = VECTOR('',#13616,1.);
#13616 = DIRECTION('',(0.,1.,0.));
#13617 = ORIENTED_EDGE('',*,*,#13618,.T.);
#13618 = EDGE_CURVE('',#13611,#13619,#13621,.T.);
#13619 = VERTEX_POINT('',#13620);
#13620 = CARTESIAN_POINT('',(22.73,33.025,14.15));
#13621 = LINE('',#13622,#13623);
#13622 = CARTESIAN_POINT('',(22.73,33.025,13.6));
#13623 = VECTOR('',#13624,1.);
#13624 = DIRECTION('',(0.,0.,1.));
#13625 = ORIENTED_EDGE('',*,*,#13626,.F.);
#13626 = EDGE_CURVE('',#13603,#13619,#13627,.T.);
#13627 = LINE('',#13628,#13629);
#13628 = CARTESIAN_POINT('',(22.73,31.975,14.15));
#13629 = VECTOR('',#13630,1.);
#13630 = DIRECTION('',(0.,1.,0.));
#13631 = PLANE('',#13632);
#13632 = AXIS2_PLACEMENT_3D('',#13633,#13634,#13635);
#13633 = CARTESIAN_POINT('',(22.73,31.975,13.6));
#13634 = DIRECTION('',(1.,0.,0.));
#13635 = DIRECTION('',(0.,0.,1.));
#13636 = ADVANCED_FACE('',(#13637),#13671,.T.);
#13637 = FACE_BOUND('',#13638,.T.);
#13638 = EDGE_LOOP('',(#13639,#13649,#13657,#13665));
#13639 = ORIENTED_EDGE('',*,*,#13640,.F.);
#13640 = EDGE_CURVE('',#13641,#13643,#13645,.T.);
#13641 = VERTEX_POINT('',#13642);
#13642 = CARTESIAN_POINT('',(23.27,31.975,13.6));
#13643 = VERTEX_POINT('',#13644);
#13644 = CARTESIAN_POINT('',(23.27,31.975,14.15));
#13645 = LINE('',#13646,#13647);
#13646 = CARTESIAN_POINT('',(23.27,31.975,13.6));
#13647 = VECTOR('',#13648,1.);
#13648 = DIRECTION('',(0.,0.,1.));
#13649 = ORIENTED_EDGE('',*,*,#13650,.T.);
#13650 = EDGE_CURVE('',#13641,#13651,#13653,.T.);
#13651 = VERTEX_POINT('',#13652);
#13652 = CARTESIAN_POINT('',(23.27,33.025,13.6));
#13653 = LINE('',#13654,#13655);
#13654 = CARTESIAN_POINT('',(23.27,31.975,13.6));
#13655 = VECTOR('',#13656,1.);
#13656 = DIRECTION('',(0.,1.,0.));
#13657 = ORIENTED_EDGE('',*,*,#13658,.T.);
#13658 = EDGE_CURVE('',#13651,#13659,#13661,.T.);
#13659 = VERTEX_POINT('',#13660);
#13660 = CARTESIAN_POINT('',(23.27,33.025,14.15));
#13661 = LINE('',#13662,#13663);
#13662 = CARTESIAN_POINT('',(23.27,33.025,13.6));
#13663 = VECTOR('',#13664,1.);
#13664 = DIRECTION('',(0.,0.,1.));
#13665 = ORIENTED_EDGE('',*,*,#13666,.F.);
#13666 = EDGE_CURVE('',#13643,#13659,#13667,.T.);
#13667 = LINE('',#13668,#13669);
#13668 = CARTESIAN_POINT('',(23.27,31.975,14.15));
#13669 = VECTOR('',#13670,1.);
#13670 = DIRECTION('',(0.,1.,0.));
#13671 = PLANE('',#13672);
#13672 = AXIS2_PLACEMENT_3D('',#13673,#13674,#13675);
#13673 = CARTESIAN_POINT('',(23.27,31.975,13.6));
#13674 = DIRECTION('',(1.,0.,0.));
#13675 = DIRECTION('',(0.,0.,1.));
#13676 = ADVANCED_FACE('',(#13677),#13693,.F.);
#13677 = FACE_BOUND('',#13678,.F.);
#13678 = EDGE_LOOP('',(#13679,#13685,#13686,#13692));
#13679 = ORIENTED_EDGE('',*,*,#13680,.F.);
#13680 = EDGE_CURVE('',#13601,#13641,#13681,.T.);
#13681 = LINE('',#13682,#13683);
#13682 = CARTESIAN_POINT('',(22.73,31.975,13.6));
#13683 = VECTOR('',#13684,1.);
#13684 = DIRECTION('',(1.,0.,0.));
#13685 = ORIENTED_EDGE('',*,*,#13600,.T.);
#13686 = ORIENTED_EDGE('',*,*,#13687,.T.);
#13687 = EDGE_CURVE('',#13603,#13643,#13688,.T.);
#13688 = LINE('',#13689,#13690);
#13689 = CARTESIAN_POINT('',(22.73,31.975,14.15));
#13690 = VECTOR('',#13691,1.);
#13691 = DIRECTION('',(1.,0.,0.));
#13692 = ORIENTED_EDGE('',*,*,#13640,.F.);
#13693 = PLANE('',#13694);
#13694 = AXIS2_PLACEMENT_3D('',#13695,#13696,#13697);
#13695 = CARTESIAN_POINT('',(22.73,31.975,13.6));
#13696 = DIRECTION('',(0.,1.,0.));
#13697 = DIRECTION('',(0.,0.,1.));
#13698 = ADVANCED_FACE('',(#13699),#13715,.T.);
#13699 = FACE_BOUND('',#13700,.T.);
#13700 = EDGE_LOOP('',(#13701,#13707,#13708,#13714));
#13701 = ORIENTED_EDGE('',*,*,#13702,.F.);
#13702 = EDGE_CURVE('',#13611,#13651,#13703,.T.);
#13703 = LINE('',#13704,#13705);
#13704 = CARTESIAN_POINT('',(22.73,33.025,13.6));
#13705 = VECTOR('',#13706,1.);
#13706 = DIRECTION('',(1.,0.,0.));
#13707 = ORIENTED_EDGE('',*,*,#13618,.T.);
#13708 = ORIENTED_EDGE('',*,*,#13709,.T.);
#13709 = EDGE_CURVE('',#13619,#13659,#13710,.T.);
#13710 = LINE('',#13711,#13712);
#13711 = CARTESIAN_POINT('',(22.73,33.025,14.15));
#13712 = VECTOR('',#13713,1.);
#13713 = DIRECTION('',(1.,0.,0.));
#13714 = ORIENTED_EDGE('',*,*,#13658,.F.);
#13715 = PLANE('',#13716);
#13716 = AXIS2_PLACEMENT_3D('',#13717,#13718,#13719);
#13717 = CARTESIAN_POINT('',(22.73,33.025,13.6));
#13718 = DIRECTION('',(0.,1.,0.));
#13719 = DIRECTION('',(0.,0.,1.));
#13720 = ADVANCED_FACE('',(#13721),#13727,.F.);
#13721 = FACE_BOUND('',#13722,.F.);
#13722 = EDGE_LOOP('',(#13723,#13724,#13725,#13726));
#13723 = ORIENTED_EDGE('',*,*,#13610,.F.);
#13724 = ORIENTED_EDGE('',*,*,#13680,.T.);
#13725 = ORIENTED_EDGE('',*,*,#13650,.T.);
#13726 = ORIENTED_EDGE('',*,*,#13702,.F.);
#13727 = PLANE('',#13728);
#13728 = AXIS2_PLACEMENT_3D('',#13729,#13730,#13731);
#13729 = CARTESIAN_POINT('',(22.73,31.975,13.6));
#13730 = DIRECTION('',(0.,0.,1.));
#13731 = DIRECTION('',(1.,0.,0.));
#13732 = ADVANCED_FACE('',(#13733),#13739,.T.);
#13733 = FACE_BOUND('',#13734,.T.);
#13734 = EDGE_LOOP('',(#13735,#13736,#13737,#13738));
#13735 = ORIENTED_EDGE('',*,*,#13626,.F.);
#13736 = ORIENTED_EDGE('',*,*,#13687,.T.);
#13737 = ORIENTED_EDGE('',*,*,#13666,.T.);
#13738 = ORIENTED_EDGE('',*,*,#13709,.F.);
#13739 = PLANE('',#13740);
#13740 = AXIS2_PLACEMENT_3D('',#13741,#13742,#13743);
#13741 = CARTESIAN_POINT('',(22.73,31.975,14.15));
#13742 = DIRECTION('',(0.,0.,1.));
#13743 = DIRECTION('',(1.,0.,0.));
#13744 = MANIFOLD_SOLID_BREP('',#13745);
#13745 = CLOSED_SHELL('',(#13746,#13786,#13826,#13848,#13870,#13882));
#13746 = ADVANCED_FACE('',(#13747),#13781,.F.);
#13747 = FACE_BOUND('',#13748,.F.);
#13748 = EDGE_LOOP('',(#13749,#13759,#13767,#13775));
#13749 = ORIENTED_EDGE('',*,*,#13750,.F.);
#13750 = EDGE_CURVE('',#13751,#13753,#13755,.T.);
#13751 = VERTEX_POINT('',#13752);
#13752 = CARTESIAN_POINT('',(1.4,20.95,13.6));
#13753 = VERTEX_POINT('',#13754);
#13754 = CARTESIAN_POINT('',(1.4,20.95,15.05));
#13755 = LINE('',#13756,#13757);
#13756 = CARTESIAN_POINT('',(1.4,20.95,13.6));
#13757 = VECTOR('',#13758,1.);
#13758 = DIRECTION('',(0.,0.,1.));
#13759 = ORIENTED_EDGE('',*,*,#13760,.T.);
#13760 = EDGE_CURVE('',#13751,#13761,#13763,.T.);
#13761 = VERTEX_POINT('',#13762);
#13762 = CARTESIAN_POINT('',(1.4,24.55,13.6));
#13763 = LINE('',#13764,#13765);
#13764 = CARTESIAN_POINT('',(1.4,20.95,13.6));
#13765 = VECTOR('',#13766,1.);
#13766 = DIRECTION('',(0.,1.,0.));
#13767 = ORIENTED_EDGE('',*,*,#13768,.T.);
#13768 = EDGE_CURVE('',#13761,#13769,#13771,.T.);
#13769 = VERTEX_POINT('',#13770);
#13770 = CARTESIAN_POINT('',(1.4,24.55,15.05));
#13771 = LINE('',#13772,#13773);
#13772 = CARTESIAN_POINT('',(1.4,24.55,13.6));
#13773 = VECTOR('',#13774,1.);
#13774 = DIRECTION('',(0.,0.,1.));
#13775 = ORIENTED_EDGE('',*,*,#13776,.F.);
#13776 = EDGE_CURVE('',#13753,#13769,#13777,.T.);
#13777 = LINE('',#13778,#13779);
#13778 = CARTESIAN_POINT('',(1.4,20.95,15.05));
#13779 = VECTOR('',#13780,1.);
#13780 = DIRECTION('',(0.,1.,0.));
#13781 = PLANE('',#13782);
#13782 = AXIS2_PLACEMENT_3D('',#13783,#13784,#13785);
#13783 = CARTESIAN_POINT('',(1.4,20.95,13.6));
#13784 = DIRECTION('',(1.,0.,0.));
#13785 = DIRECTION('',(0.,0.,1.));
#13786 = ADVANCED_FACE('',(#13787),#13821,.T.);
#13787 = FACE_BOUND('',#13788,.T.);
#13788 = EDGE_LOOP('',(#13789,#13799,#13807,#13815));
#13789 = ORIENTED_EDGE('',*,*,#13790,.F.);
#13790 = EDGE_CURVE('',#13791,#13793,#13795,.T.);
#13791 = VERTEX_POINT('',#13792);
#13792 = CARTESIAN_POINT('',(4.6,20.95,13.6));
#13793 = VERTEX_POINT('',#13794);
#13794 = CARTESIAN_POINT('',(4.6,20.95,15.05));
#13795 = LINE('',#13796,#13797);
#13796 = CARTESIAN_POINT('',(4.6,20.95,13.6));
#13797 = VECTOR('',#13798,1.);
#13798 = DIRECTION('',(0.,0.,1.));
#13799 = ORIENTED_EDGE('',*,*,#13800,.T.);
#13800 = EDGE_CURVE('',#13791,#13801,#13803,.T.);
#13801 = VERTEX_POINT('',#13802);
#13802 = CARTESIAN_POINT('',(4.6,24.55,13.6));
#13803 = LINE('',#13804,#13805);
#13804 = CARTESIAN_POINT('',(4.6,20.95,13.6));
#13805 = VECTOR('',#13806,1.);
#13806 = DIRECTION('',(0.,1.,0.));
#13807 = ORIENTED_EDGE('',*,*,#13808,.T.);
#13808 = EDGE_CURVE('',#13801,#13809,#13811,.T.);
#13809 = VERTEX_POINT('',#13810);
#13810 = CARTESIAN_POINT('',(4.6,24.55,15.05));
#13811 = LINE('',#13812,#13813);
#13812 = CARTESIAN_POINT('',(4.6,24.55,13.6));
#13813 = VECTOR('',#13814,1.);
#13814 = DIRECTION('',(0.,0.,1.));
#13815 = ORIENTED_EDGE('',*,*,#13816,.F.);
#13816 = EDGE_CURVE('',#13793,#13809,#13817,.T.);
#13817 = LINE('',#13818,#13819);
#13818 = CARTESIAN_POINT('',(4.6,20.95,15.05));
#13819 = VECTOR('',#13820,1.);
#13820 = DIRECTION('',(0.,1.,0.));
#13821 = PLANE('',#13822);
#13822 = AXIS2_PLACEMENT_3D('',#13823,#13824,#13825);
#13823 = CARTESIAN_POINT('',(4.6,20.95,13.6));
#13824 = DIRECTION('',(1.,0.,0.));
#13825 = DIRECTION('',(0.,0.,1.));
#13826 = ADVANCED_FACE('',(#13827),#13843,.F.);
#13827 = FACE_BOUND('',#13828,.F.);
#13828 = EDGE_LOOP('',(#13829,#13835,#13836,#13842));
#13829 = ORIENTED_EDGE('',*,*,#13830,.F.);
#13830 = EDGE_CURVE('',#13751,#13791,#13831,.T.);
#13831 = LINE('',#13832,#13833);
#13832 = CARTESIAN_POINT('',(1.4,20.95,13.6));
#13833 = VECTOR('',#13834,1.);
#13834 = DIRECTION('',(1.,0.,0.));
#13835 = ORIENTED_EDGE('',*,*,#13750,.T.);
#13836 = ORIENTED_EDGE('',*,*,#13837,.T.);
#13837 = EDGE_CURVE('',#13753,#13793,#13838,.T.);
#13838 = LINE('',#13839,#13840);
#13839 = CARTESIAN_POINT('',(1.4,20.95,15.05));
#13840 = VECTOR('',#13841,1.);
#13841 = DIRECTION('',(1.,0.,0.));
#13842 = ORIENTED_EDGE('',*,*,#13790,.F.);
#13843 = PLANE('',#13844);
#13844 = AXIS2_PLACEMENT_3D('',#13845,#13846,#13847);
#13845 = CARTESIAN_POINT('',(1.4,20.95,13.6));
#13846 = DIRECTION('',(0.,1.,0.));
#13847 = DIRECTION('',(0.,0.,1.));
#13848 = ADVANCED_FACE('',(#13849),#13865,.T.);
#13849 = FACE_BOUND('',#13850,.T.);
#13850 = EDGE_LOOP('',(#13851,#13857,#13858,#13864));
#13851 = ORIENTED_EDGE('',*,*,#13852,.F.);
#13852 = EDGE_CURVE('',#13761,#13801,#13853,.T.);
#13853 = LINE('',#13854,#13855);
#13854 = CARTESIAN_POINT('',(1.4,24.55,13.6));
#13855 = VECTOR('',#13856,1.);
#13856 = DIRECTION('',(1.,0.,0.));
#13857 = ORIENTED_EDGE('',*,*,#13768,.T.);
#13858 = ORIENTED_EDGE('',*,*,#13859,.T.);
#13859 = EDGE_CURVE('',#13769,#13809,#13860,.T.);
#13860 = LINE('',#13861,#13862);
#13861 = CARTESIAN_POINT('',(1.4,24.55,15.05));
#13862 = VECTOR('',#13863,1.);
#13863 = DIRECTION('',(1.,0.,0.));
#13864 = ORIENTED_EDGE('',*,*,#13808,.F.);
#13865 = PLANE('',#13866);
#13866 = AXIS2_PLACEMENT_3D('',#13867,#13868,#13869);
#13867 = CARTESIAN_POINT('',(1.4,24.55,13.6));
#13868 = DIRECTION('',(0.,1.,0.));
#13869 = DIRECTION('',(0.,0.,1.));
#13870 = ADVANCED_FACE('',(#13871),#13877,.F.);
#13871 = FACE_BOUND('',#13872,.F.);
#13872 = EDGE_LOOP('',(#13873,#13874,#13875,#13876));
#13873 = ORIENTED_EDGE('',*,*,#13760,.F.);
#13874 = ORIENTED_EDGE('',*,*,#13830,.T.);
#13875 = ORIENTED_EDGE('',*,*,#13800,.T.);
#13876 = ORIENTED_EDGE('',*,*,#13852,.F.);
#13877 = PLANE('',#13878);
#13878 = AXIS2_PLACEMENT_3D('',#13879,#13880,#13881);
#13879 = CARTESIAN_POINT('',(1.4,20.95,13.6));
#13880 = DIRECTION('',(0.,0.,1.));
#13881 = DIRECTION('',(1.,0.,0.));
#13882 = ADVANCED_FACE('',(#13883),#13889,.T.);
#13883 = FACE_BOUND('',#13884,.T.);
#13884 = EDGE_LOOP('',(#13885,#13886,#13887,#13888));
#13885 = ORIENTED_EDGE('',*,*,#13776,.F.);
#13886 = ORIENTED_EDGE('',*,*,#13837,.T.);
#13887 = ORIENTED_EDGE('',*,*,#13816,.T.);
#13888 = ORIENTED_EDGE('',*,*,#13859,.F.);
#13889 = PLANE('',#13890);
#13890 = AXIS2_PLACEMENT_3D('',#13891,#13892,#13893);
#13891 = CARTESIAN_POINT('',(1.4,20.95,15.05));
#13892 = DIRECTION('',(0.,0.,1.));
#13893 = DIRECTION('',(1.,0.,0.));
#13894 = MANIFOLD_SOLID_BREP('',#13895);
#13895 = CLOSED_SHELL('',(#13896,#13936,#13976,#13998,#14020,#14032));
#13896 = ADVANCED_FACE('',(#13897),#13931,.F.);
#13897 = FACE_BOUND('',#13898,.F.);
#13898 = EDGE_LOOP('',(#13899,#13909,#13917,#13925));
#13899 = ORIENTED_EDGE('',*,*,#13900,.F.);
#13900 = EDGE_CURVE('',#13901,#13903,#13905,.T.);
#13901 = VERTEX_POINT('',#13902);
#13902 = CARTESIAN_POINT('',(18.75,13.25,13.6));
#13903 = VERTEX_POINT('',#13904);
#13904 = CARTESIAN_POINT('',(18.75,13.25,15.7));
#13905 = LINE('',#13906,#13907);
#13906 = CARTESIAN_POINT('',(18.75,13.25,13.6));
#13907 = VECTOR('',#13908,1.);
#13908 = DIRECTION('',(0.,0.,1.));
#13909 = ORIENTED_EDGE('',*,*,#13910,.T.);
#13910 = EDGE_CURVE('',#13901,#13911,#13913,.T.);
#13911 = VERTEX_POINT('',#13912);
#13912 = CARTESIAN_POINT('',(18.75,16.25,13.6));
#13913 = LINE('',#13914,#13915);
#13914 = CARTESIAN_POINT('',(18.75,13.25,13.6));
#13915 = VECTOR('',#13916,1.);
#13916 = DIRECTION('',(0.,1.,0.));
#13917 = ORIENTED_EDGE('',*,*,#13918,.T.);
#13918 = EDGE_CURVE('',#13911,#13919,#13921,.T.);
#13919 = VERTEX_POINT('',#13920);
#13920 = CARTESIAN_POINT('',(18.75,16.25,15.7));
#13921 = LINE('',#13922,#13923);
#13922 = CARTESIAN_POINT('',(18.75,16.25,13.6));
#13923 = VECTOR('',#13924,1.);
#13924 = DIRECTION('',(0.,0.,1.));
#13925 = ORIENTED_EDGE('',*,*,#13926,.F.);
#13926 = EDGE_CURVE('',#13903,#13919,#13927,.T.);
#13927 = LINE('',#13928,#13929);
#13928 = CARTESIAN_POINT('',(18.75,13.25,15.7));
#13929 = VECTOR('',#13930,1.);
#13930 = DIRECTION('',(0.,1.,0.));
#13931 = PLANE('',#13932);
#13932 = AXIS2_PLACEMENT_3D('',#13933,#13934,#13935);
#13933 = CARTESIAN_POINT('',(18.75,13.25,13.6));
#13934 = DIRECTION('',(1.,0.,0.));
#13935 = DIRECTION('',(0.,0.,1.));
#13936 = ADVANCED_FACE('',(#13937),#13971,.T.);
#13937 = FACE_BOUND('',#13938,.T.);
#13938 = EDGE_LOOP('',(#13939,#13949,#13957,#13965));
#13939 = ORIENTED_EDGE('',*,*,#13940,.F.);
#13940 = EDGE_CURVE('',#13941,#13943,#13945,.T.);
#13941 = VERTEX_POINT('',#13942);
#13942 = CARTESIAN_POINT('',(23.75,13.25,13.6));
#13943 = VERTEX_POINT('',#13944);
#13944 = CARTESIAN_POINT('',(23.75,13.25,15.7));
#13945 = LINE('',#13946,#13947);
#13946 = CARTESIAN_POINT('',(23.75,13.25,13.6));
#13947 = VECTOR('',#13948,1.);
#13948 = DIRECTION('',(0.,0.,1.));
#13949 = ORIENTED_EDGE('',*,*,#13950,.T.);
#13950 = EDGE_CURVE('',#13941,#13951,#13953,.T.);
#13951 = VERTEX_POINT('',#13952);
#13952 = CARTESIAN_POINT('',(23.75,16.25,13.6));
#13953 = LINE('',#13954,#13955);
#13954 = CARTESIAN_POINT('',(23.75,13.25,13.6));
#13955 = VECTOR('',#13956,1.);
#13956 = DIRECTION('',(0.,1.,0.));
#13957 = ORIENTED_EDGE('',*,*,#13958,.T.);
#13958 = EDGE_CURVE('',#13951,#13959,#13961,.T.);
#13959 = VERTEX_POINT('',#13960);
#13960 = CARTESIAN_POINT('',(23.75,16.25,15.7));
#13961 = LINE('',#13962,#13963);
#13962 = CARTESIAN_POINT('',(23.75,16.25,13.6));
#13963 = VECTOR('',#13964,1.);
#13964 = DIRECTION('',(0.,0.,1.));
#13965 = ORIENTED_EDGE('',*,*,#13966,.F.);
#13966 = EDGE_CURVE('',#13943,#13959,#13967,.T.);
#13967 = LINE('',#13968,#13969);
#13968 = CARTESIAN_POINT('',(23.75,13.25,15.7));
#13969 = VECTOR('',#13970,1.);
#13970 = DIRECTION('',(0.,1.,0.));
#13971 = PLANE('',#13972);
#13972 = AXIS2_PLACEMENT_3D('',#13973,#13974,#13975);
#13973 = CARTESIAN_POINT('',(23.75,13.25,13.6));
#13974 = DIRECTION('',(1.,0.,0.));
#13975 = DIRECTION('',(0.,0.,1.));
#13976 = ADVANCED_FACE('',(#13977),#13993,.F.);
#13977 = FACE_BOUND('',#13978,.F.);
#13978 = EDGE_LOOP('',(#13979,#13985,#13986,#13992));
#13979 = ORIENTED_EDGE('',*,*,#13980,.F.);
#13980 = EDGE_CURVE('',#13901,#13941,#13981,.T.);
#13981 = LINE('',#13982,#13983);
#13982 = CARTESIAN_POINT('',(18.75,13.25,13.6));
#13983 = VECTOR('',#13984,1.);
#13984 = DIRECTION('',(1.,0.,0.));
#13985 = ORIENTED_EDGE('',*,*,#13900,.T.);
#13986 = ORIENTED_EDGE('',*,*,#13987,.T.);
#13987 = EDGE_CURVE('',#13903,#13943,#13988,.T.);
#13988 = LINE('',#13989,#13990);
#13989 = CARTESIAN_POINT('',(18.75,13.25,15.7));
#13990 = VECTOR('',#13991,1.);
#13991 = DIRECTION('',(1.,0.,0.));
#13992 = ORIENTED_EDGE('',*,*,#13940,.F.);
#13993 = PLANE('',#13994);
#13994 = AXIS2_PLACEMENT_3D('',#13995,#13996,#13997);
#13995 = CARTESIAN_POINT('',(18.75,13.25,13.6));
#13996 = DIRECTION('',(0.,1.,0.));
#13997 = DIRECTION('',(0.,0.,1.));
#13998 = ADVANCED_FACE('',(#13999),#14015,.T.);
#13999 = FACE_BOUND('',#14000,.T.);
#14000 = EDGE_LOOP('',(#14001,#14007,#14008,#14014));
#14001 = ORIENTED_EDGE('',*,*,#14002,.F.);
#14002 = EDGE_CURVE('',#13911,#13951,#14003,.T.);
#14003 = LINE('',#14004,#14005);
#14004 = CARTESIAN_POINT('',(18.75,16.25,13.6));
#14005 = VECTOR('',#14006,1.);
#14006 = DIRECTION('',(1.,0.,0.));
#14007 = ORIENTED_EDGE('',*,*,#13918,.T.);
#14008 = ORIENTED_EDGE('',*,*,#14009,.T.);
#14009 = EDGE_CURVE('',#13919,#13959,#14010,.T.);
#14010 = LINE('',#14011,#14012);
#14011 = CARTESIAN_POINT('',(18.75,16.25,15.7));
#14012 = VECTOR('',#14013,1.);
#14013 = DIRECTION('',(1.,0.,0.));
#14014 = ORIENTED_EDGE('',*,*,#13958,.F.);
#14015 = PLANE('',#14016);
#14016 = AXIS2_PLACEMENT_3D('',#14017,#14018,#14019);
#14017 = CARTESIAN_POINT('',(18.75,16.25,13.6));
#14018 = DIRECTION('',(0.,1.,0.));
#14019 = DIRECTION('',(0.,0.,1.));
#14020 = ADVANCED_FACE('',(#14021),#14027,.F.);
#14021 = FACE_BOUND('',#14022,.F.);
#14022 = EDGE_LOOP('',(#14023,#14024,#14025,#14026));
#14023 = ORIENTED_EDGE('',*,*,#13910,.F.);
#14024 = ORIENTED_EDGE('',*,*,#13980,.T.);
#14025 = ORIENTED_EDGE('',*,*,#13950,.T.);
#14026 = ORIENTED_EDGE('',*,*,#14002,.F.);
#14027 = PLANE('',#14028);
#14028 = AXIS2_PLACEMENT_3D('',#14029,#14030,#14031);
#14029 = CARTESIAN_POINT('',(18.75,13.25,13.6));
#14030 = DIRECTION('',(0.,0.,1.));
#14031 = DIRECTION('',(1.,0.,0.));
#14032 = ADVANCED_FACE('',(#14033),#14039,.T.);
#14033 = FACE_BOUND('',#14034,.T.);
#14034 = EDGE_LOOP('',(#14035,#14036,#14037,#14038));
#14035 = ORIENTED_EDGE('',*,*,#13926,.F.);
#14036 = ORIENTED_EDGE('',*,*,#13987,.T.);
#14037 = ORIENTED_EDGE('',*,*,#13966,.T.);
#14038 = ORIENTED_EDGE('',*,*,#14009,.F.);
#14039 = PLANE('',#14040);
#14040 = AXIS2_PLACEMENT_3D('',#14041,#14042,#14043);
#14041 = CARTESIAN_POINT('',(18.75,13.25,15.7));
#14042 = DIRECTION('',(0.,0.,1.));
#14043 = DIRECTION('',(1.,0.,0.));
#14044 = MANIFOLD_SOLID_BREP('',#14045);
#14045 = CLOSED_SHELL('',(#14046,#14086,#14126,#14148,#14170,#14182));
#14046 = ADVANCED_FACE('',(#14047),#14081,.F.);
#14047 = FACE_BOUND('',#14048,.F.);
#14048 = EDGE_LOOP('',(#14049,#14059,#14067,#14075));
#14049 = ORIENTED_EDGE('',*,*,#14050,.F.);
#14050 = EDGE_CURVE('',#14051,#14053,#14055,.T.);
#14051 = VERTEX_POINT('',#14052);
#14052 = CARTESIAN_POINT('',(22.73,29.725,13.6));
#14053 = VERTEX_POINT('',#14054);
#14054 = CARTESIAN_POINT('',(22.73,29.725,14.15));
#14055 = LINE('',#14056,#14057);
#14056 = CARTESIAN_POINT('',(22.73,29.725,13.6));
#14057 = VECTOR('',#14058,1.);
#14058 = DIRECTION('',(0.,0.,1.));
#14059 = ORIENTED_EDGE('',*,*,#14060,.T.);
#14060 = EDGE_CURVE('',#14051,#14061,#14063,.T.);
#14061 = VERTEX_POINT('',#14062);
#14062 = CARTESIAN_POINT('',(22.73,30.775,13.6));
#14063 = LINE('',#14064,#14065);
#14064 = CARTESIAN_POINT('',(22.73,29.725,13.6));
#14065 = VECTOR('',#14066,1.);
#14066 = DIRECTION('',(0.,1.,0.));
#14067 = ORIENTED_EDGE('',*,*,#14068,.T.);
#14068 = EDGE_CURVE('',#14061,#14069,#14071,.T.);
#14069 = VERTEX_POINT('',#14070);
#14070 = CARTESIAN_POINT('',(22.73,30.775,14.15));
#14071 = LINE('',#14072,#14073);
#14072 = CARTESIAN_POINT('',(22.73,30.775,13.6));
#14073 = VECTOR('',#14074,1.);
#14074 = DIRECTION('',(0.,0.,1.));
#14075 = ORIENTED_EDGE('',*,*,#14076,.F.);
#14076 = EDGE_CURVE('',#14053,#14069,#14077,.T.);
#14077 = LINE('',#14078,#14079);
#14078 = CARTESIAN_POINT('',(22.73,29.725,14.15));
#14079 = VECTOR('',#14080,1.);
#14080 = DIRECTION('',(0.,1.,0.));
#14081 = PLANE('',#14082);
#14082 = AXIS2_PLACEMENT_3D('',#14083,#14084,#14085);
#14083 = CARTESIAN_POINT('',(22.73,29.725,13.6));
#14084 = DIRECTION('',(1.,0.,0.));
#14085 = DIRECTION('',(0.,0.,1.));
#14086 = ADVANCED_FACE('',(#14087),#14121,.T.);
#14087 = FACE_BOUND('',#14088,.T.);
#14088 = EDGE_LOOP('',(#14089,#14099,#14107,#14115));
#14089 = ORIENTED_EDGE('',*,*,#14090,.F.);
#14090 = EDGE_CURVE('',#14091,#14093,#14095,.T.);
#14091 = VERTEX_POINT('',#14092);
#14092 = CARTESIAN_POINT('',(23.27,29.725,13.6));
#14093 = VERTEX_POINT('',#14094);
#14094 = CARTESIAN_POINT('',(23.27,29.725,14.15));
#14095 = LINE('',#14096,#14097);
#14096 = CARTESIAN_POINT('',(23.27,29.725,13.6));
#14097 = VECTOR('',#14098,1.);
#14098 = DIRECTION('',(0.,0.,1.));
#14099 = ORIENTED_EDGE('',*,*,#14100,.T.);
#14100 = EDGE_CURVE('',#14091,#14101,#14103,.T.);
#14101 = VERTEX_POINT('',#14102);
#14102 = CARTESIAN_POINT('',(23.27,30.775,13.6));
#14103 = LINE('',#14104,#14105);
#14104 = CARTESIAN_POINT('',(23.27,29.725,13.6));
#14105 = VECTOR('',#14106,1.);
#14106 = DIRECTION('',(0.,1.,0.));
#14107 = ORIENTED_EDGE('',*,*,#14108,.T.);
#14108 = EDGE_CURVE('',#14101,#14109,#14111,.T.);
#14109 = VERTEX_POINT('',#14110);
#14110 = CARTESIAN_POINT('',(23.27,30.775,14.15));
#14111 = LINE('',#14112,#14113);
#14112 = CARTESIAN_POINT('',(23.27,30.775,13.6));
#14113 = VECTOR('',#14114,1.);
#14114 = DIRECTION('',(0.,0.,1.));
#14115 = ORIENTED_EDGE('',*,*,#14116,.F.);
#14116 = EDGE_CURVE('',#14093,#14109,#14117,.T.);
#14117 = LINE('',#14118,#14119);
#14118 = CARTESIAN_POINT('',(23.27,29.725,14.15));
#14119 = VECTOR('',#14120,1.);
#14120 = DIRECTION('',(0.,1.,0.));
#14121 = PLANE('',#14122);
#14122 = AXIS2_PLACEMENT_3D('',#14123,#14124,#14125);
#14123 = CARTESIAN_POINT('',(23.27,29.725,13.6));
#14124 = DIRECTION('',(1.,0.,0.));
#14125 = DIRECTION('',(0.,0.,1.));
#14126 = ADVANCED_FACE('',(#14127),#14143,.F.);
#14127 = FACE_BOUND('',#14128,.F.);
#14128 = EDGE_LOOP('',(#14129,#14135,#14136,#14142));
#14129 = ORIENTED_EDGE('',*,*,#14130,.F.);
#14130 = EDGE_CURVE('',#14051,#14091,#14131,.T.);
#14131 = LINE('',#14132,#14133);
#14132 = CARTESIAN_POINT('',(22.73,29.725,13.6));
#14133 = VECTOR('',#14134,1.);
#14134 = DIRECTION('',(1.,0.,0.));
#14135 = ORIENTED_EDGE('',*,*,#14050,.T.);
#14136 = ORIENTED_EDGE('',*,*,#14137,.T.);
#14137 = EDGE_CURVE('',#14053,#14093,#14138,.T.);
#14138 = LINE('',#14139,#14140);
#14139 = CARTESIAN_POINT('',(22.73,29.725,14.15));
#14140 = VECTOR('',#14141,1.);
#14141 = DIRECTION('',(1.,0.,0.));
#14142 = ORIENTED_EDGE('',*,*,#14090,.F.);
#14143 = PLANE('',#14144);
#14144 = AXIS2_PLACEMENT_3D('',#14145,#14146,#14147);
#14145 = CARTESIAN_POINT('',(22.73,29.725,13.6));
#14146 = DIRECTION('',(0.,1.,0.));
#14147 = DIRECTION('',(0.,0.,1.));
#14148 = ADVANCED_FACE('',(#14149),#14165,.T.);
#14149 = FACE_BOUND('',#14150,.T.);
#14150 = EDGE_LOOP('',(#14151,#14157,#14158,#14164));
#14151 = ORIENTED_EDGE('',*,*,#14152,.F.);
#14152 = EDGE_CURVE('',#14061,#14101,#14153,.T.);
#14153 = LINE('',#14154,#14155);
#14154 = CARTESIAN_POINT('',(22.73,30.775,13.6));
#14155 = VECTOR('',#14156,1.);
#14156 = DIRECTION('',(1.,0.,0.));
#14157 = ORIENTED_EDGE('',*,*,#14068,.T.);
#14158 = ORIENTED_EDGE('',*,*,#14159,.T.);
#14159 = EDGE_CURVE('',#14069,#14109,#14160,.T.);
#14160 = LINE('',#14161,#14162);
#14161 = CARTESIAN_POINT('',(22.73,30.775,14.15));
#14162 = VECTOR('',#14163,1.);
#14163 = DIRECTION('',(1.,0.,0.));
#14164 = ORIENTED_EDGE('',*,*,#14108,.F.);
#14165 = PLANE('',#14166);
#14166 = AXIS2_PLACEMENT_3D('',#14167,#14168,#14169);
#14167 = CARTESIAN_POINT('',(22.73,30.775,13.6));
#14168 = DIRECTION('',(0.,1.,0.));
#14169 = DIRECTION('',(0.,0.,1.));
#14170 = ADVANCED_FACE('',(#14171),#14177,.F.);
#14171 = FACE_BOUND('',#14172,.F.);
#14172 = EDGE_LOOP('',(#14173,#14174,#14175,#14176));
#14173 = ORIENTED_EDGE('',*,*,#14060,.F.);
#14174 = ORIENTED_EDGE('',*,*,#14130,.T.);
#14175 = ORIENTED_EDGE('',*,*,#14100,.T.);
#14176 = ORIENTED_EDGE('',*,*,#14152,.F.);
#14177 = PLANE('',#14178);
#14178 = AXIS2_PLACEMENT_3D('',#14179,#14180,#14181);
#14179 = CARTESIAN_POINT('',(22.73,29.725,13.6));
#14180 = DIRECTION('',(0.,0.,1.));
#14181 = DIRECTION('',(1.,0.,0.));
#14182 = ADVANCED_FACE('',(#14183),#14189,.T.);
#14183 = FACE_BOUND('',#14184,.T.);
#14184 = EDGE_LOOP('',(#14185,#14186,#14187,#14188));
#14185 = ORIENTED_EDGE('',*,*,#14076,.F.);
#14186 = ORIENTED_EDGE('',*,*,#14137,.T.);
#14187 = ORIENTED_EDGE('',*,*,#14116,.T.);
#14188 = ORIENTED_EDGE('',*,*,#14159,.F.);
#14189 = PLANE('',#14190);
#14190 = AXIS2_PLACEMENT_3D('',#14191,#14192,#14193);
#14191 = CARTESIAN_POINT('',(22.73,29.725,14.15));
#14192 = DIRECTION('',(0.,0.,1.));
#14193 = DIRECTION('',(1.,0.,0.));
#14194 = MANIFOLD_SOLID_BREP('',#14195);
#14195 = CLOSED_SHELL('',(#14196,#14236,#14276,#14298,#14320,#14332));
#14196 = ADVANCED_FACE('',(#14197),#14231,.F.);
#14197 = FACE_BOUND('',#14198,.F.);
#14198 = EDGE_LOOP('',(#14199,#14209,#14217,#14225));
#14199 = ORIENTED_EDGE('',*,*,#14200,.F.);
#14200 = EDGE_CURVE('',#14201,#14203,#14205,.T.);
#14201 = VERTEX_POINT('',#14202);
#14202 = CARTESIAN_POINT('',(7.,23.75,13.6));
#14203 = VERTEX_POINT('',#14204);
#14204 = CARTESIAN_POINT('',(7.,23.75,14.15));
#14205 = LINE('',#14206,#14207);
#14206 = CARTESIAN_POINT('',(7.,23.75,13.6));
#14207 = VECTOR('',#14208,1.);
#14208 = DIRECTION('',(0.,0.,1.));
#14209 = ORIENTED_EDGE('',*,*,#14210,.T.);
#14210 = EDGE_CURVE('',#14201,#14211,#14213,.T.);
#14211 = VERTEX_POINT('',#14212);
#14212 = CARTESIAN_POINT('',(7.,24.75,13.6));
#14213 = LINE('',#14214,#14215);
#14214 = CARTESIAN_POINT('',(7.,23.75,13.6));
#14215 = VECTOR('',#14216,1.);
#14216 = DIRECTION('',(0.,1.,0.));
#14217 = ORIENTED_EDGE('',*,*,#14218,.T.);
#14218 = EDGE_CURVE('',#14211,#14219,#14221,.T.);
#14219 = VERTEX_POINT('',#14220);
#14220 = CARTESIAN_POINT('',(7.,24.75,14.15));
#14221 = LINE('',#14222,#14223);
#14222 = CARTESIAN_POINT('',(7.,24.75,13.6));
#14223 = VECTOR('',#14224,1.);
#14224 = DIRECTION('',(0.,0.,1.));
#14225 = ORIENTED_EDGE('',*,*,#14226,.F.);
#14226 = EDGE_CURVE('',#14203,#14219,#14227,.T.);
#14227 = LINE('',#14228,#14229);
#14228 = CARTESIAN_POINT('',(7.,23.75,14.15));
#14229 = VECTOR('',#14230,1.);
#14230 = DIRECTION('',(0.,1.,0.));
#14231 = PLANE('',#14232);
#14232 = AXIS2_PLACEMENT_3D('',#14233,#14234,#14235);
#14233 = CARTESIAN_POINT('',(7.,23.75,13.6));
#14234 = DIRECTION('',(1.,0.,0.));
#14235 = DIRECTION('',(0.,0.,1.));
#14236 = ADVANCED_FACE('',(#14237),#14271,.T.);
#14237 = FACE_BOUND('',#14238,.T.);
#14238 = EDGE_LOOP('',(#14239,#14249,#14257,#14265));
#14239 = ORIENTED_EDGE('',*,*,#14240,.F.);
#14240 = EDGE_CURVE('',#14241,#14243,#14245,.T.);
#14241 = VERTEX_POINT('',#14242);
#14242 = CARTESIAN_POINT('',(7.5,23.75,13.6));
#14243 = VERTEX_POINT('',#14244);
#14244 = CARTESIAN_POINT('',(7.5,23.75,14.15));
#14245 = LINE('',#14246,#14247);
#14246 = CARTESIAN_POINT('',(7.5,23.75,13.6));
#14247 = VECTOR('',#14248,1.);
#14248 = DIRECTION('',(0.,0.,1.));
#14249 = ORIENTED_EDGE('',*,*,#14250,.T.);
#14250 = EDGE_CURVE('',#14241,#14251,#14253,.T.);
#14251 = VERTEX_POINT('',#14252);
#14252 = CARTESIAN_POINT('',(7.5,24.75,13.6));
#14253 = LINE('',#14254,#14255);
#14254 = CARTESIAN_POINT('',(7.5,23.75,13.6));
#14255 = VECTOR('',#14256,1.);
#14256 = DIRECTION('',(0.,1.,0.));
#14257 = ORIENTED_EDGE('',*,*,#14258,.T.);
#14258 = EDGE_CURVE('',#14251,#14259,#14261,.T.);
#14259 = VERTEX_POINT('',#14260);
#14260 = CARTESIAN_POINT('',(7.5,24.75,14.15));
#14261 = LINE('',#14262,#14263);
#14262 = CARTESIAN_POINT('',(7.5,24.75,13.6));
#14263 = VECTOR('',#14264,1.);
#14264 = DIRECTION('',(0.,0.,1.));
#14265 = ORIENTED_EDGE('',*,*,#14266,.F.);
#14266 = EDGE_CURVE('',#14243,#14259,#14267,.T.);
#14267 = LINE('',#14268,#14269);
#14268 = CARTESIAN_POINT('',(7.5,23.75,14.15));
#14269 = VECTOR('',#14270,1.);
#14270 = DIRECTION('',(0.,1.,0.));
#14271 = PLANE('',#14272);
#14272 = AXIS2_PLACEMENT_3D('',#14273,#14274,#14275);
#14273 = CARTESIAN_POINT('',(7.5,23.75,13.6));
#14274 = DIRECTION('',(1.,0.,0.));
#14275 = DIRECTION('',(0.,0.,1.));
#14276 = ADVANCED_FACE('',(#14277),#14293,.F.);
#14277 = FACE_BOUND('',#14278,.F.);
#14278 = EDGE_LOOP('',(#14279,#14285,#14286,#14292));
#14279 = ORIENTED_EDGE('',*,*,#14280,.F.);
#14280 = EDGE_CURVE('',#14201,#14241,#14281,.T.);
#14281 = LINE('',#14282,#14283);
#14282 = CARTESIAN_POINT('',(7.,23.75,13.6));
#14283 = VECTOR('',#14284,1.);
#14284 = DIRECTION('',(1.,0.,0.));
#14285 = ORIENTED_EDGE('',*,*,#14200,.T.);
#14286 = ORIENTED_EDGE('',*,*,#14287,.T.);
#14287 = EDGE_CURVE('',#14203,#14243,#14288,.T.);
#14288 = LINE('',#14289,#14290);
#14289 = CARTESIAN_POINT('',(7.,23.75,14.15));
#14290 = VECTOR('',#14291,1.);
#14291 = DIRECTION('',(1.,0.,0.));
#14292 = ORIENTED_EDGE('',*,*,#14240,.F.);
#14293 = PLANE('',#14294);
#14294 = AXIS2_PLACEMENT_3D('',#14295,#14296,#14297);
#14295 = CARTESIAN_POINT('',(7.,23.75,13.6));
#14296 = DIRECTION('',(0.,1.,0.));
#14297 = DIRECTION('',(0.,0.,1.));
#14298 = ADVANCED_FACE('',(#14299),#14315,.T.);
#14299 = FACE_BOUND('',#14300,.T.);
#14300 = EDGE_LOOP('',(#14301,#14307,#14308,#14314));
#14301 = ORIENTED_EDGE('',*,*,#14302,.F.);
#14302 = EDGE_CURVE('',#14211,#14251,#14303,.T.);
#14303 = LINE('',#14304,#14305);
#14304 = CARTESIAN_POINT('',(7.,24.75,13.6));
#14305 = VECTOR('',#14306,1.);
#14306 = DIRECTION('',(1.,0.,0.));
#14307 = ORIENTED_EDGE('',*,*,#14218,.T.);
#14308 = ORIENTED_EDGE('',*,*,#14309,.T.);
#14309 = EDGE_CURVE('',#14219,#14259,#14310,.T.);
#14310 = LINE('',#14311,#14312);
#14311 = CARTESIAN_POINT('',(7.,24.75,14.15));
#14312 = VECTOR('',#14313,1.);
#14313 = DIRECTION('',(1.,0.,0.));
#14314 = ORIENTED_EDGE('',*,*,#14258,.F.);
#14315 = PLANE('',#14316);
#14316 = AXIS2_PLACEMENT_3D('',#14317,#14318,#14319);
#14317 = CARTESIAN_POINT('',(7.,24.75,13.6));
#14318 = DIRECTION('',(0.,1.,0.));
#14319 = DIRECTION('',(0.,0.,1.));
#14320 = ADVANCED_FACE('',(#14321),#14327,.F.);
#14321 = FACE_BOUND('',#14322,.F.);
#14322 = EDGE_LOOP('',(#14323,#14324,#14325,#14326));
#14323 = ORIENTED_EDGE('',*,*,#14210,.F.);
#14324 = ORIENTED_EDGE('',*,*,#14280,.T.);
#14325 = ORIENTED_EDGE('',*,*,#14250,.T.);
#14326 = ORIENTED_EDGE('',*,*,#14302,.F.);
#14327 = PLANE('',#14328);
#14328 = AXIS2_PLACEMENT_3D('',#14329,#14330,#14331);
#14329 = CARTESIAN_POINT('',(7.,23.75,13.6));
#14330 = DIRECTION('',(0.,0.,1.));
#14331 = DIRECTION('',(1.,0.,0.));
#14332 = ADVANCED_FACE('',(#14333),#14339,.T.);
#14333 = FACE_BOUND('',#14334,.T.);
#14334 = EDGE_LOOP('',(#14335,#14336,#14337,#14338));
#14335 = ORIENTED_EDGE('',*,*,#14226,.F.);
#14336 = ORIENTED_EDGE('',*,*,#14287,.T.);
#14337 = ORIENTED_EDGE('',*,*,#14266,.T.);
#14338 = ORIENTED_EDGE('',*,*,#14309,.F.);
#14339 = PLANE('',#14340);
#14340 = AXIS2_PLACEMENT_3D('',#14341,#14342,#14343);
#14341 = CARTESIAN_POINT('',(7.,23.75,14.15));
#14342 = DIRECTION('',(0.,0.,1.));
#14343 = DIRECTION('',(1.,0.,0.));
#14344 = MANIFOLD_SOLID_BREP('',#14345);
#14345 = CLOSED_SHELL('',(#14346,#14386,#14426,#14448,#14470,#14482));
#14346 = ADVANCED_FACE('',(#14347),#14381,.F.);
#14347 = FACE_BOUND('',#14348,.F.);
#14348 = EDGE_LOOP('',(#14349,#14359,#14367,#14375));
#14349 = ORIENTED_EDGE('',*,*,#14350,.F.);
#14350 = EDGE_CURVE('',#14351,#14353,#14355,.T.);
#14351 = VERTEX_POINT('',#14352);
#14352 = CARTESIAN_POINT('',(6.15,11.8,13.6));
#14353 = VERTEX_POINT('',#14354);
#14354 = CARTESIAN_POINT('',(6.15,11.8,14.));
#14355 = LINE('',#14356,#14357);
#14356 = CARTESIAN_POINT('',(6.15,11.8,13.6));
#14357 = VECTOR('',#14358,1.);
#14358 = DIRECTION('',(0.,0.,1.));
#14359 = ORIENTED_EDGE('',*,*,#14360,.T.);
#14360 = EDGE_CURVE('',#14351,#14361,#14363,.T.);
#14361 = VERTEX_POINT('',#14362);
#14362 = CARTESIAN_POINT('',(6.15,12.4,13.6));
#14363 = LINE('',#14364,#14365);
#14364 = CARTESIAN_POINT('',(6.15,11.8,13.6));
#14365 = VECTOR('',#14366,1.);
#14366 = DIRECTION('',(0.,1.,0.));
#14367 = ORIENTED_EDGE('',*,*,#14368,.T.);
#14368 = EDGE_CURVE('',#14361,#14369,#14371,.T.);
#14369 = VERTEX_POINT('',#14370);
#14370 = CARTESIAN_POINT('',(6.15,12.4,14.));
#14371 = LINE('',#14372,#14373);
#14372 = CARTESIAN_POINT('',(6.15,12.4,13.6));
#14373 = VECTOR('',#14374,1.);
#14374 = DIRECTION('',(0.,0.,1.));
#14375 = ORIENTED_EDGE('',*,*,#14376,.F.);
#14376 = EDGE_CURVE('',#14353,#14369,#14377,.T.);
#14377 = LINE('',#14378,#14379);
#14378 = CARTESIAN_POINT('',(6.15,11.8,14.));
#14379 = VECTOR('',#14380,1.);
#14380 = DIRECTION('',(0.,1.,0.));
#14381 = PLANE('',#14382);
#14382 = AXIS2_PLACEMENT_3D('',#14383,#14384,#14385);
#14383 = CARTESIAN_POINT('',(6.15,11.8,13.6));
#14384 = DIRECTION('',(1.,0.,0.));
#14385 = DIRECTION('',(0.,0.,1.));
#14386 = ADVANCED_FACE('',(#14387),#14421,.T.);
#14387 = FACE_BOUND('',#14388,.T.);
#14388 = EDGE_LOOP('',(#14389,#14399,#14407,#14415));
#14389 = ORIENTED_EDGE('',*,*,#14390,.F.);
#14390 = EDGE_CURVE('',#14391,#14393,#14395,.T.);
#14391 = VERTEX_POINT('',#14392);
#14392 = CARTESIAN_POINT('',(7.25,11.8,13.6));
#14393 = VERTEX_POINT('',#14394);
#14394 = CARTESIAN_POINT('',(7.25,11.8,14.));
#14395 = LINE('',#14396,#14397);
#14396 = CARTESIAN_POINT('',(7.25,11.8,13.6));
#14397 = VECTOR('',#14398,1.);
#14398 = DIRECTION('',(0.,0.,1.));
#14399 = ORIENTED_EDGE('',*,*,#14400,.T.);
#14400 = EDGE_CURVE('',#14391,#14401,#14403,.T.);
#14401 = VERTEX_POINT('',#14402);
#14402 = CARTESIAN_POINT('',(7.25,12.4,13.6));
#14403 = LINE('',#14404,#14405);
#14404 = CARTESIAN_POINT('',(7.25,11.8,13.6));
#14405 = VECTOR('',#14406,1.);
#14406 = DIRECTION('',(0.,1.,0.));
#14407 = ORIENTED_EDGE('',*,*,#14408,.T.);
#14408 = EDGE_CURVE('',#14401,#14409,#14411,.T.);
#14409 = VERTEX_POINT('',#14410);
#14410 = CARTESIAN_POINT('',(7.25,12.4,14.));
#14411 = LINE('',#14412,#14413);
#14412 = CARTESIAN_POINT('',(7.25,12.4,13.6));
#14413 = VECTOR('',#14414,1.);
#14414 = DIRECTION('',(0.,0.,1.));
#14415 = ORIENTED_EDGE('',*,*,#14416,.F.);
#14416 = EDGE_CURVE('',#14393,#14409,#14417,.T.);
#14417 = LINE('',#14418,#14419);
#14418 = CARTESIAN_POINT('',(7.25,11.8,14.));
#14419 = VECTOR('',#14420,1.);
#14420 = DIRECTION('',(0.,1.,0.));
#14421 = PLANE('',#14422);
#14422 = AXIS2_PLACEMENT_3D('',#14423,#14424,#14425);
#14423 = CARTESIAN_POINT('',(7.25,11.8,13.6));
#14424 = DIRECTION('',(1.,0.,0.));
#14425 = DIRECTION('',(0.,0.,1.));
#14426 = ADVANCED_FACE('',(#14427),#14443,.F.);
#14427 = FACE_BOUND('',#14428,.F.);
#14428 = EDGE_LOOP('',(#14429,#14435,#14436,#14442));
#14429 = ORIENTED_EDGE('',*,*,#14430,.F.);
#14430 = EDGE_CURVE('',#14351,#14391,#14431,.T.);
#14431 = LINE('',#14432,#14433);
#14432 = CARTESIAN_POINT('',(6.15,11.8,13.6));
#14433 = VECTOR('',#14434,1.);
#14434 = DIRECTION('',(1.,0.,0.));
#14435 = ORIENTED_EDGE('',*,*,#14350,.T.);
#14436 = ORIENTED_EDGE('',*,*,#14437,.T.);
#14437 = EDGE_CURVE('',#14353,#14393,#14438,.T.);
#14438 = LINE('',#14439,#14440);
#14439 = CARTESIAN_POINT('',(6.15,11.8,14.));
#14440 = VECTOR('',#14441,1.);
#14441 = DIRECTION('',(1.,0.,0.));
#14442 = ORIENTED_EDGE('',*,*,#14390,.F.);
#14443 = PLANE('',#14444);
#14444 = AXIS2_PLACEMENT_3D('',#14445,#14446,#14447);
#14445 = CARTESIAN_POINT('',(6.15,11.8,13.6));
#14446 = DIRECTION('',(0.,1.,0.));
#14447 = DIRECTION('',(0.,0.,1.));
#14448 = ADVANCED_FACE('',(#14449),#14465,.T.);
#14449 = FACE_BOUND('',#14450,.T.);
#14450 = EDGE_LOOP('',(#14451,#14457,#14458,#14464));
#14451 = ORIENTED_EDGE('',*,*,#14452,.F.);
#14452 = EDGE_CURVE('',#14361,#14401,#14453,.T.);
#14453 = LINE('',#14454,#14455);
#14454 = CARTESIAN_POINT('',(6.15,12.4,13.6));
#14455 = VECTOR('',#14456,1.);
#14456 = DIRECTION('',(1.,0.,0.));
#14457 = ORIENTED_EDGE('',*,*,#14368,.T.);
#14458 = ORIENTED_EDGE('',*,*,#14459,.T.);
#14459 = EDGE_CURVE('',#14369,#14409,#14460,.T.);
#14460 = LINE('',#14461,#14462);
#14461 = CARTESIAN_POINT('',(6.15,12.4,14.));
#14462 = VECTOR('',#14463,1.);
#14463 = DIRECTION('',(1.,0.,0.));
#14464 = ORIENTED_EDGE('',*,*,#14408,.F.);
#14465 = PLANE('',#14466);
#14466 = AXIS2_PLACEMENT_3D('',#14467,#14468,#14469);
#14467 = CARTESIAN_POINT('',(6.15,12.4,13.6));
#14468 = DIRECTION('',(0.,1.,0.));
#14469 = DIRECTION('',(0.,0.,1.));
#14470 = ADVANCED_FACE('',(#14471),#14477,.F.);
#14471 = FACE_BOUND('',#14472,.F.);
#14472 = EDGE_LOOP('',(#14473,#14474,#14475,#14476));
#14473 = ORIENTED_EDGE('',*,*,#14360,.F.);
#14474 = ORIENTED_EDGE('',*,*,#14430,.T.);
#14475 = ORIENTED_EDGE('',*,*,#14400,.T.);
#14476 = ORIENTED_EDGE('',*,*,#14452,.F.);
#14477 = PLANE('',#14478);
#14478 = AXIS2_PLACEMENT_3D('',#14479,#14480,#14481);
#14479 = CARTESIAN_POINT('',(6.15,11.8,13.6));
#14480 = DIRECTION('',(0.,0.,1.));
#14481 = DIRECTION('',(1.,0.,0.));
#14482 = ADVANCED_FACE('',(#14483),#14489,.T.);
#14483 = FACE_BOUND('',#14484,.T.);
#14484 = EDGE_LOOP('',(#14485,#14486,#14487,#14488));
#14485 = ORIENTED_EDGE('',*,*,#14376,.F.);
#14486 = ORIENTED_EDGE('',*,*,#14437,.T.);
#14487 = ORIENTED_EDGE('',*,*,#14416,.T.);
#14488 = ORIENTED_EDGE('',*,*,#14459,.F.);
#14489 = PLANE('',#14490);
#14490 = AXIS2_PLACEMENT_3D('',#14491,#14492,#14493);
#14491 = CARTESIAN_POINT('',(6.15,11.8,14.));
#14492 = DIRECTION('',(0.,0.,1.));
#14493 = DIRECTION('',(1.,0.,0.));
#14494 = MANIFOLD_SOLID_BREP('',#14495);
#14495 = CLOSED_SHELL('',(#14496,#14536,#14576,#14598,#14620,#14632));
#14496 = ADVANCED_FACE('',(#14497),#14531,.F.);
#14497 = FACE_BOUND('',#14498,.F.);
#14498 = EDGE_LOOP('',(#14499,#14509,#14517,#14525));
#14499 = ORIENTED_EDGE('',*,*,#14500,.F.);
#14500 = EDGE_CURVE('',#14501,#14503,#14505,.T.);
#14501 = VERTEX_POINT('',#14502);
#14502 = CARTESIAN_POINT('',(9.45,22.95,13.6));
#14503 = VERTEX_POINT('',#14504);
#14504 = CARTESIAN_POINT('',(9.45,22.95,14.15));
#14505 = LINE('',#14506,#14507);
#14506 = CARTESIAN_POINT('',(9.45,22.95,13.6));
#14507 = VECTOR('',#14508,1.);
#14508 = DIRECTION('',(0.,0.,1.));
#14509 = ORIENTED_EDGE('',*,*,#14510,.T.);
#14510 = EDGE_CURVE('',#14501,#14511,#14513,.T.);
#14511 = VERTEX_POINT('',#14512);
#14512 = CARTESIAN_POINT('',(9.45,24.05,13.6));
#14513 = LINE('',#14514,#14515);
#14514 = CARTESIAN_POINT('',(9.45,22.95,13.6));
#14515 = VECTOR('',#14516,1.);
#14516 = DIRECTION('',(0.,1.,0.));
#14517 = ORIENTED_EDGE('',*,*,#14518,.T.);
#14518 = EDGE_CURVE('',#14511,#14519,#14521,.T.);
#14519 = VERTEX_POINT('',#14520);
#14520 = CARTESIAN_POINT('',(9.45,24.05,14.15));
#14521 = LINE('',#14522,#14523);
#14522 = CARTESIAN_POINT('',(9.45,24.05,13.6));
#14523 = VECTOR('',#14524,1.);
#14524 = DIRECTION('',(0.,0.,1.));
#14525 = ORIENTED_EDGE('',*,*,#14526,.F.);
#14526 = EDGE_CURVE('',#14503,#14519,#14527,.T.);
#14527 = LINE('',#14528,#14529);
#14528 = CARTESIAN_POINT('',(9.45,22.95,14.15));
#14529 = VECTOR('',#14530,1.);
#14530 = DIRECTION('',(0.,1.,0.));
#14531 = PLANE('',#14532);
#14532 = AXIS2_PLACEMENT_3D('',#14533,#14534,#14535);
#14533 = CARTESIAN_POINT('',(9.45,22.95,13.6));
#14534 = DIRECTION('',(1.,0.,0.));
#14535 = DIRECTION('',(0.,0.,1.));
#14536 = ADVANCED_FACE('',(#14537),#14571,.T.);
#14537 = FACE_BOUND('',#14538,.T.);
#14538 = EDGE_LOOP('',(#14539,#14549,#14557,#14565));
#14539 = ORIENTED_EDGE('',*,*,#14540,.F.);
#14540 = EDGE_CURVE('',#14541,#14543,#14545,.T.);
#14541 = VERTEX_POINT('',#14542);
#14542 = CARTESIAN_POINT('',(10.05,22.95,13.6));
#14543 = VERTEX_POINT('',#14544);
#14544 = CARTESIAN_POINT('',(10.05,22.95,14.15));
#14545 = LINE('',#14546,#14547);
#14546 = CARTESIAN_POINT('',(10.05,22.95,13.6));
#14547 = VECTOR('',#14548,1.);
#14548 = DIRECTION('',(0.,0.,1.));
#14549 = ORIENTED_EDGE('',*,*,#14550,.T.);
#14550 = EDGE_CURVE('',#14541,#14551,#14553,.T.);
#14551 = VERTEX_POINT('',#14552);
#14552 = CARTESIAN_POINT('',(10.05,24.05,13.6));
#14553 = LINE('',#14554,#14555);
#14554 = CARTESIAN_POINT('',(10.05,22.95,13.6));
#14555 = VECTOR('',#14556,1.);
#14556 = DIRECTION('',(0.,1.,0.));
#14557 = ORIENTED_EDGE('',*,*,#14558,.T.);
#14558 = EDGE_CURVE('',#14551,#14559,#14561,.T.);
#14559 = VERTEX_POINT('',#14560);
#14560 = CARTESIAN_POINT('',(10.05,24.05,14.15));
#14561 = LINE('',#14562,#14563);
#14562 = CARTESIAN_POINT('',(10.05,24.05,13.6));
#14563 = VECTOR('',#14564,1.);
#14564 = DIRECTION('',(0.,0.,1.));
#14565 = ORIENTED_EDGE('',*,*,#14566,.F.);
#14566 = EDGE_CURVE('',#14543,#14559,#14567,.T.);
#14567 = LINE('',#14568,#14569);
#14568 = CARTESIAN_POINT('',(10.05,22.95,14.15));
#14569 = VECTOR('',#14570,1.);
#14570 = DIRECTION('',(0.,1.,0.));
#14571 = PLANE('',#14572);
#14572 = AXIS2_PLACEMENT_3D('',#14573,#14574,#14575);
#14573 = CARTESIAN_POINT('',(10.05,22.95,13.6));
#14574 = DIRECTION('',(1.,0.,0.));
#14575 = DIRECTION('',(0.,0.,1.));
#14576 = ADVANCED_FACE('',(#14577),#14593,.F.);
#14577 = FACE_BOUND('',#14578,.F.);
#14578 = EDGE_LOOP('',(#14579,#14585,#14586,#14592));
#14579 = ORIENTED_EDGE('',*,*,#14580,.F.);
#14580 = EDGE_CURVE('',#14501,#14541,#14581,.T.);
#14581 = LINE('',#14582,#14583);
#14582 = CARTESIAN_POINT('',(9.45,22.95,13.6));
#14583 = VECTOR('',#14584,1.);
#14584 = DIRECTION('',(1.,0.,0.));
#14585 = ORIENTED_EDGE('',*,*,#14500,.T.);
#14586 = ORIENTED_EDGE('',*,*,#14587,.T.);
#14587 = EDGE_CURVE('',#14503,#14543,#14588,.T.);
#14588 = LINE('',#14589,#14590);
#14589 = CARTESIAN_POINT('',(9.45,22.95,14.15));
#14590 = VECTOR('',#14591,1.);
#14591 = DIRECTION('',(1.,0.,0.));
#14592 = ORIENTED_EDGE('',*,*,#14540,.F.);
#14593 = PLANE('',#14594);
#14594 = AXIS2_PLACEMENT_3D('',#14595,#14596,#14597);
#14595 = CARTESIAN_POINT('',(9.45,22.95,13.6));
#14596 = DIRECTION('',(0.,1.,0.));
#14597 = DIRECTION('',(0.,0.,1.));
#14598 = ADVANCED_FACE('',(#14599),#14615,.T.);
#14599 = FACE_BOUND('',#14600,.T.);
#14600 = EDGE_LOOP('',(#14601,#14607,#14608,#14614));
#14601 = ORIENTED_EDGE('',*,*,#14602,.F.);
#14602 = EDGE_CURVE('',#14511,#14551,#14603,.T.);
#14603 = LINE('',#14604,#14605);
#14604 = CARTESIAN_POINT('',(9.45,24.05,13.6));
#14605 = VECTOR('',#14606,1.);
#14606 = DIRECTION('',(1.,0.,0.));
#14607 = ORIENTED_EDGE('',*,*,#14518,.T.);
#14608 = ORIENTED_EDGE('',*,*,#14609,.T.);
#14609 = EDGE_CURVE('',#14519,#14559,#14610,.T.);
#14610 = LINE('',#14611,#14612);
#14611 = CARTESIAN_POINT('',(9.45,24.05,14.15));
#14612 = VECTOR('',#14613,1.);
#14613 = DIRECTION('',(1.,0.,0.));
#14614 = ORIENTED_EDGE('',*,*,#14558,.F.);
#14615 = PLANE('',#14616);
#14616 = AXIS2_PLACEMENT_3D('',#14617,#14618,#14619);
#14617 = CARTESIAN_POINT('',(9.45,24.05,13.6));
#14618 = DIRECTION('',(0.,1.,0.));
#14619 = DIRECTION('',(0.,0.,1.));
#14620 = ADVANCED_FACE('',(#14621),#14627,.F.);
#14621 = FACE_BOUND('',#14622,.F.);
#14622 = EDGE_LOOP('',(#14623,#14624,#14625,#14626));
#14623 = ORIENTED_EDGE('',*,*,#14510,.F.);
#14624 = ORIENTED_EDGE('',*,*,#14580,.T.);
#14625 = ORIENTED_EDGE('',*,*,#14550,.T.);
#14626 = ORIENTED_EDGE('',*,*,#14602,.F.);
#14627 = PLANE('',#14628);
#14628 = AXIS2_PLACEMENT_3D('',#14629,#14630,#14631);
#14629 = CARTESIAN_POINT('',(9.45,22.95,13.6));
#14630 = DIRECTION('',(0.,0.,1.));
#14631 = DIRECTION('',(1.,0.,0.));
#14632 = ADVANCED_FACE('',(#14633),#14639,.T.);
#14633 = FACE_BOUND('',#14634,.T.);
#14634 = EDGE_LOOP('',(#14635,#14636,#14637,#14638));
#14635 = ORIENTED_EDGE('',*,*,#14526,.F.);
#14636 = ORIENTED_EDGE('',*,*,#14587,.T.);
#14637 = ORIENTED_EDGE('',*,*,#14566,.T.);
#14638 = ORIENTED_EDGE('',*,*,#14609,.F.);
#14639 = PLANE('',#14640);
#14640 = AXIS2_PLACEMENT_3D('',#14641,#14642,#14643);
#14641 = CARTESIAN_POINT('',(9.45,22.95,14.15));
#14642 = DIRECTION('',(0.,0.,1.));
#14643 = DIRECTION('',(1.,0.,0.));
#14644 = MANIFOLD_SOLID_BREP('',#14645);
#14645 = CLOSED_SHELL('',(#14646,#14686,#14726,#14748,#14770,#14782));
#14646 = ADVANCED_FACE('',(#14647),#14681,.F.);
#14647 = FACE_BOUND('',#14648,.F.);
#14648 = EDGE_LOOP('',(#14649,#14659,#14667,#14675));
#14649 = ORIENTED_EDGE('',*,*,#14650,.F.);
#14650 = EDGE_CURVE('',#14651,#14653,#14655,.T.);
#14651 = VERTEX_POINT('',#14652);
#14652 = CARTESIAN_POINT('',(16.05,11.1,13.6));
#14653 = VERTEX_POINT('',#14654);
#14654 = CARTESIAN_POINT('',(16.05,11.1,14.3));
#14655 = LINE('',#14656,#14657);
#14656 = CARTESIAN_POINT('',(16.05,11.1,13.6));
#14657 = VECTOR('',#14658,1.);
#14658 = DIRECTION('',(0.,0.,1.));
#14659 = ORIENTED_EDGE('',*,*,#14660,.T.);
#14660 = EDGE_CURVE('',#14651,#14661,#14663,.T.);
#14661 = VERTEX_POINT('',#14662);
#14662 = CARTESIAN_POINT('',(16.05,12.7,13.6));
#14663 = LINE('',#14664,#14665);
#14664 = CARTESIAN_POINT('',(16.05,11.1,13.6));
#14665 = VECTOR('',#14666,1.);
#14666 = DIRECTION('',(0.,1.,0.));
#14667 = ORIENTED_EDGE('',*,*,#14668,.T.);
#14668 = EDGE_CURVE('',#14661,#14669,#14671,.T.);
#14669 = VERTEX_POINT('',#14670);
#14670 = CARTESIAN_POINT('',(16.05,12.7,14.3));
#14671 = LINE('',#14672,#14673);
#14672 = CARTESIAN_POINT('',(16.05,12.7,13.6));
#14673 = VECTOR('',#14674,1.);
#14674 = DIRECTION('',(0.,0.,1.));
#14675 = ORIENTED_EDGE('',*,*,#14676,.F.);
#14676 = EDGE_CURVE('',#14653,#14669,#14677,.T.);
#14677 = LINE('',#14678,#14679);
#14678 = CARTESIAN_POINT('',(16.05,11.1,14.3));
#14679 = VECTOR('',#14680,1.);
#14680 = DIRECTION('',(0.,1.,0.));
#14681 = PLANE('',#14682);
#14682 = AXIS2_PLACEMENT_3D('',#14683,#14684,#14685);
#14683 = CARTESIAN_POINT('',(16.05,11.1,13.6));
#14684 = DIRECTION('',(1.,0.,0.));
#14685 = DIRECTION('',(0.,0.,1.));
#14686 = ADVANCED_FACE('',(#14687),#14721,.T.);
#14687 = FACE_BOUND('',#14688,.T.);
#14688 = EDGE_LOOP('',(#14689,#14699,#14707,#14715));
#14689 = ORIENTED_EDGE('',*,*,#14690,.F.);
#14690 = EDGE_CURVE('',#14691,#14693,#14695,.T.);
#14691 = VERTEX_POINT('',#14692);
#14692 = CARTESIAN_POINT('',(17.65,11.1,13.6));
#14693 = VERTEX_POINT('',#14694);
#14694 = CARTESIAN_POINT('',(17.65,11.1,14.3));
#14695 = LINE('',#14696,#14697);
#14696 = CARTESIAN_POINT('',(17.65,11.1,13.6));
#14697 = VECTOR('',#14698,1.);
#14698 = DIRECTION('',(0.,0.,1.));
#14699 = ORIENTED_EDGE('',*,*,#14700,.T.);
#14700 = EDGE_CURVE('',#14691,#14701,#14703,.T.);
#14701 = VERTEX_POINT('',#14702);
#14702 = CARTESIAN_POINT('',(17.65,12.7,13.6));
#14703 = LINE('',#14704,#14705);
#14704 = CARTESIAN_POINT('',(17.65,11.1,13.6));
#14705 = VECTOR('',#14706,1.);
#14706 = DIRECTION('',(0.,1.,0.));
#14707 = ORIENTED_EDGE('',*,*,#14708,.T.);
#14708 = EDGE_CURVE('',#14701,#14709,#14711,.T.);
#14709 = VERTEX_POINT('',#14710);
#14710 = CARTESIAN_POINT('',(17.65,12.7,14.3));
#14711 = LINE('',#14712,#14713);
#14712 = CARTESIAN_POINT('',(17.65,12.7,13.6));
#14713 = VECTOR('',#14714,1.);
#14714 = DIRECTION('',(0.,0.,1.));
#14715 = ORIENTED_EDGE('',*,*,#14716,.F.);
#14716 = EDGE_CURVE('',#14693,#14709,#14717,.T.);
#14717 = LINE('',#14718,#14719);
#14718 = CARTESIAN_POINT('',(17.65,11.1,14.3));
#14719 = VECTOR('',#14720,1.);
#14720 = DIRECTION('',(0.,1.,0.));
#14721 = PLANE('',#14722);
#14722 = AXIS2_PLACEMENT_3D('',#14723,#14724,#14725);
#14723 = CARTESIAN_POINT('',(17.65,11.1,13.6));
#14724 = DIRECTION('',(1.,0.,0.));
#14725 = DIRECTION('',(0.,0.,1.));
#14726 = ADVANCED_FACE('',(#14727),#14743,.F.);
#14727 = FACE_BOUND('',#14728,.F.);
#14728 = EDGE_LOOP('',(#14729,#14735,#14736,#14742));
#14729 = ORIENTED_EDGE('',*,*,#14730,.F.);
#14730 = EDGE_CURVE('',#14651,#14691,#14731,.T.);
#14731 = LINE('',#14732,#14733);
#14732 = CARTESIAN_POINT('',(16.05,11.1,13.6));
#14733 = VECTOR('',#14734,1.);
#14734 = DIRECTION('',(1.,0.,0.));
#14735 = ORIENTED_EDGE('',*,*,#14650,.T.);
#14736 = ORIENTED_EDGE('',*,*,#14737,.T.);
#14737 = EDGE_CURVE('',#14653,#14693,#14738,.T.);
#14738 = LINE('',#14739,#14740);
#14739 = CARTESIAN_POINT('',(16.05,11.1,14.3));
#14740 = VECTOR('',#14741,1.);
#14741 = DIRECTION('',(1.,0.,0.));
#14742 = ORIENTED_EDGE('',*,*,#14690,.F.);
#14743 = PLANE('',#14744);
#14744 = AXIS2_PLACEMENT_3D('',#14745,#14746,#14747);
#14745 = CARTESIAN_POINT('',(16.05,11.1,13.6));
#14746 = DIRECTION('',(0.,1.,0.));
#14747 = DIRECTION('',(0.,0.,1.));
#14748 = ADVANCED_FACE('',(#14749),#14765,.T.);
#14749 = FACE_BOUND('',#14750,.T.);
#14750 = EDGE_LOOP('',(#14751,#14757,#14758,#14764));
#14751 = ORIENTED_EDGE('',*,*,#14752,.F.);
#14752 = EDGE_CURVE('',#14661,#14701,#14753,.T.);
#14753 = LINE('',#14754,#14755);
#14754 = CARTESIAN_POINT('',(16.05,12.7,13.6));
#14755 = VECTOR('',#14756,1.);
#14756 = DIRECTION('',(1.,0.,0.));
#14757 = ORIENTED_EDGE('',*,*,#14668,.T.);
#14758 = ORIENTED_EDGE('',*,*,#14759,.T.);
#14759 = EDGE_CURVE('',#14669,#14709,#14760,.T.);
#14760 = LINE('',#14761,#14762);
#14761 = CARTESIAN_POINT('',(16.05,12.7,14.3));
#14762 = VECTOR('',#14763,1.);
#14763 = DIRECTION('',(1.,0.,0.));
#14764 = ORIENTED_EDGE('',*,*,#14708,.F.);
#14765 = PLANE('',#14766);
#14766 = AXIS2_PLACEMENT_3D('',#14767,#14768,#14769);
#14767 = CARTESIAN_POINT('',(16.05,12.7,13.6));
#14768 = DIRECTION('',(0.,1.,0.));
#14769 = DIRECTION('',(0.,0.,1.));
#14770 = ADVANCED_FACE('',(#14771),#14777,.F.);
#14771 = FACE_BOUND('',#14772,.F.);
#14772 = EDGE_LOOP('',(#14773,#14774,#14775,#14776));
#14773 = ORIENTED_EDGE('',*,*,#14660,.F.);
#14774 = ORIENTED_EDGE('',*,*,#14730,.T.);
#14775 = ORIENTED_EDGE('',*,*,#14700,.T.);
#14776 = ORIENTED_EDGE('',*,*,#14752,.F.);
#14777 = PLANE('',#14778);
#14778 = AXIS2_PLACEMENT_3D('',#14779,#14780,#14781);
#14779 = CARTESIAN_POINT('',(16.05,11.1,13.6));
#14780 = DIRECTION('',(0.,0.,1.));
#14781 = DIRECTION('',(1.,0.,0.));
#14782 = ADVANCED_FACE('',(#14783),#14789,.T.);
#14783 = FACE_BOUND('',#14784,.T.);
#14784 = EDGE_LOOP('',(#14785,#14786,#14787,#14788));
#14785 = ORIENTED_EDGE('',*,*,#14676,.F.);
#14786 = ORIENTED_EDGE('',*,*,#14737,.T.);
#14787 = ORIENTED_EDGE('',*,*,#14716,.T.);
#14788 = ORIENTED_EDGE('',*,*,#14759,.F.);
#14789 = PLANE('',#14790);
#14790 = AXIS2_PLACEMENT_3D('',#14791,#14792,#14793);
#14791 = CARTESIAN_POINT('',(16.05,11.1,14.3));
#14792 = DIRECTION('',(0.,0.,1.));
#14793 = DIRECTION('',(1.,0.,0.));
#14794 = MANIFOLD_SOLID_BREP('',#14795);
#14795 = CLOSED_SHELL('',(#14796,#14836,#14876,#14898,#14920,#14932));
#14796 = ADVANCED_FACE('',(#14797),#14831,.F.);
#14797 = FACE_BOUND('',#14798,.F.);
#14798 = EDGE_LOOP('',(#14799,#14809,#14817,#14825));
#14799 = ORIENTED_EDGE('',*,*,#14800,.F.);
#14800 = EDGE_CURVE('',#14801,#14803,#14805,.T.);
#14801 = VERTEX_POINT('',#14802);
#14802 = CARTESIAN_POINT('',(10.95,19.95,13.6));
#14803 = VERTEX_POINT('',#14804);
#14804 = CARTESIAN_POINT('',(10.95,19.95,14.65));
#14805 = LINE('',#14806,#14807);
#14806 = CARTESIAN_POINT('',(10.95,19.95,13.6));
#14807 = VECTOR('',#14808,1.);
#14808 = DIRECTION('',(0.,0.,1.));
#14809 = ORIENTED_EDGE('',*,*,#14810,.T.);
#14810 = EDGE_CURVE('',#14801,#14811,#14813,.T.);
#14811 = VERTEX_POINT('',#14812);
#14812 = CARTESIAN_POINT('',(10.95,23.05,13.6));
#14813 = LINE('',#14814,#14815);
#14814 = CARTESIAN_POINT('',(10.95,19.95,13.6));
#14815 = VECTOR('',#14816,1.);
#14816 = DIRECTION('',(0.,1.,0.));
#14817 = ORIENTED_EDGE('',*,*,#14818,.T.);
#14818 = EDGE_CURVE('',#14811,#14819,#14821,.T.);
#14819 = VERTEX_POINT('',#14820);
#14820 = CARTESIAN_POINT('',(10.95,23.05,14.65));
#14821 = LINE('',#14822,#14823);
#14822 = CARTESIAN_POINT('',(10.95,23.05,13.6));
#14823 = VECTOR('',#14824,1.);
#14824 = DIRECTION('',(0.,0.,1.));
#14825 = ORIENTED_EDGE('',*,*,#14826,.F.);
#14826 = EDGE_CURVE('',#14803,#14819,#14827,.T.);
#14827 = LINE('',#14828,#14829);
#14828 = CARTESIAN_POINT('',(10.95,19.95,14.65));
#14829 = VECTOR('',#14830,1.);
#14830 = DIRECTION('',(0.,1.,0.));
#14831 = PLANE('',#14832);
#14832 = AXIS2_PLACEMENT_3D('',#14833,#14834,#14835);
#14833 = CARTESIAN_POINT('',(10.95,19.95,13.6));
#14834 = DIRECTION('',(1.,0.,0.));
#14835 = DIRECTION('',(0.,0.,1.));
#14836 = ADVANCED_FACE('',(#14837),#14871,.T.);
#14837 = FACE_BOUND('',#14838,.T.);
#14838 = EDGE_LOOP('',(#14839,#14849,#14857,#14865));
#14839 = ORIENTED_EDGE('',*,*,#14840,.F.);
#14840 = EDGE_CURVE('',#14841,#14843,#14845,.T.);
#14841 = VERTEX_POINT('',#14842);
#14842 = CARTESIAN_POINT('',(14.05,19.95,13.6));
#14843 = VERTEX_POINT('',#14844);
#14844 = CARTESIAN_POINT('',(14.05,19.95,14.65));
#14845 = LINE('',#14846,#14847);
#14846 = CARTESIAN_POINT('',(14.05,19.95,13.6));
#14847 = VECTOR('',#14848,1.);
#14848 = DIRECTION('',(0.,0.,1.));
#14849 = ORIENTED_EDGE('',*,*,#14850,.T.);
#14850 = EDGE_CURVE('',#14841,#14851,#14853,.T.);
#14851 = VERTEX_POINT('',#14852);
#14852 = CARTESIAN_POINT('',(14.05,23.05,13.6));
#14853 = LINE('',#14854,#14855);
#14854 = CARTESIAN_POINT('',(14.05,19.95,13.6));
#14855 = VECTOR('',#14856,1.);
#14856 = DIRECTION('',(0.,1.,0.));
#14857 = ORIENTED_EDGE('',*,*,#14858,.T.);
#14858 = EDGE_CURVE('',#14851,#14859,#14861,.T.);
#14859 = VERTEX_POINT('',#14860);
#14860 = CARTESIAN_POINT('',(14.05,23.05,14.65));
#14861 = LINE('',#14862,#14863);
#14862 = CARTESIAN_POINT('',(14.05,23.05,13.6));
#14863 = VECTOR('',#14864,1.);
#14864 = DIRECTION('',(0.,0.,1.));
#14865 = ORIENTED_EDGE('',*,*,#14866,.F.);
#14866 = EDGE_CURVE('',#14843,#14859,#14867,.T.);
#14867 = LINE('',#14868,#14869);
#14868 = CARTESIAN_POINT('',(14.05,19.95,14.65));
#14869 = VECTOR('',#14870,1.);
#14870 = DIRECTION('',(0.,1.,0.));
#14871 = PLANE('',#14872);
#14872 = AXIS2_PLACEMENT_3D('',#14873,#14874,#14875);
#14873 = CARTESIAN_POINT('',(14.05,19.95,13.6));
#14874 = DIRECTION('',(1.,0.,0.));
#14875 = DIRECTION('',(0.,0.,1.));
#14876 = ADVANCED_FACE('',(#14877),#14893,.F.);
#14877 = FACE_BOUND('',#14878,.F.);
#14878 = EDGE_LOOP('',(#14879,#14885,#14886,#14892));
#14879 = ORIENTED_EDGE('',*,*,#14880,.F.);
#14880 = EDGE_CURVE('',#14801,#14841,#14881,.T.);
#14881 = LINE('',#14882,#14883);
#14882 = CARTESIAN_POINT('',(10.95,19.95,13.6));
#14883 = VECTOR('',#14884,1.);
#14884 = DIRECTION('',(1.,0.,0.));
#14885 = ORIENTED_EDGE('',*,*,#14800,.T.);
#14886 = ORIENTED_EDGE('',*,*,#14887,.T.);
#14887 = EDGE_CURVE('',#14803,#14843,#14888,.T.);
#14888 = LINE('',#14889,#14890);
#14889 = CARTESIAN_POINT('',(10.95,19.95,14.65));
#14890 = VECTOR('',#14891,1.);
#14891 = DIRECTION('',(1.,0.,0.));
#14892 = ORIENTED_EDGE('',*,*,#14840,.F.);
#14893 = PLANE('',#14894);
#14894 = AXIS2_PLACEMENT_3D('',#14895,#14896,#14897);
#14895 = CARTESIAN_POINT('',(10.95,19.95,13.6));
#14896 = DIRECTION('',(0.,1.,0.));
#14897 = DIRECTION('',(0.,0.,1.));
#14898 = ADVANCED_FACE('',(#14899),#14915,.T.);
#14899 = FACE_BOUND('',#14900,.T.);
#14900 = EDGE_LOOP('',(#14901,#14907,#14908,#14914));
#14901 = ORIENTED_EDGE('',*,*,#14902,.F.);
#14902 = EDGE_CURVE('',#14811,#14851,#14903,.T.);
#14903 = LINE('',#14904,#14905);
#14904 = CARTESIAN_POINT('',(10.95,23.05,13.6));
#14905 = VECTOR('',#14906,1.);
#14906 = DIRECTION('',(1.,0.,0.));
#14907 = ORIENTED_EDGE('',*,*,#14818,.T.);
#14908 = ORIENTED_EDGE('',*,*,#14909,.T.);
#14909 = EDGE_CURVE('',#14819,#14859,#14910,.T.);
#14910 = LINE('',#14911,#14912);
#14911 = CARTESIAN_POINT('',(10.95,23.05,14.65));
#14912 = VECTOR('',#14913,1.);
#14913 = DIRECTION('',(1.,0.,0.));
#14914 = ORIENTED_EDGE('',*,*,#14858,.F.);
#14915 = PLANE('',#14916);
#14916 = AXIS2_PLACEMENT_3D('',#14917,#14918,#14919);
#14917 = CARTESIAN_POINT('',(10.95,23.05,13.6));
#14918 = DIRECTION('',(0.,1.,0.));
#14919 = DIRECTION('',(0.,0.,1.));
#14920 = ADVANCED_FACE('',(#14921),#14927,.F.);
#14921 = FACE_BOUND('',#14922,.F.);
#14922 = EDGE_LOOP('',(#14923,#14924,#14925,#14926));
#14923 = ORIENTED_EDGE('',*,*,#14810,.F.);
#14924 = ORIENTED_EDGE('',*,*,#14880,.T.);
#14925 = ORIENTED_EDGE('',*,*,#14850,.T.);
#14926 = ORIENTED_EDGE('',*,*,#14902,.F.);
#14927 = PLANE('',#14928);
#14928 = AXIS2_PLACEMENT_3D('',#14929,#14930,#14931);
#14929 = CARTESIAN_POINT('',(10.95,19.95,13.6));
#14930 = DIRECTION('',(0.,0.,1.));
#14931 = DIRECTION('',(1.,0.,0.));
#14932 = ADVANCED_FACE('',(#14933),#14939,.T.);
#14933 = FACE_BOUND('',#14934,.T.);
#14934 = EDGE_LOOP('',(#14935,#14936,#14937,#14938));
#14935 = ORIENTED_EDGE('',*,*,#14826,.F.);
#14936 = ORIENTED_EDGE('',*,*,#14887,.T.);
#14937 = ORIENTED_EDGE('',*,*,#14866,.T.);
#14938 = ORIENTED_EDGE('',*,*,#14909,.F.);
#14939 = PLANE('',#14940);
#14940 = AXIS2_PLACEMENT_3D('',#14941,#14942,#14943);
#14941 = CARTESIAN_POINT('',(10.95,19.95,14.65));
#14942 = DIRECTION('',(0.,0.,1.));
#14943 = DIRECTION('',(1.,0.,0.));
#14944 = MANIFOLD_SOLID_BREP('',#14945);
#14945 = CLOSED_SHELL('',(#14946,#14986,#15026,#15048,#15070,#15082));
#14946 = ADVANCED_FACE('',(#14947),#14981,.F.);
#14947 = FACE_BOUND('',#14948,.F.);
#14948 = EDGE_LOOP('',(#14949,#14959,#14967,#14975));
#14949 = ORIENTED_EDGE('',*,*,#14950,.F.);
#14950 = EDGE_CURVE('',#14951,#14953,#14955,.T.);
#14951 = VERTEX_POINT('',#14952);
#14952 = CARTESIAN_POINT('',(5.25,30.75,13.6));
#14953 = VERTEX_POINT('',#14954);
#14954 = CARTESIAN_POINT('',(5.25,30.75,14.15));
#14955 = LINE('',#14956,#14957);
#14956 = CARTESIAN_POINT('',(5.25,30.75,13.6));
#14957 = VECTOR('',#14958,1.);
#14958 = DIRECTION('',(0.,0.,1.));
#14959 = ORIENTED_EDGE('',*,*,#14960,.T.);
#14960 = EDGE_CURVE('',#14951,#14961,#14963,.T.);
#14961 = VERTEX_POINT('',#14962);
#14962 = CARTESIAN_POINT('',(5.25,31.25,13.6));
#14963 = LINE('',#14964,#14965);
#14964 = CARTESIAN_POINT('',(5.25,30.75,13.6));
#14965 = VECTOR('',#14966,1.);
#14966 = DIRECTION('',(0.,1.,0.));
#14967 = ORIENTED_EDGE('',*,*,#14968,.T.);
#14968 = EDGE_CURVE('',#14961,#14969,#14971,.T.);
#14969 = VERTEX_POINT('',#14970);
#14970 = CARTESIAN_POINT('',(5.25,31.25,14.15));
#14971 = LINE('',#14972,#14973);
#14972 = CARTESIAN_POINT('',(5.25,31.25,13.6));
#14973 = VECTOR('',#14974,1.);
#14974 = DIRECTION('',(0.,0.,1.));
#14975 = ORIENTED_EDGE('',*,*,#14976,.F.);
#14976 = EDGE_CURVE('',#14953,#14969,#14977,.T.);
#14977 = LINE('',#14978,#14979);
#14978 = CARTESIAN_POINT('',(5.25,30.75,14.15));
#14979 = VECTOR('',#14980,1.);
#14980 = DIRECTION('',(0.,1.,0.));
#14981 = PLANE('',#14982);
#14982 = AXIS2_PLACEMENT_3D('',#14983,#14984,#14985);
#14983 = CARTESIAN_POINT('',(5.25,30.75,13.6));
#14984 = DIRECTION('',(1.,0.,0.));
#14985 = DIRECTION('',(0.,0.,1.));
#14986 = ADVANCED_FACE('',(#14987),#15021,.T.);
#14987 = FACE_BOUND('',#14988,.T.);
#14988 = EDGE_LOOP('',(#14989,#14999,#15007,#15015));
#14989 = ORIENTED_EDGE('',*,*,#14990,.F.);
#14990 = EDGE_CURVE('',#14991,#14993,#14995,.T.);
#14991 = VERTEX_POINT('',#14992);
#14992 = CARTESIAN_POINT('',(6.25,30.75,13.6));
#14993 = VERTEX_POINT('',#14994);
#14994 = CARTESIAN_POINT('',(6.25,30.75,14.15));
#14995 = LINE('',#14996,#14997);
#14996 = CARTESIAN_POINT('',(6.25,30.75,13.6));
#14997 = VECTOR('',#14998,1.);
#14998 = DIRECTION('',(0.,0.,1.));
#14999 = ORIENTED_EDGE('',*,*,#15000,.T.);
#15000 = EDGE_CURVE('',#14991,#15001,#15003,.T.);
#15001 = VERTEX_POINT('',#15002);
#15002 = CARTESIAN_POINT('',(6.25,31.25,13.6));
#15003 = LINE('',#15004,#15005);
#15004 = CARTESIAN_POINT('',(6.25,30.75,13.6));
#15005 = VECTOR('',#15006,1.);
#15006 = DIRECTION('',(0.,1.,0.));
#15007 = ORIENTED_EDGE('',*,*,#15008,.T.);
#15008 = EDGE_CURVE('',#15001,#15009,#15011,.T.);
#15009 = VERTEX_POINT('',#15010);
#15010 = CARTESIAN_POINT('',(6.25,31.25,14.15));
#15011 = LINE('',#15012,#15013);
#15012 = CARTESIAN_POINT('',(6.25,31.25,13.6));
#15013 = VECTOR('',#15014,1.);
#15014 = DIRECTION('',(0.,0.,1.));
#15015 = ORIENTED_EDGE('',*,*,#15016,.F.);
#15016 = EDGE_CURVE('',#14993,#15009,#15017,.T.);
#15017 = LINE('',#15018,#15019);
#15018 = CARTESIAN_POINT('',(6.25,30.75,14.15));
#15019 = VECTOR('',#15020,1.);
#15020 = DIRECTION('',(0.,1.,0.));
#15021 = PLANE('',#15022);
#15022 = AXIS2_PLACEMENT_3D('',#15023,#15024,#15025);
#15023 = CARTESIAN_POINT('',(6.25,30.75,13.6));
#15024 = DIRECTION('',(1.,0.,0.));
#15025 = DIRECTION('',(0.,0.,1.));
#15026 = ADVANCED_FACE('',(#15027),#15043,.F.);
#15027 = FACE_BOUND('',#15028,.F.);
#15028 = EDGE_LOOP('',(#15029,#15035,#15036,#15042));
#15029 = ORIENTED_EDGE('',*,*,#15030,.F.);
#15030 = EDGE_CURVE('',#14951,#14991,#15031,.T.);
#15031 = LINE('',#15032,#15033);
#15032 = CARTESIAN_POINT('',(5.25,30.75,13.6));
#15033 = VECTOR('',#15034,1.);
#15034 = DIRECTION('',(1.,0.,0.));
#15035 = ORIENTED_EDGE('',*,*,#14950,.T.);
#15036 = ORIENTED_EDGE('',*,*,#15037,.T.);
#15037 = EDGE_CURVE('',#14953,#14993,#15038,.T.);
#15038 = LINE('',#15039,#15040);
#15039 = CARTESIAN_POINT('',(5.25,30.75,14.15));
#15040 = VECTOR('',#15041,1.);
#15041 = DIRECTION('',(1.,0.,0.));
#15042 = ORIENTED_EDGE('',*,*,#14990,.F.);
#15043 = PLANE('',#15044);
#15044 = AXIS2_PLACEMENT_3D('',#15045,#15046,#15047);
#15045 = CARTESIAN_POINT('',(5.25,30.75,13.6));
#15046 = DIRECTION('',(0.,1.,0.));
#15047 = DIRECTION('',(0.,0.,1.));
#15048 = ADVANCED_FACE('',(#15049),#15065,.T.);
#15049 = FACE_BOUND('',#15050,.T.);
#15050 = EDGE_LOOP('',(#15051,#15057,#15058,#15064));
#15051 = ORIENTED_EDGE('',*,*,#15052,.F.);
#15052 = EDGE_CURVE('',#14961,#15001,#15053,.T.);
#15053 = LINE('',#15054,#15055);
#15054 = CARTESIAN_POINT('',(5.25,31.25,13.6));
#15055 = VECTOR('',#15056,1.);
#15056 = DIRECTION('',(1.,0.,0.));
#15057 = ORIENTED_EDGE('',*,*,#14968,.T.);
#15058 = ORIENTED_EDGE('',*,*,#15059,.T.);
#15059 = EDGE_CURVE('',#14969,#15009,#15060,.T.);
#15060 = LINE('',#15061,#15062);
#15061 = CARTESIAN_POINT('',(5.25,31.25,14.15));
#15062 = VECTOR('',#15063,1.);
#15063 = DIRECTION('',(1.,0.,0.));
#15064 = ORIENTED_EDGE('',*,*,#15008,.F.);
#15065 = PLANE('',#15066);
#15066 = AXIS2_PLACEMENT_3D('',#15067,#15068,#15069);
#15067 = CARTESIAN_POINT('',(5.25,31.25,13.6));
#15068 = DIRECTION('',(0.,1.,0.));
#15069 = DIRECTION('',(0.,0.,1.));
#15070 = ADVANCED_FACE('',(#15071),#15077,.F.);
#15071 = FACE_BOUND('',#15072,.F.);
#15072 = EDGE_LOOP('',(#15073,#15074,#15075,#15076));
#15073 = ORIENTED_EDGE('',*,*,#14960,.F.);
#15074 = ORIENTED_EDGE('',*,*,#15030,.T.);
#15075 = ORIENTED_EDGE('',*,*,#15000,.T.);
#15076 = ORIENTED_EDGE('',*,*,#15052,.F.);
#15077 = PLANE('',#15078);
#15078 = AXIS2_PLACEMENT_3D('',#15079,#15080,#15081);
#15079 = CARTESIAN_POINT('',(5.25,30.75,13.6));
#15080 = DIRECTION('',(0.,0.,1.));
#15081 = DIRECTION('',(1.,0.,0.));
#15082 = ADVANCED_FACE('',(#15083),#15089,.T.);
#15083 = FACE_BOUND('',#15084,.T.);
#15084 = EDGE_LOOP('',(#15085,#15086,#15087,#15088));
#15085 = ORIENTED_EDGE('',*,*,#14976,.F.);
#15086 = ORIENTED_EDGE('',*,*,#15037,.T.);
#15087 = ORIENTED_EDGE('',*,*,#15016,.T.);
#15088 = ORIENTED_EDGE('',*,*,#15059,.F.);
#15089 = PLANE('',#15090);
#15090 = AXIS2_PLACEMENT_3D('',#15091,#15092,#15093);
#15091 = CARTESIAN_POINT('',(5.25,30.75,14.15));
#15092 = DIRECTION('',(0.,0.,1.));
#15093 = DIRECTION('',(1.,0.,0.));
#15094 = MANIFOLD_SOLID_BREP('',#15095);
#15095 = CLOSED_SHELL('',(#15096,#15136,#15176,#15198,#15220,#15232));
#15096 = ADVANCED_FACE('',(#15097),#15131,.F.);
#15097 = FACE_BOUND('',#15098,.F.);
#15098 = EDGE_LOOP('',(#15099,#15109,#15117,#15125));
#15099 = ORIENTED_EDGE('',*,*,#15100,.F.);
#15100 = EDGE_CURVE('',#15101,#15103,#15105,.T.);
#15101 = VERTEX_POINT('',#15102);
#15102 = CARTESIAN_POINT('',(12.475,17.23,13.6));
#15103 = VERTEX_POINT('',#15104);
#15104 = CARTESIAN_POINT('',(12.475,17.23,14.15));
#15105 = LINE('',#15106,#15107);
#15106 = CARTESIAN_POINT('',(12.475,17.23,13.6));
#15107 = VECTOR('',#15108,1.);
#15108 = DIRECTION('',(0.,0.,1.));
#15109 = ORIENTED_EDGE('',*,*,#15110,.T.);
#15110 = EDGE_CURVE('',#15101,#15111,#15113,.T.);
#15111 = VERTEX_POINT('',#15112);
#15112 = CARTESIAN_POINT('',(12.475,17.77,13.6));
#15113 = LINE('',#15114,#15115);
#15114 = CARTESIAN_POINT('',(12.475,17.23,13.6));
#15115 = VECTOR('',#15116,1.);
#15116 = DIRECTION('',(0.,1.,0.));
#15117 = ORIENTED_EDGE('',*,*,#15118,.T.);
#15118 = EDGE_CURVE('',#15111,#15119,#15121,.T.);
#15119 = VERTEX_POINT('',#15120);
#15120 = CARTESIAN_POINT('',(12.475,17.77,14.15));
#15121 = LINE('',#15122,#15123);
#15122 = CARTESIAN_POINT('',(12.475,17.77,13.6));
#15123 = VECTOR('',#15124,1.);
#15124 = DIRECTION('',(0.,0.,1.));
#15125 = ORIENTED_EDGE('',*,*,#15126,.F.);
#15126 = EDGE_CURVE('',#15103,#15119,#15127,.T.);
#15127 = LINE('',#15128,#15129);
#15128 = CARTESIAN_POINT('',(12.475,17.23,14.15));
#15129 = VECTOR('',#15130,1.);
#15130 = DIRECTION('',(0.,1.,0.));
#15131 = PLANE('',#15132);
#15132 = AXIS2_PLACEMENT_3D('',#15133,#15134,#15135);
#15133 = CARTESIAN_POINT('',(12.475,17.23,13.6));
#15134 = DIRECTION('',(1.,0.,0.));
#15135 = DIRECTION('',(0.,0.,1.));
#15136 = ADVANCED_FACE('',(#15137),#15171,.T.);
#15137 = FACE_BOUND('',#15138,.T.);
#15138 = EDGE_LOOP('',(#15139,#15149,#15157,#15165));
#15139 = ORIENTED_EDGE('',*,*,#15140,.F.);
#15140 = EDGE_CURVE('',#15141,#15143,#15145,.T.);
#15141 = VERTEX_POINT('',#15142);
#15142 = CARTESIAN_POINT('',(13.525,17.23,13.6));
#15143 = VERTEX_POINT('',#15144);
#15144 = CARTESIAN_POINT('',(13.525,17.23,14.15));
#15145 = LINE('',#15146,#15147);
#15146 = CARTESIAN_POINT('',(13.525,17.23,13.6));
#15147 = VECTOR('',#15148,1.);
#15148 = DIRECTION('',(0.,0.,1.));
#15149 = ORIENTED_EDGE('',*,*,#15150,.T.);
#15150 = EDGE_CURVE('',#15141,#15151,#15153,.T.);
#15151 = VERTEX_POINT('',#15152);
#15152 = CARTESIAN_POINT('',(13.525,17.77,13.6));
#15153 = LINE('',#15154,#15155);
#15154 = CARTESIAN_POINT('',(13.525,17.23,13.6));
#15155 = VECTOR('',#15156,1.);
#15156 = DIRECTION('',(0.,1.,0.));
#15157 = ORIENTED_EDGE('',*,*,#15158,.T.);
#15158 = EDGE_CURVE('',#15151,#15159,#15161,.T.);
#15159 = VERTEX_POINT('',#15160);
#15160 = CARTESIAN_POINT('',(13.525,17.77,14.15));
#15161 = LINE('',#15162,#15163);
#15162 = CARTESIAN_POINT('',(13.525,17.77,13.6));
#15163 = VECTOR('',#15164,1.);
#15164 = DIRECTION('',(0.,0.,1.));
#15165 = ORIENTED_EDGE('',*,*,#15166,.F.);
#15166 = EDGE_CURVE('',#15143,#15159,#15167,.T.);
#15167 = LINE('',#15168,#15169);
#15168 = CARTESIAN_POINT('',(13.525,17.23,14.15));
#15169 = VECTOR('',#15170,1.);
#15170 = DIRECTION('',(0.,1.,0.));
#15171 = PLANE('',#15172);
#15172 = AXIS2_PLACEMENT_3D('',#15173,#15174,#15175);
#15173 = CARTESIAN_POINT('',(13.525,17.23,13.6));
#15174 = DIRECTION('',(1.,0.,0.));
#15175 = DIRECTION('',(0.,0.,1.));
#15176 = ADVANCED_FACE('',(#15177),#15193,.F.);
#15177 = FACE_BOUND('',#15178,.F.);
#15178 = EDGE_LOOP('',(#15179,#15185,#15186,#15192));
#15179 = ORIENTED_EDGE('',*,*,#15180,.F.);
#15180 = EDGE_CURVE('',#15101,#15141,#15181,.T.);
#15181 = LINE('',#15182,#15183);
#15182 = CARTESIAN_POINT('',(12.475,17.23,13.6));
#15183 = VECTOR('',#15184,1.);
#15184 = DIRECTION('',(1.,0.,0.));
#15185 = ORIENTED_EDGE('',*,*,#15100,.T.);
#15186 = ORIENTED_EDGE('',*,*,#15187,.T.);
#15187 = EDGE_CURVE('',#15103,#15143,#15188,.T.);
#15188 = LINE('',#15189,#15190);
#15189 = CARTESIAN_POINT('',(12.475,17.23,14.15));
#15190 = VECTOR('',#15191,1.);
#15191 = DIRECTION('',(1.,0.,0.));
#15192 = ORIENTED_EDGE('',*,*,#15140,.F.);
#15193 = PLANE('',#15194);
#15194 = AXIS2_PLACEMENT_3D('',#15195,#15196,#15197);
#15195 = CARTESIAN_POINT('',(12.475,17.23,13.6));
#15196 = DIRECTION('',(0.,1.,0.));
#15197 = DIRECTION('',(0.,0.,1.));
#15198 = ADVANCED_FACE('',(#15199),#15215,.T.);
#15199 = FACE_BOUND('',#15200,.T.);
#15200 = EDGE_LOOP('',(#15201,#15207,#15208,#15214));
#15201 = ORIENTED_EDGE('',*,*,#15202,.F.);
#15202 = EDGE_CURVE('',#15111,#15151,#15203,.T.);
#15203 = LINE('',#15204,#15205);
#15204 = CARTESIAN_POINT('',(12.475,17.77,13.6));
#15205 = VECTOR('',#15206,1.);
#15206 = DIRECTION('',(1.,0.,0.));
#15207 = ORIENTED_EDGE('',*,*,#15118,.T.);
#15208 = ORIENTED_EDGE('',*,*,#15209,.T.);
#15209 = EDGE_CURVE('',#15119,#15159,#15210,.T.);
#15210 = LINE('',#15211,#15212);
#15211 = CARTESIAN_POINT('',(12.475,17.77,14.15));
#15212 = VECTOR('',#15213,1.);
#15213 = DIRECTION('',(1.,0.,0.));
#15214 = ORIENTED_EDGE('',*,*,#15158,.F.);
#15215 = PLANE('',#15216);
#15216 = AXIS2_PLACEMENT_3D('',#15217,#15218,#15219);
#15217 = CARTESIAN_POINT('',(12.475,17.77,13.6));
#15218 = DIRECTION('',(0.,1.,0.));
#15219 = DIRECTION('',(0.,0.,1.));
#15220 = ADVANCED_FACE('',(#15221),#15227,.F.);
#15221 = FACE_BOUND('',#15222,.F.);
#15222 = EDGE_LOOP('',(#15223,#15224,#15225,#15226));
#15223 = ORIENTED_EDGE('',*,*,#15110,.F.);
#15224 = ORIENTED_EDGE('',*,*,#15180,.T.);
#15225 = ORIENTED_EDGE('',*,*,#15150,.T.);
#15226 = ORIENTED_EDGE('',*,*,#15202,.F.);
#15227 = PLANE('',#15228);
#15228 = AXIS2_PLACEMENT_3D('',#15229,#15230,#15231);
#15229 = CARTESIAN_POINT('',(12.475,17.23,13.6));
#15230 = DIRECTION('',(0.,0.,1.));
#15231 = DIRECTION('',(1.,0.,0.));
#15232 = ADVANCED_FACE('',(#15233),#15239,.T.);
#15233 = FACE_BOUND('',#15234,.T.);
#15234 = EDGE_LOOP('',(#15235,#15236,#15237,#15238));
#15235 = ORIENTED_EDGE('',*,*,#15126,.F.);
#15236 = ORIENTED_EDGE('',*,*,#15187,.T.);
#15237 = ORIENTED_EDGE('',*,*,#15166,.T.);
#15238 = ORIENTED_EDGE('',*,*,#15209,.F.);
#15239 = PLANE('',#15240);
#15240 = AXIS2_PLACEMENT_3D('',#15241,#15242,#15243);
#15241 = CARTESIAN_POINT('',(12.475,17.23,14.15));
#15242 = DIRECTION('',(0.,0.,1.));
#15243 = DIRECTION('',(1.,0.,0.));
#15244 = MANIFOLD_SOLID_BREP('',#15245);
#15245 = CLOSED_SHELL('',(#15246,#15286,#15326,#15348,#15370,#15382));
#15246 = ADVANCED_FACE('',(#15247),#15281,.F.);
#15247 = FACE_BOUND('',#15248,.F.);
#15248 = EDGE_LOOP('',(#15249,#15259,#15267,#15275));
#15249 = ORIENTED_EDGE('',*,*,#15250,.F.);
#15250 = EDGE_CURVE('',#15251,#15253,#15255,.T.);
#15251 = VERTEX_POINT('',#15252);
#15252 = CARTESIAN_POINT('',(17.45,17.5,13.6));
#15253 = VERTEX_POINT('',#15254);
#15254 = CARTESIAN_POINT('',(17.45,17.5,16.9));
#15255 = LINE('',#15256,#15257);
#15256 = CARTESIAN_POINT('',(17.45,17.5,13.6));
#15257 = VECTOR('',#15258,1.);
#15258 = DIRECTION('',(0.,0.,1.));
#15259 = ORIENTED_EDGE('',*,*,#15260,.T.);
#15260 = EDGE_CURVE('',#15251,#15261,#15263,.T.);
#15261 = VERTEX_POINT('',#15262);
#15262 = CARTESIAN_POINT('',(17.45,26.9,13.6));
#15263 = LINE('',#15264,#15265);
#15264 = CARTESIAN_POINT('',(17.45,17.5,13.6));
#15265 = VECTOR('',#15266,1.);
#15266 = DIRECTION('',(0.,1.,0.));
#15267 = ORIENTED_EDGE('',*,*,#15268,.T.);
#15268 = EDGE_CURVE('',#15261,#15269,#15271,.T.);
#15269 = VERTEX_POINT('',#15270);
#15270 = CARTESIAN_POINT('',(17.45,26.9,16.9));
#15271 = LINE('',#15272,#15273);
#15272 = CARTESIAN_POINT('',(17.45,26.9,13.6));
#15273 = VECTOR('',#15274,1.);
#15274 = DIRECTION('',(0.,0.,1.));
#15275 = ORIENTED_EDGE('',*,*,#15276,.F.);
#15276 = EDGE_CURVE('',#15253,#15269,#15277,.T.);
#15277 = LINE('',#15278,#15279);
#15278 = CARTESIAN_POINT('',(17.45,17.5,16.9));
#15279 = VECTOR('',#15280,1.);
#15280 = DIRECTION('',(0.,1.,0.));
#15281 = PLANE('',#15282);
#15282 = AXIS2_PLACEMENT_3D('',#15283,#15284,#15285);
#15283 = CARTESIAN_POINT('',(17.45,17.5,13.6));
#15284 = DIRECTION('',(1.,0.,0.));
#15285 = DIRECTION('',(0.,0.,1.));
#15286 = ADVANCED_FACE('',(#15287),#15321,.T.);
#15287 = FACE_BOUND('',#15288,.T.);
#15288 = EDGE_LOOP('',(#15289,#15299,#15307,#15315));
#15289 = ORIENTED_EDGE('',*,*,#15290,.F.);
#15290 = EDGE_CURVE('',#15291,#15293,#15295,.T.);
#15291 = VERTEX_POINT('',#15292);
#15292 = CARTESIAN_POINT('',(25.,17.5,13.6));
#15293 = VERTEX_POINT('',#15294);
#15294 = CARTESIAN_POINT('',(25.,17.5,16.9));
#15295 = LINE('',#15296,#15297);
#15296 = CARTESIAN_POINT('',(25.,17.5,13.6));
#15297 = VECTOR('',#15298,1.);
#15298 = DIRECTION('',(0.,0.,1.));
#15299 = ORIENTED_EDGE('',*,*,#15300,.T.);
#15300 = EDGE_CURVE('',#15291,#15301,#15303,.T.);
#15301 = VERTEX_POINT('',#15302);
#15302 = CARTESIAN_POINT('',(25.,26.9,13.6));
#15303 = LINE('',#15304,#15305);
#15304 = CARTESIAN_POINT('',(25.,17.5,13.6));
#15305 = VECTOR('',#15306,1.);
#15306 = DIRECTION('',(0.,1.,0.));
#15307 = ORIENTED_EDGE('',*,*,#15308,.T.);
#15308 = EDGE_CURVE('',#15301,#15309,#15311,.T.);
#15309 = VERTEX_POINT('',#15310);
#15310 = CARTESIAN_POINT('',(25.,26.9,16.9));
#15311 = LINE('',#15312,#15313);
#15312 = CARTESIAN_POINT('',(25.,26.9,13.6));
#15313 = VECTOR('',#15314,1.);
#15314 = DIRECTION('',(0.,0.,1.));
#15315 = ORIENTED_EDGE('',*,*,#15316,.F.);
#15316 = EDGE_CURVE('',#15293,#15309,#15317,.T.);
#15317 = LINE('',#15318,#15319);
#15318 = CARTESIAN_POINT('',(25.,17.5,16.9));
#15319 = VECTOR('',#15320,1.);
#15320 = DIRECTION('',(0.,1.,0.));
#15321 = PLANE('',#15322);
#15322 = AXIS2_PLACEMENT_3D('',#15323,#15324,#15325);
#15323 = CARTESIAN_POINT('',(25.,17.5,13.6));
#15324 = DIRECTION('',(1.,0.,0.));
#15325 = DIRECTION('',(0.,0.,1.));
#15326 = ADVANCED_FACE('',(#15327),#15343,.F.);
#15327 = FACE_BOUND('',#15328,.F.);
#15328 = EDGE_LOOP('',(#15329,#15335,#15336,#15342));
#15329 = ORIENTED_EDGE('',*,*,#15330,.F.);
#15330 = EDGE_CURVE('',#15251,#15291,#15331,.T.);
#15331 = LINE('',#15332,#15333);
#15332 = CARTESIAN_POINT('',(17.45,17.5,13.6));
#15333 = VECTOR('',#15334,1.);
#15334 = DIRECTION('',(1.,0.,0.));
#15335 = ORIENTED_EDGE('',*,*,#15250,.T.);
#15336 = ORIENTED_EDGE('',*,*,#15337,.T.);
#15337 = EDGE_CURVE('',#15253,#15293,#15338,.T.);
#15338 = LINE('',#15339,#15340);
#15339 = CARTESIAN_POINT('',(17.45,17.5,16.9));
#15340 = VECTOR('',#15341,1.);
#15341 = DIRECTION('',(1.,0.,0.));
#15342 = ORIENTED_EDGE('',*,*,#15290,.F.);
#15343 = PLANE('',#15344);
#15344 = AXIS2_PLACEMENT_3D('',#15345,#15346,#15347);
#15345 = CARTESIAN_POINT('',(17.45,17.5,13.6));
#15346 = DIRECTION('',(0.,1.,0.));
#15347 = DIRECTION('',(0.,0.,1.));
#15348 = ADVANCED_FACE('',(#15349),#15365,.T.);
#15349 = FACE_BOUND('',#15350,.T.);
#15350 = EDGE_LOOP('',(#15351,#15357,#15358,#15364));
#15351 = ORIENTED_EDGE('',*,*,#15352,.F.);
#15352 = EDGE_CURVE('',#15261,#15301,#15353,.T.);
#15353 = LINE('',#15354,#15355);
#15354 = CARTESIAN_POINT('',(17.45,26.9,13.6));
#15355 = VECTOR('',#15356,1.);
#15356 = DIRECTION('',(1.,0.,0.));
#15357 = ORIENTED_EDGE('',*,*,#15268,.T.);
#15358 = ORIENTED_EDGE('',*,*,#15359,.T.);
#15359 = EDGE_CURVE('',#15269,#15309,#15360,.T.);
#15360 = LINE('',#15361,#15362);
#15361 = CARTESIAN_POINT('',(17.45,26.9,16.9));
#15362 = VECTOR('',#15363,1.);
#15363 = DIRECTION('',(1.,0.,0.));
#15364 = ORIENTED_EDGE('',*,*,#15308,.F.);
#15365 = PLANE('',#15366);
#15366 = AXIS2_PLACEMENT_3D('',#15367,#15368,#15369);
#15367 = CARTESIAN_POINT('',(17.45,26.9,13.6));
#15368 = DIRECTION('',(0.,1.,0.));
#15369 = DIRECTION('',(0.,0.,1.));
#15370 = ADVANCED_FACE('',(#15371),#15377,.F.);
#15371 = FACE_BOUND('',#15372,.F.);
#15372 = EDGE_LOOP('',(#15373,#15374,#15375,#15376));
#15373 = ORIENTED_EDGE('',*,*,#15260,.F.);
#15374 = ORIENTED_EDGE('',*,*,#15330,.T.);
#15375 = ORIENTED_EDGE('',*,*,#15300,.T.);
#15376 = ORIENTED_EDGE('',*,*,#15352,.F.);
#15377 = PLANE('',#15378);
#15378 = AXIS2_PLACEMENT_3D('',#15379,#15380,#15381);
#15379 = CARTESIAN_POINT('',(17.45,17.5,13.6));
#15380 = DIRECTION('',(0.,0.,1.));
#15381 = DIRECTION('',(1.,0.,0.));
#15382 = ADVANCED_FACE('',(#15383),#15389,.T.);
#15383 = FACE_BOUND('',#15384,.T.);
#15384 = EDGE_LOOP('',(#15385,#15386,#15387,#15388));
#15385 = ORIENTED_EDGE('',*,*,#15276,.F.);
#15386 = ORIENTED_EDGE('',*,*,#15337,.T.);
#15387 = ORIENTED_EDGE('',*,*,#15316,.T.);
#15388 = ORIENTED_EDGE('',*,*,#15359,.F.);
#15389 = PLANE('',#15390);
#15390 = AXIS2_PLACEMENT_3D('',#15391,#15392,#15393);
#15391 = CARTESIAN_POINT('',(17.45,17.5,16.9));
#15392 = DIRECTION('',(0.,0.,1.));
#15393 = DIRECTION('',(1.,0.,0.));
#15394 = MANIFOLD_SOLID_BREP('',#15395);
#15395 = CLOSED_SHELL('',(#15396,#15436,#15476,#15498,#15520,#15532));
#15396 = ADVANCED_FACE('',(#15397),#15431,.F.);
#15397 = FACE_BOUND('',#15398,.F.);
#15398 = EDGE_LOOP('',(#15399,#15409,#15417,#15425));
#15399 = ORIENTED_EDGE('',*,*,#15400,.F.);
#15400 = EDGE_CURVE('',#15401,#15403,#15405,.T.);
#15401 = VERTEX_POINT('',#15402);
#15402 = CARTESIAN_POINT('',(10.95,17.7,13.6));
#15403 = VERTEX_POINT('',#15404);
#15404 = CARTESIAN_POINT('',(10.95,17.7,14.15));
#15405 = LINE('',#15406,#15407);
#15406 = CARTESIAN_POINT('',(10.95,17.7,13.6));
#15407 = VECTOR('',#15408,1.);
#15408 = DIRECTION('',(0.,0.,1.));
#15409 = ORIENTED_EDGE('',*,*,#15410,.T.);
#15410 = EDGE_CURVE('',#15401,#15411,#15413,.T.);
#15411 = VERTEX_POINT('',#15412);
#15412 = CARTESIAN_POINT('',(10.95,18.8,13.6));
#15413 = LINE('',#15414,#15415);
#15414 = CARTESIAN_POINT('',(10.95,17.7,13.6));
#15415 = VECTOR('',#15416,1.);
#15416 = DIRECTION('',(0.,1.,0.));
#15417 = ORIENTED_EDGE('',*,*,#15418,.T.);
#15418 = EDGE_CURVE('',#15411,#15419,#15421,.T.);
#15419 = VERTEX_POINT('',#15420);
#15420 = CARTESIAN_POINT('',(10.95,18.8,14.15));
#15421 = LINE('',#15422,#15423);
#15422 = CARTESIAN_POINT('',(10.95,18.8,13.6));
#15423 = VECTOR('',#15424,1.);
#15424 = DIRECTION('',(0.,0.,1.));
#15425 = ORIENTED_EDGE('',*,*,#15426,.F.);
#15426 = EDGE_CURVE('',#15403,#15419,#15427,.T.);
#15427 = LINE('',#15428,#15429);
#15428 = CARTESIAN_POINT('',(10.95,17.7,14.15));
#15429 = VECTOR('',#15430,1.);
#15430 = DIRECTION('',(0.,1.,0.));
#15431 = PLANE('',#15432);
#15432 = AXIS2_PLACEMENT_3D('',#15433,#15434,#15435);
#15433 = CARTESIAN_POINT('',(10.95,17.7,13.6));
#15434 = DIRECTION('',(1.,0.,0.));
#15435 = DIRECTION('',(0.,0.,1.));
#15436 = ADVANCED_FACE('',(#15437),#15471,.T.);
#15437 = FACE_BOUND('',#15438,.T.);
#15438 = EDGE_LOOP('',(#15439,#15449,#15457,#15465));
#15439 = ORIENTED_EDGE('',*,*,#15440,.F.);
#15440 = EDGE_CURVE('',#15441,#15443,#15445,.T.);
#15441 = VERTEX_POINT('',#15442);
#15442 = CARTESIAN_POINT('',(11.55,17.7,13.6));
#15443 = VERTEX_POINT('',#15444);
#15444 = CARTESIAN_POINT('',(11.55,17.7,14.15));
#15445 = LINE('',#15446,#15447);
#15446 = CARTESIAN_POINT('',(11.55,17.7,13.6));
#15447 = VECTOR('',#15448,1.);
#15448 = DIRECTION('',(0.,0.,1.));
#15449 = ORIENTED_EDGE('',*,*,#15450,.T.);
#15450 = EDGE_CURVE('',#15441,#15451,#15453,.T.);
#15451 = VERTEX_POINT('',#15452);
#15452 = CARTESIAN_POINT('',(11.55,18.8,13.6));
#15453 = LINE('',#15454,#15455);
#15454 = CARTESIAN_POINT('',(11.55,17.7,13.6));
#15455 = VECTOR('',#15456,1.);
#15456 = DIRECTION('',(0.,1.,0.));
#15457 = ORIENTED_EDGE('',*,*,#15458,.T.);
#15458 = EDGE_CURVE('',#15451,#15459,#15461,.T.);
#15459 = VERTEX_POINT('',#15460);
#15460 = CARTESIAN_POINT('',(11.55,18.8,14.15));
#15461 = LINE('',#15462,#15463);
#15462 = CARTESIAN_POINT('',(11.55,18.8,13.6));
#15463 = VECTOR('',#15464,1.);
#15464 = DIRECTION('',(0.,0.,1.));
#15465 = ORIENTED_EDGE('',*,*,#15466,.F.);
#15466 = EDGE_CURVE('',#15443,#15459,#15467,.T.);
#15467 = LINE('',#15468,#15469);
#15468 = CARTESIAN_POINT('',(11.55,17.7,14.15));
#15469 = VECTOR('',#15470,1.);
#15470 = DIRECTION('',(0.,1.,0.));
#15471 = PLANE('',#15472);
#15472 = AXIS2_PLACEMENT_3D('',#15473,#15474,#15475);
#15473 = CARTESIAN_POINT('',(11.55,17.7,13.6));
#15474 = DIRECTION('',(1.,0.,0.));
#15475 = DIRECTION('',(0.,0.,1.));
#15476 = ADVANCED_FACE('',(#15477),#15493,.F.);
#15477 = FACE_BOUND('',#15478,.F.);
#15478 = EDGE_LOOP('',(#15479,#15485,#15486,#15492));
#15479 = ORIENTED_EDGE('',*,*,#15480,.F.);
#15480 = EDGE_CURVE('',#15401,#15441,#15481,.T.);
#15481 = LINE('',#15482,#15483);
#15482 = CARTESIAN_POINT('',(10.95,17.7,13.6));
#15483 = VECTOR('',#15484,1.);
#15484 = DIRECTION('',(1.,0.,0.));
#15485 = ORIENTED_EDGE('',*,*,#15400,.T.);
#15486 = ORIENTED_EDGE('',*,*,#15487,.T.);
#15487 = EDGE_CURVE('',#15403,#15443,#15488,.T.);
#15488 = LINE('',#15489,#15490);
#15489 = CARTESIAN_POINT('',(10.95,17.7,14.15));
#15490 = VECTOR('',#15491,1.);
#15491 = DIRECTION('',(1.,0.,0.));
#15492 = ORIENTED_EDGE('',*,*,#15440,.F.);
#15493 = PLANE('',#15494);
#15494 = AXIS2_PLACEMENT_3D('',#15495,#15496,#15497);
#15495 = CARTESIAN_POINT('',(10.95,17.7,13.6));
#15496 = DIRECTION('',(0.,1.,0.));
#15497 = DIRECTION('',(0.,0.,1.));
#15498 = ADVANCED_FACE('',(#15499),#15515,.T.);
#15499 = FACE_BOUND('',#15500,.T.);
#15500 = EDGE_LOOP('',(#15501,#15507,#15508,#15514));
#15501 = ORIENTED_EDGE('',*,*,#15502,.F.);
#15502 = EDGE_CURVE('',#15411,#15451,#15503,.T.);
#15503 = LINE('',#15504,#15505);
#15504 = CARTESIAN_POINT('',(10.95,18.8,13.6));
#15505 = VECTOR('',#15506,1.);
#15506 = DIRECTION('',(1.,0.,0.));
#15507 = ORIENTED_EDGE('',*,*,#15418,.T.);
#15508 = ORIENTED_EDGE('',*,*,#15509,.T.);
#15509 = EDGE_CURVE('',#15419,#15459,#15510,.T.);
#15510 = LINE('',#15511,#15512);
#15511 = CARTESIAN_POINT('',(10.95,18.8,14.15));
#15512 = VECTOR('',#15513,1.);
#15513 = DIRECTION('',(1.,0.,0.));
#15514 = ORIENTED_EDGE('',*,*,#15458,.F.);
#15515 = PLANE('',#15516);
#15516 = AXIS2_PLACEMENT_3D('',#15517,#15518,#15519);
#15517 = CARTESIAN_POINT('',(10.95,18.8,13.6));
#15518 = DIRECTION('',(0.,1.,0.));
#15519 = DIRECTION('',(0.,0.,1.));
#15520 = ADVANCED_FACE('',(#15521),#15527,.F.);
#15521 = FACE_BOUND('',#15522,.F.);
#15522 = EDGE_LOOP('',(#15523,#15524,#15525,#15526));
#15523 = ORIENTED_EDGE('',*,*,#15410,.F.);
#15524 = ORIENTED_EDGE('',*,*,#15480,.T.);
#15525 = ORIENTED_EDGE('',*,*,#15450,.T.);
#15526 = ORIENTED_EDGE('',*,*,#15502,.F.);
#15527 = PLANE('',#15528);
#15528 = AXIS2_PLACEMENT_3D('',#15529,#15530,#15531);
#15529 = CARTESIAN_POINT('',(10.95,17.7,13.6));
#15530 = DIRECTION('',(0.,0.,1.));
#15531 = DIRECTION('',(1.,0.,0.));
#15532 = ADVANCED_FACE('',(#15533),#15539,.T.);
#15533 = FACE_BOUND('',#15534,.T.);
#15534 = EDGE_LOOP('',(#15535,#15536,#15537,#15538));
#15535 = ORIENTED_EDGE('',*,*,#15426,.F.);
#15536 = ORIENTED_EDGE('',*,*,#15487,.T.);
#15537 = ORIENTED_EDGE('',*,*,#15466,.T.);
#15538 = ORIENTED_EDGE('',*,*,#15509,.F.);
#15539 = PLANE('',#15540);
#15540 = AXIS2_PLACEMENT_3D('',#15541,#15542,#15543);
#15541 = CARTESIAN_POINT('',(10.95,17.7,14.15));
#15542 = DIRECTION('',(0.,0.,1.));
#15543 = DIRECTION('',(1.,0.,0.));
#15544 = MANIFOLD_SOLID_BREP('',#15545);
#15545 = CLOSED_SHELL('',(#15546,#15586,#15626,#15648,#15670,#15682));
#15546 = ADVANCED_FACE('',(#15547),#15581,.F.);
#15547 = FACE_BOUND('',#15548,.F.);
#15548 = EDGE_LOOP('',(#15549,#15559,#15567,#15575));
#15549 = ORIENTED_EDGE('',*,*,#15550,.F.);
#15550 = EDGE_CURVE('',#15551,#15553,#15555,.T.);
#15551 = VERTEX_POINT('',#15552);
#15552 = CARTESIAN_POINT('',(2.725,14.33,13.6));
#15553 = VERTEX_POINT('',#15554);
#15554 = CARTESIAN_POINT('',(2.725,14.33,14.15));
#15555 = LINE('',#15556,#15557);
#15556 = CARTESIAN_POINT('',(2.725,14.33,13.6));
#15557 = VECTOR('',#15558,1.);
#15558 = DIRECTION('',(0.,0.,1.));
#15559 = ORIENTED_EDGE('',*,*,#15560,.T.);
#15560 = EDGE_CURVE('',#15551,#15561,#15563,.T.);
#15561 = VERTEX_POINT('',#15562);
#15562 = CARTESIAN_POINT('',(2.725,14.87,13.6));
#15563 = LINE('',#15564,#15565);
#15564 = CARTESIAN_POINT('',(2.725,14.33,13.6));
#15565 = VECTOR('',#15566,1.);
#15566 = DIRECTION('',(0.,1.,0.));
#15567 = ORIENTED_EDGE('',*,*,#15568,.T.);
#15568 = EDGE_CURVE('',#15561,#15569,#15571,.T.);
#15569 = VERTEX_POINT('',#15570);
#15570 = CARTESIAN_POINT('',(2.725,14.87,14.15));
#15571 = LINE('',#15572,#15573);
#15572 = CARTESIAN_POINT('',(2.725,14.87,13.6));
#15573 = VECTOR('',#15574,1.);
#15574 = DIRECTION('',(0.,0.,1.));
#15575 = ORIENTED_EDGE('',*,*,#15576,.F.);
#15576 = EDGE_CURVE('',#15553,#15569,#15577,.T.);
#15577 = LINE('',#15578,#15579);
#15578 = CARTESIAN_POINT('',(2.725,14.33,14.15));
#15579 = VECTOR('',#15580,1.);
#15580 = DIRECTION('',(0.,1.,0.));
#15581 = PLANE('',#15582);
#15582 = AXIS2_PLACEMENT_3D('',#15583,#15584,#15585);
#15583 = CARTESIAN_POINT('',(2.725,14.33,13.6));
#15584 = DIRECTION('',(1.,0.,0.));
#15585 = DIRECTION('',(0.,0.,1.));
#15586 = ADVANCED_FACE('',(#15587),#15621,.T.);
#15587 = FACE_BOUND('',#15588,.T.);
#15588 = EDGE_LOOP('',(#15589,#15599,#15607,#15615));
#15589 = ORIENTED_EDGE('',*,*,#15590,.F.);
#15590 = EDGE_CURVE('',#15591,#15593,#15595,.T.);
#15591 = VERTEX_POINT('',#15592);
#15592 = CARTESIAN_POINT('',(3.775,14.33,13.6));
#15593 = VERTEX_POINT('',#15594);
#15594 = CARTESIAN_POINT('',(3.775,14.33,14.15));
#15595 = LINE('',#15596,#15597);
#15596 = CARTESIAN_POINT('',(3.775,14.33,13.6));
#15597 = VECTOR('',#15598,1.);
#15598 = DIRECTION('',(0.,0.,1.));
#15599 = ORIENTED_EDGE('',*,*,#15600,.T.);
#15600 = EDGE_CURVE('',#15591,#15601,#15603,.T.);
#15601 = VERTEX_POINT('',#15602);
#15602 = CARTESIAN_POINT('',(3.775,14.87,13.6));
#15603 = LINE('',#15604,#15605);
#15604 = CARTESIAN_POINT('',(3.775,14.33,13.6));
#15605 = VECTOR('',#15606,1.);
#15606 = DIRECTION('',(0.,1.,0.));
#15607 = ORIENTED_EDGE('',*,*,#15608,.T.);
#15608 = EDGE_CURVE('',#15601,#15609,#15611,.T.);
#15609 = VERTEX_POINT('',#15610);
#15610 = CARTESIAN_POINT('',(3.775,14.87,14.15));
#15611 = LINE('',#15612,#15613);
#15612 = CARTESIAN_POINT('',(3.775,14.87,13.6));
#15613 = VECTOR('',#15614,1.);
#15614 = DIRECTION('',(0.,0.,1.));
#15615 = ORIENTED_EDGE('',*,*,#15616,.F.);
#15616 = EDGE_CURVE('',#15593,#15609,#15617,.T.);
#15617 = LINE('',#15618,#15619);
#15618 = CARTESIAN_POINT('',(3.775,14.33,14.15));
#15619 = VECTOR('',#15620,1.);
#15620 = DIRECTION('',(0.,1.,0.));
#15621 = PLANE('',#15622);
#15622 = AXIS2_PLACEMENT_3D('',#15623,#15624,#15625);
#15623 = CARTESIAN_POINT('',(3.775,14.33,13.6));
#15624 = DIRECTION('',(1.,0.,0.));
#15625 = DIRECTION('',(0.,0.,1.));
#15626 = ADVANCED_FACE('',(#15627),#15643,.F.);
#15627 = FACE_BOUND('',#15628,.F.);
#15628 = EDGE_LOOP('',(#15629,#15635,#15636,#15642));
#15629 = ORIENTED_EDGE('',*,*,#15630,.F.);
#15630 = EDGE_CURVE('',#15551,#15591,#15631,.T.);
#15631 = LINE('',#15632,#15633);
#15632 = CARTESIAN_POINT('',(2.725,14.33,13.6));
#15633 = VECTOR('',#15634,1.);
#15634 = DIRECTION('',(1.,0.,0.));
#15635 = ORIENTED_EDGE('',*,*,#15550,.T.);
#15636 = ORIENTED_EDGE('',*,*,#15637,.T.);
#15637 = EDGE_CURVE('',#15553,#15593,#15638,.T.);
#15638 = LINE('',#15639,#15640);
#15639 = CARTESIAN_POINT('',(2.725,14.33,14.15));
#15640 = VECTOR('',#15641,1.);
#15641 = DIRECTION('',(1.,0.,0.));
#15642 = ORIENTED_EDGE('',*,*,#15590,.F.);
#15643 = PLANE('',#15644);
#15644 = AXIS2_PLACEMENT_3D('',#15645,#15646,#15647);
#15645 = CARTESIAN_POINT('',(2.725,14.33,13.6));
#15646 = DIRECTION('',(0.,1.,0.));
#15647 = DIRECTION('',(0.,0.,1.));
#15648 = ADVANCED_FACE('',(#15649),#15665,.T.);
#15649 = FACE_BOUND('',#15650,.T.);
#15650 = EDGE_LOOP('',(#15651,#15657,#15658,#15664));
#15651 = ORIENTED_EDGE('',*,*,#15652,.F.);
#15652 = EDGE_CURVE('',#15561,#15601,#15653,.T.);
#15653 = LINE('',#15654,#15655);
#15654 = CARTESIAN_POINT('',(2.725,14.87,13.6));
#15655 = VECTOR('',#15656,1.);
#15656 = DIRECTION('',(1.,0.,0.));
#15657 = ORIENTED_EDGE('',*,*,#15568,.T.);
#15658 = ORIENTED_EDGE('',*,*,#15659,.T.);
#15659 = EDGE_CURVE('',#15569,#15609,#15660,.T.);
#15660 = LINE('',#15661,#15662);
#15661 = CARTESIAN_POINT('',(2.725,14.87,14.15));
#15662 = VECTOR('',#15663,1.);
#15663 = DIRECTION('',(1.,0.,0.));
#15664 = ORIENTED_EDGE('',*,*,#15608,.F.);
#15665 = PLANE('',#15666);
#15666 = AXIS2_PLACEMENT_3D('',#15667,#15668,#15669);
#15667 = CARTESIAN_POINT('',(2.725,14.87,13.6));
#15668 = DIRECTION('',(0.,1.,0.));
#15669 = DIRECTION('',(0.,0.,1.));
#15670 = ADVANCED_FACE('',(#15671),#15677,.F.);
#15671 = FACE_BOUND('',#15672,.F.);
#15672 = EDGE_LOOP('',(#15673,#15674,#15675,#15676));
#15673 = ORIENTED_EDGE('',*,*,#15560,.F.);
#15674 = ORIENTED_EDGE('',*,*,#15630,.T.);
#15675 = ORIENTED_EDGE('',*,*,#15600,.T.);
#15676 = ORIENTED_EDGE('',*,*,#15652,.F.);
#15677 = PLANE('',#15678);
#15678 = AXIS2_PLACEMENT_3D('',#15679,#15680,#15681);
#15679 = CARTESIAN_POINT('',(2.725,14.33,13.6));
#15680 = DIRECTION('',(0.,0.,1.));
#15681 = DIRECTION('',(1.,0.,0.));
#15682 = ADVANCED_FACE('',(#15683),#15689,.T.);
#15683 = FACE_BOUND('',#15684,.T.);
#15684 = EDGE_LOOP('',(#15685,#15686,#15687,#15688));
#15685 = ORIENTED_EDGE('',*,*,#15576,.F.);
#15686 = ORIENTED_EDGE('',*,*,#15637,.T.);
#15687 = ORIENTED_EDGE('',*,*,#15616,.T.);
#15688 = ORIENTED_EDGE('',*,*,#15659,.F.);
#15689 = PLANE('',#15690);
#15690 = AXIS2_PLACEMENT_3D('',#15691,#15692,#15693);
#15691 = CARTESIAN_POINT('',(2.725,14.33,14.15));
#15692 = DIRECTION('',(0.,0.,1.));
#15693 = DIRECTION('',(1.,0.,0.));
#15694 = MANIFOLD_SOLID_BREP('',#15695);
#15695 = CLOSED_SHELL('',(#15696,#15736,#15776,#15798,#15820,#15832));
#15696 = ADVANCED_FACE('',(#15697),#15731,.F.);
#15697 = FACE_BOUND('',#15698,.F.);
#15698 = EDGE_LOOP('',(#15699,#15709,#15717,#15725));
#15699 = ORIENTED_EDGE('',*,*,#15700,.F.);
#15700 = EDGE_CURVE('',#15701,#15703,#15705,.T.);
#15701 = VERTEX_POINT('',#15702);
#15702 = CARTESIAN_POINT('',(4.05,15.525,13.6));
#15703 = VERTEX_POINT('',#15704);
#15704 = CARTESIAN_POINT('',(4.05,15.525,14.5));
#15705 = LINE('',#15706,#15707);
#15706 = CARTESIAN_POINT('',(4.05,15.525,13.6));
#15707 = VECTOR('',#15708,1.);
#15708 = DIRECTION('',(0.,0.,1.));
#15709 = ORIENTED_EDGE('',*,*,#15710,.T.);
#15710 = EDGE_CURVE('',#15701,#15711,#15713,.T.);
#15711 = VERTEX_POINT('',#15712);
#15712 = CARTESIAN_POINT('',(4.05,19.475,13.6));
#15713 = LINE('',#15714,#15715);
#15714 = CARTESIAN_POINT('',(4.05,15.525,13.6));
#15715 = VECTOR('',#15716,1.);
#15716 = DIRECTION('',(0.,1.,0.));
#15717 = ORIENTED_EDGE('',*,*,#15718,.T.);
#15718 = EDGE_CURVE('',#15711,#15719,#15721,.T.);
#15719 = VERTEX_POINT('',#15720);
#15720 = CARTESIAN_POINT('',(4.05,19.475,14.5));
#15721 = LINE('',#15722,#15723);
#15722 = CARTESIAN_POINT('',(4.05,19.475,13.6));
#15723 = VECTOR('',#15724,1.);
#15724 = DIRECTION('',(0.,0.,1.));
#15725 = ORIENTED_EDGE('',*,*,#15726,.F.);
#15726 = EDGE_CURVE('',#15703,#15719,#15727,.T.);
#15727 = LINE('',#15728,#15729);
#15728 = CARTESIAN_POINT('',(4.05,15.525,14.5));
#15729 = VECTOR('',#15730,1.);
#15730 = DIRECTION('',(0.,1.,0.));
#15731 = PLANE('',#15732);
#15732 = AXIS2_PLACEMENT_3D('',#15733,#15734,#15735);
#15733 = CARTESIAN_POINT('',(4.05,15.525,13.6));
#15734 = DIRECTION('',(1.,0.,0.));
#15735 = DIRECTION('',(0.,0.,1.));
#15736 = ADVANCED_FACE('',(#15737),#15771,.T.);
#15737 = FACE_BOUND('',#15738,.T.);
#15738 = EDGE_LOOP('',(#15739,#15749,#15757,#15765));
#15739 = ORIENTED_EDGE('',*,*,#15740,.F.);
#15740 = EDGE_CURVE('',#15741,#15743,#15745,.T.);
#15741 = VERTEX_POINT('',#15742);
#15742 = CARTESIAN_POINT('',(6.45,15.525,13.6));
#15743 = VERTEX_POINT('',#15744);
#15744 = CARTESIAN_POINT('',(6.45,15.525,14.5));
#15745 = LINE('',#15746,#15747);
#15746 = CARTESIAN_POINT('',(6.45,15.525,13.6));
#15747 = VECTOR('',#15748,1.);
#15748 = DIRECTION('',(0.,0.,1.));
#15749 = ORIENTED_EDGE('',*,*,#15750,.T.);
#15750 = EDGE_CURVE('',#15741,#15751,#15753,.T.);
#15751 = VERTEX_POINT('',#15752);
#15752 = CARTESIAN_POINT('',(6.45,19.475,13.6));
#15753 = LINE('',#15754,#15755);
#15754 = CARTESIAN_POINT('',(6.45,15.525,13.6));
#15755 = VECTOR('',#15756,1.);
#15756 = DIRECTION('',(0.,1.,0.));
#15757 = ORIENTED_EDGE('',*,*,#15758,.T.);
#15758 = EDGE_CURVE('',#15751,#15759,#15761,.T.);
#15759 = VERTEX_POINT('',#15760);
#15760 = CARTESIAN_POINT('',(6.45,19.475,14.5));
#15761 = LINE('',#15762,#15763);
#15762 = CARTESIAN_POINT('',(6.45,19.475,13.6));
#15763 = VECTOR('',#15764,1.);
#15764 = DIRECTION('',(0.,0.,1.));
#15765 = ORIENTED_EDGE('',*,*,#15766,.F.);
#15766 = EDGE_CURVE('',#15743,#15759,#15767,.T.);
#15767 = LINE('',#15768,#15769);
#15768 = CARTESIAN_POINT('',(6.45,15.525,14.5));
#15769 = VECTOR('',#15770,1.);
#15770 = DIRECTION('',(0.,1.,0.));
#15771 = PLANE('',#15772);
#15772 = AXIS2_PLACEMENT_3D('',#15773,#15774,#15775);
#15773 = CARTESIAN_POINT('',(6.45,15.525,13.6));
#15774 = DIRECTION('',(1.,0.,0.));
#15775 = DIRECTION('',(0.,0.,1.));
#15776 = ADVANCED_FACE('',(#15777),#15793,.F.);
#15777 = FACE_BOUND('',#15778,.F.);
#15778 = EDGE_LOOP('',(#15779,#15785,#15786,#15792));
#15779 = ORIENTED_EDGE('',*,*,#15780,.F.);
#15780 = EDGE_CURVE('',#15701,#15741,#15781,.T.);
#15781 = LINE('',#15782,#15783);
#15782 = CARTESIAN_POINT('',(4.05,15.525,13.6));
#15783 = VECTOR('',#15784,1.);
#15784 = DIRECTION('',(1.,0.,0.));
#15785 = ORIENTED_EDGE('',*,*,#15700,.T.);
#15786 = ORIENTED_EDGE('',*,*,#15787,.T.);
#15787 = EDGE_CURVE('',#15703,#15743,#15788,.T.);
#15788 = LINE('',#15789,#15790);
#15789 = CARTESIAN_POINT('',(4.05,15.525,14.5));
#15790 = VECTOR('',#15791,1.);
#15791 = DIRECTION('',(1.,0.,0.));
#15792 = ORIENTED_EDGE('',*,*,#15740,.F.);
#15793 = PLANE('',#15794);
#15794 = AXIS2_PLACEMENT_3D('',#15795,#15796,#15797);
#15795 = CARTESIAN_POINT('',(4.05,15.525,13.6));
#15796 = DIRECTION('',(0.,1.,0.));
#15797 = DIRECTION('',(0.,0.,1.));
#15798 = ADVANCED_FACE('',(#15799),#15815,.T.);
#15799 = FACE_BOUND('',#15800,.T.);
#15800 = EDGE_LOOP('',(#15801,#15807,#15808,#15814));
#15801 = ORIENTED_EDGE('',*,*,#15802,.F.);
#15802 = EDGE_CURVE('',#15711,#15751,#15803,.T.);
#15803 = LINE('',#15804,#15805);
#15804 = CARTESIAN_POINT('',(4.05,19.475,13.6));
#15805 = VECTOR('',#15806,1.);
#15806 = DIRECTION('',(1.,0.,0.));
#15807 = ORIENTED_EDGE('',*,*,#15718,.T.);
#15808 = ORIENTED_EDGE('',*,*,#15809,.T.);
#15809 = EDGE_CURVE('',#15719,#15759,#15810,.T.);
#15810 = LINE('',#15811,#15812);
#15811 = CARTESIAN_POINT('',(4.05,19.475,14.5));
#15812 = VECTOR('',#15813,1.);
#15813 = DIRECTION('',(1.,0.,0.));
#15814 = ORIENTED_EDGE('',*,*,#15758,.F.);
#15815 = PLANE('',#15816);
#15816 = AXIS2_PLACEMENT_3D('',#15817,#15818,#15819);
#15817 = CARTESIAN_POINT('',(4.05,19.475,13.6));
#15818 = DIRECTION('',(0.,1.,0.));
#15819 = DIRECTION('',(0.,0.,1.));
#15820 = ADVANCED_FACE('',(#15821),#15827,.F.);
#15821 = FACE_BOUND('',#15822,.F.);
#15822 = EDGE_LOOP('',(#15823,#15824,#15825,#15826));
#15823 = ORIENTED_EDGE('',*,*,#15710,.F.);
#15824 = ORIENTED_EDGE('',*,*,#15780,.T.);
#15825 = ORIENTED_EDGE('',*,*,#15750,.T.);
#15826 = ORIENTED_EDGE('',*,*,#15802,.F.);
#15827 = PLANE('',#15828);
#15828 = AXIS2_PLACEMENT_3D('',#15829,#15830,#15831);
#15829 = CARTESIAN_POINT('',(4.05,15.525,13.6));
#15830 = DIRECTION('',(0.,0.,1.));
#15831 = DIRECTION('',(1.,0.,0.));
#15832 = ADVANCED_FACE('',(#15833),#15839,.T.);
#15833 = FACE_BOUND('',#15834,.T.);
#15834 = EDGE_LOOP('',(#15835,#15836,#15837,#15838));
#15835 = ORIENTED_EDGE('',*,*,#15726,.F.);
#15836 = ORIENTED_EDGE('',*,*,#15787,.T.);
#15837 = ORIENTED_EDGE('',*,*,#15766,.T.);
#15838 = ORIENTED_EDGE('',*,*,#15809,.F.);
#15839 = PLANE('',#15840);
#15840 = AXIS2_PLACEMENT_3D('',#15841,#15842,#15843);
#15841 = CARTESIAN_POINT('',(4.05,15.525,14.5));
#15842 = DIRECTION('',(0.,0.,1.));
#15843 = DIRECTION('',(1.,0.,0.));
#15844 = MANIFOLD_SOLID_BREP('',#15845);
#15845 = CLOSED_SHELL('',(#15846,#15886,#15926,#15948,#15970,#15982));
#15846 = ADVANCED_FACE('',(#15847),#15881,.F.);
#15847 = FACE_BOUND('',#15848,.F.);
#15848 = EDGE_LOOP('',(#15849,#15859,#15867,#15875));
#15849 = ORIENTED_EDGE('',*,*,#15850,.F.);
#15850 = EDGE_CURVE('',#15851,#15853,#15855,.T.);
#15851 = VERTEX_POINT('',#15852);
#15852 = CARTESIAN_POINT('',(8.7,20.95,13.6));
#15853 = VERTEX_POINT('',#15854);
#15854 = CARTESIAN_POINT('',(8.7,20.95,14.15));
#15855 = LINE('',#15856,#15857);
#15856 = CARTESIAN_POINT('',(8.7,20.95,13.6));
#15857 = VECTOR('',#15858,1.);
#15858 = DIRECTION('',(0.,0.,1.));
#15859 = ORIENTED_EDGE('',*,*,#15860,.T.);
#15860 = EDGE_CURVE('',#15851,#15861,#15863,.T.);
#15861 = VERTEX_POINT('',#15862);
#15862 = CARTESIAN_POINT('',(8.7,21.55,13.6));
#15863 = LINE('',#15864,#15865);
#15864 = CARTESIAN_POINT('',(8.7,20.95,13.6));
#15865 = VECTOR('',#15866,1.);
#15866 = DIRECTION('',(0.,1.,0.));
#15867 = ORIENTED_EDGE('',*,*,#15868,.T.);
#15868 = EDGE_CURVE('',#15861,#15869,#15871,.T.);
#15869 = VERTEX_POINT('',#15870);
#15870 = CARTESIAN_POINT('',(8.7,21.55,14.15));
#15871 = LINE('',#15872,#15873);
#15872 = CARTESIAN_POINT('',(8.7,21.55,13.6));
#15873 = VECTOR('',#15874,1.);
#15874 = DIRECTION('',(0.,0.,1.));
#15875 = ORIENTED_EDGE('',*,*,#15876,.F.);
#15876 = EDGE_CURVE('',#15853,#15869,#15877,.T.);
#15877 = LINE('',#15878,#15879);
#15878 = CARTESIAN_POINT('',(8.7,20.95,14.15));
#15879 = VECTOR('',#15880,1.);
#15880 = DIRECTION('',(0.,1.,0.));
#15881 = PLANE('',#15882);
#15882 = AXIS2_PLACEMENT_3D('',#15883,#15884,#15885);
#15883 = CARTESIAN_POINT('',(8.7,20.95,13.6));
#15884 = DIRECTION('',(1.,0.,0.));
#15885 = DIRECTION('',(0.,0.,1.));
#15886 = ADVANCED_FACE('',(#15887),#15921,.T.);
#15887 = FACE_BOUND('',#15888,.T.);
#15888 = EDGE_LOOP('',(#15889,#15899,#15907,#15915));
#15889 = ORIENTED_EDGE('',*,*,#15890,.F.);
#15890 = EDGE_CURVE('',#15891,#15893,#15895,.T.);
#15891 = VERTEX_POINT('',#15892);
#15892 = CARTESIAN_POINT('',(9.8,20.95,13.6));
#15893 = VERTEX_POINT('',#15894);
#15894 = CARTESIAN_POINT('',(9.8,20.95,14.15));
#15895 = LINE('',#15896,#15897);
#15896 = CARTESIAN_POINT('',(9.8,20.95,13.6));
#15897 = VECTOR('',#15898,1.);
#15898 = DIRECTION('',(0.,0.,1.));
#15899 = ORIENTED_EDGE('',*,*,#15900,.T.);
#15900 = EDGE_CURVE('',#15891,#15901,#15903,.T.);
#15901 = VERTEX_POINT('',#15902);
#15902 = CARTESIAN_POINT('',(9.8,21.55,13.6));
#15903 = LINE('',#15904,#15905);
#15904 = CARTESIAN_POINT('',(9.8,20.95,13.6));
#15905 = VECTOR('',#15906,1.);
#15906 = DIRECTION('',(0.,1.,0.));
#15907 = ORIENTED_EDGE('',*,*,#15908,.T.);
#15908 = EDGE_CURVE('',#15901,#15909,#15911,.T.);
#15909 = VERTEX_POINT('',#15910);
#15910 = CARTESIAN_POINT('',(9.8,21.55,14.15));
#15911 = LINE('',#15912,#15913);
#15912 = CARTESIAN_POINT('',(9.8,21.55,13.6));
#15913 = VECTOR('',#15914,1.);
#15914 = DIRECTION('',(0.,0.,1.));
#15915 = ORIENTED_EDGE('',*,*,#15916,.F.);
#15916 = EDGE_CURVE('',#15893,#15909,#15917,.T.);
#15917 = LINE('',#15918,#15919);
#15918 = CARTESIAN_POINT('',(9.8,20.95,14.15));
#15919 = VECTOR('',#15920,1.);
#15920 = DIRECTION('',(0.,1.,0.));
#15921 = PLANE('',#15922);
#15922 = AXIS2_PLACEMENT_3D('',#15923,#15924,#15925);
#15923 = CARTESIAN_POINT('',(9.8,20.95,13.6));
#15924 = DIRECTION('',(1.,0.,0.));
#15925 = DIRECTION('',(0.,0.,1.));
#15926 = ADVANCED_FACE('',(#15927),#15943,.F.);
#15927 = FACE_BOUND('',#15928,.F.);
#15928 = EDGE_LOOP('',(#15929,#15935,#15936,#15942));
#15929 = ORIENTED_EDGE('',*,*,#15930,.F.);
#15930 = EDGE_CURVE('',#15851,#15891,#15931,.T.);
#15931 = LINE('',#15932,#15933);
#15932 = CARTESIAN_POINT('',(8.7,20.95,13.6));
#15933 = VECTOR('',#15934,1.);
#15934 = DIRECTION('',(1.,0.,0.));
#15935 = ORIENTED_EDGE('',*,*,#15850,.T.);
#15936 = ORIENTED_EDGE('',*,*,#15937,.T.);
#15937 = EDGE_CURVE('',#15853,#15893,#15938,.T.);
#15938 = LINE('',#15939,#15940);
#15939 = CARTESIAN_POINT('',(8.7,20.95,14.15));
#15940 = VECTOR('',#15941,1.);
#15941 = DIRECTION('',(1.,0.,0.));
#15942 = ORIENTED_EDGE('',*,*,#15890,.F.);
#15943 = PLANE('',#15944);
#15944 = AXIS2_PLACEMENT_3D('',#15945,#15946,#15947);
#15945 = CARTESIAN_POINT('',(8.7,20.95,13.6));
#15946 = DIRECTION('',(0.,1.,0.));
#15947 = DIRECTION('',(0.,0.,1.));
#15948 = ADVANCED_FACE('',(#15949),#15965,.T.);
#15949 = FACE_BOUND('',#15950,.T.);
#15950 = EDGE_LOOP('',(#15951,#15957,#15958,#15964));
#15951 = ORIENTED_EDGE('',*,*,#15952,.F.);
#15952 = EDGE_CURVE('',#15861,#15901,#15953,.T.);
#15953 = LINE('',#15954,#15955);
#15954 = CARTESIAN_POINT('',(8.7,21.55,13.6));
#15955 = VECTOR('',#15956,1.);
#15956 = DIRECTION('',(1.,0.,0.));
#15957 = ORIENTED_EDGE('',*,*,#15868,.T.);
#15958 = ORIENTED_EDGE('',*,*,#15959,.T.);
#15959 = EDGE_CURVE('',#15869,#15909,#15960,.T.);
#15960 = LINE('',#15961,#15962);
#15961 = CARTESIAN_POINT('',(8.7,21.55,14.15));
#15962 = VECTOR('',#15963,1.);
#15963 = DIRECTION('',(1.,0.,0.));
#15964 = ORIENTED_EDGE('',*,*,#15908,.F.);
#15965 = PLANE('',#15966);
#15966 = AXIS2_PLACEMENT_3D('',#15967,#15968,#15969);
#15967 = CARTESIAN_POINT('',(8.7,21.55,13.6));
#15968 = DIRECTION('',(0.,1.,0.));
#15969 = DIRECTION('',(0.,0.,1.));
#15970 = ADVANCED_FACE('',(#15971),#15977,.F.);
#15971 = FACE_BOUND('',#15972,.F.);
#15972 = EDGE_LOOP('',(#15973,#15974,#15975,#15976));
#15973 = ORIENTED_EDGE('',*,*,#15860,.F.);
#15974 = ORIENTED_EDGE('',*,*,#15930,.T.);
#15975 = ORIENTED_EDGE('',*,*,#15900,.T.);
#15976 = ORIENTED_EDGE('',*,*,#15952,.F.);
#15977 = PLANE('',#15978);
#15978 = AXIS2_PLACEMENT_3D('',#15979,#15980,#15981);
#15979 = CARTESIAN_POINT('',(8.7,20.95,13.6));
#15980 = DIRECTION('',(0.,0.,1.));
#15981 = DIRECTION('',(1.,0.,0.));
#15982 = ADVANCED_FACE('',(#15983),#15989,.T.);
#15983 = FACE_BOUND('',#15984,.T.);
#15984 = EDGE_LOOP('',(#15985,#15986,#15987,#15988));
#15985 = ORIENTED_EDGE('',*,*,#15876,.F.);
#15986 = ORIENTED_EDGE('',*,*,#15937,.T.);
#15987 = ORIENTED_EDGE('',*,*,#15916,.T.);
#15988 = ORIENTED_EDGE('',*,*,#15959,.F.);
#15989 = PLANE('',#15990);
#15990 = AXIS2_PLACEMENT_3D('',#15991,#15992,#15993);
#15991 = CARTESIAN_POINT('',(8.7,20.95,14.15));
#15992 = DIRECTION('',(0.,0.,1.));
#15993 = DIRECTION('',(1.,0.,0.));
#15994 = MANIFOLD_SOLID_BREP('',#15995);
#15995 = CLOSED_SHELL('',(#15996,#16036,#16076,#16098,#16120,#16132));
#15996 = ADVANCED_FACE('',(#15997),#16031,.F.);
#15997 = FACE_BOUND('',#15998,.F.);
#15998 = EDGE_LOOP('',(#15999,#16009,#16017,#16025));
#15999 = ORIENTED_EDGE('',*,*,#16000,.F.);
#16000 = EDGE_CURVE('',#16001,#16003,#16005,.T.);
#16001 = VERTEX_POINT('',#16002);
#16002 = CARTESIAN_POINT('',(21.725,28.23,13.6));
#16003 = VERTEX_POINT('',#16004);
#16004 = CARTESIAN_POINT('',(21.725,28.23,14.15));
#16005 = LINE('',#16006,#16007);
#16006 = CARTESIAN_POINT('',(21.725,28.23,13.6));
#16007 = VECTOR('',#16008,1.);
#16008 = DIRECTION('',(0.,0.,1.));
#16009 = ORIENTED_EDGE('',*,*,#16010,.T.);
#16010 = EDGE_CURVE('',#16001,#16011,#16013,.T.);
#16011 = VERTEX_POINT('',#16012);
#16012 = CARTESIAN_POINT('',(21.725,28.77,13.6));
#16013 = LINE('',#16014,#16015);
#16014 = CARTESIAN_POINT('',(21.725,28.23,13.6));
#16015 = VECTOR('',#16016,1.);
#16016 = DIRECTION('',(0.,1.,0.));
#16017 = ORIENTED_EDGE('',*,*,#16018,.T.);
#16018 = EDGE_CURVE('',#16011,#16019,#16021,.T.);
#16019 = VERTEX_POINT('',#16020);
#16020 = CARTESIAN_POINT('',(21.725,28.77,14.15));
#16021 = LINE('',#16022,#16023);
#16022 = CARTESIAN_POINT('',(21.725,28.77,13.6));
#16023 = VECTOR('',#16024,1.);
#16024 = DIRECTION('',(0.,0.,1.));
#16025 = ORIENTED_EDGE('',*,*,#16026,.F.);
#16026 = EDGE_CURVE('',#16003,#16019,#16027,.T.);
#16027 = LINE('',#16028,#16029);
#16028 = CARTESIAN_POINT('',(21.725,28.23,14.15));
#16029 = VECTOR('',#16030,1.);
#16030 = DIRECTION('',(0.,1.,0.));
#16031 = PLANE('',#16032);
#16032 = AXIS2_PLACEMENT_3D('',#16033,#16034,#16035);
#16033 = CARTESIAN_POINT('',(21.725,28.23,13.6));
#16034 = DIRECTION('',(1.,0.,0.));
#16035 = DIRECTION('',(0.,0.,1.));
#16036 = ADVANCED_FACE('',(#16037),#16071,.T.);
#16037 = FACE_BOUND('',#16038,.T.);
#16038 = EDGE_LOOP('',(#16039,#16049,#16057,#16065));
#16039 = ORIENTED_EDGE('',*,*,#16040,.F.);
#16040 = EDGE_CURVE('',#16041,#16043,#16045,.T.);
#16041 = VERTEX_POINT('',#16042);
#16042 = CARTESIAN_POINT('',(22.775,28.23,13.6));
#16043 = VERTEX_POINT('',#16044);
#16044 = CARTESIAN_POINT('',(22.775,28.23,14.15));
#16045 = LINE('',#16046,#16047);
#16046 = CARTESIAN_POINT('',(22.775,28.23,13.6));
#16047 = VECTOR('',#16048,1.);
#16048 = DIRECTION('',(0.,0.,1.));
#16049 = ORIENTED_EDGE('',*,*,#16050,.T.);
#16050 = EDGE_CURVE('',#16041,#16051,#16053,.T.);
#16051 = VERTEX_POINT('',#16052);
#16052 = CARTESIAN_POINT('',(22.775,28.77,13.6));
#16053 = LINE('',#16054,#16055);
#16054 = CARTESIAN_POINT('',(22.775,28.23,13.6));
#16055 = VECTOR('',#16056,1.);
#16056 = DIRECTION('',(0.,1.,0.));
#16057 = ORIENTED_EDGE('',*,*,#16058,.T.);
#16058 = EDGE_CURVE('',#16051,#16059,#16061,.T.);
#16059 = VERTEX_POINT('',#16060);
#16060 = CARTESIAN_POINT('',(22.775,28.77,14.15));
#16061 = LINE('',#16062,#16063);
#16062 = CARTESIAN_POINT('',(22.775,28.77,13.6));
#16063 = VECTOR('',#16064,1.);
#16064 = DIRECTION('',(0.,0.,1.));
#16065 = ORIENTED_EDGE('',*,*,#16066,.F.);
#16066 = EDGE_CURVE('',#16043,#16059,#16067,.T.);
#16067 = LINE('',#16068,#16069);
#16068 = CARTESIAN_POINT('',(22.775,28.23,14.15));
#16069 = VECTOR('',#16070,1.);
#16070 = DIRECTION('',(0.,1.,0.));
#16071 = PLANE('',#16072);
#16072 = AXIS2_PLACEMENT_3D('',#16073,#16074,#16075);
#16073 = CARTESIAN_POINT('',(22.775,28.23,13.6));
#16074 = DIRECTION('',(1.,0.,0.));
#16075 = DIRECTION('',(0.,0.,1.));
#16076 = ADVANCED_FACE('',(#16077),#16093,.F.);
#16077 = FACE_BOUND('',#16078,.F.);
#16078 = EDGE_LOOP('',(#16079,#16085,#16086,#16092));
#16079 = ORIENTED_EDGE('',*,*,#16080,.F.);
#16080 = EDGE_CURVE('',#16001,#16041,#16081,.T.);
#16081 = LINE('',#16082,#16083);
#16082 = CARTESIAN_POINT('',(21.725,28.23,13.6));
#16083 = VECTOR('',#16084,1.);
#16084 = DIRECTION('',(1.,0.,0.));
#16085 = ORIENTED_EDGE('',*,*,#16000,.T.);
#16086 = ORIENTED_EDGE('',*,*,#16087,.T.);
#16087 = EDGE_CURVE('',#16003,#16043,#16088,.T.);
#16088 = LINE('',#16089,#16090);
#16089 = CARTESIAN_POINT('',(21.725,28.23,14.15));
#16090 = VECTOR('',#16091,1.);
#16091 = DIRECTION('',(1.,0.,0.));
#16092 = ORIENTED_EDGE('',*,*,#16040,.F.);
#16093 = PLANE('',#16094);
#16094 = AXIS2_PLACEMENT_3D('',#16095,#16096,#16097);
#16095 = CARTESIAN_POINT('',(21.725,28.23,13.6));
#16096 = DIRECTION('',(0.,1.,0.));
#16097 = DIRECTION('',(0.,0.,1.));
#16098 = ADVANCED_FACE('',(#16099),#16115,.T.);
#16099 = FACE_BOUND('',#16100,.T.);
#16100 = EDGE_LOOP('',(#16101,#16107,#16108,#16114));
#16101 = ORIENTED_EDGE('',*,*,#16102,.F.);
#16102 = EDGE_CURVE('',#16011,#16051,#16103,.T.);
#16103 = LINE('',#16104,#16105);
#16104 = CARTESIAN_POINT('',(21.725,28.77,13.6));
#16105 = VECTOR('',#16106,1.);
#16106 = DIRECTION('',(1.,0.,0.));
#16107 = ORIENTED_EDGE('',*,*,#16018,.T.);
#16108 = ORIENTED_EDGE('',*,*,#16109,.T.);
#16109 = EDGE_CURVE('',#16019,#16059,#16110,.T.);
#16110 = LINE('',#16111,#16112);
#16111 = CARTESIAN_POINT('',(21.725,28.77,14.15));
#16112 = VECTOR('',#16113,1.);
#16113 = DIRECTION('',(1.,0.,0.));
#16114 = ORIENTED_EDGE('',*,*,#16058,.F.);
#16115 = PLANE('',#16116);
#16116 = AXIS2_PLACEMENT_3D('',#16117,#16118,#16119);
#16117 = CARTESIAN_POINT('',(21.725,28.77,13.6));
#16118 = DIRECTION('',(0.,1.,0.));
#16119 = DIRECTION('',(0.,0.,1.));
#16120 = ADVANCED_FACE('',(#16121),#16127,.F.);
#16121 = FACE_BOUND('',#16122,.F.);
#16122 = EDGE_LOOP('',(#16123,#16124,#16125,#16126));
#16123 = ORIENTED_EDGE('',*,*,#16010,.F.);
#16124 = ORIENTED_EDGE('',*,*,#16080,.T.);
#16125 = ORIENTED_EDGE('',*,*,#16050,.T.);
#16126 = ORIENTED_EDGE('',*,*,#16102,.F.);
#16127 = PLANE('',#16128);
#16128 = AXIS2_PLACEMENT_3D('',#16129,#16130,#16131);
#16129 = CARTESIAN_POINT('',(21.725,28.23,13.6));
#16130 = DIRECTION('',(0.,0.,1.));
#16131 = DIRECTION('',(1.,0.,0.));
#16132 = ADVANCED_FACE('',(#16133),#16139,.T.);
#16133 = FACE_BOUND('',#16134,.T.);
#16134 = EDGE_LOOP('',(#16135,#16136,#16137,#16138));
#16135 = ORIENTED_EDGE('',*,*,#16026,.F.);
#16136 = ORIENTED_EDGE('',*,*,#16087,.T.);
#16137 = ORIENTED_EDGE('',*,*,#16066,.T.);
#16138 = ORIENTED_EDGE('',*,*,#16109,.F.);
#16139 = PLANE('',#16140);
#16140 = AXIS2_PLACEMENT_3D('',#16141,#16142,#16143);
#16141 = CARTESIAN_POINT('',(21.725,28.23,14.15));
#16142 = DIRECTION('',(0.,0.,1.));
#16143 = DIRECTION('',(1.,0.,0.));
#16144 = MANIFOLD_SOLID_BREP('',#16145);
#16145 = CLOSED_SHELL('',(#16146,#16186,#16226,#16248,#16270,#16282));
#16146 = ADVANCED_FACE('',(#16147),#16181,.F.);
#16147 = FACE_BOUND('',#16148,.F.);
#16148 = EDGE_LOOP('',(#16149,#16159,#16167,#16175));
#16149 = ORIENTED_EDGE('',*,*,#16150,.F.);
#16150 = EDGE_CURVE('',#16151,#16153,#16155,.T.);
#16151 = VERTEX_POINT('',#16152);
#16152 = CARTESIAN_POINT('',(7.45,22.2,13.6));
#16153 = VERTEX_POINT('',#16154);
#16154 = CARTESIAN_POINT('',(7.45,22.2,14.));
#16155 = LINE('',#16156,#16157);
#16156 = CARTESIAN_POINT('',(7.45,22.2,13.6));
#16157 = VECTOR('',#16158,1.);
#16158 = DIRECTION('',(0.,0.,1.));
#16159 = ORIENTED_EDGE('',*,*,#16160,.T.);
#16160 = EDGE_CURVE('',#16151,#16161,#16163,.T.);
#16161 = VERTEX_POINT('',#16162);
#16162 = CARTESIAN_POINT('',(7.45,22.8,13.6));
#16163 = LINE('',#16164,#16165);
#16164 = CARTESIAN_POINT('',(7.45,22.2,13.6));
#16165 = VECTOR('',#16166,1.);
#16166 = DIRECTION('',(0.,1.,0.));
#16167 = ORIENTED_EDGE('',*,*,#16168,.T.);
#16168 = EDGE_CURVE('',#16161,#16169,#16171,.T.);
#16169 = VERTEX_POINT('',#16170);
#16170 = CARTESIAN_POINT('',(7.45,22.8,14.));
#16171 = LINE('',#16172,#16173);
#16172 = CARTESIAN_POINT('',(7.45,22.8,13.6));
#16173 = VECTOR('',#16174,1.);
#16174 = DIRECTION('',(0.,0.,1.));
#16175 = ORIENTED_EDGE('',*,*,#16176,.F.);
#16176 = EDGE_CURVE('',#16153,#16169,#16177,.T.);
#16177 = LINE('',#16178,#16179);
#16178 = CARTESIAN_POINT('',(7.45,22.2,14.));
#16179 = VECTOR('',#16180,1.);
#16180 = DIRECTION('',(0.,1.,0.));
#16181 = PLANE('',#16182);
#16182 = AXIS2_PLACEMENT_3D('',#16183,#16184,#16185);
#16183 = CARTESIAN_POINT('',(7.45,22.2,13.6));
#16184 = DIRECTION('',(1.,0.,0.));
#16185 = DIRECTION('',(0.,0.,1.));
#16186 = ADVANCED_FACE('',(#16187),#16221,.T.);
#16187 = FACE_BOUND('',#16188,.T.);
#16188 = EDGE_LOOP('',(#16189,#16199,#16207,#16215));
#16189 = ORIENTED_EDGE('',*,*,#16190,.F.);
#16190 = EDGE_CURVE('',#16191,#16193,#16195,.T.);
#16191 = VERTEX_POINT('',#16192);
#16192 = CARTESIAN_POINT('',(8.55,22.2,13.6));
#16193 = VERTEX_POINT('',#16194);
#16194 = CARTESIAN_POINT('',(8.55,22.2,14.));
#16195 = LINE('',#16196,#16197);
#16196 = CARTESIAN_POINT('',(8.55,22.2,13.6));
#16197 = VECTOR('',#16198,1.);
#16198 = DIRECTION('',(0.,0.,1.));
#16199 = ORIENTED_EDGE('',*,*,#16200,.T.);
#16200 = EDGE_CURVE('',#16191,#16201,#16203,.T.);
#16201 = VERTEX_POINT('',#16202);
#16202 = CARTESIAN_POINT('',(8.55,22.8,13.6));
#16203 = LINE('',#16204,#16205);
#16204 = CARTESIAN_POINT('',(8.55,22.2,13.6));
#16205 = VECTOR('',#16206,1.);
#16206 = DIRECTION('',(0.,1.,0.));
#16207 = ORIENTED_EDGE('',*,*,#16208,.T.);
#16208 = EDGE_CURVE('',#16201,#16209,#16211,.T.);
#16209 = VERTEX_POINT('',#16210);
#16210 = CARTESIAN_POINT('',(8.55,22.8,14.));
#16211 = LINE('',#16212,#16213);
#16212 = CARTESIAN_POINT('',(8.55,22.8,13.6));
#16213 = VECTOR('',#16214,1.);
#16214 = DIRECTION('',(0.,0.,1.));
#16215 = ORIENTED_EDGE('',*,*,#16216,.F.);
#16216 = EDGE_CURVE('',#16193,#16209,#16217,.T.);
#16217 = LINE('',#16218,#16219);
#16218 = CARTESIAN_POINT('',(8.55,22.2,14.));
#16219 = VECTOR('',#16220,1.);
#16220 = DIRECTION('',(0.,1.,0.));
#16221 = PLANE('',#16222);
#16222 = AXIS2_PLACEMENT_3D('',#16223,#16224,#16225);
#16223 = CARTESIAN_POINT('',(8.55,22.2,13.6));
#16224 = DIRECTION('',(1.,0.,0.));
#16225 = DIRECTION('',(0.,0.,1.));
#16226 = ADVANCED_FACE('',(#16227),#16243,.F.);
#16227 = FACE_BOUND('',#16228,.F.);
#16228 = EDGE_LOOP('',(#16229,#16235,#16236,#16242));
#16229 = ORIENTED_EDGE('',*,*,#16230,.F.);
#16230 = EDGE_CURVE('',#16151,#16191,#16231,.T.);
#16231 = LINE('',#16232,#16233);
#16232 = CARTESIAN_POINT('',(7.45,22.2,13.6));
#16233 = VECTOR('',#16234,1.);
#16234 = DIRECTION('',(1.,0.,0.));
#16235 = ORIENTED_EDGE('',*,*,#16150,.T.);
#16236 = ORIENTED_EDGE('',*,*,#16237,.T.);
#16237 = EDGE_CURVE('',#16153,#16193,#16238,.T.);
#16238 = LINE('',#16239,#16240);
#16239 = CARTESIAN_POINT('',(7.45,22.2,14.));
#16240 = VECTOR('',#16241,1.);
#16241 = DIRECTION('',(1.,0.,0.));
#16242 = ORIENTED_EDGE('',*,*,#16190,.F.);
#16243 = PLANE('',#16244);
#16244 = AXIS2_PLACEMENT_3D('',#16245,#16246,#16247);
#16245 = CARTESIAN_POINT('',(7.45,22.2,13.6));
#16246 = DIRECTION('',(0.,1.,0.));
#16247 = DIRECTION('',(0.,0.,1.));
#16248 = ADVANCED_FACE('',(#16249),#16265,.T.);
#16249 = FACE_BOUND('',#16250,.T.);
#16250 = EDGE_LOOP('',(#16251,#16257,#16258,#16264));
#16251 = ORIENTED_EDGE('',*,*,#16252,.F.);
#16252 = EDGE_CURVE('',#16161,#16201,#16253,.T.);
#16253 = LINE('',#16254,#16255);
#16254 = CARTESIAN_POINT('',(7.45,22.8,13.6));
#16255 = VECTOR('',#16256,1.);
#16256 = DIRECTION('',(1.,0.,0.));
#16257 = ORIENTED_EDGE('',*,*,#16168,.T.);
#16258 = ORIENTED_EDGE('',*,*,#16259,.T.);
#16259 = EDGE_CURVE('',#16169,#16209,#16260,.T.);
#16260 = LINE('',#16261,#16262);
#16261 = CARTESIAN_POINT('',(7.45,22.8,14.));
#16262 = VECTOR('',#16263,1.);
#16263 = DIRECTION('',(1.,0.,0.));
#16264 = ORIENTED_EDGE('',*,*,#16208,.F.);
#16265 = PLANE('',#16266);
#16266 = AXIS2_PLACEMENT_3D('',#16267,#16268,#16269);
#16267 = CARTESIAN_POINT('',(7.45,22.8,13.6));
#16268 = DIRECTION('',(0.,1.,0.));
#16269 = DIRECTION('',(0.,0.,1.));
#16270 = ADVANCED_FACE('',(#16271),#16277,.F.);
#16271 = FACE_BOUND('',#16272,.F.);
#16272 = EDGE_LOOP('',(#16273,#16274,#16275,#16276));
#16273 = ORIENTED_EDGE('',*,*,#16160,.F.);
#16274 = ORIENTED_EDGE('',*,*,#16230,.T.);
#16275 = ORIENTED_EDGE('',*,*,#16200,.T.);
#16276 = ORIENTED_EDGE('',*,*,#16252,.F.);
#16277 = PLANE('',#16278);
#16278 = AXIS2_PLACEMENT_3D('',#16279,#16280,#16281);
#16279 = CARTESIAN_POINT('',(7.45,22.2,13.6));
#16280 = DIRECTION('',(0.,0.,1.));
#16281 = DIRECTION('',(1.,0.,0.));
#16282 = ADVANCED_FACE('',(#16283),#16289,.T.);
#16283 = FACE_BOUND('',#16284,.T.);
#16284 = EDGE_LOOP('',(#16285,#16286,#16287,#16288));
#16285 = ORIENTED_EDGE('',*,*,#16176,.F.);
#16286 = ORIENTED_EDGE('',*,*,#16237,.T.);
#16287 = ORIENTED_EDGE('',*,*,#16216,.T.);
#16288 = ORIENTED_EDGE('',*,*,#16259,.F.);
#16289 = PLANE('',#16290);
#16290 = AXIS2_PLACEMENT_3D('',#16291,#16292,#16293);
#16291 = CARTESIAN_POINT('',(7.45,22.2,14.));
#16292 = DIRECTION('',(0.,0.,1.));
#16293 = DIRECTION('',(1.,0.,0.));
#16294 = MANIFOLD_SOLID_BREP('',#16295);
#16295 = CLOSED_SHELL('',(#16296,#16336,#16376,#16398,#16420,#16432));
#16296 = ADVANCED_FACE('',(#16297),#16331,.F.);
#16297 = FACE_BOUND('',#16298,.F.);
#16298 = EDGE_LOOP('',(#16299,#16309,#16317,#16325));
#16299 = ORIENTED_EDGE('',*,*,#16300,.F.);
#16300 = EDGE_CURVE('',#16301,#16303,#16305,.T.);
#16301 = VERTEX_POINT('',#16302);
#16302 = CARTESIAN_POINT('',(16.53,15.175,13.6));
#16303 = VERTEX_POINT('',#16304);
#16304 = CARTESIAN_POINT('',(16.53,15.175,14.15));
#16305 = LINE('',#16306,#16307);
#16306 = CARTESIAN_POINT('',(16.53,15.175,13.6));
#16307 = VECTOR('',#16308,1.);
#16308 = DIRECTION('',(0.,0.,1.));
#16309 = ORIENTED_EDGE('',*,*,#16310,.T.);
#16310 = EDGE_CURVE('',#16301,#16311,#16313,.T.);
#16311 = VERTEX_POINT('',#16312);
#16312 = CARTESIAN_POINT('',(16.53,16.225,13.6));
#16313 = LINE('',#16314,#16315);
#16314 = CARTESIAN_POINT('',(16.53,15.175,13.6));
#16315 = VECTOR('',#16316,1.);
#16316 = DIRECTION('',(0.,1.,0.));
#16317 = ORIENTED_EDGE('',*,*,#16318,.T.);
#16318 = EDGE_CURVE('',#16311,#16319,#16321,.T.);
#16319 = VERTEX_POINT('',#16320);
#16320 = CARTESIAN_POINT('',(16.53,16.225,14.15));
#16321 = LINE('',#16322,#16323);
#16322 = CARTESIAN_POINT('',(16.53,16.225,13.6));
#16323 = VECTOR('',#16324,1.);
#16324 = DIRECTION('',(0.,0.,1.));
#16325 = ORIENTED_EDGE('',*,*,#16326,.F.);
#16326 = EDGE_CURVE('',#16303,#16319,#16327,.T.);
#16327 = LINE('',#16328,#16329);
#16328 = CARTESIAN_POINT('',(16.53,15.175,14.15));
#16329 = VECTOR('',#16330,1.);
#16330 = DIRECTION('',(0.,1.,0.));
#16331 = PLANE('',#16332);
#16332 = AXIS2_PLACEMENT_3D('',#16333,#16334,#16335);
#16333 = CARTESIAN_POINT('',(16.53,15.175,13.6));
#16334 = DIRECTION('',(1.,0.,0.));
#16335 = DIRECTION('',(0.,0.,1.));
#16336 = ADVANCED_FACE('',(#16337),#16371,.T.);
#16337 = FACE_BOUND('',#16338,.T.);
#16338 = EDGE_LOOP('',(#16339,#16349,#16357,#16365));
#16339 = ORIENTED_EDGE('',*,*,#16340,.F.);
#16340 = EDGE_CURVE('',#16341,#16343,#16345,.T.);
#16341 = VERTEX_POINT('',#16342);
#16342 = CARTESIAN_POINT('',(17.07,15.175,13.6));
#16343 = VERTEX_POINT('',#16344);
#16344 = CARTESIAN_POINT('',(17.07,15.175,14.15));
#16345 = LINE('',#16346,#16347);
#16346 = CARTESIAN_POINT('',(17.07,15.175,13.6));
#16347 = VECTOR('',#16348,1.);
#16348 = DIRECTION('',(0.,0.,1.));
#16349 = ORIENTED_EDGE('',*,*,#16350,.T.);
#16350 = EDGE_CURVE('',#16341,#16351,#16353,.T.);
#16351 = VERTEX_POINT('',#16352);
#16352 = CARTESIAN_POINT('',(17.07,16.225,13.6));
#16353 = LINE('',#16354,#16355);
#16354 = CARTESIAN_POINT('',(17.07,15.175,13.6));
#16355 = VECTOR('',#16356,1.);
#16356 = DIRECTION('',(0.,1.,0.));
#16357 = ORIENTED_EDGE('',*,*,#16358,.T.);
#16358 = EDGE_CURVE('',#16351,#16359,#16361,.T.);
#16359 = VERTEX_POINT('',#16360);
#16360 = CARTESIAN_POINT('',(17.07,16.225,14.15));
#16361 = LINE('',#16362,#16363);
#16362 = CARTESIAN_POINT('',(17.07,16.225,13.6));
#16363 = VECTOR('',#16364,1.);
#16364 = DIRECTION('',(0.,0.,1.));
#16365 = ORIENTED_EDGE('',*,*,#16366,.F.);
#16366 = EDGE_CURVE('',#16343,#16359,#16367,.T.);
#16367 = LINE('',#16368,#16369);
#16368 = CARTESIAN_POINT('',(17.07,15.175,14.15));
#16369 = VECTOR('',#16370,1.);
#16370 = DIRECTION('',(0.,1.,0.));
#16371 = PLANE('',#16372);
#16372 = AXIS2_PLACEMENT_3D('',#16373,#16374,#16375);
#16373 = CARTESIAN_POINT('',(17.07,15.175,13.6));
#16374 = DIRECTION('',(1.,0.,0.));
#16375 = DIRECTION('',(0.,0.,1.));
#16376 = ADVANCED_FACE('',(#16377),#16393,.F.);
#16377 = FACE_BOUND('',#16378,.F.);
#16378 = EDGE_LOOP('',(#16379,#16385,#16386,#16392));
#16379 = ORIENTED_EDGE('',*,*,#16380,.F.);
#16380 = EDGE_CURVE('',#16301,#16341,#16381,.T.);
#16381 = LINE('',#16382,#16383);
#16382 = CARTESIAN_POINT('',(16.53,15.175,13.6));
#16383 = VECTOR('',#16384,1.);
#16384 = DIRECTION('',(1.,0.,0.));
#16385 = ORIENTED_EDGE('',*,*,#16300,.T.);
#16386 = ORIENTED_EDGE('',*,*,#16387,.T.);
#16387 = EDGE_CURVE('',#16303,#16343,#16388,.T.);
#16388 = LINE('',#16389,#16390);
#16389 = CARTESIAN_POINT('',(16.53,15.175,14.15));
#16390 = VECTOR('',#16391,1.);
#16391 = DIRECTION('',(1.,0.,0.));
#16392 = ORIENTED_EDGE('',*,*,#16340,.F.);
#16393 = PLANE('',#16394);
#16394 = AXIS2_PLACEMENT_3D('',#16395,#16396,#16397);
#16395 = CARTESIAN_POINT('',(16.53,15.175,13.6));
#16396 = DIRECTION('',(0.,1.,0.));
#16397 = DIRECTION('',(0.,0.,1.));
#16398 = ADVANCED_FACE('',(#16399),#16415,.T.);
#16399 = FACE_BOUND('',#16400,.T.);
#16400 = EDGE_LOOP('',(#16401,#16407,#16408,#16414));
#16401 = ORIENTED_EDGE('',*,*,#16402,.F.);
#16402 = EDGE_CURVE('',#16311,#16351,#16403,.T.);
#16403 = LINE('',#16404,#16405);
#16404 = CARTESIAN_POINT('',(16.53,16.225,13.6));
#16405 = VECTOR('',#16406,1.);
#16406 = DIRECTION('',(1.,0.,0.));
#16407 = ORIENTED_EDGE('',*,*,#16318,.T.);
#16408 = ORIENTED_EDGE('',*,*,#16409,.T.);
#16409 = EDGE_CURVE('',#16319,#16359,#16410,.T.);
#16410 = LINE('',#16411,#16412);
#16411 = CARTESIAN_POINT('',(16.53,16.225,14.15));
#16412 = VECTOR('',#16413,1.);
#16413 = DIRECTION('',(1.,0.,0.));
#16414 = ORIENTED_EDGE('',*,*,#16358,.F.);
#16415 = PLANE('',#16416);
#16416 = AXIS2_PLACEMENT_3D('',#16417,#16418,#16419);
#16417 = CARTESIAN_POINT('',(16.53,16.225,13.6));
#16418 = DIRECTION('',(0.,1.,0.));
#16419 = DIRECTION('',(0.,0.,1.));
#16420 = ADVANCED_FACE('',(#16421),#16427,.F.);
#16421 = FACE_BOUND('',#16422,.F.);
#16422 = EDGE_LOOP('',(#16423,#16424,#16425,#16426));
#16423 = ORIENTED_EDGE('',*,*,#16310,.F.);
#16424 = ORIENTED_EDGE('',*,*,#16380,.T.);
#16425 = ORIENTED_EDGE('',*,*,#16350,.T.);
#16426 = ORIENTED_EDGE('',*,*,#16402,.F.);
#16427 = PLANE('',#16428);
#16428 = AXIS2_PLACEMENT_3D('',#16429,#16430,#16431);
#16429 = CARTESIAN_POINT('',(16.53,15.175,13.6));
#16430 = DIRECTION('',(0.,0.,1.));
#16431 = DIRECTION('',(1.,0.,0.));
#16432 = ADVANCED_FACE('',(#16433),#16439,.T.);
#16433 = FACE_BOUND('',#16434,.T.);
#16434 = EDGE_LOOP('',(#16435,#16436,#16437,#16438));
#16435 = ORIENTED_EDGE('',*,*,#16326,.F.);
#16436 = ORIENTED_EDGE('',*,*,#16387,.T.);
#16437 = ORIENTED_EDGE('',*,*,#16366,.T.);
#16438 = ORIENTED_EDGE('',*,*,#16409,.F.);
#16439 = PLANE('',#16440);
#16440 = AXIS2_PLACEMENT_3D('',#16441,#16442,#16443);
#16441 = CARTESIAN_POINT('',(16.53,15.175,14.15));
#16442 = DIRECTION('',(0.,0.,1.));
#16443 = DIRECTION('',(1.,0.,0.));
#16444 = MANIFOLD_SOLID_BREP('',#16445);
#16445 = CLOSED_SHELL('',(#16446,#16486,#16526,#16548,#16570,#16582));
#16446 = ADVANCED_FACE('',(#16447),#16481,.F.);
#16447 = FACE_BOUND('',#16448,.F.);
#16448 = EDGE_LOOP('',(#16449,#16459,#16467,#16475));
#16449 = ORIENTED_EDGE('',*,*,#16450,.F.);
#16450 = EDGE_CURVE('',#16451,#16453,#16455,.T.);
#16451 = VERTEX_POINT('',#16452);
#16452 = CARTESIAN_POINT('',(10.48,25.725,13.6));
#16453 = VERTEX_POINT('',#16454);
#16454 = CARTESIAN_POINT('',(10.48,25.725,14.15));
#16455 = LINE('',#16456,#16457);
#16456 = CARTESIAN_POINT('',(10.48,25.725,13.6));
#16457 = VECTOR('',#16458,1.);
#16458 = DIRECTION('',(0.,0.,1.));
#16459 = ORIENTED_EDGE('',*,*,#16460,.T.);
#16460 = EDGE_CURVE('',#16451,#16461,#16463,.T.);
#16461 = VERTEX_POINT('',#16462);
#16462 = CARTESIAN_POINT('',(10.48,26.775,13.6));
#16463 = LINE('',#16464,#16465);
#16464 = CARTESIAN_POINT('',(10.48,25.725,13.6));
#16465 = VECTOR('',#16466,1.);
#16466 = DIRECTION('',(0.,1.,0.));
#16467 = ORIENTED_EDGE('',*,*,#16468,.T.);
#16468 = EDGE_CURVE('',#16461,#16469,#16471,.T.);
#16469 = VERTEX_POINT('',#16470);
#16470 = CARTESIAN_POINT('',(10.48,26.775,14.15));
#16471 = LINE('',#16472,#16473);
#16472 = CARTESIAN_POINT('',(10.48,26.775,13.6));
#16473 = VECTOR('',#16474,1.);
#16474 = DIRECTION('',(0.,0.,1.));
#16475 = ORIENTED_EDGE('',*,*,#16476,.F.);
#16476 = EDGE_CURVE('',#16453,#16469,#16477,.T.);
#16477 = LINE('',#16478,#16479);
#16478 = CARTESIAN_POINT('',(10.48,25.725,14.15));
#16479 = VECTOR('',#16480,1.);
#16480 = DIRECTION('',(0.,1.,0.));
#16481 = PLANE('',#16482);
#16482 = AXIS2_PLACEMENT_3D('',#16483,#16484,#16485);
#16483 = CARTESIAN_POINT('',(10.48,25.725,13.6));
#16484 = DIRECTION('',(1.,0.,0.));
#16485 = DIRECTION('',(0.,0.,1.));
#16486 = ADVANCED_FACE('',(#16487),#16521,.T.);
#16487 = FACE_BOUND('',#16488,.T.);
#16488 = EDGE_LOOP('',(#16489,#16499,#16507,#16515));
#16489 = ORIENTED_EDGE('',*,*,#16490,.F.);
#16490 = EDGE_CURVE('',#16491,#16493,#16495,.T.);
#16491 = VERTEX_POINT('',#16492);
#16492 = CARTESIAN_POINT('',(11.02,25.725,13.6));
#16493 = VERTEX_POINT('',#16494);
#16494 = CARTESIAN_POINT('',(11.02,25.725,14.15));
#16495 = LINE('',#16496,#16497);
#16496 = CARTESIAN_POINT('',(11.02,25.725,13.6));
#16497 = VECTOR('',#16498,1.);
#16498 = DIRECTION('',(0.,0.,1.));
#16499 = ORIENTED_EDGE('',*,*,#16500,.T.);
#16500 = EDGE_CURVE('',#16491,#16501,#16503,.T.);
#16501 = VERTEX_POINT('',#16502);
#16502 = CARTESIAN_POINT('',(11.02,26.775,13.6));
#16503 = LINE('',#16504,#16505);
#16504 = CARTESIAN_POINT('',(11.02,25.725,13.6));
#16505 = VECTOR('',#16506,1.);
#16506 = DIRECTION('',(0.,1.,0.));
#16507 = ORIENTED_EDGE('',*,*,#16508,.T.);
#16508 = EDGE_CURVE('',#16501,#16509,#16511,.T.);
#16509 = VERTEX_POINT('',#16510);
#16510 = CARTESIAN_POINT('',(11.02,26.775,14.15));
#16511 = LINE('',#16512,#16513);
#16512 = CARTESIAN_POINT('',(11.02,26.775,13.6));
#16513 = VECTOR('',#16514,1.);
#16514 = DIRECTION('',(0.,0.,1.));
#16515 = ORIENTED_EDGE('',*,*,#16516,.F.);
#16516 = EDGE_CURVE('',#16493,#16509,#16517,.T.);
#16517 = LINE('',#16518,#16519);
#16518 = CARTESIAN_POINT('',(11.02,25.725,14.15));
#16519 = VECTOR('',#16520,1.);
#16520 = DIRECTION('',(0.,1.,0.));
#16521 = PLANE('',#16522);
#16522 = AXIS2_PLACEMENT_3D('',#16523,#16524,#16525);
#16523 = CARTESIAN_POINT('',(11.02,25.725,13.6));
#16524 = DIRECTION('',(1.,0.,0.));
#16525 = DIRECTION('',(0.,0.,1.));
#16526 = ADVANCED_FACE('',(#16527),#16543,.F.);
#16527 = FACE_BOUND('',#16528,.F.);
#16528 = EDGE_LOOP('',(#16529,#16535,#16536,#16542));
#16529 = ORIENTED_EDGE('',*,*,#16530,.F.);
#16530 = EDGE_CURVE('',#16451,#16491,#16531,.T.);
#16531 = LINE('',#16532,#16533);
#16532 = CARTESIAN_POINT('',(10.48,25.725,13.6));
#16533 = VECTOR('',#16534,1.);
#16534 = DIRECTION('',(1.,0.,0.));
#16535 = ORIENTED_EDGE('',*,*,#16450,.T.);
#16536 = ORIENTED_EDGE('',*,*,#16537,.T.);
#16537 = EDGE_CURVE('',#16453,#16493,#16538,.T.);
#16538 = LINE('',#16539,#16540);
#16539 = CARTESIAN_POINT('',(10.48,25.725,14.15));
#16540 = VECTOR('',#16541,1.);
#16541 = DIRECTION('',(1.,0.,0.));
#16542 = ORIENTED_EDGE('',*,*,#16490,.F.);
#16543 = PLANE('',#16544);
#16544 = AXIS2_PLACEMENT_3D('',#16545,#16546,#16547);
#16545 = CARTESIAN_POINT('',(10.48,25.725,13.6));
#16546 = DIRECTION('',(0.,1.,0.));
#16547 = DIRECTION('',(0.,0.,1.));
#16548 = ADVANCED_FACE('',(#16549),#16565,.T.);
#16549 = FACE_BOUND('',#16550,.T.);
#16550 = EDGE_LOOP('',(#16551,#16557,#16558,#16564));
#16551 = ORIENTED_EDGE('',*,*,#16552,.F.);
#16552 = EDGE_CURVE('',#16461,#16501,#16553,.T.);
#16553 = LINE('',#16554,#16555);
#16554 = CARTESIAN_POINT('',(10.48,26.775,13.6));
#16555 = VECTOR('',#16556,1.);
#16556 = DIRECTION('',(1.,0.,0.));
#16557 = ORIENTED_EDGE('',*,*,#16468,.T.);
#16558 = ORIENTED_EDGE('',*,*,#16559,.T.);
#16559 = EDGE_CURVE('',#16469,#16509,#16560,.T.);
#16560 = LINE('',#16561,#16562);
#16561 = CARTESIAN_POINT('',(10.48,26.775,14.15));
#16562 = VECTOR('',#16563,1.);
#16563 = DIRECTION('',(1.,0.,0.));
#16564 = ORIENTED_EDGE('',*,*,#16508,.F.);
#16565 = PLANE('',#16566);
#16566 = AXIS2_PLACEMENT_3D('',#16567,#16568,#16569);
#16567 = CARTESIAN_POINT('',(10.48,26.775,13.6));
#16568 = DIRECTION('',(0.,1.,0.));
#16569 = DIRECTION('',(0.,0.,1.));
#16570 = ADVANCED_FACE('',(#16571),#16577,.F.);
#16571 = FACE_BOUND('',#16572,.F.);
#16572 = EDGE_LOOP('',(#16573,#16574,#16575,#16576));
#16573 = ORIENTED_EDGE('',*,*,#16460,.F.);
#16574 = ORIENTED_EDGE('',*,*,#16530,.T.);
#16575 = ORIENTED_EDGE('',*,*,#16500,.T.);
#16576 = ORIENTED_EDGE('',*,*,#16552,.F.);
#16577 = PLANE('',#16578);
#16578 = AXIS2_PLACEMENT_3D('',#16579,#16580,#16581);
#16579 = CARTESIAN_POINT('',(10.48,25.725,13.6));
#16580 = DIRECTION('',(0.,0.,1.));
#16581 = DIRECTION('',(1.,0.,0.));
#16582 = ADVANCED_FACE('',(#16583),#16589,.T.);
#16583 = FACE_BOUND('',#16584,.T.);
#16584 = EDGE_LOOP('',(#16585,#16586,#16587,#16588));
#16585 = ORIENTED_EDGE('',*,*,#16476,.F.);
#16586 = ORIENTED_EDGE('',*,*,#16537,.T.);
#16587 = ORIENTED_EDGE('',*,*,#16516,.T.);
#16588 = ORIENTED_EDGE('',*,*,#16559,.F.);
#16589 = PLANE('',#16590);
#16590 = AXIS2_PLACEMENT_3D('',#16591,#16592,#16593);
#16591 = CARTESIAN_POINT('',(10.48,25.725,14.15));
#16592 = DIRECTION('',(0.,0.,1.));
#16593 = DIRECTION('',(1.,0.,0.));
#16594 = MANIFOLD_SOLID_BREP('',#16595);
#16595 = CLOSED_SHELL('',(#16596,#16636,#16676,#16698,#16720,#16732));
#16596 = ADVANCED_FACE('',(#16597),#16631,.F.);
#16597 = FACE_BOUND('',#16598,.F.);
#16598 = EDGE_LOOP('',(#16599,#16609,#16617,#16625));
#16599 = ORIENTED_EDGE('',*,*,#16600,.F.);
#16600 = EDGE_CURVE('',#16601,#16603,#16605,.T.);
#16601 = VERTEX_POINT('',#16602);
#16602 = CARTESIAN_POINT('',(1.75,30.125,13.6));
#16603 = VERTEX_POINT('',#16604);
#16604 = CARTESIAN_POINT('',(1.75,30.125,15.05));
#16605 = LINE('',#16606,#16607);
#16606 = CARTESIAN_POINT('',(1.75,30.125,13.6));
#16607 = VECTOR('',#16608,1.);
#16608 = DIRECTION('',(0.,0.,1.));
#16609 = ORIENTED_EDGE('',*,*,#16610,.T.);
#16610 = EDGE_CURVE('',#16601,#16611,#16613,.T.);
#16611 = VERTEX_POINT('',#16612);
#16612 = CARTESIAN_POINT('',(1.75,31.375,13.6));
#16613 = LINE('',#16614,#16615);
#16614 = CARTESIAN_POINT('',(1.75,30.125,13.6));
#16615 = VECTOR('',#16616,1.);
#16616 = DIRECTION('',(0.,1.,0.));
#16617 = ORIENTED_EDGE('',*,*,#16618,.T.);
#16618 = EDGE_CURVE('',#16611,#16619,#16621,.T.);
#16619 = VERTEX_POINT('',#16620);
#16620 = CARTESIAN_POINT('',(1.75,31.375,15.05));
#16621 = LINE('',#16622,#16623);
#16622 = CARTESIAN_POINT('',(1.75,31.375,13.6));
#16623 = VECTOR('',#16624,1.);
#16624 = DIRECTION('',(0.,0.,1.));
#16625 = ORIENTED_EDGE('',*,*,#16626,.F.);
#16626 = EDGE_CURVE('',#16603,#16619,#16627,.T.);
#16627 = LINE('',#16628,#16629);
#16628 = CARTESIAN_POINT('',(1.75,30.125,15.05));
#16629 = VECTOR('',#16630,1.);
#16630 = DIRECTION('',(0.,1.,0.));
#16631 = PLANE('',#16632);
#16632 = AXIS2_PLACEMENT_3D('',#16633,#16634,#16635);
#16633 = CARTESIAN_POINT('',(1.75,30.125,13.6));
#16634 = DIRECTION('',(1.,0.,0.));
#16635 = DIRECTION('',(0.,0.,1.));
#16636 = ADVANCED_FACE('',(#16637),#16671,.T.);
#16637 = FACE_BOUND('',#16638,.T.);
#16638 = EDGE_LOOP('',(#16639,#16649,#16657,#16665));
#16639 = ORIENTED_EDGE('',*,*,#16640,.F.);
#16640 = EDGE_CURVE('',#16641,#16643,#16645,.T.);
#16641 = VERTEX_POINT('',#16642);
#16642 = CARTESIAN_POINT('',(3.75,30.125,13.6));
#16643 = VERTEX_POINT('',#16644);
#16644 = CARTESIAN_POINT('',(3.75,30.125,15.05));
#16645 = LINE('',#16646,#16647);
#16646 = CARTESIAN_POINT('',(3.75,30.125,13.6));
#16647 = VECTOR('',#16648,1.);
#16648 = DIRECTION('',(0.,0.,1.));
#16649 = ORIENTED_EDGE('',*,*,#16650,.T.);
#16650 = EDGE_CURVE('',#16641,#16651,#16653,.T.);
#16651 = VERTEX_POINT('',#16652);
#16652 = CARTESIAN_POINT('',(3.75,31.375,13.6));
#16653 = LINE('',#16654,#16655);
#16654 = CARTESIAN_POINT('',(3.75,30.125,13.6));
#16655 = VECTOR('',#16656,1.);
#16656 = DIRECTION('',(0.,1.,0.));
#16657 = ORIENTED_EDGE('',*,*,#16658,.T.);
#16658 = EDGE_CURVE('',#16651,#16659,#16661,.T.);
#16659 = VERTEX_POINT('',#16660);
#16660 = CARTESIAN_POINT('',(3.75,31.375,15.05));
#16661 = LINE('',#16662,#16663);
#16662 = CARTESIAN_POINT('',(3.75,31.375,13.6));
#16663 = VECTOR('',#16664,1.);
#16664 = DIRECTION('',(0.,0.,1.));
#16665 = ORIENTED_EDGE('',*,*,#16666,.F.);
#16666 = EDGE_CURVE('',#16643,#16659,#16667,.T.);
#16667 = LINE('',#16668,#16669);
#16668 = CARTESIAN_POINT('',(3.75,30.125,15.05));
#16669 = VECTOR('',#16670,1.);
#16670 = DIRECTION('',(0.,1.,0.));
#16671 = PLANE('',#16672);
#16672 = AXIS2_PLACEMENT_3D('',#16673,#16674,#16675);
#16673 = CARTESIAN_POINT('',(3.75,30.125,13.6));
#16674 = DIRECTION('',(1.,0.,0.));
#16675 = DIRECTION('',(0.,0.,1.));
#16676 = ADVANCED_FACE('',(#16677),#16693,.F.);
#16677 = FACE_BOUND('',#16678,.F.);
#16678 = EDGE_LOOP('',(#16679,#16685,#16686,#16692));
#16679 = ORIENTED_EDGE('',*,*,#16680,.F.);
#16680 = EDGE_CURVE('',#16601,#16641,#16681,.T.);
#16681 = LINE('',#16682,#16683);
#16682 = CARTESIAN_POINT('',(1.75,30.125,13.6));
#16683 = VECTOR('',#16684,1.);
#16684 = DIRECTION('',(1.,0.,0.));
#16685 = ORIENTED_EDGE('',*,*,#16600,.T.);
#16686 = ORIENTED_EDGE('',*,*,#16687,.T.);
#16687 = EDGE_CURVE('',#16603,#16643,#16688,.T.);
#16688 = LINE('',#16689,#16690);
#16689 = CARTESIAN_POINT('',(1.75,30.125,15.05));
#16690 = VECTOR('',#16691,1.);
#16691 = DIRECTION('',(1.,0.,0.));
#16692 = ORIENTED_EDGE('',*,*,#16640,.F.);
#16693 = PLANE('',#16694);
#16694 = AXIS2_PLACEMENT_3D('',#16695,#16696,#16697);
#16695 = CARTESIAN_POINT('',(1.75,30.125,13.6));
#16696 = DIRECTION('',(0.,1.,0.));
#16697 = DIRECTION('',(0.,0.,1.));
#16698 = ADVANCED_FACE('',(#16699),#16715,.T.);
#16699 = FACE_BOUND('',#16700,.T.);
#16700 = EDGE_LOOP('',(#16701,#16707,#16708,#16714));
#16701 = ORIENTED_EDGE('',*,*,#16702,.F.);
#16702 = EDGE_CURVE('',#16611,#16651,#16703,.T.);
#16703 = LINE('',#16704,#16705);
#16704 = CARTESIAN_POINT('',(1.75,31.375,13.6));
#16705 = VECTOR('',#16706,1.);
#16706 = DIRECTION('',(1.,0.,0.));
#16707 = ORIENTED_EDGE('',*,*,#16618,.T.);
#16708 = ORIENTED_EDGE('',*,*,#16709,.T.);
#16709 = EDGE_CURVE('',#16619,#16659,#16710,.T.);
#16710 = LINE('',#16711,#16712);
#16711 = CARTESIAN_POINT('',(1.75,31.375,15.05));
#16712 = VECTOR('',#16713,1.);
#16713 = DIRECTION('',(1.,0.,0.));
#16714 = ORIENTED_EDGE('',*,*,#16658,.F.);
#16715 = PLANE('',#16716);
#16716 = AXIS2_PLACEMENT_3D('',#16717,#16718,#16719);
#16717 = CARTESIAN_POINT('',(1.75,31.375,13.6));
#16718 = DIRECTION('',(0.,1.,0.));
#16719 = DIRECTION('',(0.,0.,1.));
#16720 = ADVANCED_FACE('',(#16721),#16727,.F.);
#16721 = FACE_BOUND('',#16722,.F.);
#16722 = EDGE_LOOP('',(#16723,#16724,#16725,#16726));
#16723 = ORIENTED_EDGE('',*,*,#16610,.F.);
#16724 = ORIENTED_EDGE('',*,*,#16680,.T.);
#16725 = ORIENTED_EDGE('',*,*,#16650,.T.);
#16726 = ORIENTED_EDGE('',*,*,#16702,.F.);
#16727 = PLANE('',#16728);
#16728 = AXIS2_PLACEMENT_3D('',#16729,#16730,#16731);
#16729 = CARTESIAN_POINT('',(1.75,30.125,13.6));
#16730 = DIRECTION('',(0.,0.,1.));
#16731 = DIRECTION('',(1.,0.,0.));
#16732 = ADVANCED_FACE('',(#16733),#16739,.T.);
#16733 = FACE_BOUND('',#16734,.T.);
#16734 = EDGE_LOOP('',(#16735,#16736,#16737,#16738));
#16735 = ORIENTED_EDGE('',*,*,#16626,.F.);
#16736 = ORIENTED_EDGE('',*,*,#16687,.T.);
#16737 = ORIENTED_EDGE('',*,*,#16666,.T.);
#16738 = ORIENTED_EDGE('',*,*,#16709,.F.);
#16739 = PLANE('',#16740);
#16740 = AXIS2_PLACEMENT_3D('',#16741,#16742,#16743);
#16741 = CARTESIAN_POINT('',(1.75,30.125,15.05));
#16742 = DIRECTION('',(0.,0.,1.));
#16743 = DIRECTION('',(1.,0.,0.));
#16744 = MANIFOLD_SOLID_BREP('',#16745);
#16745 = CLOSED_SHELL('',(#16746,#16786,#16826,#16848,#16870,#16882));
#16746 = ADVANCED_FACE('',(#16747),#16781,.F.);
#16747 = FACE_BOUND('',#16748,.F.);
#16748 = EDGE_LOOP('',(#16749,#16759,#16767,#16775));
#16749 = ORIENTED_EDGE('',*,*,#16750,.F.);
#16750 = EDGE_CURVE('',#16751,#16753,#16755,.T.);
#16751 = VERTEX_POINT('',#16752);
#16752 = CARTESIAN_POINT('',(2.48,17.225,13.6));
#16753 = VERTEX_POINT('',#16754);
#16754 = CARTESIAN_POINT('',(2.48,17.225,14.15));
#16755 = LINE('',#16756,#16757);
#16756 = CARTESIAN_POINT('',(2.48,17.225,13.6));
#16757 = VECTOR('',#16758,1.);
#16758 = DIRECTION('',(0.,0.,1.));
#16759 = ORIENTED_EDGE('',*,*,#16760,.T.);
#16760 = EDGE_CURVE('',#16751,#16761,#16763,.T.);
#16761 = VERTEX_POINT('',#16762);
#16762 = CARTESIAN_POINT('',(2.48,18.275,13.6));
#16763 = LINE('',#16764,#16765);
#16764 = CARTESIAN_POINT('',(2.48,17.225,13.6));
#16765 = VECTOR('',#16766,1.);
#16766 = DIRECTION('',(0.,1.,0.));
#16767 = ORIENTED_EDGE('',*,*,#16768,.T.);
#16768 = EDGE_CURVE('',#16761,#16769,#16771,.T.);
#16769 = VERTEX_POINT('',#16770);
#16770 = CARTESIAN_POINT('',(2.48,18.275,14.15));
#16771 = LINE('',#16772,#16773);
#16772 = CARTESIAN_POINT('',(2.48,18.275,13.6));
#16773 = VECTOR('',#16774,1.);
#16774 = DIRECTION('',(0.,0.,1.));
#16775 = ORIENTED_EDGE('',*,*,#16776,.F.);
#16776 = EDGE_CURVE('',#16753,#16769,#16777,.T.);
#16777 = LINE('',#16778,#16779);
#16778 = CARTESIAN_POINT('',(2.48,17.225,14.15));
#16779 = VECTOR('',#16780,1.);
#16780 = DIRECTION('',(0.,1.,0.));
#16781 = PLANE('',#16782);
#16782 = AXIS2_PLACEMENT_3D('',#16783,#16784,#16785);
#16783 = CARTESIAN_POINT('',(2.48,17.225,13.6));
#16784 = DIRECTION('',(1.,0.,0.));
#16785 = DIRECTION('',(0.,0.,1.));
#16786 = ADVANCED_FACE('',(#16787),#16821,.T.);
#16787 = FACE_BOUND('',#16788,.T.);
#16788 = EDGE_LOOP('',(#16789,#16799,#16807,#16815));
#16789 = ORIENTED_EDGE('',*,*,#16790,.F.);
#16790 = EDGE_CURVE('',#16791,#16793,#16795,.T.);
#16791 = VERTEX_POINT('',#16792);
#16792 = CARTESIAN_POINT('',(3.02,17.225,13.6));
#16793 = VERTEX_POINT('',#16794);
#16794 = CARTESIAN_POINT('',(3.02,17.225,14.15));
#16795 = LINE('',#16796,#16797);
#16796 = CARTESIAN_POINT('',(3.02,17.225,13.6));
#16797 = VECTOR('',#16798,1.);
#16798 = DIRECTION('',(0.,0.,1.));
#16799 = ORIENTED_EDGE('',*,*,#16800,.T.);
#16800 = EDGE_CURVE('',#16791,#16801,#16803,.T.);
#16801 = VERTEX_POINT('',#16802);
#16802 = CARTESIAN_POINT('',(3.02,18.275,13.6));
#16803 = LINE('',#16804,#16805);
#16804 = CARTESIAN_POINT('',(3.02,17.225,13.6));
#16805 = VECTOR('',#16806,1.);
#16806 = DIRECTION('',(0.,1.,0.));
#16807 = ORIENTED_EDGE('',*,*,#16808,.T.);
#16808 = EDGE_CURVE('',#16801,#16809,#16811,.T.);
#16809 = VERTEX_POINT('',#16810);
#16810 = CARTESIAN_POINT('',(3.02,18.275,14.15));
#16811 = LINE('',#16812,#16813);
#16812 = CARTESIAN_POINT('',(3.02,18.275,13.6));
#16813 = VECTOR('',#16814,1.);
#16814 = DIRECTION('',(0.,0.,1.));
#16815 = ORIENTED_EDGE('',*,*,#16816,.F.);
#16816 = EDGE_CURVE('',#16793,#16809,#16817,.T.);
#16817 = LINE('',#16818,#16819);
#16818 = CARTESIAN_POINT('',(3.02,17.225,14.15));
#16819 = VECTOR('',#16820,1.);
#16820 = DIRECTION('',(0.,1.,0.));
#16821 = PLANE('',#16822);
#16822 = AXIS2_PLACEMENT_3D('',#16823,#16824,#16825);
#16823 = CARTESIAN_POINT('',(3.02,17.225,13.6));
#16824 = DIRECTION('',(1.,0.,0.));
#16825 = DIRECTION('',(0.,0.,1.));
#16826 = ADVANCED_FACE('',(#16827),#16843,.F.);
#16827 = FACE_BOUND('',#16828,.F.);
#16828 = EDGE_LOOP('',(#16829,#16835,#16836,#16842));
#16829 = ORIENTED_EDGE('',*,*,#16830,.F.);
#16830 = EDGE_CURVE('',#16751,#16791,#16831,.T.);
#16831 = LINE('',#16832,#16833);
#16832 = CARTESIAN_POINT('',(2.48,17.225,13.6));
#16833 = VECTOR('',#16834,1.);
#16834 = DIRECTION('',(1.,0.,0.));
#16835 = ORIENTED_EDGE('',*,*,#16750,.T.);
#16836 = ORIENTED_EDGE('',*,*,#16837,.T.);
#16837 = EDGE_CURVE('',#16753,#16793,#16838,.T.);
#16838 = LINE('',#16839,#16840);
#16839 = CARTESIAN_POINT('',(2.48,17.225,14.15));
#16840 = VECTOR('',#16841,1.);
#16841 = DIRECTION('',(1.,0.,0.));
#16842 = ORIENTED_EDGE('',*,*,#16790,.F.);
#16843 = PLANE('',#16844);
#16844 = AXIS2_PLACEMENT_3D('',#16845,#16846,#16847);
#16845 = CARTESIAN_POINT('',(2.48,17.225,13.6));
#16846 = DIRECTION('',(0.,1.,0.));
#16847 = DIRECTION('',(0.,0.,1.));
#16848 = ADVANCED_FACE('',(#16849),#16865,.T.);
#16849 = FACE_BOUND('',#16850,.T.);
#16850 = EDGE_LOOP('',(#16851,#16857,#16858,#16864));
#16851 = ORIENTED_EDGE('',*,*,#16852,.F.);
#16852 = EDGE_CURVE('',#16761,#16801,#16853,.T.);
#16853 = LINE('',#16854,#16855);
#16854 = CARTESIAN_POINT('',(2.48,18.275,13.6));
#16855 = VECTOR('',#16856,1.);
#16856 = DIRECTION('',(1.,0.,0.));
#16857 = ORIENTED_EDGE('',*,*,#16768,.T.);
#16858 = ORIENTED_EDGE('',*,*,#16859,.T.);
#16859 = EDGE_CURVE('',#16769,#16809,#16860,.T.);
#16860 = LINE('',#16861,#16862);
#16861 = CARTESIAN_POINT('',(2.48,18.275,14.15));
#16862 = VECTOR('',#16863,1.);
#16863 = DIRECTION('',(1.,0.,0.));
#16864 = ORIENTED_EDGE('',*,*,#16808,.F.);
#16865 = PLANE('',#16866);
#16866 = AXIS2_PLACEMENT_3D('',#16867,#16868,#16869);
#16867 = CARTESIAN_POINT('',(2.48,18.275,13.6));
#16868 = DIRECTION('',(0.,1.,0.));
#16869 = DIRECTION('',(0.,0.,1.));
#16870 = ADVANCED_FACE('',(#16871),#16877,.F.);
#16871 = FACE_BOUND('',#16872,.F.);
#16872 = EDGE_LOOP('',(#16873,#16874,#16875,#16876));
#16873 = ORIENTED_EDGE('',*,*,#16760,.F.);
#16874 = ORIENTED_EDGE('',*,*,#16830,.T.);
#16875 = ORIENTED_EDGE('',*,*,#16800,.T.);
#16876 = ORIENTED_EDGE('',*,*,#16852,.F.);
#16877 = PLANE('',#16878);
#16878 = AXIS2_PLACEMENT_3D('',#16879,#16880,#16881);
#16879 = CARTESIAN_POINT('',(2.48,17.225,13.6));
#16880 = DIRECTION('',(0.,0.,1.));
#16881 = DIRECTION('',(1.,0.,0.));
#16882 = ADVANCED_FACE('',(#16883),#16889,.T.);
#16883 = FACE_BOUND('',#16884,.T.);
#16884 = EDGE_LOOP('',(#16885,#16886,#16887,#16888));
#16885 = ORIENTED_EDGE('',*,*,#16776,.F.);
#16886 = ORIENTED_EDGE('',*,*,#16837,.T.);
#16887 = ORIENTED_EDGE('',*,*,#16816,.T.);
#16888 = ORIENTED_EDGE('',*,*,#16859,.F.);
#16889 = PLANE('',#16890);
#16890 = AXIS2_PLACEMENT_3D('',#16891,#16892,#16893);
#16891 = CARTESIAN_POINT('',(2.48,17.225,14.15));
#16892 = DIRECTION('',(0.,0.,1.));
#16893 = DIRECTION('',(1.,0.,0.));
#16894 = MANIFOLD_SOLID_BREP('',#16895);
#16895 = CLOSED_SHELL('',(#16896,#16936,#16976,#16998,#17020,#17032));
#16896 = ADVANCED_FACE('',(#16897),#16931,.F.);
#16897 = FACE_BOUND('',#16898,.F.);
#16898 = EDGE_LOOP('',(#16899,#16909,#16917,#16925));
#16899 = ORIENTED_EDGE('',*,*,#16900,.F.);
#16900 = EDGE_CURVE('',#16901,#16903,#16905,.T.);
#16901 = VERTEX_POINT('',#16902);
#16902 = CARTESIAN_POINT('',(0.905,26.005,13.6));
#16903 = VERTEX_POINT('',#16904);
#16904 = CARTESIAN_POINT('',(0.905,26.005,15.05));
#16905 = LINE('',#16906,#16907);
#16906 = CARTESIAN_POINT('',(0.905,26.005,13.6));
#16907 = VECTOR('',#16908,1.);
#16908 = DIRECTION('',(0.,0.,1.));
#16909 = ORIENTED_EDGE('',*,*,#16910,.T.);
#16910 = EDGE_CURVE('',#16901,#16911,#16913,.T.);
#16911 = VERTEX_POINT('',#16912);
#16912 = CARTESIAN_POINT('',(0.905,29.495,13.6));
#16913 = LINE('',#16914,#16915);
#16914 = CARTESIAN_POINT('',(0.905,26.005,13.6));
#16915 = VECTOR('',#16916,1.);
#16916 = DIRECTION('',(0.,1.,0.));
#16917 = ORIENTED_EDGE('',*,*,#16918,.T.);
#16918 = EDGE_CURVE('',#16911,#16919,#16921,.T.);
#16919 = VERTEX_POINT('',#16920);
#16920 = CARTESIAN_POINT('',(0.905,29.495,15.05));
#16921 = LINE('',#16922,#16923);
#16922 = CARTESIAN_POINT('',(0.905,29.495,13.6));
#16923 = VECTOR('',#16924,1.);
#16924 = DIRECTION('',(0.,0.,1.));
#16925 = ORIENTED_EDGE('',*,*,#16926,.F.);
#16926 = EDGE_CURVE('',#16903,#16919,#16927,.T.);
#16927 = LINE('',#16928,#16929);
#16928 = CARTESIAN_POINT('',(0.905,26.005,15.05));
#16929 = VECTOR('',#16930,1.);
#16930 = DIRECTION('',(0.,1.,0.));
#16931 = PLANE('',#16932);
#16932 = AXIS2_PLACEMENT_3D('',#16933,#16934,#16935);
#16933 = CARTESIAN_POINT('',(0.905,26.005,13.6));
#16934 = DIRECTION('',(1.,0.,0.));
#16935 = DIRECTION('',(0.,0.,1.));
#16936 = ADVANCED_FACE('',(#16937),#16971,.T.);
#16937 = FACE_BOUND('',#16938,.T.);
#16938 = EDGE_LOOP('',(#16939,#16949,#16957,#16965));
#16939 = ORIENTED_EDGE('',*,*,#16940,.F.);
#16940 = EDGE_CURVE('',#16941,#16943,#16945,.T.);
#16941 = VERTEX_POINT('',#16942);
#16942 = CARTESIAN_POINT('',(5.095,26.005,13.6));
#16943 = VERTEX_POINT('',#16944);
#16944 = CARTESIAN_POINT('',(5.095,26.005,15.05));
#16945 = LINE('',#16946,#16947);
#16946 = CARTESIAN_POINT('',(5.095,26.005,13.6));
#16947 = VECTOR('',#16948,1.);
#16948 = DIRECTION('',(0.,0.,1.));
#16949 = ORIENTED_EDGE('',*,*,#16950,.T.);
#16950 = EDGE_CURVE('',#16941,#16951,#16953,.T.);
#16951 = VERTEX_POINT('',#16952);
#16952 = CARTESIAN_POINT('',(5.095,29.495,13.6));
#16953 = LINE('',#16954,#16955);
#16954 = CARTESIAN_POINT('',(5.095,26.005,13.6));
#16955 = VECTOR('',#16956,1.);
#16956 = DIRECTION('',(0.,1.,0.));
#16957 = ORIENTED_EDGE('',*,*,#16958,.T.);
#16958 = EDGE_CURVE('',#16951,#16959,#16961,.T.);
#16959 = VERTEX_POINT('',#16960);
#16960 = CARTESIAN_POINT('',(5.095,29.495,15.05));
#16961 = LINE('',#16962,#16963);
#16962 = CARTESIAN_POINT('',(5.095,29.495,13.6));
#16963 = VECTOR('',#16964,1.);
#16964 = DIRECTION('',(0.,0.,1.));
#16965 = ORIENTED_EDGE('',*,*,#16966,.F.);
#16966 = EDGE_CURVE('',#16943,#16959,#16967,.T.);
#16967 = LINE('',#16968,#16969);
#16968 = CARTESIAN_POINT('',(5.095,26.005,15.05));
#16969 = VECTOR('',#16970,1.);
#16970 = DIRECTION('',(0.,1.,0.));
#16971 = PLANE('',#16972);
#16972 = AXIS2_PLACEMENT_3D('',#16973,#16974,#16975);
#16973 = CARTESIAN_POINT('',(5.095,26.005,13.6));
#16974 = DIRECTION('',(1.,0.,0.));
#16975 = DIRECTION('',(0.,0.,1.));
#16976 = ADVANCED_FACE('',(#16977),#16993,.F.);
#16977 = FACE_BOUND('',#16978,.F.);
#16978 = EDGE_LOOP('',(#16979,#16985,#16986,#16992));
#16979 = ORIENTED_EDGE('',*,*,#16980,.F.);
#16980 = EDGE_CURVE('',#16901,#16941,#16981,.T.);
#16981 = LINE('',#16982,#16983);
#16982 = CARTESIAN_POINT('',(0.905,26.005,13.6));
#16983 = VECTOR('',#16984,1.);
#16984 = DIRECTION('',(1.,0.,0.));
#16985 = ORIENTED_EDGE('',*,*,#16900,.T.);
#16986 = ORIENTED_EDGE('',*,*,#16987,.T.);
#16987 = EDGE_CURVE('',#16903,#16943,#16988,.T.);
#16988 = LINE('',#16989,#16990);
#16989 = CARTESIAN_POINT('',(0.905,26.005,15.05));
#16990 = VECTOR('',#16991,1.);
#16991 = DIRECTION('',(1.,0.,0.));
#16992 = ORIENTED_EDGE('',*,*,#16940,.F.);
#16993 = PLANE('',#16994);
#16994 = AXIS2_PLACEMENT_3D('',#16995,#16996,#16997);
#16995 = CARTESIAN_POINT('',(0.905,26.005,13.6));
#16996 = DIRECTION('',(0.,1.,0.));
#16997 = DIRECTION('',(0.,0.,1.));
#16998 = ADVANCED_FACE('',(#16999),#17015,.T.);
#16999 = FACE_BOUND('',#17000,.T.);
#17000 = EDGE_LOOP('',(#17001,#17007,#17008,#17014));
#17001 = ORIENTED_EDGE('',*,*,#17002,.F.);
#17002 = EDGE_CURVE('',#16911,#16951,#17003,.T.);
#17003 = LINE('',#17004,#17005);
#17004 = CARTESIAN_POINT('',(0.905,29.495,13.6));
#17005 = VECTOR('',#17006,1.);
#17006 = DIRECTION('',(1.,0.,0.));
#17007 = ORIENTED_EDGE('',*,*,#16918,.T.);
#17008 = ORIENTED_EDGE('',*,*,#17009,.T.);
#17009 = EDGE_CURVE('',#16919,#16959,#17010,.T.);
#17010 = LINE('',#17011,#17012);
#17011 = CARTESIAN_POINT('',(0.905,29.495,15.05));
#17012 = VECTOR('',#17013,1.);
#17013 = DIRECTION('',(1.,0.,0.));
#17014 = ORIENTED_EDGE('',*,*,#16958,.F.);
#17015 = PLANE('',#17016);
#17016 = AXIS2_PLACEMENT_3D('',#17017,#17018,#17019);
#17017 = CARTESIAN_POINT('',(0.905,29.495,13.6));
#17018 = DIRECTION('',(0.,1.,0.));
#17019 = DIRECTION('',(0.,0.,1.));
#17020 = ADVANCED_FACE('',(#17021),#17027,.F.);
#17021 = FACE_BOUND('',#17022,.F.);
#17022 = EDGE_LOOP('',(#17023,#17024,#17025,#17026));
#17023 = ORIENTED_EDGE('',*,*,#16910,.F.);
#17024 = ORIENTED_EDGE('',*,*,#16980,.T.);
#17025 = ORIENTED_EDGE('',*,*,#16950,.T.);
#17026 = ORIENTED_EDGE('',*,*,#17002,.F.);
#17027 = PLANE('',#17028);
#17028 = AXIS2_PLACEMENT_3D('',#17029,#17030,#17031);
#17029 = CARTESIAN_POINT('',(0.905,26.005,13.6));
#17030 = DIRECTION('',(0.,0.,1.));
#17031 = DIRECTION('',(1.,0.,0.));
#17032 = ADVANCED_FACE('',(#17033),#17039,.T.);
#17033 = FACE_BOUND('',#17034,.T.);
#17034 = EDGE_LOOP('',(#17035,#17036,#17037,#17038));
#17035 = ORIENTED_EDGE('',*,*,#16926,.F.);
#17036 = ORIENTED_EDGE('',*,*,#16987,.T.);
#17037 = ORIENTED_EDGE('',*,*,#16966,.T.);
#17038 = ORIENTED_EDGE('',*,*,#17009,.F.);
#17039 = PLANE('',#17040);
#17040 = AXIS2_PLACEMENT_3D('',#17041,#17042,#17043);
#17041 = CARTESIAN_POINT('',(0.905,26.005,15.05));
#17042 = DIRECTION('',(0.,0.,1.));
#17043 = DIRECTION('',(1.,0.,0.));
#17044 = MANIFOLD_SOLID_BREP('',#17045);
#17045 = CLOSED_SHELL('',(#17046,#17086,#17126,#17148,#17170,#17182));
#17046 = ADVANCED_FACE('',(#17047),#17081,.F.);
#17047 = FACE_BOUND('',#17048,.F.);
#17048 = EDGE_LOOP('',(#17049,#17059,#17067,#17075));
#17049 = ORIENTED_EDGE('',*,*,#17050,.F.);
#17050 = EDGE_CURVE('',#17051,#17053,#17055,.T.);
#17051 = VERTEX_POINT('',#17052);
#17052 = CARTESIAN_POINT('',(21.48,29.725,13.6));
#17053 = VERTEX_POINT('',#17054);
#17054 = CARTESIAN_POINT('',(21.48,29.725,14.15));
#17055 = LINE('',#17056,#17057);
#17056 = CARTESIAN_POINT('',(21.48,29.725,13.6));
#17057 = VECTOR('',#17058,1.);
#17058 = DIRECTION('',(0.,0.,1.));
#17059 = ORIENTED_EDGE('',*,*,#17060,.T.);
#17060 = EDGE_CURVE('',#17051,#17061,#17063,.T.);
#17061 = VERTEX_POINT('',#17062);
#17062 = CARTESIAN_POINT('',(21.48,30.775,13.6));
#17063 = LINE('',#17064,#17065);
#17064 = CARTESIAN_POINT('',(21.48,29.725,13.6));
#17065 = VECTOR('',#17066,1.);
#17066 = DIRECTION('',(0.,1.,0.));
#17067 = ORIENTED_EDGE('',*,*,#17068,.T.);
#17068 = EDGE_CURVE('',#17061,#17069,#17071,.T.);
#17069 = VERTEX_POINT('',#17070);
#17070 = CARTESIAN_POINT('',(21.48,30.775,14.15));
#17071 = LINE('',#17072,#17073);
#17072 = CARTESIAN_POINT('',(21.48,30.775,13.6));
#17073 = VECTOR('',#17074,1.);
#17074 = DIRECTION('',(0.,0.,1.));
#17075 = ORIENTED_EDGE('',*,*,#17076,.F.);
#17076 = EDGE_CURVE('',#17053,#17069,#17077,.T.);
#17077 = LINE('',#17078,#17079);
#17078 = CARTESIAN_POINT('',(21.48,29.725,14.15));
#17079 = VECTOR('',#17080,1.);
#17080 = DIRECTION('',(0.,1.,0.));
#17081 = PLANE('',#17082);
#17082 = AXIS2_PLACEMENT_3D('',#17083,#17084,#17085);
#17083 = CARTESIAN_POINT('',(21.48,29.725,13.6));
#17084 = DIRECTION('',(1.,0.,0.));
#17085 = DIRECTION('',(0.,0.,1.));
#17086 = ADVANCED_FACE('',(#17087),#17121,.T.);
#17087 = FACE_BOUND('',#17088,.T.);
#17088 = EDGE_LOOP('',(#17089,#17099,#17107,#17115));
#17089 = ORIENTED_EDGE('',*,*,#17090,.F.);
#17090 = EDGE_CURVE('',#17091,#17093,#17095,.T.);
#17091 = VERTEX_POINT('',#17092);
#17092 = CARTESIAN_POINT('',(22.02,29.725,13.6));
#17093 = VERTEX_POINT('',#17094);
#17094 = CARTESIAN_POINT('',(22.02,29.725,14.15));
#17095 = LINE('',#17096,#17097);
#17096 = CARTESIAN_POINT('',(22.02,29.725,13.6));
#17097 = VECTOR('',#17098,1.);
#17098 = DIRECTION('',(0.,0.,1.));
#17099 = ORIENTED_EDGE('',*,*,#17100,.T.);
#17100 = EDGE_CURVE('',#17091,#17101,#17103,.T.);
#17101 = VERTEX_POINT('',#17102);
#17102 = CARTESIAN_POINT('',(22.02,30.775,13.6));
#17103 = LINE('',#17104,#17105);
#17104 = CARTESIAN_POINT('',(22.02,29.725,13.6));
#17105 = VECTOR('',#17106,1.);
#17106 = DIRECTION('',(0.,1.,0.));
#17107 = ORIENTED_EDGE('',*,*,#17108,.T.);
#17108 = EDGE_CURVE('',#17101,#17109,#17111,.T.);
#17109 = VERTEX_POINT('',#17110);
#17110 = CARTESIAN_POINT('',(22.02,30.775,14.15));
#17111 = LINE('',#17112,#17113);
#17112 = CARTESIAN_POINT('',(22.02,30.775,13.6));
#17113 = VECTOR('',#17114,1.);
#17114 = DIRECTION('',(0.,0.,1.));
#17115 = ORIENTED_EDGE('',*,*,#17116,.F.);
#17116 = EDGE_CURVE('',#17093,#17109,#17117,.T.);
#17117 = LINE('',#17118,#17119);
#17118 = CARTESIAN_POINT('',(22.02,29.725,14.15));
#17119 = VECTOR('',#17120,1.);
#17120 = DIRECTION('',(0.,1.,0.));
#17121 = PLANE('',#17122);
#17122 = AXIS2_PLACEMENT_3D('',#17123,#17124,#17125);
#17123 = CARTESIAN_POINT('',(22.02,29.725,13.6));
#17124 = DIRECTION('',(1.,0.,0.));
#17125 = DIRECTION('',(0.,0.,1.));
#17126 = ADVANCED_FACE('',(#17127),#17143,.F.);
#17127 = FACE_BOUND('',#17128,.F.);
#17128 = EDGE_LOOP('',(#17129,#17135,#17136,#17142));
#17129 = ORIENTED_EDGE('',*,*,#17130,.F.);
#17130 = EDGE_CURVE('',#17051,#17091,#17131,.T.);
#17131 = LINE('',#17132,#17133);
#17132 = CARTESIAN_POINT('',(21.48,29.725,13.6));
#17133 = VECTOR('',#17134,1.);
#17134 = DIRECTION('',(1.,0.,0.));
#17135 = ORIENTED_EDGE('',*,*,#17050,.T.);
#17136 = ORIENTED_EDGE('',*,*,#17137,.T.);
#17137 = EDGE_CURVE('',#17053,#17093,#17138,.T.);
#17138 = LINE('',#17139,#17140);
#17139 = CARTESIAN_POINT('',(21.48,29.725,14.15));
#17140 = VECTOR('',#17141,1.);
#17141 = DIRECTION('',(1.,0.,0.));
#17142 = ORIENTED_EDGE('',*,*,#17090,.F.);
#17143 = PLANE('',#17144);
#17144 = AXIS2_PLACEMENT_3D('',#17145,#17146,#17147);
#17145 = CARTESIAN_POINT('',(21.48,29.725,13.6));
#17146 = DIRECTION('',(0.,1.,0.));
#17147 = DIRECTION('',(0.,0.,1.));
#17148 = ADVANCED_FACE('',(#17149),#17165,.T.);
#17149 = FACE_BOUND('',#17150,.T.);
#17150 = EDGE_LOOP('',(#17151,#17157,#17158,#17164));
#17151 = ORIENTED_EDGE('',*,*,#17152,.F.);
#17152 = EDGE_CURVE('',#17061,#17101,#17153,.T.);
#17153 = LINE('',#17154,#17155);
#17154 = CARTESIAN_POINT('',(21.48,30.775,13.6));
#17155 = VECTOR('',#17156,1.);
#17156 = DIRECTION('',(1.,0.,0.));
#17157 = ORIENTED_EDGE('',*,*,#17068,.T.);
#17158 = ORIENTED_EDGE('',*,*,#17159,.T.);
#17159 = EDGE_CURVE('',#17069,#17109,#17160,.T.);
#17160 = LINE('',#17161,#17162);
#17161 = CARTESIAN_POINT('',(21.48,30.775,14.15));
#17162 = VECTOR('',#17163,1.);
#17163 = DIRECTION('',(1.,0.,0.));
#17164 = ORIENTED_EDGE('',*,*,#17108,.F.);
#17165 = PLANE('',#17166);
#17166 = AXIS2_PLACEMENT_3D('',#17167,#17168,#17169);
#17167 = CARTESIAN_POINT('',(21.48,30.775,13.6));
#17168 = DIRECTION('',(0.,1.,0.));
#17169 = DIRECTION('',(0.,0.,1.));
#17170 = ADVANCED_FACE('',(#17171),#17177,.F.);
#17171 = FACE_BOUND('',#17172,.F.);
#17172 = EDGE_LOOP('',(#17173,#17174,#17175,#17176));
#17173 = ORIENTED_EDGE('',*,*,#17060,.F.);
#17174 = ORIENTED_EDGE('',*,*,#17130,.T.);
#17175 = ORIENTED_EDGE('',*,*,#17100,.T.);
#17176 = ORIENTED_EDGE('',*,*,#17152,.F.);
#17177 = PLANE('',#17178);
#17178 = AXIS2_PLACEMENT_3D('',#17179,#17180,#17181);
#17179 = CARTESIAN_POINT('',(21.48,29.725,13.6));
#17180 = DIRECTION('',(0.,0.,1.));
#17181 = DIRECTION('',(1.,0.,0.));
#17182 = ADVANCED_FACE('',(#17183),#17189,.T.);
#17183 = FACE_BOUND('',#17184,.T.);
#17184 = EDGE_LOOP('',(#17185,#17186,#17187,#17188));
#17185 = ORIENTED_EDGE('',*,*,#17076,.F.);
#17186 = ORIENTED_EDGE('',*,*,#17137,.T.);
#17187 = ORIENTED_EDGE('',*,*,#17116,.T.);
#17188 = ORIENTED_EDGE('',*,*,#17159,.F.);
#17189 = PLANE('',#17190);
#17190 = AXIS2_PLACEMENT_3D('',#17191,#17192,#17193);
#17191 = CARTESIAN_POINT('',(21.48,29.725,14.15));
#17192 = DIRECTION('',(0.,0.,1.));
#17193 = DIRECTION('',(1.,0.,0.));
#17194 = MANIFOLD_SOLID_BREP('',#17195);
#17195 = CLOSED_SHELL('',(#17196,#17236,#17276,#17298,#17320,#17332));
#17196 = ADVANCED_FACE('',(#17197),#17231,.F.);
#17197 = FACE_BOUND('',#17198,.F.);
#17198 = EDGE_LOOP('',(#17199,#17209,#17217,#17225));
#17199 = ORIENTED_EDGE('',*,*,#17200,.F.);
#17200 = EDGE_CURVE('',#17201,#17203,#17205,.T.);
#17201 = VERTEX_POINT('',#17202);
#17202 = CARTESIAN_POINT('',(1.1,19.25,13.6));
#17203 = VERTEX_POINT('',#17204);
#17204 = CARTESIAN_POINT('',(1.1,19.25,14.5));
#17205 = LINE('',#17206,#17207);
#17206 = CARTESIAN_POINT('',(1.1,19.25,13.6));
#17207 = VECTOR('',#17208,1.);
#17208 = DIRECTION('',(0.,0.,1.));
#17209 = ORIENTED_EDGE('',*,*,#17210,.T.);
#17210 = EDGE_CURVE('',#17201,#17211,#17213,.T.);
#17211 = VERTEX_POINT('',#17212);
#17212 = CARTESIAN_POINT('',(1.1,20.25,13.6));
#17213 = LINE('',#17214,#17215);
#17214 = CARTESIAN_POINT('',(1.1,19.25,13.6));
#17215 = VECTOR('',#17216,1.);
#17216 = DIRECTION('',(0.,1.,0.));
#17217 = ORIENTED_EDGE('',*,*,#17218,.T.);
#17218 = EDGE_CURVE('',#17211,#17219,#17221,.T.);
#17219 = VERTEX_POINT('',#17220);
#17220 = CARTESIAN_POINT('',(1.1,20.25,14.5));
#17221 = LINE('',#17222,#17223);
#17222 = CARTESIAN_POINT('',(1.1,20.25,13.6));
#17223 = VECTOR('',#17224,1.);
#17224 = DIRECTION('',(0.,0.,1.));
#17225 = ORIENTED_EDGE('',*,*,#17226,.F.);
#17226 = EDGE_CURVE('',#17203,#17219,#17227,.T.);
#17227 = LINE('',#17228,#17229);
#17228 = CARTESIAN_POINT('',(1.1,19.25,14.5));
#17229 = VECTOR('',#17230,1.);
#17230 = DIRECTION('',(0.,1.,0.));
#17231 = PLANE('',#17232);
#17232 = AXIS2_PLACEMENT_3D('',#17233,#17234,#17235);
#17233 = CARTESIAN_POINT('',(1.1,19.25,13.6));
#17234 = DIRECTION('',(1.,0.,0.));
#17235 = DIRECTION('',(0.,0.,1.));
#17236 = ADVANCED_FACE('',(#17237),#17271,.T.);
#17237 = FACE_BOUND('',#17238,.T.);
#17238 = EDGE_LOOP('',(#17239,#17249,#17257,#17265));
#17239 = ORIENTED_EDGE('',*,*,#17240,.F.);
#17240 = EDGE_CURVE('',#17241,#17243,#17245,.T.);
#17241 = VERTEX_POINT('',#17242);
#17242 = CARTESIAN_POINT('',(2.9,19.25,13.6));
#17243 = VERTEX_POINT('',#17244);
#17244 = CARTESIAN_POINT('',(2.9,19.25,14.5));
#17245 = LINE('',#17246,#17247);
#17246 = CARTESIAN_POINT('',(2.9,19.25,13.6));
#17247 = VECTOR('',#17248,1.);
#17248 = DIRECTION('',(0.,0.,1.));
#17249 = ORIENTED_EDGE('',*,*,#17250,.T.);
#17250 = EDGE_CURVE('',#17241,#17251,#17253,.T.);
#17251 = VERTEX_POINT('',#17252);
#17252 = CARTESIAN_POINT('',(2.9,20.25,13.6));
#17253 = LINE('',#17254,#17255);
#17254 = CARTESIAN_POINT('',(2.9,19.25,13.6));
#17255 = VECTOR('',#17256,1.);
#17256 = DIRECTION('',(0.,1.,0.));
#17257 = ORIENTED_EDGE('',*,*,#17258,.T.);
#17258 = EDGE_CURVE('',#17251,#17259,#17261,.T.);
#17259 = VERTEX_POINT('',#17260);
#17260 = CARTESIAN_POINT('',(2.9,20.25,14.5));
#17261 = LINE('',#17262,#17263);
#17262 = CARTESIAN_POINT('',(2.9,20.25,13.6));
#17263 = VECTOR('',#17264,1.);
#17264 = DIRECTION('',(0.,0.,1.));
#17265 = ORIENTED_EDGE('',*,*,#17266,.F.);
#17266 = EDGE_CURVE('',#17243,#17259,#17267,.T.);
#17267 = LINE('',#17268,#17269);
#17268 = CARTESIAN_POINT('',(2.9,19.25,14.5));
#17269 = VECTOR('',#17270,1.);
#17270 = DIRECTION('',(0.,1.,0.));
#17271 = PLANE('',#17272);
#17272 = AXIS2_PLACEMENT_3D('',#17273,#17274,#17275);
#17273 = CARTESIAN_POINT('',(2.9,19.25,13.6));
#17274 = DIRECTION('',(1.,0.,0.));
#17275 = DIRECTION('',(0.,0.,1.));
#17276 = ADVANCED_FACE('',(#17277),#17293,.F.);
#17277 = FACE_BOUND('',#17278,.F.);
#17278 = EDGE_LOOP('',(#17279,#17285,#17286,#17292));
#17279 = ORIENTED_EDGE('',*,*,#17280,.F.);
#17280 = EDGE_CURVE('',#17201,#17241,#17281,.T.);
#17281 = LINE('',#17282,#17283);
#17282 = CARTESIAN_POINT('',(1.1,19.25,13.6));
#17283 = VECTOR('',#17284,1.);
#17284 = DIRECTION('',(1.,0.,0.));
#17285 = ORIENTED_EDGE('',*,*,#17200,.T.);
#17286 = ORIENTED_EDGE('',*,*,#17287,.T.);
#17287 = EDGE_CURVE('',#17203,#17243,#17288,.T.);
#17288 = LINE('',#17289,#17290);
#17289 = CARTESIAN_POINT('',(1.1,19.25,14.5));
#17290 = VECTOR('',#17291,1.);
#17291 = DIRECTION('',(1.,0.,0.));
#17292 = ORIENTED_EDGE('',*,*,#17240,.F.);
#17293 = PLANE('',#17294);
#17294 = AXIS2_PLACEMENT_3D('',#17295,#17296,#17297);
#17295 = CARTESIAN_POINT('',(1.1,19.25,13.6));
#17296 = DIRECTION('',(0.,1.,0.));
#17297 = DIRECTION('',(0.,0.,1.));
#17298 = ADVANCED_FACE('',(#17299),#17315,.T.);
#17299 = FACE_BOUND('',#17300,.T.);
#17300 = EDGE_LOOP('',(#17301,#17307,#17308,#17314));
#17301 = ORIENTED_EDGE('',*,*,#17302,.F.);
#17302 = EDGE_CURVE('',#17211,#17251,#17303,.T.);
#17303 = LINE('',#17304,#17305);
#17304 = CARTESIAN_POINT('',(1.1,20.25,13.6));
#17305 = VECTOR('',#17306,1.);
#17306 = DIRECTION('',(1.,0.,0.));
#17307 = ORIENTED_EDGE('',*,*,#17218,.T.);
#17308 = ORIENTED_EDGE('',*,*,#17309,.T.);
#17309 = EDGE_CURVE('',#17219,#17259,#17310,.T.);
#17310 = LINE('',#17311,#17312);
#17311 = CARTESIAN_POINT('',(1.1,20.25,14.5));
#17312 = VECTOR('',#17313,1.);
#17313 = DIRECTION('',(1.,0.,0.));
#17314 = ORIENTED_EDGE('',*,*,#17258,.F.);
#17315 = PLANE('',#17316);
#17316 = AXIS2_PLACEMENT_3D('',#17317,#17318,#17319);
#17317 = CARTESIAN_POINT('',(1.1,20.25,13.6));
#17318 = DIRECTION('',(0.,1.,0.));
#17319 = DIRECTION('',(0.,0.,1.));
#17320 = ADVANCED_FACE('',(#17321),#17327,.F.);
#17321 = FACE_BOUND('',#17322,.F.);
#17322 = EDGE_LOOP('',(#17323,#17324,#17325,#17326));
#17323 = ORIENTED_EDGE('',*,*,#17210,.F.);
#17324 = ORIENTED_EDGE('',*,*,#17280,.T.);
#17325 = ORIENTED_EDGE('',*,*,#17250,.T.);
#17326 = ORIENTED_EDGE('',*,*,#17302,.F.);
#17327 = PLANE('',#17328);
#17328 = AXIS2_PLACEMENT_3D('',#17329,#17330,#17331);
#17329 = CARTESIAN_POINT('',(1.1,19.25,13.6));
#17330 = DIRECTION('',(0.,0.,1.));
#17331 = DIRECTION('',(1.,0.,0.));
#17332 = ADVANCED_FACE('',(#17333),#17339,.T.);
#17333 = FACE_BOUND('',#17334,.T.);
#17334 = EDGE_LOOP('',(#17335,#17336,#17337,#17338));
#17335 = ORIENTED_EDGE('',*,*,#17226,.F.);
#17336 = ORIENTED_EDGE('',*,*,#17287,.T.);
#17337 = ORIENTED_EDGE('',*,*,#17266,.T.);
#17338 = ORIENTED_EDGE('',*,*,#17309,.F.);
#17339 = PLANE('',#17340);
#17340 = AXIS2_PLACEMENT_3D('',#17341,#17342,#17343);
#17341 = CARTESIAN_POINT('',(1.1,19.25,14.5));
#17342 = DIRECTION('',(0.,0.,1.));
#17343 = DIRECTION('',(1.,0.,0.));
#17344 = MANIFOLD_SOLID_BREP('',#17345);
#17345 = CLOSED_SHELL('',(#17346,#17386,#17426,#17448,#17470,#17482));
#17346 = ADVANCED_FACE('',(#17347),#17381,.F.);
#17347 = FACE_BOUND('',#17348,.F.);
#17348 = EDGE_LOOP('',(#17349,#17359,#17367,#17375));
#17349 = ORIENTED_EDGE('',*,*,#17350,.F.);
#17350 = EDGE_CURVE('',#17351,#17353,#17355,.T.);
#17351 = VERTEX_POINT('',#17352);
#17352 = CARTESIAN_POINT('',(5.25,21.85,13.6));
#17353 = VERTEX_POINT('',#17354);
#17354 = CARTESIAN_POINT('',(5.25,21.85,14.5));
#17355 = LINE('',#17356,#17357);
#17356 = CARTESIAN_POINT('',(5.25,21.85,13.6));
#17357 = VECTOR('',#17358,1.);
#17358 = DIRECTION('',(0.,0.,1.));
#17359 = ORIENTED_EDGE('',*,*,#17360,.T.);
#17360 = EDGE_CURVE('',#17351,#17361,#17363,.T.);
#17361 = VERTEX_POINT('',#17362);
#17362 = CARTESIAN_POINT('',(5.25,23.65,13.6));
#17363 = LINE('',#17364,#17365);
#17364 = CARTESIAN_POINT('',(5.25,21.85,13.6));
#17365 = VECTOR('',#17366,1.);
#17366 = DIRECTION('',(0.,1.,0.));
#17367 = ORIENTED_EDGE('',*,*,#17368,.T.);
#17368 = EDGE_CURVE('',#17361,#17369,#17371,.T.);
#17369 = VERTEX_POINT('',#17370);
#17370 = CARTESIAN_POINT('',(5.25,23.65,14.5));
#17371 = LINE('',#17372,#17373);
#17372 = CARTESIAN_POINT('',(5.25,23.65,13.6));
#17373 = VECTOR('',#17374,1.);
#17374 = DIRECTION('',(0.,0.,1.));
#17375 = ORIENTED_EDGE('',*,*,#17376,.F.);
#17376 = EDGE_CURVE('',#17353,#17369,#17377,.T.);
#17377 = LINE('',#17378,#17379);
#17378 = CARTESIAN_POINT('',(5.25,21.85,14.5));
#17379 = VECTOR('',#17380,1.);
#17380 = DIRECTION('',(0.,1.,0.));
#17381 = PLANE('',#17382);
#17382 = AXIS2_PLACEMENT_3D('',#17383,#17384,#17385);
#17383 = CARTESIAN_POINT('',(5.25,21.85,13.6));
#17384 = DIRECTION('',(1.,0.,0.));
#17385 = DIRECTION('',(0.,0.,1.));
#17386 = ADVANCED_FACE('',(#17387),#17421,.T.);
#17387 = FACE_BOUND('',#17388,.T.);
#17388 = EDGE_LOOP('',(#17389,#17399,#17407,#17415));
#17389 = ORIENTED_EDGE('',*,*,#17390,.F.);
#17390 = EDGE_CURVE('',#17391,#17393,#17395,.T.);
#17391 = VERTEX_POINT('',#17392);
#17392 = CARTESIAN_POINT('',(6.25,21.85,13.6));
#17393 = VERTEX_POINT('',#17394);
#17394 = CARTESIAN_POINT('',(6.25,21.85,14.5));
#17395 = LINE('',#17396,#17397);
#17396 = CARTESIAN_POINT('',(6.25,21.85,13.6));
#17397 = VECTOR('',#17398,1.);
#17398 = DIRECTION('',(0.,0.,1.));
#17399 = ORIENTED_EDGE('',*,*,#17400,.T.);
#17400 = EDGE_CURVE('',#17391,#17401,#17403,.T.);
#17401 = VERTEX_POINT('',#17402);
#17402 = CARTESIAN_POINT('',(6.25,23.65,13.6));
#17403 = LINE('',#17404,#17405);
#17404 = CARTESIAN_POINT('',(6.25,21.85,13.6));
#17405 = VECTOR('',#17406,1.);
#17406 = DIRECTION('',(0.,1.,0.));
#17407 = ORIENTED_EDGE('',*,*,#17408,.T.);
#17408 = EDGE_CURVE('',#17401,#17409,#17411,.T.);
#17409 = VERTEX_POINT('',#17410);
#17410 = CARTESIAN_POINT('',(6.25,23.65,14.5));
#17411 = LINE('',#17412,#17413);
#17412 = CARTESIAN_POINT('',(6.25,23.65,13.6));
#17413 = VECTOR('',#17414,1.);
#17414 = DIRECTION('',(0.,0.,1.));
#17415 = ORIENTED_EDGE('',*,*,#17416,.F.);
#17416 = EDGE_CURVE('',#17393,#17409,#17417,.T.);
#17417 = LINE('',#17418,#17419);
#17418 = CARTESIAN_POINT('',(6.25,21.85,14.5));
#17419 = VECTOR('',#17420,1.);
#17420 = DIRECTION('',(0.,1.,0.));
#17421 = PLANE('',#17422);
#17422 = AXIS2_PLACEMENT_3D('',#17423,#17424,#17425);
#17423 = CARTESIAN_POINT('',(6.25,21.85,13.6));
#17424 = DIRECTION('',(1.,0.,0.));
#17425 = DIRECTION('',(0.,0.,1.));
#17426 = ADVANCED_FACE('',(#17427),#17443,.F.);
#17427 = FACE_BOUND('',#17428,.F.);
#17428 = EDGE_LOOP('',(#17429,#17435,#17436,#17442));
#17429 = ORIENTED_EDGE('',*,*,#17430,.F.);
#17430 = EDGE_CURVE('',#17351,#17391,#17431,.T.);
#17431 = LINE('',#17432,#17433);
#17432 = CARTESIAN_POINT('',(5.25,21.85,13.6));
#17433 = VECTOR('',#17434,1.);
#17434 = DIRECTION('',(1.,0.,0.));
#17435 = ORIENTED_EDGE('',*,*,#17350,.T.);
#17436 = ORIENTED_EDGE('',*,*,#17437,.T.);
#17437 = EDGE_CURVE('',#17353,#17393,#17438,.T.);
#17438 = LINE('',#17439,#17440);
#17439 = CARTESIAN_POINT('',(5.25,21.85,14.5));
#17440 = VECTOR('',#17441,1.);
#17441 = DIRECTION('',(1.,0.,0.));
#17442 = ORIENTED_EDGE('',*,*,#17390,.F.);
#17443 = PLANE('',#17444);
#17444 = AXIS2_PLACEMENT_3D('',#17445,#17446,#17447);
#17445 = CARTESIAN_POINT('',(5.25,21.85,13.6));
#17446 = DIRECTION('',(0.,1.,0.));
#17447 = DIRECTION('',(0.,0.,1.));
#17448 = ADVANCED_FACE('',(#17449),#17465,.T.);
#17449 = FACE_BOUND('',#17450,.T.);
#17450 = EDGE_LOOP('',(#17451,#17457,#17458,#17464));
#17451 = ORIENTED_EDGE('',*,*,#17452,.F.);
#17452 = EDGE_CURVE('',#17361,#17401,#17453,.T.);
#17453 = LINE('',#17454,#17455);
#17454 = CARTESIAN_POINT('',(5.25,23.65,13.6));
#17455 = VECTOR('',#17456,1.);
#17456 = DIRECTION('',(1.,0.,0.));
#17457 = ORIENTED_EDGE('',*,*,#17368,.T.);
#17458 = ORIENTED_EDGE('',*,*,#17459,.T.);
#17459 = EDGE_CURVE('',#17369,#17409,#17460,.T.);
#17460 = LINE('',#17461,#17462);
#17461 = CARTESIAN_POINT('',(5.25,23.65,14.5));
#17462 = VECTOR('',#17463,1.);
#17463 = DIRECTION('',(1.,0.,0.));
#17464 = ORIENTED_EDGE('',*,*,#17408,.F.);
#17465 = PLANE('',#17466);
#17466 = AXIS2_PLACEMENT_3D('',#17467,#17468,#17469);
#17467 = CARTESIAN_POINT('',(5.25,23.65,13.6));
#17468 = DIRECTION('',(0.,1.,0.));
#17469 = DIRECTION('',(0.,0.,1.));
#17470 = ADVANCED_FACE('',(#17471),#17477,.F.);
#17471 = FACE_BOUND('',#17472,.F.);
#17472 = EDGE_LOOP('',(#17473,#17474,#17475,#17476));
#17473 = ORIENTED_EDGE('',*,*,#17360,.F.);
#17474 = ORIENTED_EDGE('',*,*,#17430,.T.);
#17475 = ORIENTED_EDGE('',*,*,#17400,.T.);
#17476 = ORIENTED_EDGE('',*,*,#17452,.F.);
#17477 = PLANE('',#17478);
#17478 = AXIS2_PLACEMENT_3D('',#17479,#17480,#17481);
#17479 = CARTESIAN_POINT('',(5.25,21.85,13.6));
#17480 = DIRECTION('',(0.,0.,1.));
#17481 = DIRECTION('',(1.,0.,0.));
#17482 = ADVANCED_FACE('',(#17483),#17489,.T.);
#17483 = FACE_BOUND('',#17484,.T.);
#17484 = EDGE_LOOP('',(#17485,#17486,#17487,#17488));
#17485 = ORIENTED_EDGE('',*,*,#17376,.F.);
#17486 = ORIENTED_EDGE('',*,*,#17437,.T.);
#17487 = ORIENTED_EDGE('',*,*,#17416,.T.);
#17488 = ORIENTED_EDGE('',*,*,#17459,.F.);
#17489 = PLANE('',#17490);
#17490 = AXIS2_PLACEMENT_3D('',#17491,#17492,#17493);
#17491 = CARTESIAN_POINT('',(5.25,21.85,14.5));
#17492 = DIRECTION('',(0.,0.,1.));
#17493 = DIRECTION('',(1.,0.,0.));
#17494 = MANIFOLD_SOLID_BREP('',#17495);
#17495 = CLOSED_SHELL('',(#17496,#17536,#17576,#17598,#17620,#17632));
#17496 = ADVANCED_FACE('',(#17497),#17531,.F.);
#17497 = FACE_BOUND('',#17498,.F.);
#17498 = EDGE_LOOP('',(#17499,#17509,#17517,#17525));
#17499 = ORIENTED_EDGE('',*,*,#17500,.F.);
#17500 = EDGE_CURVE('',#17501,#17503,#17505,.T.);
#17501 = VERTEX_POINT('',#17502);
#17502 = CARTESIAN_POINT('',(7.6,27.8,13.6));
#17503 = VERTEX_POINT('',#17504);
#17504 = CARTESIAN_POINT('',(7.6,27.8,16.));
#17505 = LINE('',#17506,#17507);
#17506 = CARTESIAN_POINT('',(7.6,27.8,13.6));
#17507 = VECTOR('',#17508,1.);
#17508 = DIRECTION('',(0.,0.,1.));
#17509 = ORIENTED_EDGE('',*,*,#17510,.T.);
#17510 = EDGE_CURVE('',#17501,#17511,#17513,.T.);
#17511 = VERTEX_POINT('',#17512);
#17512 = CARTESIAN_POINT('',(7.6,44.4,13.6));
#17513 = LINE('',#17514,#17515);
#17514 = CARTESIAN_POINT('',(7.6,27.8,13.6));
#17515 = VECTOR('',#17516,1.);
#17516 = DIRECTION('',(0.,1.,0.));
#17517 = ORIENTED_EDGE('',*,*,#17518,.T.);
#17518 = EDGE_CURVE('',#17511,#17519,#17521,.T.);
#17519 = VERTEX_POINT('',#17520);
#17520 = CARTESIAN_POINT('',(7.6,44.4,16.));
#17521 = LINE('',#17522,#17523);
#17522 = CARTESIAN_POINT('',(7.6,44.4,13.6));
#17523 = VECTOR('',#17524,1.);
#17524 = DIRECTION('',(0.,0.,1.));
#17525 = ORIENTED_EDGE('',*,*,#17526,.F.);
#17526 = EDGE_CURVE('',#17503,#17519,#17527,.T.);
#17527 = LINE('',#17528,#17529);
#17528 = CARTESIAN_POINT('',(7.6,27.8,16.));
#17529 = VECTOR('',#17530,1.);
#17530 = DIRECTION('',(0.,1.,0.));
#17531 = PLANE('',#17532);
#17532 = AXIS2_PLACEMENT_3D('',#17533,#17534,#17535);
#17533 = CARTESIAN_POINT('',(7.6,27.8,13.6));
#17534 = DIRECTION('',(1.,0.,0.));
#17535 = DIRECTION('',(0.,0.,1.));
#17536 = ADVANCED_FACE('',(#17537),#17571,.T.);
#17537 = FACE_BOUND('',#17538,.T.);
#17538 = EDGE_LOOP('',(#17539,#17549,#17557,#17565));
#17539 = ORIENTED_EDGE('',*,*,#17540,.F.);
#17540 = EDGE_CURVE('',#17541,#17543,#17545,.T.);
#17541 = VERTEX_POINT('',#17542);
#17542 = CARTESIAN_POINT('',(20.8,27.8,13.6));
#17543 = VERTEX_POINT('',#17544);
#17544 = CARTESIAN_POINT('',(20.8,27.8,16.));
#17545 = LINE('',#17546,#17547);
#17546 = CARTESIAN_POINT('',(20.8,27.8,13.6));
#17547 = VECTOR('',#17548,1.);
#17548 = DIRECTION('',(0.,0.,1.));
#17549 = ORIENTED_EDGE('',*,*,#17550,.T.);
#17550 = EDGE_CURVE('',#17541,#17551,#17553,.T.);
#17551 = VERTEX_POINT('',#17552);
#17552 = CARTESIAN_POINT('',(20.8,44.4,13.6));
#17553 = LINE('',#17554,#17555);
#17554 = CARTESIAN_POINT('',(20.8,27.8,13.6));
#17555 = VECTOR('',#17556,1.);
#17556 = DIRECTION('',(0.,1.,0.));
#17557 = ORIENTED_EDGE('',*,*,#17558,.T.);
#17558 = EDGE_CURVE('',#17551,#17559,#17561,.T.);
#17559 = VERTEX_POINT('',#17560);
#17560 = CARTESIAN_POINT('',(20.8,44.4,16.));
#17561 = LINE('',#17562,#17563);
#17562 = CARTESIAN_POINT('',(20.8,44.4,13.6));
#17563 = VECTOR('',#17564,1.);
#17564 = DIRECTION('',(0.,0.,1.));
#17565 = ORIENTED_EDGE('',*,*,#17566,.F.);
#17566 = EDGE_CURVE('',#17543,#17559,#17567,.T.);
#17567 = LINE('',#17568,#17569);
#17568 = CARTESIAN_POINT('',(20.8,27.8,16.));
#17569 = VECTOR('',#17570,1.);
#17570 = DIRECTION('',(0.,1.,0.));
#17571 = PLANE('',#17572);
#17572 = AXIS2_PLACEMENT_3D('',#17573,#17574,#17575);
#17573 = CARTESIAN_POINT('',(20.8,27.8,13.6));
#17574 = DIRECTION('',(1.,0.,0.));
#17575 = DIRECTION('',(0.,0.,1.));
#17576 = ADVANCED_FACE('',(#17577),#17593,.F.);
#17577 = FACE_BOUND('',#17578,.F.);
#17578 = EDGE_LOOP('',(#17579,#17585,#17586,#17592));
#17579 = ORIENTED_EDGE('',*,*,#17580,.F.);
#17580 = EDGE_CURVE('',#17501,#17541,#17581,.T.);
#17581 = LINE('',#17582,#17583);
#17582 = CARTESIAN_POINT('',(7.6,27.8,13.6));
#17583 = VECTOR('',#17584,1.);
#17584 = DIRECTION('',(1.,0.,0.));
#17585 = ORIENTED_EDGE('',*,*,#17500,.T.);
#17586 = ORIENTED_EDGE('',*,*,#17587,.T.);
#17587 = EDGE_CURVE('',#17503,#17543,#17588,.T.);
#17588 = LINE('',#17589,#17590);
#17589 = CARTESIAN_POINT('',(7.6,27.8,16.));
#17590 = VECTOR('',#17591,1.);
#17591 = DIRECTION('',(1.,0.,0.));
#17592 = ORIENTED_EDGE('',*,*,#17540,.F.);
#17593 = PLANE('',#17594);
#17594 = AXIS2_PLACEMENT_3D('',#17595,#17596,#17597);
#17595 = CARTESIAN_POINT('',(7.6,27.8,13.6));
#17596 = DIRECTION('',(0.,1.,0.));
#17597 = DIRECTION('',(0.,0.,1.));
#17598 = ADVANCED_FACE('',(#17599),#17615,.T.);
#17599 = FACE_BOUND('',#17600,.T.);
#17600 = EDGE_LOOP('',(#17601,#17607,#17608,#17614));
#17601 = ORIENTED_EDGE('',*,*,#17602,.F.);
#17602 = EDGE_CURVE('',#17511,#17551,#17603,.T.);
#17603 = LINE('',#17604,#17605);
#17604 = CARTESIAN_POINT('',(7.6,44.4,13.6));
#17605 = VECTOR('',#17606,1.);
#17606 = DIRECTION('',(1.,0.,0.));
#17607 = ORIENTED_EDGE('',*,*,#17518,.T.);
#17608 = ORIENTED_EDGE('',*,*,#17609,.T.);
#17609 = EDGE_CURVE('',#17519,#17559,#17610,.T.);
#17610 = LINE('',#17611,#17612);
#17611 = CARTESIAN_POINT('',(7.6,44.4,16.));
#17612 = VECTOR('',#17613,1.);
#17613 = DIRECTION('',(1.,0.,0.));
#17614 = ORIENTED_EDGE('',*,*,#17558,.F.);
#17615 = PLANE('',#17616);
#17616 = AXIS2_PLACEMENT_3D('',#17617,#17618,#17619);
#17617 = CARTESIAN_POINT('',(7.6,44.4,13.6));
#17618 = DIRECTION('',(0.,1.,0.));
#17619 = DIRECTION('',(0.,0.,1.));
#17620 = ADVANCED_FACE('',(#17621),#17627,.F.);
#17621 = FACE_BOUND('',#17622,.F.);
#17622 = EDGE_LOOP('',(#17623,#17624,#17625,#17626));
#17623 = ORIENTED_EDGE('',*,*,#17510,.F.);
#17624 = ORIENTED_EDGE('',*,*,#17580,.T.);
#17625 = ORIENTED_EDGE('',*,*,#17550,.T.);
#17626 = ORIENTED_EDGE('',*,*,#17602,.F.);
#17627 = PLANE('',#17628);
#17628 = AXIS2_PLACEMENT_3D('',#17629,#17630,#17631);
#17629 = CARTESIAN_POINT('',(7.6,27.8,13.6));
#17630 = DIRECTION('',(0.,0.,1.));
#17631 = DIRECTION('',(1.,0.,0.));
#17632 = ADVANCED_FACE('',(#17633),#17639,.T.);
#17633 = FACE_BOUND('',#17634,.T.);
#17634 = EDGE_LOOP('',(#17635,#17636,#17637,#17638));
#17635 = ORIENTED_EDGE('',*,*,#17526,.F.);
#17636 = ORIENTED_EDGE('',*,*,#17587,.T.);
#17637 = ORIENTED_EDGE('',*,*,#17566,.T.);
#17638 = ORIENTED_EDGE('',*,*,#17609,.F.);
#17639 = PLANE('',#17640);
#17640 = AXIS2_PLACEMENT_3D('',#17641,#17642,#17643);
#17641 = CARTESIAN_POINT('',(7.6,27.8,16.));
#17642 = DIRECTION('',(0.,0.,1.));
#17643 = DIRECTION('',(1.,0.,0.));
#17644 = MANIFOLD_SOLID_BREP('',#17645);
#17645 = CLOSED_SHELL('',(#17646,#17686,#17726,#17748,#17770,#17782));
#17646 = ADVANCED_FACE('',(#17647),#17681,.F.);
#17647 = FACE_BOUND('',#17648,.F.);
#17648 = EDGE_LOOP('',(#17649,#17659,#17667,#17675));
#17649 = ORIENTED_EDGE('',*,*,#17650,.F.);
#17650 = EDGE_CURVE('',#17651,#17653,#17655,.T.);
#17651 = VERTEX_POINT('',#17652);
#17652 = CARTESIAN_POINT('',(5.7,13.1,13.6));
#17653 = VERTEX_POINT('',#17654);
#17654 = CARTESIAN_POINT('',(5.7,13.1,14.55));
#17655 = LINE('',#17656,#17657);
#17656 = CARTESIAN_POINT('',(5.7,13.1,13.6));
#17657 = VECTOR('',#17658,1.);
#17658 = DIRECTION('',(0.,0.,1.));
#17659 = ORIENTED_EDGE('',*,*,#17660,.T.);
#17660 = EDGE_CURVE('',#17651,#17661,#17663,.T.);
#17661 = VERTEX_POINT('',#17662);
#17662 = CARTESIAN_POINT('',(5.7,13.9,13.6));
#17663 = LINE('',#17664,#17665);
#17664 = CARTESIAN_POINT('',(5.7,13.1,13.6));
#17665 = VECTOR('',#17666,1.);
#17666 = DIRECTION('',(0.,1.,0.));
#17667 = ORIENTED_EDGE('',*,*,#17668,.T.);
#17668 = EDGE_CURVE('',#17661,#17669,#17671,.T.);
#17669 = VERTEX_POINT('',#17670);
#17670 = CARTESIAN_POINT('',(5.7,13.9,14.55));
#17671 = LINE('',#17672,#17673);
#17672 = CARTESIAN_POINT('',(5.7,13.9,13.6));
#17673 = VECTOR('',#17674,1.);
#17674 = DIRECTION('',(0.,0.,1.));
#17675 = ORIENTED_EDGE('',*,*,#17676,.F.);
#17676 = EDGE_CURVE('',#17653,#17669,#17677,.T.);
#17677 = LINE('',#17678,#17679);
#17678 = CARTESIAN_POINT('',(5.7,13.1,14.55));
#17679 = VECTOR('',#17680,1.);
#17680 = DIRECTION('',(0.,1.,0.));
#17681 = PLANE('',#17682);
#17682 = AXIS2_PLACEMENT_3D('',#17683,#17684,#17685);
#17683 = CARTESIAN_POINT('',(5.7,13.1,13.6));
#17684 = DIRECTION('',(1.,0.,0.));
#17685 = DIRECTION('',(0.,0.,1.));
#17686 = ADVANCED_FACE('',(#17687),#17721,.T.);
#17687 = FACE_BOUND('',#17688,.T.);
#17688 = EDGE_LOOP('',(#17689,#17699,#17707,#17715));
#17689 = ORIENTED_EDGE('',*,*,#17690,.F.);
#17690 = EDGE_CURVE('',#17691,#17693,#17695,.T.);
#17691 = VERTEX_POINT('',#17692);
#17692 = CARTESIAN_POINT('',(7.3,13.1,13.6));
#17693 = VERTEX_POINT('',#17694);
#17694 = CARTESIAN_POINT('',(7.3,13.1,14.55));
#17695 = LINE('',#17696,#17697);
#17696 = CARTESIAN_POINT('',(7.3,13.1,13.6));
#17697 = VECTOR('',#17698,1.);
#17698 = DIRECTION('',(0.,0.,1.));
#17699 = ORIENTED_EDGE('',*,*,#17700,.T.);
#17700 = EDGE_CURVE('',#17691,#17701,#17703,.T.);
#17701 = VERTEX_POINT('',#17702);
#17702 = CARTESIAN_POINT('',(7.3,13.9,13.6));
#17703 = LINE('',#17704,#17705);
#17704 = CARTESIAN_POINT('',(7.3,13.1,13.6));
#17705 = VECTOR('',#17706,1.);
#17706 = DIRECTION('',(0.,1.,0.));
#17707 = ORIENTED_EDGE('',*,*,#17708,.T.);
#17708 = EDGE_CURVE('',#17701,#17709,#17711,.T.);
#17709 = VERTEX_POINT('',#17710);
#17710 = CARTESIAN_POINT('',(7.3,13.9,14.55));
#17711 = LINE('',#17712,#17713);
#17712 = CARTESIAN_POINT('',(7.3,13.9,13.6));
#17713 = VECTOR('',#17714,1.);
#17714 = DIRECTION('',(0.,0.,1.));
#17715 = ORIENTED_EDGE('',*,*,#17716,.F.);
#17716 = EDGE_CURVE('',#17693,#17709,#17717,.T.);
#17717 = LINE('',#17718,#17719);
#17718 = CARTESIAN_POINT('',(7.3,13.1,14.55));
#17719 = VECTOR('',#17720,1.);
#17720 = DIRECTION('',(0.,1.,0.));
#17721 = PLANE('',#17722);
#17722 = AXIS2_PLACEMENT_3D('',#17723,#17724,#17725);
#17723 = CARTESIAN_POINT('',(7.3,13.1,13.6));
#17724 = DIRECTION('',(1.,0.,0.));
#17725 = DIRECTION('',(0.,0.,1.));
#17726 = ADVANCED_FACE('',(#17727),#17743,.F.);
#17727 = FACE_BOUND('',#17728,.F.);
#17728 = EDGE_LOOP('',(#17729,#17735,#17736,#17742));
#17729 = ORIENTED_EDGE('',*,*,#17730,.F.);
#17730 = EDGE_CURVE('',#17651,#17691,#17731,.T.);
#17731 = LINE('',#17732,#17733);
#17732 = CARTESIAN_POINT('',(5.7,13.1,13.6));
#17733 = VECTOR('',#17734,1.);
#17734 = DIRECTION('',(1.,0.,0.));
#17735 = ORIENTED_EDGE('',*,*,#17650,.T.);
#17736 = ORIENTED_EDGE('',*,*,#17737,.T.);
#17737 = EDGE_CURVE('',#17653,#17693,#17738,.T.);
#17738 = LINE('',#17739,#17740);
#17739 = CARTESIAN_POINT('',(5.7,13.1,14.55));
#17740 = VECTOR('',#17741,1.);
#17741 = DIRECTION('',(1.,0.,0.));
#17742 = ORIENTED_EDGE('',*,*,#17690,.F.);
#17743 = PLANE('',#17744);
#17744 = AXIS2_PLACEMENT_3D('',#17745,#17746,#17747);
#17745 = CARTESIAN_POINT('',(5.7,13.1,13.6));
#17746 = DIRECTION('',(0.,1.,0.));
#17747 = DIRECTION('',(0.,0.,1.));
#17748 = ADVANCED_FACE('',(#17749),#17765,.T.);
#17749 = FACE_BOUND('',#17750,.T.);
#17750 = EDGE_LOOP('',(#17751,#17757,#17758,#17764));
#17751 = ORIENTED_EDGE('',*,*,#17752,.F.);
#17752 = EDGE_CURVE('',#17661,#17701,#17753,.T.);
#17753 = LINE('',#17754,#17755);
#17754 = CARTESIAN_POINT('',(5.7,13.9,13.6));
#17755 = VECTOR('',#17756,1.);
#17756 = DIRECTION('',(1.,0.,0.));
#17757 = ORIENTED_EDGE('',*,*,#17668,.T.);
#17758 = ORIENTED_EDGE('',*,*,#17759,.T.);
#17759 = EDGE_CURVE('',#17669,#17709,#17760,.T.);
#17760 = LINE('',#17761,#17762);
#17761 = CARTESIAN_POINT('',(5.7,13.9,14.55));
#17762 = VECTOR('',#17763,1.);
#17763 = DIRECTION('',(1.,0.,0.));
#17764 = ORIENTED_EDGE('',*,*,#17708,.F.);
#17765 = PLANE('',#17766);
#17766 = AXIS2_PLACEMENT_3D('',#17767,#17768,#17769);
#17767 = CARTESIAN_POINT('',(5.7,13.9,13.6));
#17768 = DIRECTION('',(0.,1.,0.));
#17769 = DIRECTION('',(0.,0.,1.));
#17770 = ADVANCED_FACE('',(#17771),#17777,.F.);
#17771 = FACE_BOUND('',#17772,.F.);
#17772 = EDGE_LOOP('',(#17773,#17774,#17775,#17776));
#17773 = ORIENTED_EDGE('',*,*,#17660,.F.);
#17774 = ORIENTED_EDGE('',*,*,#17730,.T.);
#17775 = ORIENTED_EDGE('',*,*,#17700,.T.);
#17776 = ORIENTED_EDGE('',*,*,#17752,.F.);
#17777 = PLANE('',#17778);
#17778 = AXIS2_PLACEMENT_3D('',#17779,#17780,#17781);
#17779 = CARTESIAN_POINT('',(5.7,13.1,13.6));
#17780 = DIRECTION('',(0.,0.,1.));
#17781 = DIRECTION('',(1.,0.,0.));
#17782 = ADVANCED_FACE('',(#17783),#17789,.T.);
#17783 = FACE_BOUND('',#17784,.T.);
#17784 = EDGE_LOOP('',(#17785,#17786,#17787,#17788));
#17785 = ORIENTED_EDGE('',*,*,#17676,.F.);
#17786 = ORIENTED_EDGE('',*,*,#17737,.T.);
#17787 = ORIENTED_EDGE('',*,*,#17716,.T.);
#17788 = ORIENTED_EDGE('',*,*,#17759,.F.);
#17789 = PLANE('',#17790);
#17790 = AXIS2_PLACEMENT_3D('',#17791,#17792,#17793);
#17791 = CARTESIAN_POINT('',(5.7,13.1,14.55));
#17792 = DIRECTION('',(0.,0.,1.));
#17793 = DIRECTION('',(1.,0.,0.));
#17794 = MANIFOLD_SOLID_BREP('',#17795);
#17795 = CLOSED_SHELL('',(#17796,#17836,#17876,#17898,#17920,#17932));
#17796 = ADVANCED_FACE('',(#17797),#17831,.F.);
#17797 = FACE_BOUND('',#17798,.F.);
#17798 = EDGE_LOOP('',(#17799,#17809,#17817,#17825));
#17799 = ORIENTED_EDGE('',*,*,#17800,.F.);
#17800 = EDGE_CURVE('',#17801,#17803,#17805,.T.);
#17801 = VERTEX_POINT('',#17802);
#17802 = CARTESIAN_POINT('',(8.23,23.975,13.6));
#17803 = VERTEX_POINT('',#17804);
#17804 = CARTESIAN_POINT('',(8.23,23.975,14.15));
#17805 = LINE('',#17806,#17807);
#17806 = CARTESIAN_POINT('',(8.23,23.975,13.6));
#17807 = VECTOR('',#17808,1.);
#17808 = DIRECTION('',(0.,0.,1.));
#17809 = ORIENTED_EDGE('',*,*,#17810,.T.);
#17810 = EDGE_CURVE('',#17801,#17811,#17813,.T.);
#17811 = VERTEX_POINT('',#17812);
#17812 = CARTESIAN_POINT('',(8.23,25.025,13.6));
#17813 = LINE('',#17814,#17815);
#17814 = CARTESIAN_POINT('',(8.23,23.975,13.6));
#17815 = VECTOR('',#17816,1.);
#17816 = DIRECTION('',(0.,1.,0.));
#17817 = ORIENTED_EDGE('',*,*,#17818,.T.);
#17818 = EDGE_CURVE('',#17811,#17819,#17821,.T.);
#17819 = VERTEX_POINT('',#17820);
#17820 = CARTESIAN_POINT('',(8.23,25.025,14.15));
#17821 = LINE('',#17822,#17823);
#17822 = CARTESIAN_POINT('',(8.23,25.025,13.6));
#17823 = VECTOR('',#17824,1.);
#17824 = DIRECTION('',(0.,0.,1.));
#17825 = ORIENTED_EDGE('',*,*,#17826,.F.);
#17826 = EDGE_CURVE('',#17803,#17819,#17827,.T.);
#17827 = LINE('',#17828,#17829);
#17828 = CARTESIAN_POINT('',(8.23,23.975,14.15));
#17829 = VECTOR('',#17830,1.);
#17830 = DIRECTION('',(0.,1.,0.));
#17831 = PLANE('',#17832);
#17832 = AXIS2_PLACEMENT_3D('',#17833,#17834,#17835);
#17833 = CARTESIAN_POINT('',(8.23,23.975,13.6));
#17834 = DIRECTION('',(1.,0.,0.));
#17835 = DIRECTION('',(0.,0.,1.));
#17836 = ADVANCED_FACE('',(#17837),#17871,.T.);
#17837 = FACE_BOUND('',#17838,.T.);
#17838 = EDGE_LOOP('',(#17839,#17849,#17857,#17865));
#17839 = ORIENTED_EDGE('',*,*,#17840,.F.);
#17840 = EDGE_CURVE('',#17841,#17843,#17845,.T.);
#17841 = VERTEX_POINT('',#17842);
#17842 = CARTESIAN_POINT('',(8.77,23.975,13.6));
#17843 = VERTEX_POINT('',#17844);
#17844 = CARTESIAN_POINT('',(8.77,23.975,14.15));
#17845 = LINE('',#17846,#17847);
#17846 = CARTESIAN_POINT('',(8.77,23.975,13.6));
#17847 = VECTOR('',#17848,1.);
#17848 = DIRECTION('',(0.,0.,1.));
#17849 = ORIENTED_EDGE('',*,*,#17850,.T.);
#17850 = EDGE_CURVE('',#17841,#17851,#17853,.T.);
#17851 = VERTEX_POINT('',#17852);
#17852 = CARTESIAN_POINT('',(8.77,25.025,13.6));
#17853 = LINE('',#17854,#17855);
#17854 = CARTESIAN_POINT('',(8.77,23.975,13.6));
#17855 = VECTOR('',#17856,1.);
#17856 = DIRECTION('',(0.,1.,0.));
#17857 = ORIENTED_EDGE('',*,*,#17858,.T.);
#17858 = EDGE_CURVE('',#17851,#17859,#17861,.T.);
#17859 = VERTEX_POINT('',#17860);
#17860 = CARTESIAN_POINT('',(8.77,25.025,14.15));
#17861 = LINE('',#17862,#17863);
#17862 = CARTESIAN_POINT('',(8.77,25.025,13.6));
#17863 = VECTOR('',#17864,1.);
#17864 = DIRECTION('',(0.,0.,1.));
#17865 = ORIENTED_EDGE('',*,*,#17866,.F.);
#17866 = EDGE_CURVE('',#17843,#17859,#17867,.T.);
#17867 = LINE('',#17868,#17869);
#17868 = CARTESIAN_POINT('',(8.77,23.975,14.15));
#17869 = VECTOR('',#17870,1.);
#17870 = DIRECTION('',(0.,1.,0.));
#17871 = PLANE('',#17872);
#17872 = AXIS2_PLACEMENT_3D('',#17873,#17874,#17875);
#17873 = CARTESIAN_POINT('',(8.77,23.975,13.6));
#17874 = DIRECTION('',(1.,0.,0.));
#17875 = DIRECTION('',(0.,0.,1.));
#17876 = ADVANCED_FACE('',(#17877),#17893,.F.);
#17877 = FACE_BOUND('',#17878,.F.);
#17878 = EDGE_LOOP('',(#17879,#17885,#17886,#17892));
#17879 = ORIENTED_EDGE('',*,*,#17880,.F.);
#17880 = EDGE_CURVE('',#17801,#17841,#17881,.T.);
#17881 = LINE('',#17882,#17883);
#17882 = CARTESIAN_POINT('',(8.23,23.975,13.6));
#17883 = VECTOR('',#17884,1.);
#17884 = DIRECTION('',(1.,0.,0.));
#17885 = ORIENTED_EDGE('',*,*,#17800,.T.);
#17886 = ORIENTED_EDGE('',*,*,#17887,.T.);
#17887 = EDGE_CURVE('',#17803,#17843,#17888,.T.);
#17888 = LINE('',#17889,#17890);
#17889 = CARTESIAN_POINT('',(8.23,23.975,14.15));
#17890 = VECTOR('',#17891,1.);
#17891 = DIRECTION('',(1.,0.,0.));
#17892 = ORIENTED_EDGE('',*,*,#17840,.F.);
#17893 = PLANE('',#17894);
#17894 = AXIS2_PLACEMENT_3D('',#17895,#17896,#17897);
#17895 = CARTESIAN_POINT('',(8.23,23.975,13.6));
#17896 = DIRECTION('',(0.,1.,0.));
#17897 = DIRECTION('',(0.,0.,1.));
#17898 = ADVANCED_FACE('',(#17899),#17915,.T.);
#17899 = FACE_BOUND('',#17900,.T.);
#17900 = EDGE_LOOP('',(#17901,#17907,#17908,#17914));
#17901 = ORIENTED_EDGE('',*,*,#17902,.F.);
#17902 = EDGE_CURVE('',#17811,#17851,#17903,.T.);
#17903 = LINE('',#17904,#17905);
#17904 = CARTESIAN_POINT('',(8.23,25.025,13.6));
#17905 = VECTOR('',#17906,1.);
#17906 = DIRECTION('',(1.,0.,0.));
#17907 = ORIENTED_EDGE('',*,*,#17818,.T.);
#17908 = ORIENTED_EDGE('',*,*,#17909,.T.);
#17909 = EDGE_CURVE('',#17819,#17859,#17910,.T.);
#17910 = LINE('',#17911,#17912);
#17911 = CARTESIAN_POINT('',(8.23,25.025,14.15));
#17912 = VECTOR('',#17913,1.);
#17913 = DIRECTION('',(1.,0.,0.));
#17914 = ORIENTED_EDGE('',*,*,#17858,.F.);
#17915 = PLANE('',#17916);
#17916 = AXIS2_PLACEMENT_3D('',#17917,#17918,#17919);
#17917 = CARTESIAN_POINT('',(8.23,25.025,13.6));
#17918 = DIRECTION('',(0.,1.,0.));
#17919 = DIRECTION('',(0.,0.,1.));
#17920 = ADVANCED_FACE('',(#17921),#17927,.F.);
#17921 = FACE_BOUND('',#17922,.F.);
#17922 = EDGE_LOOP('',(#17923,#17924,#17925,#17926));
#17923 = ORIENTED_EDGE('',*,*,#17810,.F.);
#17924 = ORIENTED_EDGE('',*,*,#17880,.T.);
#17925 = ORIENTED_EDGE('',*,*,#17850,.T.);
#17926 = ORIENTED_EDGE('',*,*,#17902,.F.);
#17927 = PLANE('',#17928);
#17928 = AXIS2_PLACEMENT_3D('',#17929,#17930,#17931);
#17929 = CARTESIAN_POINT('',(8.23,23.975,13.6));
#17930 = DIRECTION('',(0.,0.,1.));
#17931 = DIRECTION('',(1.,0.,0.));
#17932 = ADVANCED_FACE('',(#17933),#17939,.T.);
#17933 = FACE_BOUND('',#17934,.T.);
#17934 = EDGE_LOOP('',(#17935,#17936,#17937,#17938));
#17935 = ORIENTED_EDGE('',*,*,#17826,.F.);
#17936 = ORIENTED_EDGE('',*,*,#17887,.T.);
#17937 = ORIENTED_EDGE('',*,*,#17866,.T.);
#17938 = ORIENTED_EDGE('',*,*,#17909,.F.);
#17939 = PLANE('',#17940);
#17940 = AXIS2_PLACEMENT_3D('',#17941,#17942,#17943);
#17941 = CARTESIAN_POINT('',(8.23,23.975,14.15));
#17942 = DIRECTION('',(0.,0.,1.));
#17943 = DIRECTION('',(1.,0.,0.));
#17944 = MANIFOLD_SOLID_BREP('',#17945);
#17945 = CLOSED_SHELL('',(#17946,#17986,#18026,#18048,#18070,#18082));
#17946 = ADVANCED_FACE('',(#17947),#17981,.F.);
#17947 = FACE_BOUND('',#17948,.F.);
#17948 = EDGE_LOOP('',(#17949,#17959,#17967,#17975));
#17949 = ORIENTED_EDGE('',*,*,#17950,.F.);
#17950 = EDGE_CURVE('',#17951,#17953,#17955,.T.);
#17951 = VERTEX_POINT('',#17952);
#17952 = CARTESIAN_POINT('',(5.625,27.5,13.6));
#17953 = VERTEX_POINT('',#17954);
#17954 = CARTESIAN_POINT('',(5.625,27.5,15.05));
#17955 = LINE('',#17956,#17957);
#17956 = CARTESIAN_POINT('',(5.625,27.5,13.6));
#17957 = VECTOR('',#17958,1.);
#17958 = DIRECTION('',(0.,0.,1.));
#17959 = ORIENTED_EDGE('',*,*,#17960,.T.);
#17960 = EDGE_CURVE('',#17951,#17961,#17963,.T.);
#17961 = VERTEX_POINT('',#17962);
#17962 = CARTESIAN_POINT('',(5.625,29.5,13.6));
#17963 = LINE('',#17964,#17965);
#17964 = CARTESIAN_POINT('',(5.625,27.5,13.6));
#17965 = VECTOR('',#17966,1.);
#17966 = DIRECTION('',(0.,1.,0.));
#17967 = ORIENTED_EDGE('',*,*,#17968,.T.);
#17968 = EDGE_CURVE('',#17961,#17969,#17971,.T.);
#17969 = VERTEX_POINT('',#17970);
#17970 = CARTESIAN_POINT('',(5.625,29.5,15.05));
#17971 = LINE('',#17972,#17973);
#17972 = CARTESIAN_POINT('',(5.625,29.5,13.6));
#17973 = VECTOR('',#17974,1.);
#17974 = DIRECTION('',(0.,0.,1.));
#17975 = ORIENTED_EDGE('',*,*,#17976,.F.);
#17976 = EDGE_CURVE('',#17953,#17969,#17977,.T.);
#17977 = LINE('',#17978,#17979);
#17978 = CARTESIAN_POINT('',(5.625,27.5,15.05));
#17979 = VECTOR('',#17980,1.);
#17980 = DIRECTION('',(0.,1.,0.));
#17981 = PLANE('',#17982);
#17982 = AXIS2_PLACEMENT_3D('',#17983,#17984,#17985);
#17983 = CARTESIAN_POINT('',(5.625,27.5,13.6));
#17984 = DIRECTION('',(1.,0.,0.));
#17985 = DIRECTION('',(0.,0.,1.));
#17986 = ADVANCED_FACE('',(#17987),#18021,.T.);
#17987 = FACE_BOUND('',#17988,.T.);
#17988 = EDGE_LOOP('',(#17989,#17999,#18007,#18015));
#17989 = ORIENTED_EDGE('',*,*,#17990,.F.);
#17990 = EDGE_CURVE('',#17991,#17993,#17995,.T.);
#17991 = VERTEX_POINT('',#17992);
#17992 = CARTESIAN_POINT('',(6.875,27.5,13.6));
#17993 = VERTEX_POINT('',#17994);
#17994 = CARTESIAN_POINT('',(6.875,27.5,15.05));
#17995 = LINE('',#17996,#17997);
#17996 = CARTESIAN_POINT('',(6.875,27.5,13.6));
#17997 = VECTOR('',#17998,1.);
#17998 = DIRECTION('',(0.,0.,1.));
#17999 = ORIENTED_EDGE('',*,*,#18000,.T.);
#18000 = EDGE_CURVE('',#17991,#18001,#18003,.T.);
#18001 = VERTEX_POINT('',#18002);
#18002 = CARTESIAN_POINT('',(6.875,29.5,13.6));
#18003 = LINE('',#18004,#18005);
#18004 = CARTESIAN_POINT('',(6.875,27.5,13.6));
#18005 = VECTOR('',#18006,1.);
#18006 = DIRECTION('',(0.,1.,0.));
#18007 = ORIENTED_EDGE('',*,*,#18008,.T.);
#18008 = EDGE_CURVE('',#18001,#18009,#18011,.T.);
#18009 = VERTEX_POINT('',#18010);
#18010 = CARTESIAN_POINT('',(6.875,29.5,15.05));
#18011 = LINE('',#18012,#18013);
#18012 = CARTESIAN_POINT('',(6.875,29.5,13.6));
#18013 = VECTOR('',#18014,1.);
#18014 = DIRECTION('',(0.,0.,1.));
#18015 = ORIENTED_EDGE('',*,*,#18016,.F.);
#18016 = EDGE_CURVE('',#17993,#18009,#18017,.T.);
#18017 = LINE('',#18018,#18019);
#18018 = CARTESIAN_POINT('',(6.875,27.5,15.05));
#18019 = VECTOR('',#18020,1.);
#18020 = DIRECTION('',(0.,1.,0.));
#18021 = PLANE('',#18022);
#18022 = AXIS2_PLACEMENT_3D('',#18023,#18024,#18025);
#18023 = CARTESIAN_POINT('',(6.875,27.5,13.6));
#18024 = DIRECTION('',(1.,0.,0.));
#18025 = DIRECTION('',(0.,0.,1.));
#18026 = ADVANCED_FACE('',(#18027),#18043,.F.);
#18027 = FACE_BOUND('',#18028,.F.);
#18028 = EDGE_LOOP('',(#18029,#18035,#18036,#18042));
#18029 = ORIENTED_EDGE('',*,*,#18030,.F.);
#18030 = EDGE_CURVE('',#17951,#17991,#18031,.T.);
#18031 = LINE('',#18032,#18033);
#18032 = CARTESIAN_POINT('',(5.625,27.5,13.6));
#18033 = VECTOR('',#18034,1.);
#18034 = DIRECTION('',(1.,0.,0.));
#18035 = ORIENTED_EDGE('',*,*,#17950,.T.);
#18036 = ORIENTED_EDGE('',*,*,#18037,.T.);
#18037 = EDGE_CURVE('',#17953,#17993,#18038,.T.);
#18038 = LINE('',#18039,#18040);
#18039 = CARTESIAN_POINT('',(5.625,27.5,15.05));
#18040 = VECTOR('',#18041,1.);
#18041 = DIRECTION('',(1.,0.,0.));
#18042 = ORIENTED_EDGE('',*,*,#17990,.F.);
#18043 = PLANE('',#18044);
#18044 = AXIS2_PLACEMENT_3D('',#18045,#18046,#18047);
#18045 = CARTESIAN_POINT('',(5.625,27.5,13.6));
#18046 = DIRECTION('',(0.,1.,0.));
#18047 = DIRECTION('',(0.,0.,1.));
#18048 = ADVANCED_FACE('',(#18049),#18065,.T.);
#18049 = FACE_BOUND('',#18050,.T.);
#18050 = EDGE_LOOP('',(#18051,#18057,#18058,#18064));
#18051 = ORIENTED_EDGE('',*,*,#18052,.F.);
#18052 = EDGE_CURVE('',#17961,#18001,#18053,.T.);
#18053 = LINE('',#18054,#18055);
#18054 = CARTESIAN_POINT('',(5.625,29.5,13.6));
#18055 = VECTOR('',#18056,1.);
#18056 = DIRECTION('',(1.,0.,0.));
#18057 = ORIENTED_EDGE('',*,*,#17968,.T.);
#18058 = ORIENTED_EDGE('',*,*,#18059,.T.);
#18059 = EDGE_CURVE('',#17969,#18009,#18060,.T.);
#18060 = LINE('',#18061,#18062);
#18061 = CARTESIAN_POINT('',(5.625,29.5,15.05));
#18062 = VECTOR('',#18063,1.);
#18063 = DIRECTION('',(1.,0.,0.));
#18064 = ORIENTED_EDGE('',*,*,#18008,.F.);
#18065 = PLANE('',#18066);
#18066 = AXIS2_PLACEMENT_3D('',#18067,#18068,#18069);
#18067 = CARTESIAN_POINT('',(5.625,29.5,13.6));
#18068 = DIRECTION('',(0.,1.,0.));
#18069 = DIRECTION('',(0.,0.,1.));
#18070 = ADVANCED_FACE('',(#18071),#18077,.F.);
#18071 = FACE_BOUND('',#18072,.F.);
#18072 = EDGE_LOOP('',(#18073,#18074,#18075,#18076));
#18073 = ORIENTED_EDGE('',*,*,#17960,.F.);
#18074 = ORIENTED_EDGE('',*,*,#18030,.T.);
#18075 = ORIENTED_EDGE('',*,*,#18000,.T.);
#18076 = ORIENTED_EDGE('',*,*,#18052,.F.);
#18077 = PLANE('',#18078);
#18078 = AXIS2_PLACEMENT_3D('',#18079,#18080,#18081);
#18079 = CARTESIAN_POINT('',(5.625,27.5,13.6));
#18080 = DIRECTION('',(0.,0.,1.));
#18081 = DIRECTION('',(1.,0.,0.));
#18082 = ADVANCED_FACE('',(#18083),#18089,.T.);
#18083 = FACE_BOUND('',#18084,.T.);
#18084 = EDGE_LOOP('',(#18085,#18086,#18087,#18088));
#18085 = ORIENTED_EDGE('',*,*,#17976,.F.);
#18086 = ORIENTED_EDGE('',*,*,#18037,.T.);
#18087 = ORIENTED_EDGE('',*,*,#18016,.T.);
#18088 = ORIENTED_EDGE('',*,*,#18059,.F.);
#18089 = PLANE('',#18090);
#18090 = AXIS2_PLACEMENT_3D('',#18091,#18092,#18093);
#18091 = CARTESIAN_POINT('',(5.625,27.5,15.05));
#18092 = DIRECTION('',(0.,0.,1.));
#18093 = DIRECTION('',(1.,0.,0.));
#18094 = MANIFOLD_SOLID_BREP('',#18095);
#18095 = CLOSED_SHELL('',(#18096,#18136,#18176,#18198,#18220,#18232));
#18096 = ADVANCED_FACE('',(#18097),#18131,.F.);
#18097 = FACE_BOUND('',#18098,.F.);
#18098 = EDGE_LOOP('',(#18099,#18109,#18117,#18125));
#18099 = ORIENTED_EDGE('',*,*,#18100,.F.);
#18100 = EDGE_CURVE('',#18101,#18103,#18105,.T.);
#18101 = VERTEX_POINT('',#18102);
#18102 = CARTESIAN_POINT('',(16.575,9.48,13.6));
#18103 = VERTEX_POINT('',#18104);
#18104 = CARTESIAN_POINT('',(16.575,9.48,14.15));
#18105 = LINE('',#18106,#18107);
#18106 = CARTESIAN_POINT('',(16.575,9.48,13.6));
#18107 = VECTOR('',#18108,1.);
#18108 = DIRECTION('',(0.,0.,1.));
#18109 = ORIENTED_EDGE('',*,*,#18110,.T.);
#18110 = EDGE_CURVE('',#18101,#18111,#18113,.T.);
#18111 = VERTEX_POINT('',#18112);
#18112 = CARTESIAN_POINT('',(16.575,10.02,13.6));
#18113 = LINE('',#18114,#18115);
#18114 = CARTESIAN_POINT('',(16.575,9.48,13.6));
#18115 = VECTOR('',#18116,1.);
#18116 = DIRECTION('',(0.,1.,0.));
#18117 = ORIENTED_EDGE('',*,*,#18118,.T.);
#18118 = EDGE_CURVE('',#18111,#18119,#18121,.T.);
#18119 = VERTEX_POINT('',#18120);
#18120 = CARTESIAN_POINT('',(16.575,10.02,14.15));
#18121 = LINE('',#18122,#18123);
#18122 = CARTESIAN_POINT('',(16.575,10.02,13.6));
#18123 = VECTOR('',#18124,1.);
#18124 = DIRECTION('',(0.,0.,1.));
#18125 = ORIENTED_EDGE('',*,*,#18126,.F.);
#18126 = EDGE_CURVE('',#18103,#18119,#18127,.T.);
#18127 = LINE('',#18128,#18129);
#18128 = CARTESIAN_POINT('',(16.575,9.48,14.15));
#18129 = VECTOR('',#18130,1.);
#18130 = DIRECTION('',(0.,1.,0.));
#18131 = PLANE('',#18132);
#18132 = AXIS2_PLACEMENT_3D('',#18133,#18134,#18135);
#18133 = CARTESIAN_POINT('',(16.575,9.48,13.6));
#18134 = DIRECTION('',(1.,0.,0.));
#18135 = DIRECTION('',(0.,0.,1.));
#18136 = ADVANCED_FACE('',(#18137),#18171,.T.);
#18137 = FACE_BOUND('',#18138,.T.);
#18138 = EDGE_LOOP('',(#18139,#18149,#18157,#18165));
#18139 = ORIENTED_EDGE('',*,*,#18140,.F.);
#18140 = EDGE_CURVE('',#18141,#18143,#18145,.T.);
#18141 = VERTEX_POINT('',#18142);
#18142 = CARTESIAN_POINT('',(17.625,9.48,13.6));
#18143 = VERTEX_POINT('',#18144);
#18144 = CARTESIAN_POINT('',(17.625,9.48,14.15));
#18145 = LINE('',#18146,#18147);
#18146 = CARTESIAN_POINT('',(17.625,9.48,13.6));
#18147 = VECTOR('',#18148,1.);
#18148 = DIRECTION('',(0.,0.,1.));
#18149 = ORIENTED_EDGE('',*,*,#18150,.T.);
#18150 = EDGE_CURVE('',#18141,#18151,#18153,.T.);
#18151 = VERTEX_POINT('',#18152);
#18152 = CARTESIAN_POINT('',(17.625,10.02,13.6));
#18153 = LINE('',#18154,#18155);
#18154 = CARTESIAN_POINT('',(17.625,9.48,13.6));
#18155 = VECTOR('',#18156,1.);
#18156 = DIRECTION('',(0.,1.,0.));
#18157 = ORIENTED_EDGE('',*,*,#18158,.T.);
#18158 = EDGE_CURVE('',#18151,#18159,#18161,.T.);
#18159 = VERTEX_POINT('',#18160);
#18160 = CARTESIAN_POINT('',(17.625,10.02,14.15));
#18161 = LINE('',#18162,#18163);
#18162 = CARTESIAN_POINT('',(17.625,10.02,13.6));
#18163 = VECTOR('',#18164,1.);
#18164 = DIRECTION('',(0.,0.,1.));
#18165 = ORIENTED_EDGE('',*,*,#18166,.F.);
#18166 = EDGE_CURVE('',#18143,#18159,#18167,.T.);
#18167 = LINE('',#18168,#18169);
#18168 = CARTESIAN_POINT('',(17.625,9.48,14.15));
#18169 = VECTOR('',#18170,1.);
#18170 = DIRECTION('',(0.,1.,0.));
#18171 = PLANE('',#18172);
#18172 = AXIS2_PLACEMENT_3D('',#18173,#18174,#18175);
#18173 = CARTESIAN_POINT('',(17.625,9.48,13.6));
#18174 = DIRECTION('',(1.,0.,0.));
#18175 = DIRECTION('',(0.,0.,1.));
#18176 = ADVANCED_FACE('',(#18177),#18193,.F.);
#18177 = FACE_BOUND('',#18178,.F.);
#18178 = EDGE_LOOP('',(#18179,#18185,#18186,#18192));
#18179 = ORIENTED_EDGE('',*,*,#18180,.F.);
#18180 = EDGE_CURVE('',#18101,#18141,#18181,.T.);
#18181 = LINE('',#18182,#18183);
#18182 = CARTESIAN_POINT('',(16.575,9.48,13.6));
#18183 = VECTOR('',#18184,1.);
#18184 = DIRECTION('',(1.,0.,0.));
#18185 = ORIENTED_EDGE('',*,*,#18100,.T.);
#18186 = ORIENTED_EDGE('',*,*,#18187,.T.);
#18187 = EDGE_CURVE('',#18103,#18143,#18188,.T.);
#18188 = LINE('',#18189,#18190);
#18189 = CARTESIAN_POINT('',(16.575,9.48,14.15));
#18190 = VECTOR('',#18191,1.);
#18191 = DIRECTION('',(1.,0.,0.));
#18192 = ORIENTED_EDGE('',*,*,#18140,.F.);
#18193 = PLANE('',#18194);
#18194 = AXIS2_PLACEMENT_3D('',#18195,#18196,#18197);
#18195 = CARTESIAN_POINT('',(16.575,9.48,13.6));
#18196 = DIRECTION('',(0.,1.,0.));
#18197 = DIRECTION('',(0.,0.,1.));
#18198 = ADVANCED_FACE('',(#18199),#18215,.T.);
#18199 = FACE_BOUND('',#18200,.T.);
#18200 = EDGE_LOOP('',(#18201,#18207,#18208,#18214));
#18201 = ORIENTED_EDGE('',*,*,#18202,.F.);
#18202 = EDGE_CURVE('',#18111,#18151,#18203,.T.);
#18203 = LINE('',#18204,#18205);
#18204 = CARTESIAN_POINT('',(16.575,10.02,13.6));
#18205 = VECTOR('',#18206,1.);
#18206 = DIRECTION('',(1.,0.,0.));
#18207 = ORIENTED_EDGE('',*,*,#18118,.T.);
#18208 = ORIENTED_EDGE('',*,*,#18209,.T.);
#18209 = EDGE_CURVE('',#18119,#18159,#18210,.T.);
#18210 = LINE('',#18211,#18212);
#18211 = CARTESIAN_POINT('',(16.575,10.02,14.15));
#18212 = VECTOR('',#18213,1.);
#18213 = DIRECTION('',(1.,0.,0.));
#18214 = ORIENTED_EDGE('',*,*,#18158,.F.);
#18215 = PLANE('',#18216);
#18216 = AXIS2_PLACEMENT_3D('',#18217,#18218,#18219);
#18217 = CARTESIAN_POINT('',(16.575,10.02,13.6));
#18218 = DIRECTION('',(0.,1.,0.));
#18219 = DIRECTION('',(0.,0.,1.));
#18220 = ADVANCED_FACE('',(#18221),#18227,.F.);
#18221 = FACE_BOUND('',#18222,.F.);
#18222 = EDGE_LOOP('',(#18223,#18224,#18225,#18226));
#18223 = ORIENTED_EDGE('',*,*,#18110,.F.);
#18224 = ORIENTED_EDGE('',*,*,#18180,.T.);
#18225 = ORIENTED_EDGE('',*,*,#18150,.T.);
#18226 = ORIENTED_EDGE('',*,*,#18202,.F.);
#18227 = PLANE('',#18228);
#18228 = AXIS2_PLACEMENT_3D('',#18229,#18230,#18231);
#18229 = CARTESIAN_POINT('',(16.575,9.48,13.6));
#18230 = DIRECTION('',(0.,0.,1.));
#18231 = DIRECTION('',(1.,0.,0.));
#18232 = ADVANCED_FACE('',(#18233),#18239,.T.);
#18233 = FACE_BOUND('',#18234,.T.);
#18234 = EDGE_LOOP('',(#18235,#18236,#18237,#18238));
#18235 = ORIENTED_EDGE('',*,*,#18126,.F.);
#18236 = ORIENTED_EDGE('',*,*,#18187,.T.);
#18237 = ORIENTED_EDGE('',*,*,#18166,.T.);
#18238 = ORIENTED_EDGE('',*,*,#18209,.F.);
#18239 = PLANE('',#18240);
#18240 = AXIS2_PLACEMENT_3D('',#18241,#18242,#18243);
#18241 = CARTESIAN_POINT('',(16.575,9.48,14.15));
#18242 = DIRECTION('',(0.,0.,1.));
#18243 = DIRECTION('',(1.,0.,0.));
#18244 = MANIFOLD_SOLID_BREP('',#18245);
#18245 = CLOSED_SHELL('',(#18246,#18286,#18326,#18348,#18370,#18382));
#18246 = ADVANCED_FACE('',(#18247),#18281,.F.);
#18247 = FACE_BOUND('',#18248,.F.);
#18248 = EDGE_LOOP('',(#18249,#18259,#18267,#18275));
#18249 = ORIENTED_EDGE('',*,*,#18250,.F.);
#18250 = EDGE_CURVE('',#18251,#18253,#18255,.T.);
#18251 = VERTEX_POINT('',#18252);
#18252 = CARTESIAN_POINT('',(1.525,9.48,13.6));
#18253 = VERTEX_POINT('',#18254);
#18254 = CARTESIAN_POINT('',(1.525,9.48,14.15));
#18255 = LINE('',#18256,#18257);
#18256 = CARTESIAN_POINT('',(1.525,9.48,13.6));
#18257 = VECTOR('',#18258,1.);
#18258 = DIRECTION('',(0.,0.,1.));
#18259 = ORIENTED_EDGE('',*,*,#18260,.T.);
#18260 = EDGE_CURVE('',#18251,#18261,#18263,.T.);
#18261 = VERTEX_POINT('',#18262);
#18262 = CARTESIAN_POINT('',(1.525,10.02,13.6));
#18263 = LINE('',#18264,#18265);
#18264 = CARTESIAN_POINT('',(1.525,9.48,13.6));
#18265 = VECTOR('',#18266,1.);
#18266 = DIRECTION('',(0.,1.,0.));
#18267 = ORIENTED_EDGE('',*,*,#18268,.T.);
#18268 = EDGE_CURVE('',#18261,#18269,#18271,.T.);
#18269 = VERTEX_POINT('',#18270);
#18270 = CARTESIAN_POINT('',(1.525,10.02,14.15));
#18271 = LINE('',#18272,#18273);
#18272 = CARTESIAN_POINT('',(1.525,10.02,13.6));
#18273 = VECTOR('',#18274,1.);
#18274 = DIRECTION('',(0.,0.,1.));
#18275 = ORIENTED_EDGE('',*,*,#18276,.F.);
#18276 = EDGE_CURVE('',#18253,#18269,#18277,.T.);
#18277 = LINE('',#18278,#18279);
#18278 = CARTESIAN_POINT('',(1.525,9.48,14.15));
#18279 = VECTOR('',#18280,1.);
#18280 = DIRECTION('',(0.,1.,0.));
#18281 = PLANE('',#18282);
#18282 = AXIS2_PLACEMENT_3D('',#18283,#18284,#18285);
#18283 = CARTESIAN_POINT('',(1.525,9.48,13.6));
#18284 = DIRECTION('',(1.,0.,0.));
#18285 = DIRECTION('',(0.,0.,1.));
#18286 = ADVANCED_FACE('',(#18287),#18321,.T.);
#18287 = FACE_BOUND('',#18288,.T.);
#18288 = EDGE_LOOP('',(#18289,#18299,#18307,#18315));
#18289 = ORIENTED_EDGE('',*,*,#18290,.F.);
#18290 = EDGE_CURVE('',#18291,#18293,#18295,.T.);
#18291 = VERTEX_POINT('',#18292);
#18292 = CARTESIAN_POINT('',(2.575,9.48,13.6));
#18293 = VERTEX_POINT('',#18294);
#18294 = CARTESIAN_POINT('',(2.575,9.48,14.15));
#18295 = LINE('',#18296,#18297);
#18296 = CARTESIAN_POINT('',(2.575,9.48,13.6));
#18297 = VECTOR('',#18298,1.);
#18298 = DIRECTION('',(0.,0.,1.));
#18299 = ORIENTED_EDGE('',*,*,#18300,.T.);
#18300 = EDGE_CURVE('',#18291,#18301,#18303,.T.);
#18301 = VERTEX_POINT('',#18302);
#18302 = CARTESIAN_POINT('',(2.575,10.02,13.6));
#18303 = LINE('',#18304,#18305);
#18304 = CARTESIAN_POINT('',(2.575,9.48,13.6));
#18305 = VECTOR('',#18306,1.);
#18306 = DIRECTION('',(0.,1.,0.));
#18307 = ORIENTED_EDGE('',*,*,#18308,.T.);
#18308 = EDGE_CURVE('',#18301,#18309,#18311,.T.);
#18309 = VERTEX_POINT('',#18310);
#18310 = CARTESIAN_POINT('',(2.575,10.02,14.15));
#18311 = LINE('',#18312,#18313);
#18312 = CARTESIAN_POINT('',(2.575,10.02,13.6));
#18313 = VECTOR('',#18314,1.);
#18314 = DIRECTION('',(0.,0.,1.));
#18315 = ORIENTED_EDGE('',*,*,#18316,.F.);
#18316 = EDGE_CURVE('',#18293,#18309,#18317,.T.);
#18317 = LINE('',#18318,#18319);
#18318 = CARTESIAN_POINT('',(2.575,9.48,14.15));
#18319 = VECTOR('',#18320,1.);
#18320 = DIRECTION('',(0.,1.,0.));
#18321 = PLANE('',#18322);
#18322 = AXIS2_PLACEMENT_3D('',#18323,#18324,#18325);
#18323 = CARTESIAN_POINT('',(2.575,9.48,13.6));
#18324 = DIRECTION('',(1.,0.,0.));
#18325 = DIRECTION('',(0.,0.,1.));
#18326 = ADVANCED_FACE('',(#18327),#18343,.F.);
#18327 = FACE_BOUND('',#18328,.F.);
#18328 = EDGE_LOOP('',(#18329,#18335,#18336,#18342));
#18329 = ORIENTED_EDGE('',*,*,#18330,.F.);
#18330 = EDGE_CURVE('',#18251,#18291,#18331,.T.);
#18331 = LINE('',#18332,#18333);
#18332 = CARTESIAN_POINT('',(1.525,9.48,13.6));
#18333 = VECTOR('',#18334,1.);
#18334 = DIRECTION('',(1.,0.,0.));
#18335 = ORIENTED_EDGE('',*,*,#18250,.T.);
#18336 = ORIENTED_EDGE('',*,*,#18337,.T.);
#18337 = EDGE_CURVE('',#18253,#18293,#18338,.T.);
#18338 = LINE('',#18339,#18340);
#18339 = CARTESIAN_POINT('',(1.525,9.48,14.15));
#18340 = VECTOR('',#18341,1.);
#18341 = DIRECTION('',(1.,0.,0.));
#18342 = ORIENTED_EDGE('',*,*,#18290,.F.);
#18343 = PLANE('',#18344);
#18344 = AXIS2_PLACEMENT_3D('',#18345,#18346,#18347);
#18345 = CARTESIAN_POINT('',(1.525,9.48,13.6));
#18346 = DIRECTION('',(0.,1.,0.));
#18347 = DIRECTION('',(0.,0.,1.));
#18348 = ADVANCED_FACE('',(#18349),#18365,.T.);
#18349 = FACE_BOUND('',#18350,.T.);
#18350 = EDGE_LOOP('',(#18351,#18357,#18358,#18364));
#18351 = ORIENTED_EDGE('',*,*,#18352,.F.);
#18352 = EDGE_CURVE('',#18261,#18301,#18353,.T.);
#18353 = LINE('',#18354,#18355);
#18354 = CARTESIAN_POINT('',(1.525,10.02,13.6));
#18355 = VECTOR('',#18356,1.);
#18356 = DIRECTION('',(1.,0.,0.));
#18357 = ORIENTED_EDGE('',*,*,#18268,.T.);
#18358 = ORIENTED_EDGE('',*,*,#18359,.T.);
#18359 = EDGE_CURVE('',#18269,#18309,#18360,.T.);
#18360 = LINE('',#18361,#18362);
#18361 = CARTESIAN_POINT('',(1.525,10.02,14.15));
#18362 = VECTOR('',#18363,1.);
#18363 = DIRECTION('',(1.,0.,0.));
#18364 = ORIENTED_EDGE('',*,*,#18308,.F.);
#18365 = PLANE('',#18366);
#18366 = AXIS2_PLACEMENT_3D('',#18367,#18368,#18369);
#18367 = CARTESIAN_POINT('',(1.525,10.02,13.6));
#18368 = DIRECTION('',(0.,1.,0.));
#18369 = DIRECTION('',(0.,0.,1.));
#18370 = ADVANCED_FACE('',(#18371),#18377,.F.);
#18371 = FACE_BOUND('',#18372,.F.);
#18372 = EDGE_LOOP('',(#18373,#18374,#18375,#18376));
#18373 = ORIENTED_EDGE('',*,*,#18260,.F.);
#18374 = ORIENTED_EDGE('',*,*,#18330,.T.);
#18375 = ORIENTED_EDGE('',*,*,#18300,.T.);
#18376 = ORIENTED_EDGE('',*,*,#18352,.F.);
#18377 = PLANE('',#18378);
#18378 = AXIS2_PLACEMENT_3D('',#18379,#18380,#18381);
#18379 = CARTESIAN_POINT('',(1.525,9.48,13.6));
#18380 = DIRECTION('',(0.,0.,1.));
#18381 = DIRECTION('',(1.,0.,0.));
#18382 = ADVANCED_FACE('',(#18383),#18389,.T.);
#18383 = FACE_BOUND('',#18384,.T.);
#18384 = EDGE_LOOP('',(#18385,#18386,#18387,#18388));
#18385 = ORIENTED_EDGE('',*,*,#18276,.F.);
#18386 = ORIENTED_EDGE('',*,*,#18337,.T.);
#18387 = ORIENTED_EDGE('',*,*,#18316,.T.);
#18388 = ORIENTED_EDGE('',*,*,#18359,.F.);
#18389 = PLANE('',#18390);
#18390 = AXIS2_PLACEMENT_3D('',#18391,#18392,#18393);
#18391 = CARTESIAN_POINT('',(1.525,9.48,14.15));
#18392 = DIRECTION('',(0.,0.,1.));
#18393 = DIRECTION('',(1.,0.,0.));
#18394 = MANIFOLD_SOLID_BREP('',#18395);
#18395 = CLOSED_SHELL('',(#18396,#18436,#18476,#18498,#18520,#18532));
#18396 = ADVANCED_FACE('',(#18397),#18431,.F.);
#18397 = FACE_BOUND('',#18398,.F.);
#18398 = EDGE_LOOP('',(#18399,#18409,#18417,#18425));
#18399 = ORIENTED_EDGE('',*,*,#18400,.F.);
#18400 = EDGE_CURVE('',#18401,#18403,#18405,.T.);
#18401 = VERTEX_POINT('',#18402);
#18402 = CARTESIAN_POINT('',(1.2,16.45,13.6));
#18403 = VERTEX_POINT('',#18404);
#18404 = CARTESIAN_POINT('',(1.2,16.45,14.));
#18405 = LINE('',#18406,#18407);
#18406 = CARTESIAN_POINT('',(1.2,16.45,13.6));
#18407 = VECTOR('',#18408,1.);
#18408 = DIRECTION('',(0.,0.,1.));
#18409 = ORIENTED_EDGE('',*,*,#18410,.T.);
#18410 = EDGE_CURVE('',#18401,#18411,#18413,.T.);
#18411 = VERTEX_POINT('',#18412);
#18412 = CARTESIAN_POINT('',(1.2,17.55,13.6));
#18413 = LINE('',#18414,#18415);
#18414 = CARTESIAN_POINT('',(1.2,16.45,13.6));
#18415 = VECTOR('',#18416,1.);
#18416 = DIRECTION('',(0.,1.,0.));
#18417 = ORIENTED_EDGE('',*,*,#18418,.T.);
#18418 = EDGE_CURVE('',#18411,#18419,#18421,.T.);
#18419 = VERTEX_POINT('',#18420);
#18420 = CARTESIAN_POINT('',(1.2,17.55,14.));
#18421 = LINE('',#18422,#18423);
#18422 = CARTESIAN_POINT('',(1.2,17.55,13.6));
#18423 = VECTOR('',#18424,1.);
#18424 = DIRECTION('',(0.,0.,1.));
#18425 = ORIENTED_EDGE('',*,*,#18426,.F.);
#18426 = EDGE_CURVE('',#18403,#18419,#18427,.T.);
#18427 = LINE('',#18428,#18429);
#18428 = CARTESIAN_POINT('',(1.2,16.45,14.));
#18429 = VECTOR('',#18430,1.);
#18430 = DIRECTION('',(0.,1.,0.));
#18431 = PLANE('',#18432);
#18432 = AXIS2_PLACEMENT_3D('',#18433,#18434,#18435);
#18433 = CARTESIAN_POINT('',(1.2,16.45,13.6));
#18434 = DIRECTION('',(1.,0.,0.));
#18435 = DIRECTION('',(0.,0.,1.));
#18436 = ADVANCED_FACE('',(#18437),#18471,.T.);
#18437 = FACE_BOUND('',#18438,.T.);
#18438 = EDGE_LOOP('',(#18439,#18449,#18457,#18465));
#18439 = ORIENTED_EDGE('',*,*,#18440,.F.);
#18440 = EDGE_CURVE('',#18441,#18443,#18445,.T.);
#18441 = VERTEX_POINT('',#18442);
#18442 = CARTESIAN_POINT('',(1.8,16.45,13.6));
#18443 = VERTEX_POINT('',#18444);
#18444 = CARTESIAN_POINT('',(1.8,16.45,14.));
#18445 = LINE('',#18446,#18447);
#18446 = CARTESIAN_POINT('',(1.8,16.45,13.6));
#18447 = VECTOR('',#18448,1.);
#18448 = DIRECTION('',(0.,0.,1.));
#18449 = ORIENTED_EDGE('',*,*,#18450,.T.);
#18450 = EDGE_CURVE('',#18441,#18451,#18453,.T.);
#18451 = VERTEX_POINT('',#18452);
#18452 = CARTESIAN_POINT('',(1.8,17.55,13.6));
#18453 = LINE('',#18454,#18455);
#18454 = CARTESIAN_POINT('',(1.8,16.45,13.6));
#18455 = VECTOR('',#18456,1.);
#18456 = DIRECTION('',(0.,1.,0.));
#18457 = ORIENTED_EDGE('',*,*,#18458,.T.);
#18458 = EDGE_CURVE('',#18451,#18459,#18461,.T.);
#18459 = VERTEX_POINT('',#18460);
#18460 = CARTESIAN_POINT('',(1.8,17.55,14.));
#18461 = LINE('',#18462,#18463);
#18462 = CARTESIAN_POINT('',(1.8,17.55,13.6));
#18463 = VECTOR('',#18464,1.);
#18464 = DIRECTION('',(0.,0.,1.));
#18465 = ORIENTED_EDGE('',*,*,#18466,.F.);
#18466 = EDGE_CURVE('',#18443,#18459,#18467,.T.);
#18467 = LINE('',#18468,#18469);
#18468 = CARTESIAN_POINT('',(1.8,16.45,14.));
#18469 = VECTOR('',#18470,1.);
#18470 = DIRECTION('',(0.,1.,0.));
#18471 = PLANE('',#18472);
#18472 = AXIS2_PLACEMENT_3D('',#18473,#18474,#18475);
#18473 = CARTESIAN_POINT('',(1.8,16.45,13.6));
#18474 = DIRECTION('',(1.,0.,0.));
#18475 = DIRECTION('',(0.,0.,1.));
#18476 = ADVANCED_FACE('',(#18477),#18493,.F.);
#18477 = FACE_BOUND('',#18478,.F.);
#18478 = EDGE_LOOP('',(#18479,#18485,#18486,#18492));
#18479 = ORIENTED_EDGE('',*,*,#18480,.F.);
#18480 = EDGE_CURVE('',#18401,#18441,#18481,.T.);
#18481 = LINE('',#18482,#18483);
#18482 = CARTESIAN_POINT('',(1.2,16.45,13.6));
#18483 = VECTOR('',#18484,1.);
#18484 = DIRECTION('',(1.,0.,0.));
#18485 = ORIENTED_EDGE('',*,*,#18400,.T.);
#18486 = ORIENTED_EDGE('',*,*,#18487,.T.);
#18487 = EDGE_CURVE('',#18403,#18443,#18488,.T.);
#18488 = LINE('',#18489,#18490);
#18489 = CARTESIAN_POINT('',(1.2,16.45,14.));
#18490 = VECTOR('',#18491,1.);
#18491 = DIRECTION('',(1.,0.,0.));
#18492 = ORIENTED_EDGE('',*,*,#18440,.F.);
#18493 = PLANE('',#18494);
#18494 = AXIS2_PLACEMENT_3D('',#18495,#18496,#18497);
#18495 = CARTESIAN_POINT('',(1.2,16.45,13.6));
#18496 = DIRECTION('',(0.,1.,0.));
#18497 = DIRECTION('',(0.,0.,1.));
#18498 = ADVANCED_FACE('',(#18499),#18515,.T.);
#18499 = FACE_BOUND('',#18500,.T.);
#18500 = EDGE_LOOP('',(#18501,#18507,#18508,#18514));
#18501 = ORIENTED_EDGE('',*,*,#18502,.F.);
#18502 = EDGE_CURVE('',#18411,#18451,#18503,.T.);
#18503 = LINE('',#18504,#18505);
#18504 = CARTESIAN_POINT('',(1.2,17.55,13.6));
#18505 = VECTOR('',#18506,1.);
#18506 = DIRECTION('',(1.,0.,0.));
#18507 = ORIENTED_EDGE('',*,*,#18418,.T.);
#18508 = ORIENTED_EDGE('',*,*,#18509,.T.);
#18509 = EDGE_CURVE('',#18419,#18459,#18510,.T.);
#18510 = LINE('',#18511,#18512);
#18511 = CARTESIAN_POINT('',(1.2,17.55,14.));
#18512 = VECTOR('',#18513,1.);
#18513 = DIRECTION('',(1.,0.,0.));
#18514 = ORIENTED_EDGE('',*,*,#18458,.F.);
#18515 = PLANE('',#18516);
#18516 = AXIS2_PLACEMENT_3D('',#18517,#18518,#18519);
#18517 = CARTESIAN_POINT('',(1.2,17.55,13.6));
#18518 = DIRECTION('',(0.,1.,0.));
#18519 = DIRECTION('',(0.,0.,1.));
#18520 = ADVANCED_FACE('',(#18521),#18527,.F.);
#18521 = FACE_BOUND('',#18522,.F.);
#18522 = EDGE_LOOP('',(#18523,#18524,#18525,#18526));
#18523 = ORIENTED_EDGE('',*,*,#18410,.F.);
#18524 = ORIENTED_EDGE('',*,*,#18480,.T.);
#18525 = ORIENTED_EDGE('',*,*,#18450,.T.);
#18526 = ORIENTED_EDGE('',*,*,#18502,.F.);
#18527 = PLANE('',#18528);
#18528 = AXIS2_PLACEMENT_3D('',#18529,#18530,#18531);
#18529 = CARTESIAN_POINT('',(1.2,16.45,13.6));
#18530 = DIRECTION('',(0.,0.,1.));
#18531 = DIRECTION('',(1.,0.,0.));
#18532 = ADVANCED_FACE('',(#18533),#18539,.T.);
#18533 = FACE_BOUND('',#18534,.T.);
#18534 = EDGE_LOOP('',(#18535,#18536,#18537,#18538));
#18535 = ORIENTED_EDGE('',*,*,#18426,.F.);
#18536 = ORIENTED_EDGE('',*,*,#18487,.T.);
#18537 = ORIENTED_EDGE('',*,*,#18466,.T.);
#18538 = ORIENTED_EDGE('',*,*,#18509,.F.);
#18539 = PLANE('',#18540);
#18540 = AXIS2_PLACEMENT_3D('',#18541,#18542,#18543);
#18541 = CARTESIAN_POINT('',(1.2,16.45,14.));
#18542 = DIRECTION('',(0.,0.,1.));
#18543 = DIRECTION('',(1.,0.,0.));
#18544 = MANIFOLD_SOLID_BREP('',#18545);
#18545 = CLOSED_SHELL('',(#18546,#18586,#18626,#18648,#18670,#18682));
#18546 = ADVANCED_FACE('',(#18547),#18581,.F.);
#18547 = FACE_BOUND('',#18548,.F.);
#18548 = EDGE_LOOP('',(#18549,#18559,#18567,#18575));
#18549 = ORIENTED_EDGE('',*,*,#18550,.F.);
#18550 = EDGE_CURVE('',#18551,#18553,#18555,.T.);
#18551 = VERTEX_POINT('',#18552);
#18552 = CARTESIAN_POINT('',(12.7,18.45,13.6));
#18553 = VERTEX_POINT('',#18554);
#18554 = CARTESIAN_POINT('',(12.7,18.45,14.));
#18555 = LINE('',#18556,#18557);
#18556 = CARTESIAN_POINT('',(12.7,18.45,13.6));
#18557 = VECTOR('',#18558,1.);
#18558 = DIRECTION('',(0.,0.,1.));
#18559 = ORIENTED_EDGE('',*,*,#18560,.T.);
#18560 = EDGE_CURVE('',#18551,#18561,#18563,.T.);
#18561 = VERTEX_POINT('',#18562);
#18562 = CARTESIAN_POINT('',(12.7,19.05,13.6));
#18563 = LINE('',#18564,#18565);
#18564 = CARTESIAN_POINT('',(12.7,18.45,13.6));
#18565 = VECTOR('',#18566,1.);
#18566 = DIRECTION('',(0.,1.,0.));
#18567 = ORIENTED_EDGE('',*,*,#18568,.T.);
#18568 = EDGE_CURVE('',#18561,#18569,#18571,.T.);
#18569 = VERTEX_POINT('',#18570);
#18570 = CARTESIAN_POINT('',(12.7,19.05,14.));
#18571 = LINE('',#18572,#18573);
#18572 = CARTESIAN_POINT('',(12.7,19.05,13.6));
#18573 = VECTOR('',#18574,1.);
#18574 = DIRECTION('',(0.,0.,1.));
#18575 = ORIENTED_EDGE('',*,*,#18576,.F.);
#18576 = EDGE_CURVE('',#18553,#18569,#18577,.T.);
#18577 = LINE('',#18578,#18579);
#18578 = CARTESIAN_POINT('',(12.7,18.45,14.));
#18579 = VECTOR('',#18580,1.);
#18580 = DIRECTION('',(0.,1.,0.));
#18581 = PLANE('',#18582);
#18582 = AXIS2_PLACEMENT_3D('',#18583,#18584,#18585);
#18583 = CARTESIAN_POINT('',(12.7,18.45,13.6));
#18584 = DIRECTION('',(1.,0.,0.));
#18585 = DIRECTION('',(0.,0.,1.));
#18586 = ADVANCED_FACE('',(#18587),#18621,.T.);
#18587 = FACE_BOUND('',#18588,.T.);
#18588 = EDGE_LOOP('',(#18589,#18599,#18607,#18615));
#18589 = ORIENTED_EDGE('',*,*,#18590,.F.);
#18590 = EDGE_CURVE('',#18591,#18593,#18595,.T.);
#18591 = VERTEX_POINT('',#18592);
#18592 = CARTESIAN_POINT('',(13.8,18.45,13.6));
#18593 = VERTEX_POINT('',#18594);
#18594 = CARTESIAN_POINT('',(13.8,18.45,14.));
#18595 = LINE('',#18596,#18597);
#18596 = CARTESIAN_POINT('',(13.8,18.45,13.6));
#18597 = VECTOR('',#18598,1.);
#18598 = DIRECTION('',(0.,0.,1.));
#18599 = ORIENTED_EDGE('',*,*,#18600,.T.);
#18600 = EDGE_CURVE('',#18591,#18601,#18603,.T.);
#18601 = VERTEX_POINT('',#18602);
#18602 = CARTESIAN_POINT('',(13.8,19.05,13.6));
#18603 = LINE('',#18604,#18605);
#18604 = CARTESIAN_POINT('',(13.8,18.45,13.6));
#18605 = VECTOR('',#18606,1.);
#18606 = DIRECTION('',(0.,1.,0.));
#18607 = ORIENTED_EDGE('',*,*,#18608,.T.);
#18608 = EDGE_CURVE('',#18601,#18609,#18611,.T.);
#18609 = VERTEX_POINT('',#18610);
#18610 = CARTESIAN_POINT('',(13.8,19.05,14.));
#18611 = LINE('',#18612,#18613);
#18612 = CARTESIAN_POINT('',(13.8,19.05,13.6));
#18613 = VECTOR('',#18614,1.);
#18614 = DIRECTION('',(0.,0.,1.));
#18615 = ORIENTED_EDGE('',*,*,#18616,.F.);
#18616 = EDGE_CURVE('',#18593,#18609,#18617,.T.);
#18617 = LINE('',#18618,#18619);
#18618 = CARTESIAN_POINT('',(13.8,18.45,14.));
#18619 = VECTOR('',#18620,1.);
#18620 = DIRECTION('',(0.,1.,0.));
#18621 = PLANE('',#18622);
#18622 = AXIS2_PLACEMENT_3D('',#18623,#18624,#18625);
#18623 = CARTESIAN_POINT('',(13.8,18.45,13.6));
#18624 = DIRECTION('',(1.,0.,0.));
#18625 = DIRECTION('',(0.,0.,1.));
#18626 = ADVANCED_FACE('',(#18627),#18643,.F.);
#18627 = FACE_BOUND('',#18628,.F.);
#18628 = EDGE_LOOP('',(#18629,#18635,#18636,#18642));
#18629 = ORIENTED_EDGE('',*,*,#18630,.F.);
#18630 = EDGE_CURVE('',#18551,#18591,#18631,.T.);
#18631 = LINE('',#18632,#18633);
#18632 = CARTESIAN_POINT('',(12.7,18.45,13.6));
#18633 = VECTOR('',#18634,1.);
#18634 = DIRECTION('',(1.,0.,0.));
#18635 = ORIENTED_EDGE('',*,*,#18550,.T.);
#18636 = ORIENTED_EDGE('',*,*,#18637,.T.);
#18637 = EDGE_CURVE('',#18553,#18593,#18638,.T.);
#18638 = LINE('',#18639,#18640);
#18639 = CARTESIAN_POINT('',(12.7,18.45,14.));
#18640 = VECTOR('',#18641,1.);
#18641 = DIRECTION('',(1.,0.,0.));
#18642 = ORIENTED_EDGE('',*,*,#18590,.F.);
#18643 = PLANE('',#18644);
#18644 = AXIS2_PLACEMENT_3D('',#18645,#18646,#18647);
#18645 = CARTESIAN_POINT('',(12.7,18.45,13.6));
#18646 = DIRECTION('',(0.,1.,0.));
#18647 = DIRECTION('',(0.,0.,1.));
#18648 = ADVANCED_FACE('',(#18649),#18665,.T.);
#18649 = FACE_BOUND('',#18650,.T.);
#18650 = EDGE_LOOP('',(#18651,#18657,#18658,#18664));
#18651 = ORIENTED_EDGE('',*,*,#18652,.F.);
#18652 = EDGE_CURVE('',#18561,#18601,#18653,.T.);
#18653 = LINE('',#18654,#18655);
#18654 = CARTESIAN_POINT('',(12.7,19.05,13.6));
#18655 = VECTOR('',#18656,1.);
#18656 = DIRECTION('',(1.,0.,0.));
#18657 = ORIENTED_EDGE('',*,*,#18568,.T.);
#18658 = ORIENTED_EDGE('',*,*,#18659,.T.);
#18659 = EDGE_CURVE('',#18569,#18609,#18660,.T.);
#18660 = LINE('',#18661,#18662);
#18661 = CARTESIAN_POINT('',(12.7,19.05,14.));
#18662 = VECTOR('',#18663,1.);
#18663 = DIRECTION('',(1.,0.,0.));
#18664 = ORIENTED_EDGE('',*,*,#18608,.F.);
#18665 = PLANE('',#18666);
#18666 = AXIS2_PLACEMENT_3D('',#18667,#18668,#18669);
#18667 = CARTESIAN_POINT('',(12.7,19.05,13.6));
#18668 = DIRECTION('',(0.,1.,0.));
#18669 = DIRECTION('',(0.,0.,1.));
#18670 = ADVANCED_FACE('',(#18671),#18677,.F.);
#18671 = FACE_BOUND('',#18672,.F.);
#18672 = EDGE_LOOP('',(#18673,#18674,#18675,#18676));
#18673 = ORIENTED_EDGE('',*,*,#18560,.F.);
#18674 = ORIENTED_EDGE('',*,*,#18630,.T.);
#18675 = ORIENTED_EDGE('',*,*,#18600,.T.);
#18676 = ORIENTED_EDGE('',*,*,#18652,.F.);
#18677 = PLANE('',#18678);
#18678 = AXIS2_PLACEMENT_3D('',#18679,#18680,#18681);
#18679 = CARTESIAN_POINT('',(12.7,18.45,13.6));
#18680 = DIRECTION('',(0.,0.,1.));
#18681 = DIRECTION('',(1.,0.,0.));
#18682 = ADVANCED_FACE('',(#18683),#18689,.T.);
#18683 = FACE_BOUND('',#18684,.T.);
#18684 = EDGE_LOOP('',(#18685,#18686,#18687,#18688));
#18685 = ORIENTED_EDGE('',*,*,#18576,.F.);
#18686 = ORIENTED_EDGE('',*,*,#18637,.T.);
#18687 = ORIENTED_EDGE('',*,*,#18616,.T.);
#18688 = ORIENTED_EDGE('',*,*,#18659,.F.);
#18689 = PLANE('',#18690);
#18690 = AXIS2_PLACEMENT_3D('',#18691,#18692,#18693);
#18691 = CARTESIAN_POINT('',(12.7,18.45,14.));
#18692 = DIRECTION('',(0.,0.,1.));
#18693 = DIRECTION('',(1.,0.,0.));
#18694 = MANIFOLD_SOLID_BREP('',#18695);
#18695 = CLOSED_SHELL('',(#18696,#18736,#18776,#18798,#18820,#18832));
#18696 = ADVANCED_FACE('',(#18697),#18731,.F.);
#18697 = FACE_BOUND('',#18698,.F.);
#18698 = EDGE_LOOP('',(#18699,#18709,#18717,#18725));
#18699 = ORIENTED_EDGE('',*,*,#18700,.F.);
#18700 = EDGE_CURVE('',#18701,#18703,#18705,.T.);
#18701 = VERTEX_POINT('',#18702);
#18702 = CARTESIAN_POINT('',(6.755,16.775,13.6));
#18703 = VERTEX_POINT('',#18704);
#18704 = CARTESIAN_POINT('',(6.755,16.775,15.05));
#18705 = LINE('',#18706,#18707);
#18706 = CARTESIAN_POINT('',(6.755,16.775,13.6));
#18707 = VECTOR('',#18708,1.);
#18708 = DIRECTION('',(0.,0.,1.));
#18709 = ORIENTED_EDGE('',*,*,#18710,.T.);
#18710 = EDGE_CURVE('',#18701,#18711,#18713,.T.);
#18711 = VERTEX_POINT('',#18712);
#18712 = CARTESIAN_POINT('',(6.755,20.725,13.6));
#18713 = LINE('',#18714,#18715);
#18714 = CARTESIAN_POINT('',(6.755,16.775,13.6));
#18715 = VECTOR('',#18716,1.);
#18716 = DIRECTION('',(0.,1.,0.));
#18717 = ORIENTED_EDGE('',*,*,#18718,.T.);
#18718 = EDGE_CURVE('',#18711,#18719,#18721,.T.);
#18719 = VERTEX_POINT('',#18720);
#18720 = CARTESIAN_POINT('',(6.755,20.725,15.05));
#18721 = LINE('',#18722,#18723);
#18722 = CARTESIAN_POINT('',(6.755,20.725,13.6));
#18723 = VECTOR('',#18724,1.);
#18724 = DIRECTION('',(0.,0.,1.));
#18725 = ORIENTED_EDGE('',*,*,#18726,.F.);
#18726 = EDGE_CURVE('',#18703,#18719,#18727,.T.);
#18727 = LINE('',#18728,#18729);
#18728 = CARTESIAN_POINT('',(6.755,16.775,15.05));
#18729 = VECTOR('',#18730,1.);
#18730 = DIRECTION('',(0.,1.,0.));
#18731 = PLANE('',#18732);
#18732 = AXIS2_PLACEMENT_3D('',#18733,#18734,#18735);
#18733 = CARTESIAN_POINT('',(6.755,16.775,13.6));
#18734 = DIRECTION('',(1.,0.,0.));
#18735 = DIRECTION('',(0.,0.,1.));
#18736 = ADVANCED_FACE('',(#18737),#18771,.T.);
#18737 = FACE_BOUND('',#18738,.T.);
#18738 = EDGE_LOOP('',(#18739,#18749,#18757,#18765));
#18739 = ORIENTED_EDGE('',*,*,#18740,.F.);
#18740 = EDGE_CURVE('',#18741,#18743,#18745,.T.);
#18741 = VERTEX_POINT('',#18742);
#18742 = CARTESIAN_POINT('',(10.245,16.775,13.6));
#18743 = VERTEX_POINT('',#18744);
#18744 = CARTESIAN_POINT('',(10.245,16.775,15.05));
#18745 = LINE('',#18746,#18747);
#18746 = CARTESIAN_POINT('',(10.245,16.775,13.6));
#18747 = VECTOR('',#18748,1.);
#18748 = DIRECTION('',(0.,0.,1.));
#18749 = ORIENTED_EDGE('',*,*,#18750,.T.);
#18750 = EDGE_CURVE('',#18741,#18751,#18753,.T.);
#18751 = VERTEX_POINT('',#18752);
#18752 = CARTESIAN_POINT('',(10.245,20.725,13.6));
#18753 = LINE('',#18754,#18755);
#18754 = CARTESIAN_POINT('',(10.245,16.775,13.6));
#18755 = VECTOR('',#18756,1.);
#18756 = DIRECTION('',(0.,1.,0.));
#18757 = ORIENTED_EDGE('',*,*,#18758,.T.);
#18758 = EDGE_CURVE('',#18751,#18759,#18761,.T.);
#18759 = VERTEX_POINT('',#18760);
#18760 = CARTESIAN_POINT('',(10.245,20.725,15.05));
#18761 = LINE('',#18762,#18763);
#18762 = CARTESIAN_POINT('',(10.245,20.725,13.6));
#18763 = VECTOR('',#18764,1.);
#18764 = DIRECTION('',(0.,0.,1.));
#18765 = ORIENTED_EDGE('',*,*,#18766,.F.);
#18766 = EDGE_CURVE('',#18743,#18759,#18767,.T.);
#18767 = LINE('',#18768,#18769);
#18768 = CARTESIAN_POINT('',(10.245,16.775,15.05));
#18769 = VECTOR('',#18770,1.);
#18770 = DIRECTION('',(0.,1.,0.));
#18771 = PLANE('',#18772);
#18772 = AXIS2_PLACEMENT_3D('',#18773,#18774,#18775);
#18773 = CARTESIAN_POINT('',(10.245,16.775,13.6));
#18774 = DIRECTION('',(1.,0.,0.));
#18775 = DIRECTION('',(0.,0.,1.));
#18776 = ADVANCED_FACE('',(#18777),#18793,.F.);
#18777 = FACE_BOUND('',#18778,.F.);
#18778 = EDGE_LOOP('',(#18779,#18785,#18786,#18792));
#18779 = ORIENTED_EDGE('',*,*,#18780,.F.);
#18780 = EDGE_CURVE('',#18701,#18741,#18781,.T.);
#18781 = LINE('',#18782,#18783);
#18782 = CARTESIAN_POINT('',(6.755,16.775,13.6));
#18783 = VECTOR('',#18784,1.);
#18784 = DIRECTION('',(1.,0.,0.));
#18785 = ORIENTED_EDGE('',*,*,#18700,.T.);
#18786 = ORIENTED_EDGE('',*,*,#18787,.T.);
#18787 = EDGE_CURVE('',#18703,#18743,#18788,.T.);
#18788 = LINE('',#18789,#18790);
#18789 = CARTESIAN_POINT('',(6.755,16.775,15.05));
#18790 = VECTOR('',#18791,1.);
#18791 = DIRECTION('',(1.,0.,0.));
#18792 = ORIENTED_EDGE('',*,*,#18740,.F.);
#18793 = PLANE('',#18794);
#18794 = AXIS2_PLACEMENT_3D('',#18795,#18796,#18797);
#18795 = CARTESIAN_POINT('',(6.755,16.775,13.6));
#18796 = DIRECTION('',(0.,1.,0.));
#18797 = DIRECTION('',(0.,0.,1.));
#18798 = ADVANCED_FACE('',(#18799),#18815,.T.);
#18799 = FACE_BOUND('',#18800,.T.);
#18800 = EDGE_LOOP('',(#18801,#18807,#18808,#18814));
#18801 = ORIENTED_EDGE('',*,*,#18802,.F.);
#18802 = EDGE_CURVE('',#18711,#18751,#18803,.T.);
#18803 = LINE('',#18804,#18805);
#18804 = CARTESIAN_POINT('',(6.755,20.725,13.6));
#18805 = VECTOR('',#18806,1.);
#18806 = DIRECTION('',(1.,0.,0.));
#18807 = ORIENTED_EDGE('',*,*,#18718,.T.);
#18808 = ORIENTED_EDGE('',*,*,#18809,.T.);
#18809 = EDGE_CURVE('',#18719,#18759,#18810,.T.);
#18810 = LINE('',#18811,#18812);
#18811 = CARTESIAN_POINT('',(6.755,20.725,15.05));
#18812 = VECTOR('',#18813,1.);
#18813 = DIRECTION('',(1.,0.,0.));
#18814 = ORIENTED_EDGE('',*,*,#18758,.F.);
#18815 = PLANE('',#18816);
#18816 = AXIS2_PLACEMENT_3D('',#18817,#18818,#18819);
#18817 = CARTESIAN_POINT('',(6.755,20.725,13.6));
#18818 = DIRECTION('',(0.,1.,0.));
#18819 = DIRECTION('',(0.,0.,1.));
#18820 = ADVANCED_FACE('',(#18821),#18827,.F.);
#18821 = FACE_BOUND('',#18822,.F.);
#18822 = EDGE_LOOP('',(#18823,#18824,#18825,#18826));
#18823 = ORIENTED_EDGE('',*,*,#18710,.F.);
#18824 = ORIENTED_EDGE('',*,*,#18780,.T.);
#18825 = ORIENTED_EDGE('',*,*,#18750,.T.);
#18826 = ORIENTED_EDGE('',*,*,#18802,.F.);
#18827 = PLANE('',#18828);
#18828 = AXIS2_PLACEMENT_3D('',#18829,#18830,#18831);
#18829 = CARTESIAN_POINT('',(6.755,16.775,13.6));
#18830 = DIRECTION('',(0.,0.,1.));
#18831 = DIRECTION('',(1.,0.,0.));
#18832 = ADVANCED_FACE('',(#18833),#18839,.T.);
#18833 = FACE_BOUND('',#18834,.T.);
#18834 = EDGE_LOOP('',(#18835,#18836,#18837,#18838));
#18835 = ORIENTED_EDGE('',*,*,#18726,.F.);
#18836 = ORIENTED_EDGE('',*,*,#18787,.T.);
#18837 = ORIENTED_EDGE('',*,*,#18766,.T.);
#18838 = ORIENTED_EDGE('',*,*,#18809,.F.);
#18839 = PLANE('',#18840);
#18840 = AXIS2_PLACEMENT_3D('',#18841,#18842,#18843);
#18841 = CARTESIAN_POINT('',(6.755,16.775,15.05));
#18842 = DIRECTION('',(0.,0.,1.));
#18843 = DIRECTION('',(1.,0.,0.));
#18844 = MANIFOLD_SOLID_BREP('',#18845);
#18845 = CLOSED_SHELL('',(#18846,#18886,#18926,#18948,#18970,#18982));
#18846 = ADVANCED_FACE('',(#18847),#18881,.F.);
#18847 = FACE_BOUND('',#18848,.F.);
#18848 = EDGE_LOOP('',(#18849,#18859,#18867,#18875));
#18849 = ORIENTED_EDGE('',*,*,#18850,.F.);
#18850 = EDGE_CURVE('',#18851,#18853,#18855,.T.);
#18851 = VERTEX_POINT('',#18852);
#18852 = CARTESIAN_POINT('',(1.25,10.65,13.6));
#18853 = VERTEX_POINT('',#18854);
#18854 = CARTESIAN_POINT('',(1.25,10.65,14.5));
#18855 = LINE('',#18856,#18857);
#18856 = CARTESIAN_POINT('',(1.25,10.65,13.6));
#18857 = VECTOR('',#18858,1.);
#18858 = DIRECTION('',(0.,0.,1.));
#18859 = ORIENTED_EDGE('',*,*,#18860,.T.);
#18860 = EDGE_CURVE('',#18851,#18861,#18863,.T.);
#18861 = VERTEX_POINT('',#18862);
#18862 = CARTESIAN_POINT('',(1.25,13.65,13.6));
#18863 = LINE('',#18864,#18865);
#18864 = CARTESIAN_POINT('',(1.25,10.65,13.6));
#18865 = VECTOR('',#18866,1.);
#18866 = DIRECTION('',(0.,1.,0.));
#18867 = ORIENTED_EDGE('',*,*,#18868,.T.);
#18868 = EDGE_CURVE('',#18861,#18869,#18871,.T.);
#18869 = VERTEX_POINT('',#18870);
#18870 = CARTESIAN_POINT('',(1.25,13.65,14.5));
#18871 = LINE('',#18872,#18873);
#18872 = CARTESIAN_POINT('',(1.25,13.65,13.6));
#18873 = VECTOR('',#18874,1.);
#18874 = DIRECTION('',(0.,0.,1.));
#18875 = ORIENTED_EDGE('',*,*,#18876,.F.);
#18876 = EDGE_CURVE('',#18853,#18869,#18877,.T.);
#18877 = LINE('',#18878,#18879);
#18878 = CARTESIAN_POINT('',(1.25,10.65,14.5));
#18879 = VECTOR('',#18880,1.);
#18880 = DIRECTION('',(0.,1.,0.));
#18881 = PLANE('',#18882);
#18882 = AXIS2_PLACEMENT_3D('',#18883,#18884,#18885);
#18883 = CARTESIAN_POINT('',(1.25,10.65,13.6));
#18884 = DIRECTION('',(1.,0.,0.));
#18885 = DIRECTION('',(0.,0.,1.));
#18886 = ADVANCED_FACE('',(#18887),#18921,.T.);
#18887 = FACE_BOUND('',#18888,.T.);
#18888 = EDGE_LOOP('',(#18889,#18899,#18907,#18915));
#18889 = ORIENTED_EDGE('',*,*,#18890,.F.);
#18890 = EDGE_CURVE('',#18891,#18893,#18895,.T.);
#18891 = VERTEX_POINT('',#18892);
#18892 = CARTESIAN_POINT('',(4.25,10.65,13.6));
#18893 = VERTEX_POINT('',#18894);
#18894 = CARTESIAN_POINT('',(4.25,10.65,14.5));
#18895 = LINE('',#18896,#18897);
#18896 = CARTESIAN_POINT('',(4.25,10.65,13.6));
#18897 = VECTOR('',#18898,1.);
#18898 = DIRECTION('',(0.,0.,1.));
#18899 = ORIENTED_EDGE('',*,*,#18900,.T.);
#18900 = EDGE_CURVE('',#18891,#18901,#18903,.T.);
#18901 = VERTEX_POINT('',#18902);
#18902 = CARTESIAN_POINT('',(4.25,13.65,13.6));
#18903 = LINE('',#18904,#18905);
#18904 = CARTESIAN_POINT('',(4.25,10.65,13.6));
#18905 = VECTOR('',#18906,1.);
#18906 = DIRECTION('',(0.,1.,0.));
#18907 = ORIENTED_EDGE('',*,*,#18908,.T.);
#18908 = EDGE_CURVE('',#18901,#18909,#18911,.T.);
#18909 = VERTEX_POINT('',#18910);
#18910 = CARTESIAN_POINT('',(4.25,13.65,14.5));
#18911 = LINE('',#18912,#18913);
#18912 = CARTESIAN_POINT('',(4.25,13.65,13.6));
#18913 = VECTOR('',#18914,1.);
#18914 = DIRECTION('',(0.,0.,1.));
#18915 = ORIENTED_EDGE('',*,*,#18916,.F.);
#18916 = EDGE_CURVE('',#18893,#18909,#18917,.T.);
#18917 = LINE('',#18918,#18919);
#18918 = CARTESIAN_POINT('',(4.25,10.65,14.5));
#18919 = VECTOR('',#18920,1.);
#18920 = DIRECTION('',(0.,1.,0.));
#18921 = PLANE('',#18922);
#18922 = AXIS2_PLACEMENT_3D('',#18923,#18924,#18925);
#18923 = CARTESIAN_POINT('',(4.25,10.65,13.6));
#18924 = DIRECTION('',(1.,0.,0.));
#18925 = DIRECTION('',(0.,0.,1.));
#18926 = ADVANCED_FACE('',(#18927),#18943,.F.);
#18927 = FACE_BOUND('',#18928,.F.);
#18928 = EDGE_LOOP('',(#18929,#18935,#18936,#18942));
#18929 = ORIENTED_EDGE('',*,*,#18930,.F.);
#18930 = EDGE_CURVE('',#18851,#18891,#18931,.T.);
#18931 = LINE('',#18932,#18933);
#18932 = CARTESIAN_POINT('',(1.25,10.65,13.6));
#18933 = VECTOR('',#18934,1.);
#18934 = DIRECTION('',(1.,0.,0.));
#18935 = ORIENTED_EDGE('',*,*,#18850,.T.);
#18936 = ORIENTED_EDGE('',*,*,#18937,.T.);
#18937 = EDGE_CURVE('',#18853,#18893,#18938,.T.);
#18938 = LINE('',#18939,#18940);
#18939 = CARTESIAN_POINT('',(1.25,10.65,14.5));
#18940 = VECTOR('',#18941,1.);
#18941 = DIRECTION('',(1.,0.,0.));
#18942 = ORIENTED_EDGE('',*,*,#18890,.F.);
#18943 = PLANE('',#18944);
#18944 = AXIS2_PLACEMENT_3D('',#18945,#18946,#18947);
#18945 = CARTESIAN_POINT('',(1.25,10.65,13.6));
#18946 = DIRECTION('',(0.,1.,0.));
#18947 = DIRECTION('',(0.,0.,1.));
#18948 = ADVANCED_FACE('',(#18949),#18965,.T.);
#18949 = FACE_BOUND('',#18950,.T.);
#18950 = EDGE_LOOP('',(#18951,#18957,#18958,#18964));
#18951 = ORIENTED_EDGE('',*,*,#18952,.F.);
#18952 = EDGE_CURVE('',#18861,#18901,#18953,.T.);
#18953 = LINE('',#18954,#18955);
#18954 = CARTESIAN_POINT('',(1.25,13.65,13.6));
#18955 = VECTOR('',#18956,1.);
#18956 = DIRECTION('',(1.,0.,0.));
#18957 = ORIENTED_EDGE('',*,*,#18868,.T.);
#18958 = ORIENTED_EDGE('',*,*,#18959,.T.);
#18959 = EDGE_CURVE('',#18869,#18909,#18960,.T.);
#18960 = LINE('',#18961,#18962);
#18961 = CARTESIAN_POINT('',(1.25,13.65,14.5));
#18962 = VECTOR('',#18963,1.);
#18963 = DIRECTION('',(1.,0.,0.));
#18964 = ORIENTED_EDGE('',*,*,#18908,.F.);
#18965 = PLANE('',#18966);
#18966 = AXIS2_PLACEMENT_3D('',#18967,#18968,#18969);
#18967 = CARTESIAN_POINT('',(1.25,13.65,13.6));
#18968 = DIRECTION('',(0.,1.,0.));
#18969 = DIRECTION('',(0.,0.,1.));
#18970 = ADVANCED_FACE('',(#18971),#18977,.F.);
#18971 = FACE_BOUND('',#18972,.F.);
#18972 = EDGE_LOOP('',(#18973,#18974,#18975,#18976));
#18973 = ORIENTED_EDGE('',*,*,#18860,.F.);
#18974 = ORIENTED_EDGE('',*,*,#18930,.T.);
#18975 = ORIENTED_EDGE('',*,*,#18900,.T.);
#18976 = ORIENTED_EDGE('',*,*,#18952,.F.);
#18977 = PLANE('',#18978);
#18978 = AXIS2_PLACEMENT_3D('',#18979,#18980,#18981);
#18979 = CARTESIAN_POINT('',(1.25,10.65,13.6));
#18980 = DIRECTION('',(0.,0.,1.));
#18981 = DIRECTION('',(1.,0.,0.));
#18982 = ADVANCED_FACE('',(#18983),#18989,.T.);
#18983 = FACE_BOUND('',#18984,.T.);
#18984 = EDGE_LOOP('',(#18985,#18986,#18987,#18988));
#18985 = ORIENTED_EDGE('',*,*,#18876,.F.);
#18986 = ORIENTED_EDGE('',*,*,#18937,.T.);
#18987 = ORIENTED_EDGE('',*,*,#18916,.T.);
#18988 = ORIENTED_EDGE('',*,*,#18959,.F.);
#18989 = PLANE('',#18990);
#18990 = AXIS2_PLACEMENT_3D('',#18991,#18992,#18993);
#18991 = CARTESIAN_POINT('',(1.25,10.65,14.5));
#18992 = DIRECTION('',(0.,0.,1.));
#18993 = DIRECTION('',(1.,0.,0.));
#18994 = MANIFOLD_SOLID_BREP('',#18995);
#18995 = CLOSED_SHELL('',(#18996,#19036,#19076,#19098,#19120,#19132));
#18996 = ADVANCED_FACE('',(#18997),#19031,.F.);
#18997 = FACE_BOUND('',#18998,.F.);
#18998 = EDGE_LOOP('',(#18999,#19009,#19017,#19025));
#18999 = ORIENTED_EDGE('',*,*,#19000,.F.);
#19000 = EDGE_CURVE('',#19001,#19003,#19005,.T.);
#19001 = VERTEX_POINT('',#19002);
#19002 = CARTESIAN_POINT('',(16.875,13.53,13.6));
#19003 = VERTEX_POINT('',#19004);
#19004 = CARTESIAN_POINT('',(16.875,13.53,14.15));
#19005 = LINE('',#19006,#19007);
#19006 = CARTESIAN_POINT('',(16.875,13.53,13.6));
#19007 = VECTOR('',#19008,1.);
#19008 = DIRECTION('',(0.,0.,1.));
#19009 = ORIENTED_EDGE('',*,*,#19010,.T.);
#19010 = EDGE_CURVE('',#19001,#19011,#19013,.T.);
#19011 = VERTEX_POINT('',#19012);
#19012 = CARTESIAN_POINT('',(16.875,14.07,13.6));
#19013 = LINE('',#19014,#19015);
#19014 = CARTESIAN_POINT('',(16.875,13.53,13.6));
#19015 = VECTOR('',#19016,1.);
#19016 = DIRECTION('',(0.,1.,0.));
#19017 = ORIENTED_EDGE('',*,*,#19018,.T.);
#19018 = EDGE_CURVE('',#19011,#19019,#19021,.T.);
#19019 = VERTEX_POINT('',#19020);
#19020 = CARTESIAN_POINT('',(16.875,14.07,14.15));
#19021 = LINE('',#19022,#19023);
#19022 = CARTESIAN_POINT('',(16.875,14.07,13.6));
#19023 = VECTOR('',#19024,1.);
#19024 = DIRECTION('',(0.,0.,1.));
#19025 = ORIENTED_EDGE('',*,*,#19026,.F.);
#19026 = EDGE_CURVE('',#19003,#19019,#19027,.T.);
#19027 = LINE('',#19028,#19029);
#19028 = CARTESIAN_POINT('',(16.875,13.53,14.15));
#19029 = VECTOR('',#19030,1.);
#19030 = DIRECTION('',(0.,1.,0.));
#19031 = PLANE('',#19032);
#19032 = AXIS2_PLACEMENT_3D('',#19033,#19034,#19035);
#19033 = CARTESIAN_POINT('',(16.875,13.53,13.6));
#19034 = DIRECTION('',(1.,0.,0.));
#19035 = DIRECTION('',(0.,0.,1.));
#19036 = ADVANCED_FACE('',(#19037),#19071,.T.);
#19037 = FACE_BOUND('',#19038,.T.);
#19038 = EDGE_LOOP('',(#19039,#19049,#19057,#19065));
#19039 = ORIENTED_EDGE('',*,*,#19040,.F.);
#19040 = EDGE_CURVE('',#19041,#19043,#19045,.T.);
#19041 = VERTEX_POINT('',#19042);
#19042 = CARTESIAN_POINT('',(17.925,13.53,13.6));
#19043 = VERTEX_POINT('',#19044);
#19044 = CARTESIAN_POINT('',(17.925,13.53,14.15));
#19045 = LINE('',#19046,#19047);
#19046 = CARTESIAN_POINT('',(17.925,13.53,13.6));
#19047 = VECTOR('',#19048,1.);
#19048 = DIRECTION('',(0.,0.,1.));
#19049 = ORIENTED_EDGE('',*,*,#19050,.T.);
#19050 = EDGE_CURVE('',#19041,#19051,#19053,.T.);
#19051 = VERTEX_POINT('',#19052);
#19052 = CARTESIAN_POINT('',(17.925,14.07,13.6));
#19053 = LINE('',#19054,#19055);
#19054 = CARTESIAN_POINT('',(17.925,13.53,13.6));
#19055 = VECTOR('',#19056,1.);
#19056 = DIRECTION('',(0.,1.,0.));
#19057 = ORIENTED_EDGE('',*,*,#19058,.T.);
#19058 = EDGE_CURVE('',#19051,#19059,#19061,.T.);
#19059 = VERTEX_POINT('',#19060);
#19060 = CARTESIAN_POINT('',(17.925,14.07,14.15));
#19061 = LINE('',#19062,#19063);
#19062 = CARTESIAN_POINT('',(17.925,14.07,13.6));
#19063 = VECTOR('',#19064,1.);
#19064 = DIRECTION('',(0.,0.,1.));
#19065 = ORIENTED_EDGE('',*,*,#19066,.F.);
#19066 = EDGE_CURVE('',#19043,#19059,#19067,.T.);
#19067 = LINE('',#19068,#19069);
#19068 = CARTESIAN_POINT('',(17.925,13.53,14.15));
#19069 = VECTOR('',#19070,1.);
#19070 = DIRECTION('',(0.,1.,0.));
#19071 = PLANE('',#19072);
#19072 = AXIS2_PLACEMENT_3D('',#19073,#19074,#19075);
#19073 = CARTESIAN_POINT('',(17.925,13.53,13.6));
#19074 = DIRECTION('',(1.,0.,0.));
#19075 = DIRECTION('',(0.,0.,1.));
#19076 = ADVANCED_FACE('',(#19077),#19093,.F.);
#19077 = FACE_BOUND('',#19078,.F.);
#19078 = EDGE_LOOP('',(#19079,#19085,#19086,#19092));
#19079 = ORIENTED_EDGE('',*,*,#19080,.F.);
#19080 = EDGE_CURVE('',#19001,#19041,#19081,.T.);
#19081 = LINE('',#19082,#19083);
#19082 = CARTESIAN_POINT('',(16.875,13.53,13.6));
#19083 = VECTOR('',#19084,1.);
#19084 = DIRECTION('',(1.,0.,0.));
#19085 = ORIENTED_EDGE('',*,*,#19000,.T.);
#19086 = ORIENTED_EDGE('',*,*,#19087,.T.);
#19087 = EDGE_CURVE('',#19003,#19043,#19088,.T.);
#19088 = LINE('',#19089,#19090);
#19089 = CARTESIAN_POINT('',(16.875,13.53,14.15));
#19090 = VECTOR('',#19091,1.);
#19091 = DIRECTION('',(1.,0.,0.));
#19092 = ORIENTED_EDGE('',*,*,#19040,.F.);
#19093 = PLANE('',#19094);
#19094 = AXIS2_PLACEMENT_3D('',#19095,#19096,#19097);
#19095 = CARTESIAN_POINT('',(16.875,13.53,13.6));
#19096 = DIRECTION('',(0.,1.,0.));
#19097 = DIRECTION('',(0.,0.,1.));
#19098 = ADVANCED_FACE('',(#19099),#19115,.T.);
#19099 = FACE_BOUND('',#19100,.T.);
#19100 = EDGE_LOOP('',(#19101,#19107,#19108,#19114));
#19101 = ORIENTED_EDGE('',*,*,#19102,.F.);
#19102 = EDGE_CURVE('',#19011,#19051,#19103,.T.);
#19103 = LINE('',#19104,#19105);
#19104 = CARTESIAN_POINT('',(16.875,14.07,13.6));
#19105 = VECTOR('',#19106,1.);
#19106 = DIRECTION('',(1.,0.,0.));
#19107 = ORIENTED_EDGE('',*,*,#19018,.T.);
#19108 = ORIENTED_EDGE('',*,*,#19109,.T.);
#19109 = EDGE_CURVE('',#19019,#19059,#19110,.T.);
#19110 = LINE('',#19111,#19112);
#19111 = CARTESIAN_POINT('',(16.875,14.07,14.15));
#19112 = VECTOR('',#19113,1.);
#19113 = DIRECTION('',(1.,0.,0.));
#19114 = ORIENTED_EDGE('',*,*,#19058,.F.);
#19115 = PLANE('',#19116);
#19116 = AXIS2_PLACEMENT_3D('',#19117,#19118,#19119);
#19117 = CARTESIAN_POINT('',(16.875,14.07,13.6));
#19118 = DIRECTION('',(0.,1.,0.));
#19119 = DIRECTION('',(0.,0.,1.));
#19120 = ADVANCED_FACE('',(#19121),#19127,.F.);
#19121 = FACE_BOUND('',#19122,.F.);
#19122 = EDGE_LOOP('',(#19123,#19124,#19125,#19126));
#19123 = ORIENTED_EDGE('',*,*,#19010,.F.);
#19124 = ORIENTED_EDGE('',*,*,#19080,.T.);
#19125 = ORIENTED_EDGE('',*,*,#19050,.T.);
#19126 = ORIENTED_EDGE('',*,*,#19102,.F.);
#19127 = PLANE('',#19128);
#19128 = AXIS2_PLACEMENT_3D('',#19129,#19130,#19131);
#19129 = CARTESIAN_POINT('',(16.875,13.53,13.6));
#19130 = DIRECTION('',(0.,0.,1.));
#19131 = DIRECTION('',(1.,0.,0.));
#19132 = ADVANCED_FACE('',(#19133),#19139,.T.);
#19133 = FACE_BOUND('',#19134,.T.);
#19134 = EDGE_LOOP('',(#19135,#19136,#19137,#19138));
#19135 = ORIENTED_EDGE('',*,*,#19026,.F.);
#19136 = ORIENTED_EDGE('',*,*,#19087,.T.);
#19137 = ORIENTED_EDGE('',*,*,#19066,.T.);
#19138 = ORIENTED_EDGE('',*,*,#19109,.F.);
#19139 = PLANE('',#19140);
#19140 = AXIS2_PLACEMENT_3D('',#19141,#19142,#19143);
#19141 = CARTESIAN_POINT('',(16.875,13.53,14.15));
#19142 = DIRECTION('',(0.,0.,1.));
#19143 = DIRECTION('',(1.,0.,0.));
#19144 = MANIFOLD_SOLID_BREP('',#19145);
#19145 = CLOSED_SHELL('',(#19146,#19186,#19226,#19248,#19270,#19282));
#19146 = ADVANCED_FACE('',(#19147),#19181,.F.);
#19147 = FACE_BOUND('',#19148,.F.);
#19148 = EDGE_LOOP('',(#19149,#19159,#19167,#19175));
#19149 = ORIENTED_EDGE('',*,*,#19150,.F.);
#19150 = EDGE_CURVE('',#19151,#19153,#19155,.T.);
#19151 = VERTEX_POINT('',#19152);
#19152 = CARTESIAN_POINT('',(11.405,23.755,13.6));
#19153 = VERTEX_POINT('',#19154);
#19154 = CARTESIAN_POINT('',(11.405,23.755,15.05));
#19155 = LINE('',#19156,#19157);
#19156 = CARTESIAN_POINT('',(11.405,23.755,13.6));
#19157 = VECTOR('',#19158,1.);
#19158 = DIRECTION('',(0.,0.,1.));
#19159 = ORIENTED_EDGE('',*,*,#19160,.T.);
#19160 = EDGE_CURVE('',#19151,#19161,#19163,.T.);
#19161 = VERTEX_POINT('',#19162);
#19162 = CARTESIAN_POINT('',(11.405,27.245,13.6));
#19163 = LINE('',#19164,#19165);
#19164 = CARTESIAN_POINT('',(11.405,23.755,13.6));
#19165 = VECTOR('',#19166,1.);
#19166 = DIRECTION('',(0.,1.,0.));
#19167 = ORIENTED_EDGE('',*,*,#19168,.T.);
#19168 = EDGE_CURVE('',#19161,#19169,#19171,.T.);
#19169 = VERTEX_POINT('',#19170);
#19170 = CARTESIAN_POINT('',(11.405,27.245,15.05));
#19171 = LINE('',#19172,#19173);
#19172 = CARTESIAN_POINT('',(11.405,27.245,13.6));
#19173 = VECTOR('',#19174,1.);
#19174 = DIRECTION('',(0.,0.,1.));
#19175 = ORIENTED_EDGE('',*,*,#19176,.F.);
#19176 = EDGE_CURVE('',#19153,#19169,#19177,.T.);
#19177 = LINE('',#19178,#19179);
#19178 = CARTESIAN_POINT('',(11.405,23.755,15.05));
#19179 = VECTOR('',#19180,1.);
#19180 = DIRECTION('',(0.,1.,0.));
#19181 = PLANE('',#19182);
#19182 = AXIS2_PLACEMENT_3D('',#19183,#19184,#19185);
#19183 = CARTESIAN_POINT('',(11.405,23.755,13.6));
#19184 = DIRECTION('',(1.,0.,0.));
#19185 = DIRECTION('',(0.,0.,1.));
#19186 = ADVANCED_FACE('',(#19187),#19221,.T.);
#19187 = FACE_BOUND('',#19188,.T.);
#19188 = EDGE_LOOP('',(#19189,#19199,#19207,#19215));
#19189 = ORIENTED_EDGE('',*,*,#19190,.F.);
#19190 = EDGE_CURVE('',#19191,#19193,#19195,.T.);
#19191 = VERTEX_POINT('',#19192);
#19192 = CARTESIAN_POINT('',(15.595,23.755,13.6));
#19193 = VERTEX_POINT('',#19194);
#19194 = CARTESIAN_POINT('',(15.595,23.755,15.05));
#19195 = LINE('',#19196,#19197);
#19196 = CARTESIAN_POINT('',(15.595,23.755,13.6));
#19197 = VECTOR('',#19198,1.);
#19198 = DIRECTION('',(0.,0.,1.));
#19199 = ORIENTED_EDGE('',*,*,#19200,.T.);
#19200 = EDGE_CURVE('',#19191,#19201,#19203,.T.);
#19201 = VERTEX_POINT('',#19202);
#19202 = CARTESIAN_POINT('',(15.595,27.245,13.6));
#19203 = LINE('',#19204,#19205);
#19204 = CARTESIAN_POINT('',(15.595,23.755,13.6));
#19205 = VECTOR('',#19206,1.);
#19206 = DIRECTION('',(0.,1.,0.));
#19207 = ORIENTED_EDGE('',*,*,#19208,.T.);
#19208 = EDGE_CURVE('',#19201,#19209,#19211,.T.);
#19209 = VERTEX_POINT('',#19210);
#19210 = CARTESIAN_POINT('',(15.595,27.245,15.05));
#19211 = LINE('',#19212,#19213);
#19212 = CARTESIAN_POINT('',(15.595,27.245,13.6));
#19213 = VECTOR('',#19214,1.);
#19214 = DIRECTION('',(0.,0.,1.));
#19215 = ORIENTED_EDGE('',*,*,#19216,.F.);
#19216 = EDGE_CURVE('',#19193,#19209,#19217,.T.);
#19217 = LINE('',#19218,#19219);
#19218 = CARTESIAN_POINT('',(15.595,23.755,15.05));
#19219 = VECTOR('',#19220,1.);
#19220 = DIRECTION('',(0.,1.,0.));
#19221 = PLANE('',#19222);
#19222 = AXIS2_PLACEMENT_3D('',#19223,#19224,#19225);
#19223 = CARTESIAN_POINT('',(15.595,23.755,13.6));
#19224 = DIRECTION('',(1.,0.,0.));
#19225 = DIRECTION('',(0.,0.,1.));
#19226 = ADVANCED_FACE('',(#19227),#19243,.F.);
#19227 = FACE_BOUND('',#19228,.F.);
#19228 = EDGE_LOOP('',(#19229,#19235,#19236,#19242));
#19229 = ORIENTED_EDGE('',*,*,#19230,.F.);
#19230 = EDGE_CURVE('',#19151,#19191,#19231,.T.);
#19231 = LINE('',#19232,#19233);
#19232 = CARTESIAN_POINT('',(11.405,23.755,13.6));
#19233 = VECTOR('',#19234,1.);
#19234 = DIRECTION('',(1.,0.,0.));
#19235 = ORIENTED_EDGE('',*,*,#19150,.T.);
#19236 = ORIENTED_EDGE('',*,*,#19237,.T.);
#19237 = EDGE_CURVE('',#19153,#19193,#19238,.T.);
#19238 = LINE('',#19239,#19240);
#19239 = CARTESIAN_POINT('',(11.405,23.755,15.05));
#19240 = VECTOR('',#19241,1.);
#19241 = DIRECTION('',(1.,0.,0.));
#19242 = ORIENTED_EDGE('',*,*,#19190,.F.);
#19243 = PLANE('',#19244);
#19244 = AXIS2_PLACEMENT_3D('',#19245,#19246,#19247);
#19245 = CARTESIAN_POINT('',(11.405,23.755,13.6));
#19246 = DIRECTION('',(0.,1.,0.));
#19247 = DIRECTION('',(0.,0.,1.));
#19248 = ADVANCED_FACE('',(#19249),#19265,.T.);
#19249 = FACE_BOUND('',#19250,.T.);
#19250 = EDGE_LOOP('',(#19251,#19257,#19258,#19264));
#19251 = ORIENTED_EDGE('',*,*,#19252,.F.);
#19252 = EDGE_CURVE('',#19161,#19201,#19253,.T.);
#19253 = LINE('',#19254,#19255);
#19254 = CARTESIAN_POINT('',(11.405,27.245,13.6));
#19255 = VECTOR('',#19256,1.);
#19256 = DIRECTION('',(1.,0.,0.));
#19257 = ORIENTED_EDGE('',*,*,#19168,.T.);
#19258 = ORIENTED_EDGE('',*,*,#19259,.T.);
#19259 = EDGE_CURVE('',#19169,#19209,#19260,.T.);
#19260 = LINE('',#19261,#19262);
#19261 = CARTESIAN_POINT('',(11.405,27.245,15.05));
#19262 = VECTOR('',#19263,1.);
#19263 = DIRECTION('',(1.,0.,0.));
#19264 = ORIENTED_EDGE('',*,*,#19208,.F.);
#19265 = PLANE('',#19266);
#19266 = AXIS2_PLACEMENT_3D('',#19267,#19268,#19269);
#19267 = CARTESIAN_POINT('',(11.405,27.245,13.6));
#19268 = DIRECTION('',(0.,1.,0.));
#19269 = DIRECTION('',(0.,0.,1.));
#19270 = ADVANCED_FACE('',(#19271),#19277,.F.);
#19271 = FACE_BOUND('',#19272,.F.);
#19272 = EDGE_LOOP('',(#19273,#19274,#19275,#19276));
#19273 = ORIENTED_EDGE('',*,*,#19160,.F.);
#19274 = ORIENTED_EDGE('',*,*,#19230,.T.);
#19275 = ORIENTED_EDGE('',*,*,#19200,.T.);
#19276 = ORIENTED_EDGE('',*,*,#19252,.F.);
#19277 = PLANE('',#19278);
#19278 = AXIS2_PLACEMENT_3D('',#19279,#19280,#19281);
#19279 = CARTESIAN_POINT('',(11.405,23.755,13.6));
#19280 = DIRECTION('',(0.,0.,1.));
#19281 = DIRECTION('',(1.,0.,0.));
#19282 = ADVANCED_FACE('',(#19283),#19289,.T.);
#19283 = FACE_BOUND('',#19284,.T.);
#19284 = EDGE_LOOP('',(#19285,#19286,#19287,#19288));
#19285 = ORIENTED_EDGE('',*,*,#19176,.F.);
#19286 = ORIENTED_EDGE('',*,*,#19237,.T.);
#19287 = ORIENTED_EDGE('',*,*,#19216,.T.);
#19288 = ORIENTED_EDGE('',*,*,#19259,.F.);
#19289 = PLANE('',#19290);
#19290 = AXIS2_PLACEMENT_3D('',#19291,#19292,#19293);
#19291 = CARTESIAN_POINT('',(11.405,23.755,15.05));
#19292 = DIRECTION('',(0.,0.,1.));
#19293 = DIRECTION('',(1.,0.,0.));
#19294 = MANIFOLD_SOLID_BREP('',#19295);
#19295 = CLOSED_SHELL('',(#19296,#19336,#19376,#19398,#19420,#19432));
#19296 = ADVANCED_FACE('',(#19297),#19331,.F.);
#19297 = FACE_BOUND('',#19298,.F.);
#19298 = EDGE_LOOP('',(#19299,#19309,#19317,#19325));
#19299 = ORIENTED_EDGE('',*,*,#19300,.F.);
#19300 = EDGE_CURVE('',#19301,#19303,#19305,.T.);
#19301 = VERTEX_POINT('',#19302);
#19302 = CARTESIAN_POINT('',(17.63,15.225,13.6));
#19303 = VERTEX_POINT('',#19304);
#19304 = CARTESIAN_POINT('',(17.63,15.225,14.15));
#19305 = LINE('',#19306,#19307);
#19306 = CARTESIAN_POINT('',(17.63,15.225,13.6));
#19307 = VECTOR('',#19308,1.);
#19308 = DIRECTION('',(0.,0.,1.));
#19309 = ORIENTED_EDGE('',*,*,#19310,.T.);
#19310 = EDGE_CURVE('',#19301,#19311,#19313,.T.);
#19311 = VERTEX_POINT('',#19312);
#19312 = CARTESIAN_POINT('',(17.63,16.275,13.6));
#19313 = LINE('',#19314,#19315);
#19314 = CARTESIAN_POINT('',(17.63,15.225,13.6));
#19315 = VECTOR('',#19316,1.);
#19316 = DIRECTION('',(0.,1.,0.));
#19317 = ORIENTED_EDGE('',*,*,#19318,.T.);
#19318 = EDGE_CURVE('',#19311,#19319,#19321,.T.);
#19319 = VERTEX_POINT('',#19320);
#19320 = CARTESIAN_POINT('',(17.63,16.275,14.15));
#19321 = LINE('',#19322,#19323);
#19322 = CARTESIAN_POINT('',(17.63,16.275,13.6));
#19323 = VECTOR('',#19324,1.);
#19324 = DIRECTION('',(0.,0.,1.));
#19325 = ORIENTED_EDGE('',*,*,#19326,.F.);
#19326 = EDGE_CURVE('',#19303,#19319,#19327,.T.);
#19327 = LINE('',#19328,#19329);
#19328 = CARTESIAN_POINT('',(17.63,15.225,14.15));
#19329 = VECTOR('',#19330,1.);
#19330 = DIRECTION('',(0.,1.,0.));
#19331 = PLANE('',#19332);
#19332 = AXIS2_PLACEMENT_3D('',#19333,#19334,#19335);
#19333 = CARTESIAN_POINT('',(17.63,15.225,13.6));
#19334 = DIRECTION('',(1.,0.,0.));
#19335 = DIRECTION('',(0.,0.,1.));
#19336 = ADVANCED_FACE('',(#19337),#19371,.T.);
#19337 = FACE_BOUND('',#19338,.T.);
#19338 = EDGE_LOOP('',(#19339,#19349,#19357,#19365));
#19339 = ORIENTED_EDGE('',*,*,#19340,.F.);
#19340 = EDGE_CURVE('',#19341,#19343,#19345,.T.);
#19341 = VERTEX_POINT('',#19342);
#19342 = CARTESIAN_POINT('',(18.17,15.225,13.6));
#19343 = VERTEX_POINT('',#19344);
#19344 = CARTESIAN_POINT('',(18.17,15.225,14.15));
#19345 = LINE('',#19346,#19347);
#19346 = CARTESIAN_POINT('',(18.17,15.225,13.6));
#19347 = VECTOR('',#19348,1.);
#19348 = DIRECTION('',(0.,0.,1.));
#19349 = ORIENTED_EDGE('',*,*,#19350,.T.);
#19350 = EDGE_CURVE('',#19341,#19351,#19353,.T.);
#19351 = VERTEX_POINT('',#19352);
#19352 = CARTESIAN_POINT('',(18.17,16.275,13.6));
#19353 = LINE('',#19354,#19355);
#19354 = CARTESIAN_POINT('',(18.17,15.225,13.6));
#19355 = VECTOR('',#19356,1.);
#19356 = DIRECTION('',(0.,1.,0.));
#19357 = ORIENTED_EDGE('',*,*,#19358,.T.);
#19358 = EDGE_CURVE('',#19351,#19359,#19361,.T.);
#19359 = VERTEX_POINT('',#19360);
#19360 = CARTESIAN_POINT('',(18.17,16.275,14.15));
#19361 = LINE('',#19362,#19363);
#19362 = CARTESIAN_POINT('',(18.17,16.275,13.6));
#19363 = VECTOR('',#19364,1.);
#19364 = DIRECTION('',(0.,0.,1.));
#19365 = ORIENTED_EDGE('',*,*,#19366,.F.);
#19366 = EDGE_CURVE('',#19343,#19359,#19367,.T.);
#19367 = LINE('',#19368,#19369);
#19368 = CARTESIAN_POINT('',(18.17,15.225,14.15));
#19369 = VECTOR('',#19370,1.);
#19370 = DIRECTION('',(0.,1.,0.));
#19371 = PLANE('',#19372);
#19372 = AXIS2_PLACEMENT_3D('',#19373,#19374,#19375);
#19373 = CARTESIAN_POINT('',(18.17,15.225,13.6));
#19374 = DIRECTION('',(1.,0.,0.));
#19375 = DIRECTION('',(0.,0.,1.));
#19376 = ADVANCED_FACE('',(#19377),#19393,.F.);
#19377 = FACE_BOUND('',#19378,.F.);
#19378 = EDGE_LOOP('',(#19379,#19385,#19386,#19392));
#19379 = ORIENTED_EDGE('',*,*,#19380,.F.);
#19380 = EDGE_CURVE('',#19301,#19341,#19381,.T.);
#19381 = LINE('',#19382,#19383);
#19382 = CARTESIAN_POINT('',(17.63,15.225,13.6));
#19383 = VECTOR('',#19384,1.);
#19384 = DIRECTION('',(1.,0.,0.));
#19385 = ORIENTED_EDGE('',*,*,#19300,.T.);
#19386 = ORIENTED_EDGE('',*,*,#19387,.T.);
#19387 = EDGE_CURVE('',#19303,#19343,#19388,.T.);
#19388 = LINE('',#19389,#19390);
#19389 = CARTESIAN_POINT('',(17.63,15.225,14.15));
#19390 = VECTOR('',#19391,1.);
#19391 = DIRECTION('',(1.,0.,0.));
#19392 = ORIENTED_EDGE('',*,*,#19340,.F.);
#19393 = PLANE('',#19394);
#19394 = AXIS2_PLACEMENT_3D('',#19395,#19396,#19397);
#19395 = CARTESIAN_POINT('',(17.63,15.225,13.6));
#19396 = DIRECTION('',(0.,1.,0.));
#19397 = DIRECTION('',(0.,0.,1.));
#19398 = ADVANCED_FACE('',(#19399),#19415,.T.);
#19399 = FACE_BOUND('',#19400,.T.);
#19400 = EDGE_LOOP('',(#19401,#19407,#19408,#19414));
#19401 = ORIENTED_EDGE('',*,*,#19402,.F.);
#19402 = EDGE_CURVE('',#19311,#19351,#19403,.T.);
#19403 = LINE('',#19404,#19405);
#19404 = CARTESIAN_POINT('',(17.63,16.275,13.6));
#19405 = VECTOR('',#19406,1.);
#19406 = DIRECTION('',(1.,0.,0.));
#19407 = ORIENTED_EDGE('',*,*,#19318,.T.);
#19408 = ORIENTED_EDGE('',*,*,#19409,.T.);
#19409 = EDGE_CURVE('',#19319,#19359,#19410,.T.);
#19410 = LINE('',#19411,#19412);
#19411 = CARTESIAN_POINT('',(17.63,16.275,14.15));
#19412 = VECTOR('',#19413,1.);
#19413 = DIRECTION('',(1.,0.,0.));
#19414 = ORIENTED_EDGE('',*,*,#19358,.F.);
#19415 = PLANE('',#19416);
#19416 = AXIS2_PLACEMENT_3D('',#19417,#19418,#19419);
#19417 = CARTESIAN_POINT('',(17.63,16.275,13.6));
#19418 = DIRECTION('',(0.,1.,0.));
#19419 = DIRECTION('',(0.,0.,1.));
#19420 = ADVANCED_FACE('',(#19421),#19427,.F.);
#19421 = FACE_BOUND('',#19422,.F.);
#19422 = EDGE_LOOP('',(#19423,#19424,#19425,#19426));
#19423 = ORIENTED_EDGE('',*,*,#19310,.F.);
#19424 = ORIENTED_EDGE('',*,*,#19380,.T.);
#19425 = ORIENTED_EDGE('',*,*,#19350,.T.);
#19426 = ORIENTED_EDGE('',*,*,#19402,.F.);
#19427 = PLANE('',#19428);
#19428 = AXIS2_PLACEMENT_3D('',#19429,#19430,#19431);
#19429 = CARTESIAN_POINT('',(17.63,15.225,13.6));
#19430 = DIRECTION('',(0.,0.,1.));
#19431 = DIRECTION('',(1.,0.,0.));
#19432 = ADVANCED_FACE('',(#19433),#19439,.T.);
#19433 = FACE_BOUND('',#19434,.T.);
#19434 = EDGE_LOOP('',(#19435,#19436,#19437,#19438));
#19435 = ORIENTED_EDGE('',*,*,#19326,.F.);
#19436 = ORIENTED_EDGE('',*,*,#19387,.T.);
#19437 = ORIENTED_EDGE('',*,*,#19366,.T.);
#19438 = ORIENTED_EDGE('',*,*,#19409,.F.);
#19439 = PLANE('',#19440);
#19440 = AXIS2_PLACEMENT_3D('',#19441,#19442,#19443);
#19441 = CARTESIAN_POINT('',(17.63,15.225,14.15));
#19442 = DIRECTION('',(0.,0.,1.));
#19443 = DIRECTION('',(1.,0.,0.));
#19444 = MANIFOLD_SOLID_BREP('',#19445);
#19445 = CLOSED_SHELL('',(#19446,#19486,#19526,#19548,#19570,#19582));
#19446 = ADVANCED_FACE('',(#19447),#19481,.F.);
#19447 = FACE_BOUND('',#19448,.F.);
#19448 = EDGE_LOOP('',(#19449,#19459,#19467,#19475));
#19449 = ORIENTED_EDGE('',*,*,#19450,.F.);
#19450 = EDGE_CURVE('',#19451,#19453,#19455,.T.);
#19451 = VERTEX_POINT('',#19452);
#19452 = CARTESIAN_POINT('',(14.73,16.975,13.6));
#19453 = VERTEX_POINT('',#19454);
#19454 = CARTESIAN_POINT('',(14.73,16.975,14.15));
#19455 = LINE('',#19456,#19457);
#19456 = CARTESIAN_POINT('',(14.73,16.975,13.6));
#19457 = VECTOR('',#19458,1.);
#19458 = DIRECTION('',(0.,0.,1.));
#19459 = ORIENTED_EDGE('',*,*,#19460,.T.);
#19460 = EDGE_CURVE('',#19451,#19461,#19463,.T.);
#19461 = VERTEX_POINT('',#19462);
#19462 = CARTESIAN_POINT('',(14.73,18.025,13.6));
#19463 = LINE('',#19464,#19465);
#19464 = CARTESIAN_POINT('',(14.73,16.975,13.6));
#19465 = VECTOR('',#19466,1.);
#19466 = DIRECTION('',(0.,1.,0.));
#19467 = ORIENTED_EDGE('',*,*,#19468,.T.);
#19468 = EDGE_CURVE('',#19461,#19469,#19471,.T.);
#19469 = VERTEX_POINT('',#19470);
#19470 = CARTESIAN_POINT('',(14.73,18.025,14.15));
#19471 = LINE('',#19472,#19473);
#19472 = CARTESIAN_POINT('',(14.73,18.025,13.6));
#19473 = VECTOR('',#19474,1.);
#19474 = DIRECTION('',(0.,0.,1.));
#19475 = ORIENTED_EDGE('',*,*,#19476,.F.);
#19476 = EDGE_CURVE('',#19453,#19469,#19477,.T.);
#19477 = LINE('',#19478,#19479);
#19478 = CARTESIAN_POINT('',(14.73,16.975,14.15));
#19479 = VECTOR('',#19480,1.);
#19480 = DIRECTION('',(0.,1.,0.));
#19481 = PLANE('',#19482);
#19482 = AXIS2_PLACEMENT_3D('',#19483,#19484,#19485);
#19483 = CARTESIAN_POINT('',(14.73,16.975,13.6));
#19484 = DIRECTION('',(1.,0.,0.));
#19485 = DIRECTION('',(0.,0.,1.));
#19486 = ADVANCED_FACE('',(#19487),#19521,.T.);
#19487 = FACE_BOUND('',#19488,.T.);
#19488 = EDGE_LOOP('',(#19489,#19499,#19507,#19515));
#19489 = ORIENTED_EDGE('',*,*,#19490,.F.);
#19490 = EDGE_CURVE('',#19491,#19493,#19495,.T.);
#19491 = VERTEX_POINT('',#19492);
#19492 = CARTESIAN_POINT('',(15.27,16.975,13.6));
#19493 = VERTEX_POINT('',#19494);
#19494 = CARTESIAN_POINT('',(15.27,16.975,14.15));
#19495 = LINE('',#19496,#19497);
#19496 = CARTESIAN_POINT('',(15.27,16.975,13.6));
#19497 = VECTOR('',#19498,1.);
#19498 = DIRECTION('',(0.,0.,1.));
#19499 = ORIENTED_EDGE('',*,*,#19500,.T.);
#19500 = EDGE_CURVE('',#19491,#19501,#19503,.T.);
#19501 = VERTEX_POINT('',#19502);
#19502 = CARTESIAN_POINT('',(15.27,18.025,13.6));
#19503 = LINE('',#19504,#19505);
#19504 = CARTESIAN_POINT('',(15.27,16.975,13.6));
#19505 = VECTOR('',#19506,1.);
#19506 = DIRECTION('',(0.,1.,0.));
#19507 = ORIENTED_EDGE('',*,*,#19508,.T.);
#19508 = EDGE_CURVE('',#19501,#19509,#19511,.T.);
#19509 = VERTEX_POINT('',#19510);
#19510 = CARTESIAN_POINT('',(15.27,18.025,14.15));
#19511 = LINE('',#19512,#19513);
#19512 = CARTESIAN_POINT('',(15.27,18.025,13.6));
#19513 = VECTOR('',#19514,1.);
#19514 = DIRECTION('',(0.,0.,1.));
#19515 = ORIENTED_EDGE('',*,*,#19516,.F.);
#19516 = EDGE_CURVE('',#19493,#19509,#19517,.T.);
#19517 = LINE('',#19518,#19519);
#19518 = CARTESIAN_POINT('',(15.27,16.975,14.15));
#19519 = VECTOR('',#19520,1.);
#19520 = DIRECTION('',(0.,1.,0.));
#19521 = PLANE('',#19522);
#19522 = AXIS2_PLACEMENT_3D('',#19523,#19524,#19525);
#19523 = CARTESIAN_POINT('',(15.27,16.975,13.6));
#19524 = DIRECTION('',(1.,0.,0.));
#19525 = DIRECTION('',(0.,0.,1.));
#19526 = ADVANCED_FACE('',(#19527),#19543,.F.);
#19527 = FACE_BOUND('',#19528,.F.);
#19528 = EDGE_LOOP('',(#19529,#19535,#19536,#19542));
#19529 = ORIENTED_EDGE('',*,*,#19530,.F.);
#19530 = EDGE_CURVE('',#19451,#19491,#19531,.T.);
#19531 = LINE('',#19532,#19533);
#19532 = CARTESIAN_POINT('',(14.73,16.975,13.6));
#19533 = VECTOR('',#19534,1.);
#19534 = DIRECTION('',(1.,0.,0.));
#19535 = ORIENTED_EDGE('',*,*,#19450,.T.);
#19536 = ORIENTED_EDGE('',*,*,#19537,.T.);
#19537 = EDGE_CURVE('',#19453,#19493,#19538,.T.);
#19538 = LINE('',#19539,#19540);
#19539 = CARTESIAN_POINT('',(14.73,16.975,14.15));
#19540 = VECTOR('',#19541,1.);
#19541 = DIRECTION('',(1.,0.,0.));
#19542 = ORIENTED_EDGE('',*,*,#19490,.F.);
#19543 = PLANE('',#19544);
#19544 = AXIS2_PLACEMENT_3D('',#19545,#19546,#19547);
#19545 = CARTESIAN_POINT('',(14.73,16.975,13.6));
#19546 = DIRECTION('',(0.,1.,0.));
#19547 = DIRECTION('',(0.,0.,1.));
#19548 = ADVANCED_FACE('',(#19549),#19565,.T.);
#19549 = FACE_BOUND('',#19550,.T.);
#19550 = EDGE_LOOP('',(#19551,#19557,#19558,#19564));
#19551 = ORIENTED_EDGE('',*,*,#19552,.F.);
#19552 = EDGE_CURVE('',#19461,#19501,#19553,.T.);
#19553 = LINE('',#19554,#19555);
#19554 = CARTESIAN_POINT('',(14.73,18.025,13.6));
#19555 = VECTOR('',#19556,1.);
#19556 = DIRECTION('',(1.,0.,0.));
#19557 = ORIENTED_EDGE('',*,*,#19468,.T.);
#19558 = ORIENTED_EDGE('',*,*,#19559,.T.);
#19559 = EDGE_CURVE('',#19469,#19509,#19560,.T.);
#19560 = LINE('',#19561,#19562);
#19561 = CARTESIAN_POINT('',(14.73,18.025,14.15));
#19562 = VECTOR('',#19563,1.);
#19563 = DIRECTION('',(1.,0.,0.));
#19564 = ORIENTED_EDGE('',*,*,#19508,.F.);
#19565 = PLANE('',#19566);
#19566 = AXIS2_PLACEMENT_3D('',#19567,#19568,#19569);
#19567 = CARTESIAN_POINT('',(14.73,18.025,13.6));
#19568 = DIRECTION('',(0.,1.,0.));
#19569 = DIRECTION('',(0.,0.,1.));
#19570 = ADVANCED_FACE('',(#19571),#19577,.F.);
#19571 = FACE_BOUND('',#19572,.F.);
#19572 = EDGE_LOOP('',(#19573,#19574,#19575,#19576));
#19573 = ORIENTED_EDGE('',*,*,#19460,.F.);
#19574 = ORIENTED_EDGE('',*,*,#19530,.T.);
#19575 = ORIENTED_EDGE('',*,*,#19500,.T.);
#19576 = ORIENTED_EDGE('',*,*,#19552,.F.);
#19577 = PLANE('',#19578);
#19578 = AXIS2_PLACEMENT_3D('',#19579,#19580,#19581);
#19579 = CARTESIAN_POINT('',(14.73,16.975,13.6));
#19580 = DIRECTION('',(0.,0.,1.));
#19581 = DIRECTION('',(1.,0.,0.));
#19582 = ADVANCED_FACE('',(#19583),#19589,.T.);
#19583 = FACE_BOUND('',#19584,.T.);
#19584 = EDGE_LOOP('',(#19585,#19586,#19587,#19588));
#19585 = ORIENTED_EDGE('',*,*,#19476,.F.);
#19586 = ORIENTED_EDGE('',*,*,#19537,.T.);
#19587 = ORIENTED_EDGE('',*,*,#19516,.T.);
#19588 = ORIENTED_EDGE('',*,*,#19559,.F.);
#19589 = PLANE('',#19590);
#19590 = AXIS2_PLACEMENT_3D('',#19591,#19592,#19593);
#19591 = CARTESIAN_POINT('',(14.73,16.975,14.15));
#19592 = DIRECTION('',(0.,0.,1.));
#19593 = DIRECTION('',(1.,0.,0.));
#19594 = MANIFOLD_SOLID_BREP('',#19595);
#19595 = CLOSED_SHELL('',(#19596,#19636,#19676,#19698,#19720,#19732));
#19596 = ADVANCED_FACE('',(#19597),#19631,.F.);
#19597 = FACE_BOUND('',#19598,.F.);
#19598 = EDGE_LOOP('',(#19599,#19609,#19617,#19625));
#19599 = ORIENTED_EDGE('',*,*,#19600,.F.);
#19600 = EDGE_CURVE('',#19601,#19603,#19605,.T.);
#19601 = VERTEX_POINT('',#19602);
#19602 = CARTESIAN_POINT('',(5.35,9.775,13.6));
#19603 = VERTEX_POINT('',#19604);
#19604 = CARTESIAN_POINT('',(5.35,9.775,15.05));
#19605 = LINE('',#19606,#19607);
#19606 = CARTESIAN_POINT('',(5.35,9.775,13.6));
#19607 = VECTOR('',#19608,1.);
#19608 = DIRECTION('',(0.,0.,1.));
#19609 = ORIENTED_EDGE('',*,*,#19610,.T.);
#19610 = EDGE_CURVE('',#19601,#19611,#19613,.T.);
#19611 = VERTEX_POINT('',#19612);
#19612 = CARTESIAN_POINT('',(5.35,11.025,13.6));
#19613 = LINE('',#19614,#19615);
#19614 = CARTESIAN_POINT('',(5.35,9.775,13.6));
#19615 = VECTOR('',#19616,1.);
#19616 = DIRECTION('',(0.,1.,0.));
#19617 = ORIENTED_EDGE('',*,*,#19618,.T.);
#19618 = EDGE_CURVE('',#19611,#19619,#19621,.T.);
#19619 = VERTEX_POINT('',#19620);
#19620 = CARTESIAN_POINT('',(5.35,11.025,15.05));
#19621 = LINE('',#19622,#19623);
#19622 = CARTESIAN_POINT('',(5.35,11.025,13.6));
#19623 = VECTOR('',#19624,1.);
#19624 = DIRECTION('',(0.,0.,1.));
#19625 = ORIENTED_EDGE('',*,*,#19626,.F.);
#19626 = EDGE_CURVE('',#19603,#19619,#19627,.T.);
#19627 = LINE('',#19628,#19629);
#19628 = CARTESIAN_POINT('',(5.35,9.775,15.05));
#19629 = VECTOR('',#19630,1.);
#19630 = DIRECTION('',(0.,1.,0.));
#19631 = PLANE('',#19632);
#19632 = AXIS2_PLACEMENT_3D('',#19633,#19634,#19635);
#19633 = CARTESIAN_POINT('',(5.35,9.775,13.6));
#19634 = DIRECTION('',(1.,0.,0.));
#19635 = DIRECTION('',(0.,0.,1.));
#19636 = ADVANCED_FACE('',(#19637),#19671,.T.);
#19637 = FACE_BOUND('',#19638,.T.);
#19638 = EDGE_LOOP('',(#19639,#19649,#19657,#19665));
#19639 = ORIENTED_EDGE('',*,*,#19640,.F.);
#19640 = EDGE_CURVE('',#19641,#19643,#19645,.T.);
#19641 = VERTEX_POINT('',#19642);
#19642 = CARTESIAN_POINT('',(7.35,9.775,13.6));
#19643 = VERTEX_POINT('',#19644);
#19644 = CARTESIAN_POINT('',(7.35,9.775,15.05));
#19645 = LINE('',#19646,#19647);
#19646 = CARTESIAN_POINT('',(7.35,9.775,13.6));
#19647 = VECTOR('',#19648,1.);
#19648 = DIRECTION('',(0.,0.,1.));
#19649 = ORIENTED_EDGE('',*,*,#19650,.T.);
#19650 = EDGE_CURVE('',#19641,#19651,#19653,.T.);
#19651 = VERTEX_POINT('',#19652);
#19652 = CARTESIAN_POINT('',(7.35,11.025,13.6));
#19653 = LINE('',#19654,#19655);
#19654 = CARTESIAN_POINT('',(7.35,9.775,13.6));
#19655 = VECTOR('',#19656,1.);
#19656 = DIRECTION('',(0.,1.,0.));
#19657 = ORIENTED_EDGE('',*,*,#19658,.T.);
#19658 = EDGE_CURVE('',#19651,#19659,#19661,.T.);
#19659 = VERTEX_POINT('',#19660);
#19660 = CARTESIAN_POINT('',(7.35,11.025,15.05));
#19661 = LINE('',#19662,#19663);
#19662 = CARTESIAN_POINT('',(7.35,11.025,13.6));
#19663 = VECTOR('',#19664,1.);
#19664 = DIRECTION('',(0.,0.,1.));
#19665 = ORIENTED_EDGE('',*,*,#19666,.F.);
#19666 = EDGE_CURVE('',#19643,#19659,#19667,.T.);
#19667 = LINE('',#19668,#19669);
#19668 = CARTESIAN_POINT('',(7.35,9.775,15.05));
#19669 = VECTOR('',#19670,1.);
#19670 = DIRECTION('',(0.,1.,0.));
#19671 = PLANE('',#19672);
#19672 = AXIS2_PLACEMENT_3D('',#19673,#19674,#19675);
#19673 = CARTESIAN_POINT('',(7.35,9.775,13.6));
#19674 = DIRECTION('',(1.,0.,0.));
#19675 = DIRECTION('',(0.,0.,1.));
#19676 = ADVANCED_FACE('',(#19677),#19693,.F.);
#19677 = FACE_BOUND('',#19678,.F.);
#19678 = EDGE_LOOP('',(#19679,#19685,#19686,#19692));
#19679 = ORIENTED_EDGE('',*,*,#19680,.F.);
#19680 = EDGE_CURVE('',#19601,#19641,#19681,.T.);
#19681 = LINE('',#19682,#19683);
#19682 = CARTESIAN_POINT('',(5.35,9.775,13.6));
#19683 = VECTOR('',#19684,1.);
#19684 = DIRECTION('',(1.,0.,0.));
#19685 = ORIENTED_EDGE('',*,*,#19600,.T.);
#19686 = ORIENTED_EDGE('',*,*,#19687,.T.);
#19687 = EDGE_CURVE('',#19603,#19643,#19688,.T.);
#19688 = LINE('',#19689,#19690);
#19689 = CARTESIAN_POINT('',(5.35,9.775,15.05));
#19690 = VECTOR('',#19691,1.);
#19691 = DIRECTION('',(1.,0.,0.));
#19692 = ORIENTED_EDGE('',*,*,#19640,.F.);
#19693 = PLANE('',#19694);
#19694 = AXIS2_PLACEMENT_3D('',#19695,#19696,#19697);
#19695 = CARTESIAN_POINT('',(5.35,9.775,13.6));
#19696 = DIRECTION('',(0.,1.,0.));
#19697 = DIRECTION('',(0.,0.,1.));
#19698 = ADVANCED_FACE('',(#19699),#19715,.T.);
#19699 = FACE_BOUND('',#19700,.T.);
#19700 = EDGE_LOOP('',(#19701,#19707,#19708,#19714));
#19701 = ORIENTED_EDGE('',*,*,#19702,.F.);
#19702 = EDGE_CURVE('',#19611,#19651,#19703,.T.);
#19703 = LINE('',#19704,#19705);
#19704 = CARTESIAN_POINT('',(5.35,11.025,13.6));
#19705 = VECTOR('',#19706,1.);
#19706 = DIRECTION('',(1.,0.,0.));
#19707 = ORIENTED_EDGE('',*,*,#19618,.T.);
#19708 = ORIENTED_EDGE('',*,*,#19709,.T.);
#19709 = EDGE_CURVE('',#19619,#19659,#19710,.T.);
#19710 = LINE('',#19711,#19712);
#19711 = CARTESIAN_POINT('',(5.35,11.025,15.05));
#19712 = VECTOR('',#19713,1.);
#19713 = DIRECTION('',(1.,0.,0.));
#19714 = ORIENTED_EDGE('',*,*,#19658,.F.);
#19715 = PLANE('',#19716);
#19716 = AXIS2_PLACEMENT_3D('',#19717,#19718,#19719);
#19717 = CARTESIAN_POINT('',(5.35,11.025,13.6));
#19718 = DIRECTION('',(0.,1.,0.));
#19719 = DIRECTION('',(0.,0.,1.));
#19720 = ADVANCED_FACE('',(#19721),#19727,.F.);
#19721 = FACE_BOUND('',#19722,.F.);
#19722 = EDGE_LOOP('',(#19723,#19724,#19725,#19726));
#19723 = ORIENTED_EDGE('',*,*,#19610,.F.);
#19724 = ORIENTED_EDGE('',*,*,#19680,.T.);
#19725 = ORIENTED_EDGE('',*,*,#19650,.T.);
#19726 = ORIENTED_EDGE('',*,*,#19702,.F.);
#19727 = PLANE('',#19728);
#19728 = AXIS2_PLACEMENT_3D('',#19729,#19730,#19731);
#19729 = CARTESIAN_POINT('',(5.35,9.775,13.6));
#19730 = DIRECTION('',(0.,0.,1.));
#19731 = DIRECTION('',(1.,0.,0.));
#19732 = ADVANCED_FACE('',(#19733),#19739,.T.);
#19733 = FACE_BOUND('',#19734,.T.);
#19734 = EDGE_LOOP('',(#19735,#19736,#19737,#19738));
#19735 = ORIENTED_EDGE('',*,*,#19626,.F.);
#19736 = ORIENTED_EDGE('',*,*,#19687,.T.);
#19737 = ORIENTED_EDGE('',*,*,#19666,.T.);
#19738 = ORIENTED_EDGE('',*,*,#19709,.F.);
#19739 = PLANE('',#19740);
#19740 = AXIS2_PLACEMENT_3D('',#19741,#19742,#19743);
#19741 = CARTESIAN_POINT('',(5.35,9.775,15.05));
#19742 = DIRECTION('',(0.,0.,1.));
#19743 = DIRECTION('',(1.,0.,0.));
#19744 = MANIFOLD_SOLID_BREP('',#19745);
#19745 = CLOSED_SHELL('',(#19746,#19786,#19826,#19848,#19870,#19882));
#19746 = ADVANCED_FACE('',(#19747),#19781,.F.);
#19747 = FACE_BOUND('',#19748,.F.);
#19748 = EDGE_LOOP('',(#19749,#19759,#19767,#19775));
#19749 = ORIENTED_EDGE('',*,*,#19750,.F.);
#19750 = EDGE_CURVE('',#19751,#19753,#19755,.T.);
#19751 = VERTEX_POINT('',#19752);
#19752 = CARTESIAN_POINT('',(14.25,9.45,13.6));
#19753 = VERTEX_POINT('',#19754);
#19754 = CARTESIAN_POINT('',(14.25,9.45,14.));
#19755 = LINE('',#19756,#19757);
#19756 = CARTESIAN_POINT('',(14.25,9.45,13.6));
#19757 = VECTOR('',#19758,1.);
#19758 = DIRECTION('',(0.,0.,1.));
#19759 = ORIENTED_EDGE('',*,*,#19760,.T.);
#19760 = EDGE_CURVE('',#19751,#19761,#19763,.T.);
#19761 = VERTEX_POINT('',#19762);
#19762 = CARTESIAN_POINT('',(14.25,10.05,13.6));
#19763 = LINE('',#19764,#19765);
#19764 = CARTESIAN_POINT('',(14.25,9.45,13.6));
#19765 = VECTOR('',#19766,1.);
#19766 = DIRECTION('',(0.,1.,0.));
#19767 = ORIENTED_EDGE('',*,*,#19768,.T.);
#19768 = EDGE_CURVE('',#19761,#19769,#19771,.T.);
#19769 = VERTEX_POINT('',#19770);
#19770 = CARTESIAN_POINT('',(14.25,10.05,14.));
#19771 = LINE('',#19772,#19773);
#19772 = CARTESIAN_POINT('',(14.25,10.05,13.6));
#19773 = VECTOR('',#19774,1.);
#19774 = DIRECTION('',(0.,0.,1.));
#19775 = ORIENTED_EDGE('',*,*,#19776,.F.);
#19776 = EDGE_CURVE('',#19753,#19769,#19777,.T.);
#19777 = LINE('',#19778,#19779);
#19778 = CARTESIAN_POINT('',(14.25,9.45,14.));
#19779 = VECTOR('',#19780,1.);
#19780 = DIRECTION('',(0.,1.,0.));
#19781 = PLANE('',#19782);
#19782 = AXIS2_PLACEMENT_3D('',#19783,#19784,#19785);
#19783 = CARTESIAN_POINT('',(14.25,9.45,13.6));
#19784 = DIRECTION('',(1.,0.,0.));
#19785 = DIRECTION('',(0.,0.,1.));
#19786 = ADVANCED_FACE('',(#19787),#19821,.T.);
#19787 = FACE_BOUND('',#19788,.T.);
#19788 = EDGE_LOOP('',(#19789,#19799,#19807,#19815));
#19789 = ORIENTED_EDGE('',*,*,#19790,.F.);
#19790 = EDGE_CURVE('',#19791,#19793,#19795,.T.);
#19791 = VERTEX_POINT('',#19792);
#19792 = CARTESIAN_POINT('',(15.35,9.45,13.6));
#19793 = VERTEX_POINT('',#19794);
#19794 = CARTESIAN_POINT('',(15.35,9.45,14.));
#19795 = LINE('',#19796,#19797);
#19796 = CARTESIAN_POINT('',(15.35,9.45,13.6));
#19797 = VECTOR('',#19798,1.);
#19798 = DIRECTION('',(0.,0.,1.));
#19799 = ORIENTED_EDGE('',*,*,#19800,.T.);
#19800 = EDGE_CURVE('',#19791,#19801,#19803,.T.);
#19801 = VERTEX_POINT('',#19802);
#19802 = CARTESIAN_POINT('',(15.35,10.05,13.6));
#19803 = LINE('',#19804,#19805);
#19804 = CARTESIAN_POINT('',(15.35,9.45,13.6));
#19805 = VECTOR('',#19806,1.);
#19806 = DIRECTION('',(0.,1.,0.));
#19807 = ORIENTED_EDGE('',*,*,#19808,.T.);
#19808 = EDGE_CURVE('',#19801,#19809,#19811,.T.);
#19809 = VERTEX_POINT('',#19810);
#19810 = CARTESIAN_POINT('',(15.35,10.05,14.));
#19811 = LINE('',#19812,#19813);
#19812 = CARTESIAN_POINT('',(15.35,10.05,13.6));
#19813 = VECTOR('',#19814,1.);
#19814 = DIRECTION('',(0.,0.,1.));
#19815 = ORIENTED_EDGE('',*,*,#19816,.F.);
#19816 = EDGE_CURVE('',#19793,#19809,#19817,.T.);
#19817 = LINE('',#19818,#19819);
#19818 = CARTESIAN_POINT('',(15.35,9.45,14.));
#19819 = VECTOR('',#19820,1.);
#19820 = DIRECTION('',(0.,1.,0.));
#19821 = PLANE('',#19822);
#19822 = AXIS2_PLACEMENT_3D('',#19823,#19824,#19825);
#19823 = CARTESIAN_POINT('',(15.35,9.45,13.6));
#19824 = DIRECTION('',(1.,0.,0.));
#19825 = DIRECTION('',(0.,0.,1.));
#19826 = ADVANCED_FACE('',(#19827),#19843,.F.);
#19827 = FACE_BOUND('',#19828,.F.);
#19828 = EDGE_LOOP('',(#19829,#19835,#19836,#19842));
#19829 = ORIENTED_EDGE('',*,*,#19830,.F.);
#19830 = EDGE_CURVE('',#19751,#19791,#19831,.T.);
#19831 = LINE('',#19832,#19833);
#19832 = CARTESIAN_POINT('',(14.25,9.45,13.6));
#19833 = VECTOR('',#19834,1.);
#19834 = DIRECTION('',(1.,0.,0.));
#19835 = ORIENTED_EDGE('',*,*,#19750,.T.);
#19836 = ORIENTED_EDGE('',*,*,#19837,.T.);
#19837 = EDGE_CURVE('',#19753,#19793,#19838,.T.);
#19838 = LINE('',#19839,#19840);
#19839 = CARTESIAN_POINT('',(14.25,9.45,14.));
#19840 = VECTOR('',#19841,1.);
#19841 = DIRECTION('',(1.,0.,0.));
#19842 = ORIENTED_EDGE('',*,*,#19790,.F.);
#19843 = PLANE('',#19844);
#19844 = AXIS2_PLACEMENT_3D('',#19845,#19846,#19847);
#19845 = CARTESIAN_POINT('',(14.25,9.45,13.6));
#19846 = DIRECTION('',(0.,1.,0.));
#19847 = DIRECTION('',(0.,0.,1.));
#19848 = ADVANCED_FACE('',(#19849),#19865,.T.);
#19849 = FACE_BOUND('',#19850,.T.);
#19850 = EDGE_LOOP('',(#19851,#19857,#19858,#19864));
#19851 = ORIENTED_EDGE('',*,*,#19852,.F.);
#19852 = EDGE_CURVE('',#19761,#19801,#19853,.T.);
#19853 = LINE('',#19854,#19855);
#19854 = CARTESIAN_POINT('',(14.25,10.05,13.6));
#19855 = VECTOR('',#19856,1.);
#19856 = DIRECTION('',(1.,0.,0.));
#19857 = ORIENTED_EDGE('',*,*,#19768,.T.);
#19858 = ORIENTED_EDGE('',*,*,#19859,.T.);
#19859 = EDGE_CURVE('',#19769,#19809,#19860,.T.);
#19860 = LINE('',#19861,#19862);
#19861 = CARTESIAN_POINT('',(14.25,10.05,14.));
#19862 = VECTOR('',#19863,1.);
#19863 = DIRECTION('',(1.,0.,0.));
#19864 = ORIENTED_EDGE('',*,*,#19808,.F.);
#19865 = PLANE('',#19866);
#19866 = AXIS2_PLACEMENT_3D('',#19867,#19868,#19869);
#19867 = CARTESIAN_POINT('',(14.25,10.05,13.6));
#19868 = DIRECTION('',(0.,1.,0.));
#19869 = DIRECTION('',(0.,0.,1.));
#19870 = ADVANCED_FACE('',(#19871),#19877,.F.);
#19871 = FACE_BOUND('',#19872,.F.);
#19872 = EDGE_LOOP('',(#19873,#19874,#19875,#19876));
#19873 = ORIENTED_EDGE('',*,*,#19760,.F.);
#19874 = ORIENTED_EDGE('',*,*,#19830,.T.);
#19875 = ORIENTED_EDGE('',*,*,#19800,.T.);
#19876 = ORIENTED_EDGE('',*,*,#19852,.F.);
#19877 = PLANE('',#19878);
#19878 = AXIS2_PLACEMENT_3D('',#19879,#19880,#19881);
#19879 = CARTESIAN_POINT('',(14.25,9.45,13.6));
#19880 = DIRECTION('',(0.,0.,1.));
#19881 = DIRECTION('',(1.,0.,0.));
#19882 = ADVANCED_FACE('',(#19883),#19889,.T.);
#19883 = FACE_BOUND('',#19884,.T.);
#19884 = EDGE_LOOP('',(#19885,#19886,#19887,#19888));
#19885 = ORIENTED_EDGE('',*,*,#19776,.F.);
#19886 = ORIENTED_EDGE('',*,*,#19837,.T.);
#19887 = ORIENTED_EDGE('',*,*,#19816,.T.);
#19888 = ORIENTED_EDGE('',*,*,#19859,.F.);
#19889 = PLANE('',#19890);
#19890 = AXIS2_PLACEMENT_3D('',#19891,#19892,#19893);
#19891 = CARTESIAN_POINT('',(14.25,9.45,14.));
#19892 = DIRECTION('',(0.,0.,1.));
#19893 = DIRECTION('',(1.,0.,0.));
#19894 = MANIFOLD_SOLID_BREP('',#19895);
#19895 = CLOSED_SHELL('',(#19896,#19936,#19976,#19998,#20020,#20032));
#19896 = ADVANCED_FACE('',(#19897),#19931,.F.);
#19897 = FACE_BOUND('',#19898,.F.);
#19898 = EDGE_LOOP('',(#19899,#19909,#19917,#19925));
#19899 = ORIENTED_EDGE('',*,*,#19900,.F.);
#19900 = EDGE_CURVE('',#19901,#19903,#19905,.T.);
#19901 = VERTEX_POINT('',#19902);
#19902 = CARTESIAN_POINT('',(5.75,25.75,13.6));
#19903 = VERTEX_POINT('',#19904);
#19904 = CARTESIAN_POINT('',(5.75,25.75,14.15));
#19905 = LINE('',#19906,#19907);
#19906 = CARTESIAN_POINT('',(5.75,25.75,13.6));
#19907 = VECTOR('',#19908,1.);
#19908 = DIRECTION('',(0.,0.,1.));
#19909 = ORIENTED_EDGE('',*,*,#19910,.T.);
#19910 = EDGE_CURVE('',#19901,#19911,#19913,.T.);
#19911 = VERTEX_POINT('',#19912);
#19912 = CARTESIAN_POINT('',(5.75,26.25,13.6));
#19913 = LINE('',#19914,#19915);
#19914 = CARTESIAN_POINT('',(5.75,25.75,13.6));
#19915 = VECTOR('',#19916,1.);
#19916 = DIRECTION('',(0.,1.,0.));
#19917 = ORIENTED_EDGE('',*,*,#19918,.T.);
#19918 = EDGE_CURVE('',#19911,#19919,#19921,.T.);
#19919 = VERTEX_POINT('',#19920);
#19920 = CARTESIAN_POINT('',(5.75,26.25,14.15));
#19921 = LINE('',#19922,#19923);
#19922 = CARTESIAN_POINT('',(5.75,26.25,13.6));
#19923 = VECTOR('',#19924,1.);
#19924 = DIRECTION('',(0.,0.,1.));
#19925 = ORIENTED_EDGE('',*,*,#19926,.F.);
#19926 = EDGE_CURVE('',#19903,#19919,#19927,.T.);
#19927 = LINE('',#19928,#19929);
#19928 = CARTESIAN_POINT('',(5.75,25.75,14.15));
#19929 = VECTOR('',#19930,1.);
#19930 = DIRECTION('',(0.,1.,0.));
#19931 = PLANE('',#19932);
#19932 = AXIS2_PLACEMENT_3D('',#19933,#19934,#19935);
#19933 = CARTESIAN_POINT('',(5.75,25.75,13.6));
#19934 = DIRECTION('',(1.,0.,0.));
#19935 = DIRECTION('',(0.,0.,1.));
#19936 = ADVANCED_FACE('',(#19937),#19971,.T.);
#19937 = FACE_BOUND('',#19938,.T.);
#19938 = EDGE_LOOP('',(#19939,#19949,#19957,#19965));
#19939 = ORIENTED_EDGE('',*,*,#19940,.F.);
#19940 = EDGE_CURVE('',#19941,#19943,#19945,.T.);
#19941 = VERTEX_POINT('',#19942);
#19942 = CARTESIAN_POINT('',(6.75,25.75,13.6));
#19943 = VERTEX_POINT('',#19944);
#19944 = CARTESIAN_POINT('',(6.75,25.75,14.15));
#19945 = LINE('',#19946,#19947);
#19946 = CARTESIAN_POINT('',(6.75,25.75,13.6));
#19947 = VECTOR('',#19948,1.);
#19948 = DIRECTION('',(0.,0.,1.));
#19949 = ORIENTED_EDGE('',*,*,#19950,.T.);
#19950 = EDGE_CURVE('',#19941,#19951,#19953,.T.);
#19951 = VERTEX_POINT('',#19952);
#19952 = CARTESIAN_POINT('',(6.75,26.25,13.6));
#19953 = LINE('',#19954,#19955);
#19954 = CARTESIAN_POINT('',(6.75,25.75,13.6));
#19955 = VECTOR('',#19956,1.);
#19956 = DIRECTION('',(0.,1.,0.));
#19957 = ORIENTED_EDGE('',*,*,#19958,.T.);
#19958 = EDGE_CURVE('',#19951,#19959,#19961,.T.);
#19959 = VERTEX_POINT('',#19960);
#19960 = CARTESIAN_POINT('',(6.75,26.25,14.15));
#19961 = LINE('',#19962,#19963);
#19962 = CARTESIAN_POINT('',(6.75,26.25,13.6));
#19963 = VECTOR('',#19964,1.);
#19964 = DIRECTION('',(0.,0.,1.));
#19965 = ORIENTED_EDGE('',*,*,#19966,.F.);
#19966 = EDGE_CURVE('',#19943,#19959,#19967,.T.);
#19967 = LINE('',#19968,#19969);
#19968 = CARTESIAN_POINT('',(6.75,25.75,14.15));
#19969 = VECTOR('',#19970,1.);
#19970 = DIRECTION('',(0.,1.,0.));
#19971 = PLANE('',#19972);
#19972 = AXIS2_PLACEMENT_3D('',#19973,#19974,#19975);
#19973 = CARTESIAN_POINT('',(6.75,25.75,13.6));
#19974 = DIRECTION('',(1.,0.,0.));
#19975 = DIRECTION('',(0.,0.,1.));
#19976 = ADVANCED_FACE('',(#19977),#19993,.F.);
#19977 = FACE_BOUND('',#19978,.F.);
#19978 = EDGE_LOOP('',(#19979,#19985,#19986,#19992));
#19979 = ORIENTED_EDGE('',*,*,#19980,.F.);
#19980 = EDGE_CURVE('',#19901,#19941,#19981,.T.);
#19981 = LINE('',#19982,#19983);
#19982 = CARTESIAN_POINT('',(5.75,25.75,13.6));
#19983 = VECTOR('',#19984,1.);
#19984 = DIRECTION('',(1.,0.,0.));
#19985 = ORIENTED_EDGE('',*,*,#19900,.T.);
#19986 = ORIENTED_EDGE('',*,*,#19987,.T.);
#19987 = EDGE_CURVE('',#19903,#19943,#19988,.T.);
#19988 = LINE('',#19989,#19990);
#19989 = CARTESIAN_POINT('',(5.75,25.75,14.15));
#19990 = VECTOR('',#19991,1.);
#19991 = DIRECTION('',(1.,0.,0.));
#19992 = ORIENTED_EDGE('',*,*,#19940,.F.);
#19993 = PLANE('',#19994);
#19994 = AXIS2_PLACEMENT_3D('',#19995,#19996,#19997);
#19995 = CARTESIAN_POINT('',(5.75,25.75,13.6));
#19996 = DIRECTION('',(0.,1.,0.));
#19997 = DIRECTION('',(0.,0.,1.));
#19998 = ADVANCED_FACE('',(#19999),#20015,.T.);
#19999 = FACE_BOUND('',#20000,.T.);
#20000 = EDGE_LOOP('',(#20001,#20007,#20008,#20014));
#20001 = ORIENTED_EDGE('',*,*,#20002,.F.);
#20002 = EDGE_CURVE('',#19911,#19951,#20003,.T.);
#20003 = LINE('',#20004,#20005);
#20004 = CARTESIAN_POINT('',(5.75,26.25,13.6));
#20005 = VECTOR('',#20006,1.);
#20006 = DIRECTION('',(1.,0.,0.));
#20007 = ORIENTED_EDGE('',*,*,#19918,.T.);
#20008 = ORIENTED_EDGE('',*,*,#20009,.T.);
#20009 = EDGE_CURVE('',#19919,#19959,#20010,.T.);
#20010 = LINE('',#20011,#20012);
#20011 = CARTESIAN_POINT('',(5.75,26.25,14.15));
#20012 = VECTOR('',#20013,1.);
#20013 = DIRECTION('',(1.,0.,0.));
#20014 = ORIENTED_EDGE('',*,*,#19958,.F.);
#20015 = PLANE('',#20016);
#20016 = AXIS2_PLACEMENT_3D('',#20017,#20018,#20019);
#20017 = CARTESIAN_POINT('',(5.75,26.25,13.6));
#20018 = DIRECTION('',(0.,1.,0.));
#20019 = DIRECTION('',(0.,0.,1.));
#20020 = ADVANCED_FACE('',(#20021),#20027,.F.);
#20021 = FACE_BOUND('',#20022,.F.);
#20022 = EDGE_LOOP('',(#20023,#20024,#20025,#20026));
#20023 = ORIENTED_EDGE('',*,*,#19910,.F.);
#20024 = ORIENTED_EDGE('',*,*,#19980,.T.);
#20025 = ORIENTED_EDGE('',*,*,#19950,.T.);
#20026 = ORIENTED_EDGE('',*,*,#20002,.F.);
#20027 = PLANE('',#20028);
#20028 = AXIS2_PLACEMENT_3D('',#20029,#20030,#20031);
#20029 = CARTESIAN_POINT('',(5.75,25.75,13.6));
#20030 = DIRECTION('',(0.,0.,1.));
#20031 = DIRECTION('',(1.,0.,0.));
#20032 = ADVANCED_FACE('',(#20033),#20039,.T.);
#20033 = FACE_BOUND('',#20034,.T.);
#20034 = EDGE_LOOP('',(#20035,#20036,#20037,#20038));
#20035 = ORIENTED_EDGE('',*,*,#19926,.F.);
#20036 = ORIENTED_EDGE('',*,*,#19987,.T.);
#20037 = ORIENTED_EDGE('',*,*,#19966,.T.);
#20038 = ORIENTED_EDGE('',*,*,#20009,.F.);
#20039 = PLANE('',#20040);
#20040 = AXIS2_PLACEMENT_3D('',#20041,#20042,#20043);
#20041 = CARTESIAN_POINT('',(5.75,25.75,14.15));
#20042 = DIRECTION('',(0.,0.,1.));
#20043 = DIRECTION('',(1.,0.,0.));
#20044 = MANIFOLD_SOLID_BREP('',#20045);
#20045 = CLOSED_SHELL('',(#20046,#20086,#20126,#20148,#20170,#20182));
#20046 = ADVANCED_FACE('',(#20047),#20081,.F.);
#20047 = FACE_BOUND('',#20048,.F.);
#20048 = EDGE_LOOP('',(#20049,#20059,#20067,#20075));
#20049 = ORIENTED_EDGE('',*,*,#20050,.F.);
#20050 = EDGE_CURVE('',#20051,#20053,#20055,.T.);
#20051 = VERTEX_POINT('',#20052);
#20052 = CARTESIAN_POINT('',(1.23,14.475,13.6));
#20053 = VERTEX_POINT('',#20054);
#20054 = CARTESIAN_POINT('',(1.23,14.475,14.15));
#20055 = LINE('',#20056,#20057);
#20056 = CARTESIAN_POINT('',(1.23,14.475,13.6));
#20057 = VECTOR('',#20058,1.);
#20058 = DIRECTION('',(0.,0.,1.));
#20059 = ORIENTED_EDGE('',*,*,#20060,.T.);
#20060 = EDGE_CURVE('',#20051,#20061,#20063,.T.);
#20061 = VERTEX_POINT('',#20062);
#20062 = CARTESIAN_POINT('',(1.23,15.525,13.6));
#20063 = LINE('',#20064,#20065);
#20064 = CARTESIAN_POINT('',(1.23,14.475,13.6));
#20065 = VECTOR('',#20066,1.);
#20066 = DIRECTION('',(0.,1.,0.));
#20067 = ORIENTED_EDGE('',*,*,#20068,.T.);
#20068 = EDGE_CURVE('',#20061,#20069,#20071,.T.);
#20069 = VERTEX_POINT('',#20070);
#20070 = CARTESIAN_POINT('',(1.23,15.525,14.15));
#20071 = LINE('',#20072,#20073);
#20072 = CARTESIAN_POINT('',(1.23,15.525,13.6));
#20073 = VECTOR('',#20074,1.);
#20074 = DIRECTION('',(0.,0.,1.));
#20075 = ORIENTED_EDGE('',*,*,#20076,.F.);
#20076 = EDGE_CURVE('',#20053,#20069,#20077,.T.);
#20077 = LINE('',#20078,#20079);
#20078 = CARTESIAN_POINT('',(1.23,14.475,14.15));
#20079 = VECTOR('',#20080,1.);
#20080 = DIRECTION('',(0.,1.,0.));
#20081 = PLANE('',#20082);
#20082 = AXIS2_PLACEMENT_3D('',#20083,#20084,#20085);
#20083 = CARTESIAN_POINT('',(1.23,14.475,13.6));
#20084 = DIRECTION('',(1.,0.,0.));
#20085 = DIRECTION('',(0.,0.,1.));
#20086 = ADVANCED_FACE('',(#20087),#20121,.T.);
#20087 = FACE_BOUND('',#20088,.T.);
#20088 = EDGE_LOOP('',(#20089,#20099,#20107,#20115));
#20089 = ORIENTED_EDGE('',*,*,#20090,.F.);
#20090 = EDGE_CURVE('',#20091,#20093,#20095,.T.);
#20091 = VERTEX_POINT('',#20092);
#20092 = CARTESIAN_POINT('',(1.77,14.475,13.6));
#20093 = VERTEX_POINT('',#20094);
#20094 = CARTESIAN_POINT('',(1.77,14.475,14.15));
#20095 = LINE('',#20096,#20097);
#20096 = CARTESIAN_POINT('',(1.77,14.475,13.6));
#20097 = VECTOR('',#20098,1.);
#20098 = DIRECTION('',(0.,0.,1.));
#20099 = ORIENTED_EDGE('',*,*,#20100,.T.);
#20100 = EDGE_CURVE('',#20091,#20101,#20103,.T.);
#20101 = VERTEX_POINT('',#20102);
#20102 = CARTESIAN_POINT('',(1.77,15.525,13.6));
#20103 = LINE('',#20104,#20105);
#20104 = CARTESIAN_POINT('',(1.77,14.475,13.6));
#20105 = VECTOR('',#20106,1.);
#20106 = DIRECTION('',(0.,1.,0.));
#20107 = ORIENTED_EDGE('',*,*,#20108,.T.);
#20108 = EDGE_CURVE('',#20101,#20109,#20111,.T.);
#20109 = VERTEX_POINT('',#20110);
#20110 = CARTESIAN_POINT('',(1.77,15.525,14.15));
#20111 = LINE('',#20112,#20113);
#20112 = CARTESIAN_POINT('',(1.77,15.525,13.6));
#20113 = VECTOR('',#20114,1.);
#20114 = DIRECTION('',(0.,0.,1.));
#20115 = ORIENTED_EDGE('',*,*,#20116,.F.);
#20116 = EDGE_CURVE('',#20093,#20109,#20117,.T.);
#20117 = LINE('',#20118,#20119);
#20118 = CARTESIAN_POINT('',(1.77,14.475,14.15));
#20119 = VECTOR('',#20120,1.);
#20120 = DIRECTION('',(0.,1.,0.));
#20121 = PLANE('',#20122);
#20122 = AXIS2_PLACEMENT_3D('',#20123,#20124,#20125);
#20123 = CARTESIAN_POINT('',(1.77,14.475,13.6));
#20124 = DIRECTION('',(1.,0.,0.));
#20125 = DIRECTION('',(0.,0.,1.));
#20126 = ADVANCED_FACE('',(#20127),#20143,.F.);
#20127 = FACE_BOUND('',#20128,.F.);
#20128 = EDGE_LOOP('',(#20129,#20135,#20136,#20142));
#20129 = ORIENTED_EDGE('',*,*,#20130,.F.);
#20130 = EDGE_CURVE('',#20051,#20091,#20131,.T.);
#20131 = LINE('',#20132,#20133);
#20132 = CARTESIAN_POINT('',(1.23,14.475,13.6));
#20133 = VECTOR('',#20134,1.);
#20134 = DIRECTION('',(1.,0.,0.));
#20135 = ORIENTED_EDGE('',*,*,#20050,.T.);
#20136 = ORIENTED_EDGE('',*,*,#20137,.T.);
#20137 = EDGE_CURVE('',#20053,#20093,#20138,.T.);
#20138 = LINE('',#20139,#20140);
#20139 = CARTESIAN_POINT('',(1.23,14.475,14.15));
#20140 = VECTOR('',#20141,1.);
#20141 = DIRECTION('',(1.,0.,0.));
#20142 = ORIENTED_EDGE('',*,*,#20090,.F.);
#20143 = PLANE('',#20144);
#20144 = AXIS2_PLACEMENT_3D('',#20145,#20146,#20147);
#20145 = CARTESIAN_POINT('',(1.23,14.475,13.6));
#20146 = DIRECTION('',(0.,1.,0.));
#20147 = DIRECTION('',(0.,0.,1.));
#20148 = ADVANCED_FACE('',(#20149),#20165,.T.);
#20149 = FACE_BOUND('',#20150,.T.);
#20150 = EDGE_LOOP('',(#20151,#20157,#20158,#20164));
#20151 = ORIENTED_EDGE('',*,*,#20152,.F.);
#20152 = EDGE_CURVE('',#20061,#20101,#20153,.T.);
#20153 = LINE('',#20154,#20155);
#20154 = CARTESIAN_POINT('',(1.23,15.525,13.6));
#20155 = VECTOR('',#20156,1.);
#20156 = DIRECTION('',(1.,0.,0.));
#20157 = ORIENTED_EDGE('',*,*,#20068,.T.);
#20158 = ORIENTED_EDGE('',*,*,#20159,.T.);
#20159 = EDGE_CURVE('',#20069,#20109,#20160,.T.);
#20160 = LINE('',#20161,#20162);
#20161 = CARTESIAN_POINT('',(1.23,15.525,14.15));
#20162 = VECTOR('',#20163,1.);
#20163 = DIRECTION('',(1.,0.,0.));
#20164 = ORIENTED_EDGE('',*,*,#20108,.F.);
#20165 = PLANE('',#20166);
#20166 = AXIS2_PLACEMENT_3D('',#20167,#20168,#20169);
#20167 = CARTESIAN_POINT('',(1.23,15.525,13.6));
#20168 = DIRECTION('',(0.,1.,0.));
#20169 = DIRECTION('',(0.,0.,1.));
#20170 = ADVANCED_FACE('',(#20171),#20177,.F.);
#20171 = FACE_BOUND('',#20172,.F.);
#20172 = EDGE_LOOP('',(#20173,#20174,#20175,#20176));
#20173 = ORIENTED_EDGE('',*,*,#20060,.F.);
#20174 = ORIENTED_EDGE('',*,*,#20130,.T.);
#20175 = ORIENTED_EDGE('',*,*,#20100,.T.);
#20176 = ORIENTED_EDGE('',*,*,#20152,.F.);
#20177 = PLANE('',#20178);
#20178 = AXIS2_PLACEMENT_3D('',#20179,#20180,#20181);
#20179 = CARTESIAN_POINT('',(1.23,14.475,13.6));
#20180 = DIRECTION('',(0.,0.,1.));
#20181 = DIRECTION('',(1.,0.,0.));
#20182 = ADVANCED_FACE('',(#20183),#20189,.T.);
#20183 = FACE_BOUND('',#20184,.T.);
#20184 = EDGE_LOOP('',(#20185,#20186,#20187,#20188));
#20185 = ORIENTED_EDGE('',*,*,#20076,.F.);
#20186 = ORIENTED_EDGE('',*,*,#20137,.T.);
#20187 = ORIENTED_EDGE('',*,*,#20116,.T.);
#20188 = ORIENTED_EDGE('',*,*,#20159,.F.);
#20189 = PLANE('',#20190);
#20190 = AXIS2_PLACEMENT_3D('',#20191,#20192,#20193);
#20191 = CARTESIAN_POINT('',(1.23,14.475,14.15));
#20192 = DIRECTION('',(0.,0.,1.));
#20193 = DIRECTION('',(1.,0.,0.));
#20194 = MANIFOLD_SOLID_BREP('',#20195);
#20195 = CLOSED_SHELL('',(#20196,#20236,#20276,#20298,#20320,#20332));
#20196 = ADVANCED_FACE('',(#20197),#20231,.F.);
#20197 = FACE_BOUND('',#20198,.F.);
#20198 = EDGE_LOOP('',(#20199,#20209,#20217,#20225));
#20199 = ORIENTED_EDGE('',*,*,#20200,.F.);
#20200 = EDGE_CURVE('',#20201,#20203,#20205,.T.);
#20201 = VERTEX_POINT('',#20202);
#20202 = CARTESIAN_POINT('',(18.75,9.5,13.6));
#20203 = VERTEX_POINT('',#20204);
#20204 = CARTESIAN_POINT('',(18.75,9.5,15.7));
#20205 = LINE('',#20206,#20207);
#20206 = CARTESIAN_POINT('',(18.75,9.5,13.6));
#20207 = VECTOR('',#20208,1.);
#20208 = DIRECTION('',(0.,0.,1.));
#20209 = ORIENTED_EDGE('',*,*,#20210,.T.);
#20210 = EDGE_CURVE('',#20201,#20211,#20213,.T.);
#20211 = VERTEX_POINT('',#20212);
#20212 = CARTESIAN_POINT('',(18.75,12.5,13.6));
#20213 = LINE('',#20214,#20215);
#20214 = CARTESIAN_POINT('',(18.75,9.5,13.6));
#20215 = VECTOR('',#20216,1.);
#20216 = DIRECTION('',(0.,1.,0.));
#20217 = ORIENTED_EDGE('',*,*,#20218,.T.);
#20218 = EDGE_CURVE('',#20211,#20219,#20221,.T.);
#20219 = VERTEX_POINT('',#20220);
#20220 = CARTESIAN_POINT('',(18.75,12.5,15.7));
#20221 = LINE('',#20222,#20223);
#20222 = CARTESIAN_POINT('',(18.75,12.5,13.6));
#20223 = VECTOR('',#20224,1.);
#20224 = DIRECTION('',(0.,0.,1.));
#20225 = ORIENTED_EDGE('',*,*,#20226,.F.);
#20226 = EDGE_CURVE('',#20203,#20219,#20227,.T.);
#20227 = LINE('',#20228,#20229);
#20228 = CARTESIAN_POINT('',(18.75,9.5,15.7));
#20229 = VECTOR('',#20230,1.);
#20230 = DIRECTION('',(0.,1.,0.));
#20231 = PLANE('',#20232);
#20232 = AXIS2_PLACEMENT_3D('',#20233,#20234,#20235);
#20233 = CARTESIAN_POINT('',(18.75,9.5,13.6));
#20234 = DIRECTION('',(1.,0.,0.));
#20235 = DIRECTION('',(0.,0.,1.));
#20236 = ADVANCED_FACE('',(#20237),#20271,.T.);
#20237 = FACE_BOUND('',#20238,.T.);
#20238 = EDGE_LOOP('',(#20239,#20249,#20257,#20265));
#20239 = ORIENTED_EDGE('',*,*,#20240,.F.);
#20240 = EDGE_CURVE('',#20241,#20243,#20245,.T.);
#20241 = VERTEX_POINT('',#20242);
#20242 = CARTESIAN_POINT('',(23.75,9.5,13.6));
#20243 = VERTEX_POINT('',#20244);
#20244 = CARTESIAN_POINT('',(23.75,9.5,15.7));
#20245 = LINE('',#20246,#20247);
#20246 = CARTESIAN_POINT('',(23.75,9.5,13.6));
#20247 = VECTOR('',#20248,1.);
#20248 = DIRECTION('',(0.,0.,1.));
#20249 = ORIENTED_EDGE('',*,*,#20250,.T.);
#20250 = EDGE_CURVE('',#20241,#20251,#20253,.T.);
#20251 = VERTEX_POINT('',#20252);
#20252 = CARTESIAN_POINT('',(23.75,12.5,13.6));
#20253 = LINE('',#20254,#20255);
#20254 = CARTESIAN_POINT('',(23.75,9.5,13.6));
#20255 = VECTOR('',#20256,1.);
#20256 = DIRECTION('',(0.,1.,0.));
#20257 = ORIENTED_EDGE('',*,*,#20258,.T.);
#20258 = EDGE_CURVE('',#20251,#20259,#20261,.T.);
#20259 = VERTEX_POINT('',#20260);
#20260 = CARTESIAN_POINT('',(23.75,12.5,15.7));
#20261 = LINE('',#20262,#20263);
#20262 = CARTESIAN_POINT('',(23.75,12.5,13.6));
#20263 = VECTOR('',#20264,1.);
#20264 = DIRECTION('',(0.,0.,1.));
#20265 = ORIENTED_EDGE('',*,*,#20266,.F.);
#20266 = EDGE_CURVE('',#20243,#20259,#20267,.T.);
#20267 = LINE('',#20268,#20269);
#20268 = CARTESIAN_POINT('',(23.75,9.5,15.7));
#20269 = VECTOR('',#20270,1.);
#20270 = DIRECTION('',(0.,1.,0.));
#20271 = PLANE('',#20272);
#20272 = AXIS2_PLACEMENT_3D('',#20273,#20274,#20275);
#20273 = CARTESIAN_POINT('',(23.75,9.5,13.6));
#20274 = DIRECTION('',(1.,0.,0.));
#20275 = DIRECTION('',(0.,0.,1.));
#20276 = ADVANCED_FACE('',(#20277),#20293,.F.);
#20277 = FACE_BOUND('',#20278,.F.);
#20278 = EDGE_LOOP('',(#20279,#20285,#20286,#20292));
#20279 = ORIENTED_EDGE('',*,*,#20280,.F.);
#20280 = EDGE_CURVE('',#20201,#20241,#20281,.T.);
#20281 = LINE('',#20282,#20283);
#20282 = CARTESIAN_POINT('',(18.75,9.5,13.6));
#20283 = VECTOR('',#20284,1.);
#20284 = DIRECTION('',(1.,0.,0.));
#20285 = ORIENTED_EDGE('',*,*,#20200,.T.);
#20286 = ORIENTED_EDGE('',*,*,#20287,.T.);
#20287 = EDGE_CURVE('',#20203,#20243,#20288,.T.);
#20288 = LINE('',#20289,#20290);
#20289 = CARTESIAN_POINT('',(18.75,9.5,15.7));
#20290 = VECTOR('',#20291,1.);
#20291 = DIRECTION('',(1.,0.,0.));
#20292 = ORIENTED_EDGE('',*,*,#20240,.F.);
#20293 = PLANE('',#20294);
#20294 = AXIS2_PLACEMENT_3D('',#20295,#20296,#20297);
#20295 = CARTESIAN_POINT('',(18.75,9.5,13.6));
#20296 = DIRECTION('',(0.,1.,0.));
#20297 = DIRECTION('',(0.,0.,1.));
#20298 = ADVANCED_FACE('',(#20299),#20315,.T.);
#20299 = FACE_BOUND('',#20300,.T.);
#20300 = EDGE_LOOP('',(#20301,#20307,#20308,#20314));
#20301 = ORIENTED_EDGE('',*,*,#20302,.F.);
#20302 = EDGE_CURVE('',#20211,#20251,#20303,.T.);
#20303 = LINE('',#20304,#20305);
#20304 = CARTESIAN_POINT('',(18.75,12.5,13.6));
#20305 = VECTOR('',#20306,1.);
#20306 = DIRECTION('',(1.,0.,0.));
#20307 = ORIENTED_EDGE('',*,*,#20218,.T.);
#20308 = ORIENTED_EDGE('',*,*,#20309,.T.);
#20309 = EDGE_CURVE('',#20219,#20259,#20310,.T.);
#20310 = LINE('',#20311,#20312);
#20311 = CARTESIAN_POINT('',(18.75,12.5,15.7));
#20312 = VECTOR('',#20313,1.);
#20313 = DIRECTION('',(1.,0.,0.));
#20314 = ORIENTED_EDGE('',*,*,#20258,.F.);
#20315 = PLANE('',#20316);
#20316 = AXIS2_PLACEMENT_3D('',#20317,#20318,#20319);
#20317 = CARTESIAN_POINT('',(18.75,12.5,13.6));
#20318 = DIRECTION('',(0.,1.,0.));
#20319 = DIRECTION('',(0.,0.,1.));
#20320 = ADVANCED_FACE('',(#20321),#20327,.F.);
#20321 = FACE_BOUND('',#20322,.F.);
#20322 = EDGE_LOOP('',(#20323,#20324,#20325,#20326));
#20323 = ORIENTED_EDGE('',*,*,#20210,.F.);
#20324 = ORIENTED_EDGE('',*,*,#20280,.T.);
#20325 = ORIENTED_EDGE('',*,*,#20250,.T.);
#20326 = ORIENTED_EDGE('',*,*,#20302,.F.);
#20327 = PLANE('',#20328);
#20328 = AXIS2_PLACEMENT_3D('',#20329,#20330,#20331);
#20329 = CARTESIAN_POINT('',(18.75,9.5,13.6));
#20330 = DIRECTION('',(0.,0.,1.));
#20331 = DIRECTION('',(1.,0.,0.));
#20332 = ADVANCED_FACE('',(#20333),#20339,.T.);
#20333 = FACE_BOUND('',#20334,.T.);
#20334 = EDGE_LOOP('',(#20335,#20336,#20337,#20338));
#20335 = ORIENTED_EDGE('',*,*,#20226,.F.);
#20336 = ORIENTED_EDGE('',*,*,#20287,.T.);
#20337 = ORIENTED_EDGE('',*,*,#20266,.T.);
#20338 = ORIENTED_EDGE('',*,*,#20309,.F.);
#20339 = PLANE('',#20340);
#20340 = AXIS2_PLACEMENT_3D('',#20341,#20342,#20343);
#20341 = CARTESIAN_POINT('',(18.75,9.5,15.7));
#20342 = DIRECTION('',(0.,0.,1.));
#20343 = DIRECTION('',(1.,0.,0.));
#20344 = MANIFOLD_SOLID_BREP('',#20345);
#20345 = CLOSED_SHELL('',(#20346,#20386,#20426,#20448,#20470,#20482));
#20346 = ADVANCED_FACE('',(#20347),#20381,.F.);
#20347 = FACE_BOUND('',#20348,.F.);
#20348 = EDGE_LOOP('',(#20349,#20359,#20367,#20375));
#20349 = ORIENTED_EDGE('',*,*,#20350,.F.);
#20350 = EDGE_CURVE('',#20351,#20353,#20355,.T.);
#20351 = VERTEX_POINT('',#20352);
#20352 = CARTESIAN_POINT('',(7.975,25.98,13.6));
#20353 = VERTEX_POINT('',#20354);
#20354 = CARTESIAN_POINT('',(7.975,25.98,14.15));
#20355 = LINE('',#20356,#20357);
#20356 = CARTESIAN_POINT('',(7.975,25.98,13.6));
#20357 = VECTOR('',#20358,1.);
#20358 = DIRECTION('',(0.,0.,1.));
#20359 = ORIENTED_EDGE('',*,*,#20360,.T.);
#20360 = EDGE_CURVE('',#20351,#20361,#20363,.T.);
#20361 = VERTEX_POINT('',#20362);
#20362 = CARTESIAN_POINT('',(7.975,26.52,13.6));
#20363 = LINE('',#20364,#20365);
#20364 = CARTESIAN_POINT('',(7.975,25.98,13.6));
#20365 = VECTOR('',#20366,1.);
#20366 = DIRECTION('',(0.,1.,0.));
#20367 = ORIENTED_EDGE('',*,*,#20368,.T.);
#20368 = EDGE_CURVE('',#20361,#20369,#20371,.T.);
#20369 = VERTEX_POINT('',#20370);
#20370 = CARTESIAN_POINT('',(7.975,26.52,14.15));
#20371 = LINE('',#20372,#20373);
#20372 = CARTESIAN_POINT('',(7.975,26.52,13.6));
#20373 = VECTOR('',#20374,1.);
#20374 = DIRECTION('',(0.,0.,1.));
#20375 = ORIENTED_EDGE('',*,*,#20376,.F.);
#20376 = EDGE_CURVE('',#20353,#20369,#20377,.T.);
#20377 = LINE('',#20378,#20379);
#20378 = CARTESIAN_POINT('',(7.975,25.98,14.15));
#20379 = VECTOR('',#20380,1.);
#20380 = DIRECTION('',(0.,1.,0.));
#20381 = PLANE('',#20382);
#20382 = AXIS2_PLACEMENT_3D('',#20383,#20384,#20385);
#20383 = CARTESIAN_POINT('',(7.975,25.98,13.6));
#20384 = DIRECTION('',(1.,0.,0.));
#20385 = DIRECTION('',(0.,0.,1.));
#20386 = ADVANCED_FACE('',(#20387),#20421,.T.);
#20387 = FACE_BOUND('',#20388,.T.);
#20388 = EDGE_LOOP('',(#20389,#20399,#20407,#20415));
#20389 = ORIENTED_EDGE('',*,*,#20390,.F.);
#20390 = EDGE_CURVE('',#20391,#20393,#20395,.T.);
#20391 = VERTEX_POINT('',#20392);
#20392 = CARTESIAN_POINT('',(9.025,25.98,13.6));
#20393 = VERTEX_POINT('',#20394);
#20394 = CARTESIAN_POINT('',(9.025,25.98,14.15));
#20395 = LINE('',#20396,#20397);
#20396 = CARTESIAN_POINT('',(9.025,25.98,13.6));
#20397 = VECTOR('',#20398,1.);
#20398 = DIRECTION('',(0.,0.,1.));
#20399 = ORIENTED_EDGE('',*,*,#20400,.T.);
#20400 = EDGE_CURVE('',#20391,#20401,#20403,.T.);
#20401 = VERTEX_POINT('',#20402);
#20402 = CARTESIAN_POINT('',(9.025,26.52,13.6));
#20403 = LINE('',#20404,#20405);
#20404 = CARTESIAN_POINT('',(9.025,25.98,13.6));
#20405 = VECTOR('',#20406,1.);
#20406 = DIRECTION('',(0.,1.,0.));
#20407 = ORIENTED_EDGE('',*,*,#20408,.T.);
#20408 = EDGE_CURVE('',#20401,#20409,#20411,.T.);
#20409 = VERTEX_POINT('',#20410);
#20410 = CARTESIAN_POINT('',(9.025,26.52,14.15));
#20411 = LINE('',#20412,#20413);
#20412 = CARTESIAN_POINT('',(9.025,26.52,13.6));
#20413 = VECTOR('',#20414,1.);
#20414 = DIRECTION('',(0.,0.,1.));
#20415 = ORIENTED_EDGE('',*,*,#20416,.F.);
#20416 = EDGE_CURVE('',#20393,#20409,#20417,.T.);
#20417 = LINE('',#20418,#20419);
#20418 = CARTESIAN_POINT('',(9.025,25.98,14.15));
#20419 = VECTOR('',#20420,1.);
#20420 = DIRECTION('',(0.,1.,0.));
#20421 = PLANE('',#20422);
#20422 = AXIS2_PLACEMENT_3D('',#20423,#20424,#20425);
#20423 = CARTESIAN_POINT('',(9.025,25.98,13.6));
#20424 = DIRECTION('',(1.,0.,0.));
#20425 = DIRECTION('',(0.,0.,1.));
#20426 = ADVANCED_FACE('',(#20427),#20443,.F.);
#20427 = FACE_BOUND('',#20428,.F.);
#20428 = EDGE_LOOP('',(#20429,#20435,#20436,#20442));
#20429 = ORIENTED_EDGE('',*,*,#20430,.F.);
#20430 = EDGE_CURVE('',#20351,#20391,#20431,.T.);
#20431 = LINE('',#20432,#20433);
#20432 = CARTESIAN_POINT('',(7.975,25.98,13.6));
#20433 = VECTOR('',#20434,1.);
#20434 = DIRECTION('',(1.,0.,0.));
#20435 = ORIENTED_EDGE('',*,*,#20350,.T.);
#20436 = ORIENTED_EDGE('',*,*,#20437,.T.);
#20437 = EDGE_CURVE('',#20353,#20393,#20438,.T.);
#20438 = LINE('',#20439,#20440);
#20439 = CARTESIAN_POINT('',(7.975,25.98,14.15));
#20440 = VECTOR('',#20441,1.);
#20441 = DIRECTION('',(1.,0.,0.));
#20442 = ORIENTED_EDGE('',*,*,#20390,.F.);
#20443 = PLANE('',#20444);
#20444 = AXIS2_PLACEMENT_3D('',#20445,#20446,#20447);
#20445 = CARTESIAN_POINT('',(7.975,25.98,13.6));
#20446 = DIRECTION('',(0.,1.,0.));
#20447 = DIRECTION('',(0.,0.,1.));
#20448 = ADVANCED_FACE('',(#20449),#20465,.T.);
#20449 = FACE_BOUND('',#20450,.T.);
#20450 = EDGE_LOOP('',(#20451,#20457,#20458,#20464));
#20451 = ORIENTED_EDGE('',*,*,#20452,.F.);
#20452 = EDGE_CURVE('',#20361,#20401,#20453,.T.);
#20453 = LINE('',#20454,#20455);
#20454 = CARTESIAN_POINT('',(7.975,26.52,13.6));
#20455 = VECTOR('',#20456,1.);
#20456 = DIRECTION('',(1.,0.,0.));
#20457 = ORIENTED_EDGE('',*,*,#20368,.T.);
#20458 = ORIENTED_EDGE('',*,*,#20459,.T.);
#20459 = EDGE_CURVE('',#20369,#20409,#20460,.T.);
#20460 = LINE('',#20461,#20462);
#20461 = CARTESIAN_POINT('',(7.975,26.52,14.15));
#20462 = VECTOR('',#20463,1.);
#20463 = DIRECTION('',(1.,0.,0.));
#20464 = ORIENTED_EDGE('',*,*,#20408,.F.);
#20465 = PLANE('',#20466);
#20466 = AXIS2_PLACEMENT_3D('',#20467,#20468,#20469);
#20467 = CARTESIAN_POINT('',(7.975,26.52,13.6));
#20468 = DIRECTION('',(0.,1.,0.));
#20469 = DIRECTION('',(0.,0.,1.));
#20470 = ADVANCED_FACE('',(#20471),#20477,.F.);
#20471 = FACE_BOUND('',#20472,.F.);
#20472 = EDGE_LOOP('',(#20473,#20474,#20475,#20476));
#20473 = ORIENTED_EDGE('',*,*,#20360,.F.);
#20474 = ORIENTED_EDGE('',*,*,#20430,.T.);
#20475 = ORIENTED_EDGE('',*,*,#20400,.T.);
#20476 = ORIENTED_EDGE('',*,*,#20452,.F.);
#20477 = PLANE('',#20478);
#20478 = AXIS2_PLACEMENT_3D('',#20479,#20480,#20481);
#20479 = CARTESIAN_POINT('',(7.975,25.98,13.6));
#20480 = DIRECTION('',(0.,0.,1.));
#20481 = DIRECTION('',(1.,0.,0.));
#20482 = ADVANCED_FACE('',(#20483),#20489,.T.);
#20483 = FACE_BOUND('',#20484,.T.);
#20484 = EDGE_LOOP('',(#20485,#20486,#20487,#20488));
#20485 = ORIENTED_EDGE('',*,*,#20376,.F.);
#20486 = ORIENTED_EDGE('',*,*,#20437,.T.);
#20487 = ORIENTED_EDGE('',*,*,#20416,.T.);
#20488 = ORIENTED_EDGE('',*,*,#20459,.F.);
#20489 = PLANE('',#20490);
#20490 = AXIS2_PLACEMENT_3D('',#20491,#20492,#20493);
#20491 = CARTESIAN_POINT('',(7.975,25.98,14.15));
#20492 = DIRECTION('',(0.,0.,1.));
#20493 = DIRECTION('',(1.,0.,0.));
#20494 = MANIFOLD_SOLID_BREP('',#20495);
#20495 = CLOSED_SHELL('',(#20496,#20536,#20567,#20591,#20615,#20632,
    #20678,#20709,#20733,#20757,#20774));
#20496 = ADVANCED_FACE('',(#20497),#20531,.F.);
#20497 = FACE_BOUND('',#20498,.F.);
#20498 = EDGE_LOOP('',(#20499,#20509,#20517,#20525));
#20499 = ORIENTED_EDGE('',*,*,#20500,.F.);
#20500 = EDGE_CURVE('',#20501,#20503,#20505,.T.);
#20501 = VERTEX_POINT('',#20502);
#20502 = CARTESIAN_POINT('',(17.43,17.73,13.6));
#20503 = VERTEX_POINT('',#20504);
#20504 = CARTESIAN_POINT('',(17.43,17.73,16.86));
#20505 = LINE('',#20506,#20507);
#20506 = CARTESIAN_POINT('',(17.43,17.73,13.6));
#20507 = VECTOR('',#20508,1.);
#20508 = DIRECTION('',(0.,0.,1.));
#20509 = ORIENTED_EDGE('',*,*,#20510,.T.);
#20510 = EDGE_CURVE('',#20501,#20511,#20513,.T.);
#20511 = VERTEX_POINT('',#20512);
#20512 = CARTESIAN_POINT('',(17.43,26.67,13.6));
#20513 = LINE('',#20514,#20515);
#20514 = CARTESIAN_POINT('',(17.43,17.73,13.6));
#20515 = VECTOR('',#20516,1.);
#20516 = DIRECTION('',(0.,1.,0.));
#20517 = ORIENTED_EDGE('',*,*,#20518,.T.);
#20518 = EDGE_CURVE('',#20511,#20519,#20521,.T.);
#20519 = VERTEX_POINT('',#20520);
#20520 = CARTESIAN_POINT('',(17.43,26.67,16.86));
#20521 = LINE('',#20522,#20523);
#20522 = CARTESIAN_POINT('',(17.43,26.67,13.6));
#20523 = VECTOR('',#20524,1.);
#20524 = DIRECTION('',(0.,0.,1.));
#20525 = ORIENTED_EDGE('',*,*,#20526,.F.);
#20526 = EDGE_CURVE('',#20503,#20519,#20527,.T.);
#20527 = LINE('',#20528,#20529);
#20528 = CARTESIAN_POINT('',(17.43,17.73,16.86));
#20529 = VECTOR('',#20530,1.);
#20530 = DIRECTION('',(0.,1.,0.));
#20531 = PLANE('',#20532);
#20532 = AXIS2_PLACEMENT_3D('',#20533,#20534,#20535);
#20533 = CARTESIAN_POINT('',(17.43,17.73,13.6));
#20534 = DIRECTION('',(1.,0.,0.));
#20535 = DIRECTION('',(0.,0.,1.));
#20536 = ADVANCED_FACE('',(#20537),#20562,.F.);
#20537 = FACE_BOUND('',#20538,.F.);
#20538 = EDGE_LOOP('',(#20539,#20547,#20548,#20556));
#20539 = ORIENTED_EDGE('',*,*,#20540,.F.);
#20540 = EDGE_CURVE('',#20501,#20541,#20543,.T.);
#20541 = VERTEX_POINT('',#20542);
#20542 = CARTESIAN_POINT('',(24.78,17.73,13.6));
#20543 = LINE('',#20544,#20545);
#20544 = CARTESIAN_POINT('',(17.43,17.73,13.6));
#20545 = VECTOR('',#20546,1.);
#20546 = DIRECTION('',(1.,0.,0.));
#20547 = ORIENTED_EDGE('',*,*,#20500,.T.);
#20548 = ORIENTED_EDGE('',*,*,#20549,.T.);
#20549 = EDGE_CURVE('',#20503,#20550,#20552,.T.);
#20550 = VERTEX_POINT('',#20551);
#20551 = CARTESIAN_POINT('',(24.78,17.73,16.86));
#20552 = LINE('',#20553,#20554);
#20553 = CARTESIAN_POINT('',(17.43,17.73,16.86));
#20554 = VECTOR('',#20555,1.);
#20555 = DIRECTION('',(1.,0.,0.));
#20556 = ORIENTED_EDGE('',*,*,#20557,.F.);
#20557 = EDGE_CURVE('',#20541,#20550,#20558,.T.);
#20558 = LINE('',#20559,#20560);
#20559 = CARTESIAN_POINT('',(24.78,17.73,13.6));
#20560 = VECTOR('',#20561,1.);
#20561 = DIRECTION('',(0.,0.,1.));
#20562 = PLANE('',#20563);
#20563 = AXIS2_PLACEMENT_3D('',#20564,#20565,#20566);
#20564 = CARTESIAN_POINT('',(17.43,17.73,13.6));
#20565 = DIRECTION('',(0.,1.,0.));
#20566 = DIRECTION('',(0.,0.,1.));
#20567 = ADVANCED_FACE('',(#20568),#20586,.T.);
#20568 = FACE_BOUND('',#20569,.T.);
#20569 = EDGE_LOOP('',(#20570,#20571,#20572,#20580));
#20570 = ORIENTED_EDGE('',*,*,#20526,.F.);
#20571 = ORIENTED_EDGE('',*,*,#20549,.T.);
#20572 = ORIENTED_EDGE('',*,*,#20573,.T.);
#20573 = EDGE_CURVE('',#20550,#20574,#20576,.T.);
#20574 = VERTEX_POINT('',#20575);
#20575 = CARTESIAN_POINT('',(24.78,26.67,16.86));
#20576 = LINE('',#20577,#20578);
#20577 = CARTESIAN_POINT('',(24.78,17.73,16.86));
#20578 = VECTOR('',#20579,1.);
#20579 = DIRECTION('',(0.,1.,0.));
#20580 = ORIENTED_EDGE('',*,*,#20581,.F.);
#20581 = EDGE_CURVE('',#20519,#20574,#20582,.T.);
#20582 = LINE('',#20583,#20584);
#20583 = CARTESIAN_POINT('',(17.43,26.67,16.86));
#20584 = VECTOR('',#20585,1.);
#20585 = DIRECTION('',(1.,0.,0.));
#20586 = PLANE('',#20587);
#20587 = AXIS2_PLACEMENT_3D('',#20588,#20589,#20590);
#20588 = CARTESIAN_POINT('',(17.43,17.73,16.86));
#20589 = DIRECTION('',(0.,0.,1.));
#20590 = DIRECTION('',(1.,0.,0.));
#20591 = ADVANCED_FACE('',(#20592),#20610,.T.);
#20592 = FACE_BOUND('',#20593,.T.);
#20593 = EDGE_LOOP('',(#20594,#20602,#20603,#20604));
#20594 = ORIENTED_EDGE('',*,*,#20595,.F.);
#20595 = EDGE_CURVE('',#20511,#20596,#20598,.T.);
#20596 = VERTEX_POINT('',#20597);
#20597 = CARTESIAN_POINT('',(24.78,26.67,13.6));
#20598 = LINE('',#20599,#20600);
#20599 = CARTESIAN_POINT('',(17.43,26.67,13.6));
#20600 = VECTOR('',#20601,1.);
#20601 = DIRECTION('',(1.,0.,0.));
#20602 = ORIENTED_EDGE('',*,*,#20518,.T.);
#20603 = ORIENTED_EDGE('',*,*,#20581,.T.);
#20604 = ORIENTED_EDGE('',*,*,#20605,.F.);
#20605 = EDGE_CURVE('',#20596,#20574,#20606,.T.);
#20606 = LINE('',#20607,#20608);
#20607 = CARTESIAN_POINT('',(24.78,26.67,13.6));
#20608 = VECTOR('',#20609,1.);
#20609 = DIRECTION('',(0.,0.,1.));
#20610 = PLANE('',#20611);
#20611 = AXIS2_PLACEMENT_3D('',#20612,#20613,#20614);
#20612 = CARTESIAN_POINT('',(17.43,26.67,13.6));
#20613 = DIRECTION('',(0.,1.,0.));
#20614 = DIRECTION('',(0.,0.,1.));
#20615 = ADVANCED_FACE('',(#20616),#20627,.F.);
#20616 = FACE_BOUND('',#20617,.F.);
#20617 = EDGE_LOOP('',(#20618,#20619,#20620,#20626));
#20618 = ORIENTED_EDGE('',*,*,#20510,.F.);
#20619 = ORIENTED_EDGE('',*,*,#20540,.T.);
#20620 = ORIENTED_EDGE('',*,*,#20621,.T.);
#20621 = EDGE_CURVE('',#20541,#20596,#20622,.T.);
#20622 = LINE('',#20623,#20624);
#20623 = CARTESIAN_POINT('',(24.78,17.73,13.6));
#20624 = VECTOR('',#20625,1.);
#20625 = DIRECTION('',(0.,1.,0.));
#20626 = ORIENTED_EDGE('',*,*,#20595,.F.);
#20627 = PLANE('',#20628);
#20628 = AXIS2_PLACEMENT_3D('',#20629,#20630,#20631);
#20629 = CARTESIAN_POINT('',(17.43,17.73,13.6));
#20630 = DIRECTION('',(0.,0.,1.));
#20631 = DIRECTION('',(1.,0.,0.));
#20632 = ADVANCED_FACE('',(#20633,#20639),#20673,.T.);
#20633 = FACE_BOUND('',#20634,.T.);
#20634 = EDGE_LOOP('',(#20635,#20636,#20637,#20638));
#20635 = ORIENTED_EDGE('',*,*,#20557,.F.);
#20636 = ORIENTED_EDGE('',*,*,#20621,.T.);
#20637 = ORIENTED_EDGE('',*,*,#20605,.T.);
#20638 = ORIENTED_EDGE('',*,*,#20573,.F.);
#20639 = FACE_BOUND('',#20640,.T.);
#20640 = EDGE_LOOP('',(#20641,#20651,#20659,#20667));
#20641 = ORIENTED_EDGE('',*,*,#20642,.T.);
#20642 = EDGE_CURVE('',#20643,#20645,#20647,.T.);
#20643 = VERTEX_POINT('',#20644);
#20644 = CARTESIAN_POINT('',(24.78,26.37,13.95));
#20645 = VERTEX_POINT('',#20646);
#20646 = CARTESIAN_POINT('',(24.78,18.03,13.95));
#20647 = LINE('',#20648,#20649);
#20648 = CARTESIAN_POINT('',(24.78,17.88,13.95));
#20649 = VECTOR('',#20650,1.);
#20650 = DIRECTION('',(0.,-1.,0.));
#20651 = ORIENTED_EDGE('',*,*,#20652,.T.);
#20652 = EDGE_CURVE('',#20645,#20653,#20655,.T.);
#20653 = VERTEX_POINT('',#20654);
#20654 = CARTESIAN_POINT('',(24.78,18.03,16.51));
#20655 = LINE('',#20656,#20657);
#20656 = CARTESIAN_POINT('',(24.78,18.03,13.775));
#20657 = VECTOR('',#20658,1.);
#20658 = DIRECTION('',(0.,0.,1.));
#20659 = ORIENTED_EDGE('',*,*,#20660,.F.);
#20660 = EDGE_CURVE('',#20661,#20653,#20663,.T.);
#20661 = VERTEX_POINT('',#20662);
#20662 = CARTESIAN_POINT('',(24.78,26.37,16.51));
#20663 = LINE('',#20664,#20665);
#20664 = CARTESIAN_POINT('',(24.78,17.88,16.51));
#20665 = VECTOR('',#20666,1.);
#20666 = DIRECTION('',(0.,-1.,0.));
#20667 = ORIENTED_EDGE('',*,*,#20668,.F.);
#20668 = EDGE_CURVE('',#20643,#20661,#20669,.T.);
#20669 = LINE('',#20670,#20671);
#20670 = CARTESIAN_POINT('',(24.78,26.37,13.775));
#20671 = VECTOR('',#20672,1.);
#20672 = DIRECTION('',(0.,0.,1.));
#20673 = PLANE('',#20674);
#20674 = AXIS2_PLACEMENT_3D('',#20675,#20676,#20677);
#20675 = CARTESIAN_POINT('',(24.78,17.73,13.6));
#20676 = DIRECTION('',(1.,0.,0.));
#20677 = DIRECTION('',(0.,0.,1.));
#20678 = ADVANCED_FACE('',(#20679),#20704,.T.);
#20679 = FACE_BOUND('',#20680,.T.);
#20680 = EDGE_LOOP('',(#20681,#20689,#20697,#20703));
#20681 = ORIENTED_EDGE('',*,*,#20682,.F.);
#20682 = EDGE_CURVE('',#20683,#20643,#20685,.T.);
#20683 = VERTEX_POINT('',#20684);
#20684 = CARTESIAN_POINT('',(19.5,26.37,13.95));
#20685 = LINE('',#20686,#20687);
#20686 = CARTESIAN_POINT('',(19.5,26.37,13.95));
#20687 = VECTOR('',#20688,1.);
#20688 = DIRECTION('',(1.,0.,0.));
#20689 = ORIENTED_EDGE('',*,*,#20690,.F.);
#20690 = EDGE_CURVE('',#20691,#20683,#20693,.T.);
#20691 = VERTEX_POINT('',#20692);
#20692 = CARTESIAN_POINT('',(19.5,18.03,13.95));
#20693 = LINE('',#20694,#20695);
#20694 = CARTESIAN_POINT('',(19.5,18.03,13.95));
#20695 = VECTOR('',#20696,1.);
#20696 = DIRECTION('',(0.,1.,0.));
#20697 = ORIENTED_EDGE('',*,*,#20698,.T.);
#20698 = EDGE_CURVE('',#20691,#20645,#20699,.T.);
#20699 = LINE('',#20700,#20701);
#20700 = CARTESIAN_POINT('',(19.5,18.03,13.95));
#20701 = VECTOR('',#20702,1.);
#20702 = DIRECTION('',(1.,0.,0.));
#20703 = ORIENTED_EDGE('',*,*,#20642,.F.);
#20704 = PLANE('',#20705);
#20705 = AXIS2_PLACEMENT_3D('',#20706,#20707,#20708);
#20706 = CARTESIAN_POINT('',(19.5,18.03,13.95));
#20707 = DIRECTION('',(0.,0.,1.));
#20708 = DIRECTION('',(1.,0.,0.));
#20709 = ADVANCED_FACE('',(#20710),#20728,.F.);
#20710 = FACE_BOUND('',#20711,.F.);
#20711 = EDGE_LOOP('',(#20712,#20713,#20721,#20727));
#20712 = ORIENTED_EDGE('',*,*,#20682,.F.);
#20713 = ORIENTED_EDGE('',*,*,#20714,.T.);
#20714 = EDGE_CURVE('',#20683,#20715,#20717,.T.);
#20715 = VERTEX_POINT('',#20716);
#20716 = CARTESIAN_POINT('',(19.5,26.37,16.51));
#20717 = LINE('',#20718,#20719);
#20718 = CARTESIAN_POINT('',(19.5,26.37,13.95));
#20719 = VECTOR('',#20720,1.);
#20720 = DIRECTION('',(0.,0.,1.));
#20721 = ORIENTED_EDGE('',*,*,#20722,.T.);
#20722 = EDGE_CURVE('',#20715,#20661,#20723,.T.);
#20723 = LINE('',#20724,#20725);
#20724 = CARTESIAN_POINT('',(19.5,26.37,16.51));
#20725 = VECTOR('',#20726,1.);
#20726 = DIRECTION('',(1.,0.,0.));
#20727 = ORIENTED_EDGE('',*,*,#20668,.F.);
#20728 = PLANE('',#20729);
#20729 = AXIS2_PLACEMENT_3D('',#20730,#20731,#20732);
#20730 = CARTESIAN_POINT('',(19.5,26.37,13.95));
#20731 = DIRECTION('',(0.,1.,0.));
#20732 = DIRECTION('',(0.,0.,1.));
#20733 = ADVANCED_FACE('',(#20734),#20752,.F.);
#20734 = FACE_BOUND('',#20735,.F.);
#20735 = EDGE_LOOP('',(#20736,#20737,#20745,#20751));
#20736 = ORIENTED_EDGE('',*,*,#20722,.F.);
#20737 = ORIENTED_EDGE('',*,*,#20738,.F.);
#20738 = EDGE_CURVE('',#20739,#20715,#20741,.T.);
#20739 = VERTEX_POINT('',#20740);
#20740 = CARTESIAN_POINT('',(19.5,18.03,16.51));
#20741 = LINE('',#20742,#20743);
#20742 = CARTESIAN_POINT('',(19.5,18.03,16.51));
#20743 = VECTOR('',#20744,1.);
#20744 = DIRECTION('',(0.,1.,0.));
#20745 = ORIENTED_EDGE('',*,*,#20746,.T.);
#20746 = EDGE_CURVE('',#20739,#20653,#20747,.T.);
#20747 = LINE('',#20748,#20749);
#20748 = CARTESIAN_POINT('',(19.5,18.03,16.51));
#20749 = VECTOR('',#20750,1.);
#20750 = DIRECTION('',(1.,0.,0.));
#20751 = ORIENTED_EDGE('',*,*,#20660,.F.);
#20752 = PLANE('',#20753);
#20753 = AXIS2_PLACEMENT_3D('',#20754,#20755,#20756);
#20754 = CARTESIAN_POINT('',(19.5,18.03,16.51));
#20755 = DIRECTION('',(0.,0.,1.));
#20756 = DIRECTION('',(1.,0.,0.));
#20757 = ADVANCED_FACE('',(#20758),#20769,.T.);
#20758 = FACE_BOUND('',#20759,.T.);
#20759 = EDGE_LOOP('',(#20760,#20761,#20767,#20768));
#20760 = ORIENTED_EDGE('',*,*,#20698,.F.);
#20761 = ORIENTED_EDGE('',*,*,#20762,.T.);
#20762 = EDGE_CURVE('',#20691,#20739,#20763,.T.);
#20763 = LINE('',#20764,#20765);
#20764 = CARTESIAN_POINT('',(19.5,18.03,13.95));
#20765 = VECTOR('',#20766,1.);
#20766 = DIRECTION('',(0.,0.,1.));
#20767 = ORIENTED_EDGE('',*,*,#20746,.T.);
#20768 = ORIENTED_EDGE('',*,*,#20652,.F.);
#20769 = PLANE('',#20770);
#20770 = AXIS2_PLACEMENT_3D('',#20771,#20772,#20773);
#20771 = CARTESIAN_POINT('',(19.5,18.03,13.95));
#20772 = DIRECTION('',(0.,1.,0.));
#20773 = DIRECTION('',(0.,0.,1.));
#20774 = ADVANCED_FACE('',(#20775),#20781,.T.);
#20775 = FACE_BOUND('',#20776,.T.);
#20776 = EDGE_LOOP('',(#20777,#20778,#20779,#20780));
#20777 = ORIENTED_EDGE('',*,*,#20762,.F.);
#20778 = ORIENTED_EDGE('',*,*,#20690,.T.);
#20779 = ORIENTED_EDGE('',*,*,#20714,.T.);
#20780 = ORIENTED_EDGE('',*,*,#20738,.F.);
#20781 = PLANE('',#20782);
#20782 = AXIS2_PLACEMENT_3D('',#20783,#20784,#20785);
#20783 = CARTESIAN_POINT('',(19.5,18.03,13.95));
#20784 = DIRECTION('',(1.,0.,0.));
#20785 = DIRECTION('',(0.,0.,1.));
#20786 = MANIFOLD_SOLID_BREP('',#20787);
#20787 = CLOSED_SHELL('',(#20788,#20828,#20868,#20890,#20912,#20924));
#20788 = ADVANCED_FACE('',(#20789),#20823,.F.);
#20789 = FACE_BOUND('',#20790,.F.);
#20790 = EDGE_LOOP('',(#20791,#20801,#20809,#20817));
#20791 = ORIENTED_EDGE('',*,*,#20792,.F.);
#20792 = EDGE_CURVE('',#20793,#20795,#20797,.T.);
#20793 = VERTEX_POINT('',#20794);
#20794 = CARTESIAN_POINT('',(17.45,17.5,11.4));
#20795 = VERTEX_POINT('',#20796);
#20796 = CARTESIAN_POINT('',(17.45,17.5,12.6));
#20797 = LINE('',#20798,#20799);
#20798 = CARTESIAN_POINT('',(17.45,17.5,11.4));
#20799 = VECTOR('',#20800,1.);
#20800 = DIRECTION('',(0.,0.,1.));
#20801 = ORIENTED_EDGE('',*,*,#20802,.T.);
#20802 = EDGE_CURVE('',#20793,#20803,#20805,.T.);
#20803 = VERTEX_POINT('',#20804);
#20804 = CARTESIAN_POINT('',(17.45,26.9,11.4));
#20805 = LINE('',#20806,#20807);
#20806 = CARTESIAN_POINT('',(17.45,17.5,11.4));
#20807 = VECTOR('',#20808,1.);
#20808 = DIRECTION('',(0.,1.,0.));
#20809 = ORIENTED_EDGE('',*,*,#20810,.T.);
#20810 = EDGE_CURVE('',#20803,#20811,#20813,.T.);
#20811 = VERTEX_POINT('',#20812);
#20812 = CARTESIAN_POINT('',(17.45,26.9,12.6));
#20813 = LINE('',#20814,#20815);
#20814 = CARTESIAN_POINT('',(17.45,26.9,11.4));
#20815 = VECTOR('',#20816,1.);
#20816 = DIRECTION('',(0.,0.,1.));
#20817 = ORIENTED_EDGE('',*,*,#20818,.F.);
#20818 = EDGE_CURVE('',#20795,#20811,#20819,.T.);
#20819 = LINE('',#20820,#20821);
#20820 = CARTESIAN_POINT('',(17.45,17.5,12.6));
#20821 = VECTOR('',#20822,1.);
#20822 = DIRECTION('',(0.,1.,0.));
#20823 = PLANE('',#20824);
#20824 = AXIS2_PLACEMENT_3D('',#20825,#20826,#20827);
#20825 = CARTESIAN_POINT('',(17.45,17.5,11.4));
#20826 = DIRECTION('',(1.,0.,0.));
#20827 = DIRECTION('',(0.,0.,1.));
#20828 = ADVANCED_FACE('',(#20829),#20863,.T.);
#20829 = FACE_BOUND('',#20830,.T.);
#20830 = EDGE_LOOP('',(#20831,#20841,#20849,#20857));
#20831 = ORIENTED_EDGE('',*,*,#20832,.F.);
#20832 = EDGE_CURVE('',#20833,#20835,#20837,.T.);
#20833 = VERTEX_POINT('',#20834);
#20834 = CARTESIAN_POINT('',(25.,17.5,11.4));
#20835 = VERTEX_POINT('',#20836);
#20836 = CARTESIAN_POINT('',(25.,17.5,12.6));
#20837 = LINE('',#20838,#20839);
#20838 = CARTESIAN_POINT('',(25.,17.5,11.4));
#20839 = VECTOR('',#20840,1.);
#20840 = DIRECTION('',(0.,0.,1.));
#20841 = ORIENTED_EDGE('',*,*,#20842,.T.);
#20842 = EDGE_CURVE('',#20833,#20843,#20845,.T.);
#20843 = VERTEX_POINT('',#20844);
#20844 = CARTESIAN_POINT('',(25.,26.9,11.4));
#20845 = LINE('',#20846,#20847);
#20846 = CARTESIAN_POINT('',(25.,17.5,11.4));
#20847 = VECTOR('',#20848,1.);
#20848 = DIRECTION('',(0.,1.,0.));
#20849 = ORIENTED_EDGE('',*,*,#20850,.T.);
#20850 = EDGE_CURVE('',#20843,#20851,#20853,.T.);
#20851 = VERTEX_POINT('',#20852);
#20852 = CARTESIAN_POINT('',(25.,26.9,12.6));
#20853 = LINE('',#20854,#20855);
#20854 = CARTESIAN_POINT('',(25.,26.9,11.4));
#20855 = VECTOR('',#20856,1.);
#20856 = DIRECTION('',(0.,0.,1.));
#20857 = ORIENTED_EDGE('',*,*,#20858,.F.);
#20858 = EDGE_CURVE('',#20835,#20851,#20859,.T.);
#20859 = LINE('',#20860,#20861);
#20860 = CARTESIAN_POINT('',(25.,17.5,12.6));
#20861 = VECTOR('',#20862,1.);
#20862 = DIRECTION('',(0.,1.,0.));
#20863 = PLANE('',#20864);
#20864 = AXIS2_PLACEMENT_3D('',#20865,#20866,#20867);
#20865 = CARTESIAN_POINT('',(25.,17.5,11.4));
#20866 = DIRECTION('',(1.,0.,0.));
#20867 = DIRECTION('',(0.,0.,1.));
#20868 = ADVANCED_FACE('',(#20869),#20885,.F.);
#20869 = FACE_BOUND('',#20870,.F.);
#20870 = EDGE_LOOP('',(#20871,#20877,#20878,#20884));
#20871 = ORIENTED_EDGE('',*,*,#20872,.F.);
#20872 = EDGE_CURVE('',#20793,#20833,#20873,.T.);
#20873 = LINE('',#20874,#20875);
#20874 = CARTESIAN_POINT('',(17.45,17.5,11.4));
#20875 = VECTOR('',#20876,1.);
#20876 = DIRECTION('',(1.,0.,0.));
#20877 = ORIENTED_EDGE('',*,*,#20792,.T.);
#20878 = ORIENTED_EDGE('',*,*,#20879,.T.);
#20879 = EDGE_CURVE('',#20795,#20835,#20880,.T.);
#20880 = LINE('',#20881,#20882);
#20881 = CARTESIAN_POINT('',(17.45,17.5,12.6));
#20882 = VECTOR('',#20883,1.);
#20883 = DIRECTION('',(1.,0.,0.));
#20884 = ORIENTED_EDGE('',*,*,#20832,.F.);
#20885 = PLANE('',#20886);
#20886 = AXIS2_PLACEMENT_3D('',#20887,#20888,#20889);
#20887 = CARTESIAN_POINT('',(17.45,17.5,11.4));
#20888 = DIRECTION('',(0.,1.,0.));
#20889 = DIRECTION('',(0.,0.,1.));
#20890 = ADVANCED_FACE('',(#20891),#20907,.T.);
#20891 = FACE_BOUND('',#20892,.T.);
#20892 = EDGE_LOOP('',(#20893,#20899,#20900,#20906));
#20893 = ORIENTED_EDGE('',*,*,#20894,.F.);
#20894 = EDGE_CURVE('',#20803,#20843,#20895,.T.);
#20895 = LINE('',#20896,#20897);
#20896 = CARTESIAN_POINT('',(17.45,26.9,11.4));
#20897 = VECTOR('',#20898,1.);
#20898 = DIRECTION('',(1.,0.,0.));
#20899 = ORIENTED_EDGE('',*,*,#20810,.T.);
#20900 = ORIENTED_EDGE('',*,*,#20901,.T.);
#20901 = EDGE_CURVE('',#20811,#20851,#20902,.T.);
#20902 = LINE('',#20903,#20904);
#20903 = CARTESIAN_POINT('',(17.45,26.9,12.6));
#20904 = VECTOR('',#20905,1.);
#20905 = DIRECTION('',(1.,0.,0.));
#20906 = ORIENTED_EDGE('',*,*,#20850,.F.);
#20907 = PLANE('',#20908);
#20908 = AXIS2_PLACEMENT_3D('',#20909,#20910,#20911);
#20909 = CARTESIAN_POINT('',(17.45,26.9,11.4));
#20910 = DIRECTION('',(0.,1.,0.));
#20911 = DIRECTION('',(0.,0.,1.));
#20912 = ADVANCED_FACE('',(#20913),#20919,.F.);
#20913 = FACE_BOUND('',#20914,.F.);
#20914 = EDGE_LOOP('',(#20915,#20916,#20917,#20918));
#20915 = ORIENTED_EDGE('',*,*,#20802,.F.);
#20916 = ORIENTED_EDGE('',*,*,#20872,.T.);
#20917 = ORIENTED_EDGE('',*,*,#20842,.T.);
#20918 = ORIENTED_EDGE('',*,*,#20894,.F.);
#20919 = PLANE('',#20920);
#20920 = AXIS2_PLACEMENT_3D('',#20921,#20922,#20923);
#20921 = CARTESIAN_POINT('',(17.45,17.5,11.4));
#20922 = DIRECTION('',(0.,0.,1.));
#20923 = DIRECTION('',(1.,0.,0.));
#20924 = ADVANCED_FACE('',(#20925),#20931,.T.);
#20925 = FACE_BOUND('',#20926,.T.);
#20926 = EDGE_LOOP('',(#20927,#20928,#20929,#20930));
#20927 = ORIENTED_EDGE('',*,*,#20818,.F.);
#20928 = ORIENTED_EDGE('',*,*,#20879,.T.);
#20929 = ORIENTED_EDGE('',*,*,#20858,.T.);
#20930 = ORIENTED_EDGE('',*,*,#20901,.F.);
#20931 = PLANE('',#20932);
#20932 = AXIS2_PLACEMENT_3D('',#20933,#20934,#20935);
#20933 = CARTESIAN_POINT('',(17.45,17.5,12.6));
#20934 = DIRECTION('',(0.,0.,1.));
#20935 = DIRECTION('',(1.,0.,0.));
#20936 = MANIFOLD_SOLID_BREP('',#20937);
#20937 = CLOSED_SHELL('',(#20938,#20978,#21018,#21040,#21062,#21074));
#20938 = ADVANCED_FACE('',(#20939),#20973,.F.);
#20939 = FACE_BOUND('',#20940,.F.);
#20940 = EDGE_LOOP('',(#20941,#20951,#20959,#20967));
#20941 = ORIENTED_EDGE('',*,*,#20942,.F.);
#20942 = EDGE_CURVE('',#20943,#20945,#20947,.T.);
#20943 = VERTEX_POINT('',#20944);
#20944 = CARTESIAN_POINT('',(2.5,7.,1.8));
#20945 = VERTEX_POINT('',#20946);
#20946 = CARTESIAN_POINT('',(2.5,7.,4.8));
#20947 = LINE('',#20948,#20949);
#20948 = CARTESIAN_POINT('',(2.5,7.,1.8));
#20949 = VECTOR('',#20950,1.);
#20950 = DIRECTION('',(0.,0.,1.));
#20951 = ORIENTED_EDGE('',*,*,#20952,.T.);
#20952 = EDGE_CURVE('',#20943,#20953,#20955,.T.);
#20953 = VERTEX_POINT('',#20954);
#20954 = CARTESIAN_POINT('',(2.5,37.,1.8));
#20955 = LINE('',#20956,#20957);
#20956 = CARTESIAN_POINT('',(2.5,7.,1.8));
#20957 = VECTOR('',#20958,1.);
#20958 = DIRECTION('',(0.,1.,0.));
#20959 = ORIENTED_EDGE('',*,*,#20960,.T.);
#20960 = EDGE_CURVE('',#20953,#20961,#20963,.T.);
#20961 = VERTEX_POINT('',#20962);
#20962 = CARTESIAN_POINT('',(2.5,37.,4.8));
#20963 = LINE('',#20964,#20965);
#20964 = CARTESIAN_POINT('',(2.5,37.,1.8));
#20965 = VECTOR('',#20966,1.);
#20966 = DIRECTION('',(0.,0.,1.));
#20967 = ORIENTED_EDGE('',*,*,#20968,.F.);
#20968 = EDGE_CURVE('',#20945,#20961,#20969,.T.);
#20969 = LINE('',#20970,#20971);
#20970 = CARTESIAN_POINT('',(2.5,7.,4.8));
#20971 = VECTOR('',#20972,1.);
#20972 = DIRECTION('',(0.,1.,0.));
#20973 = PLANE('',#20974);
#20974 = AXIS2_PLACEMENT_3D('',#20975,#20976,#20977);
#20975 = CARTESIAN_POINT('',(2.5,7.,1.8));
#20976 = DIRECTION('',(1.,0.,0.));
#20977 = DIRECTION('',(0.,0.,1.));
#20978 = ADVANCED_FACE('',(#20979),#21013,.T.);
#20979 = FACE_BOUND('',#20980,.T.);
#20980 = EDGE_LOOP('',(#20981,#20991,#20999,#21007));
#20981 = ORIENTED_EDGE('',*,*,#20982,.F.);
#20982 = EDGE_CURVE('',#20983,#20985,#20987,.T.);
#20983 = VERTEX_POINT('',#20984);
#20984 = CARTESIAN_POINT('',(22.5,7.,1.8));
#20985 = VERTEX_POINT('',#20986);
#20986 = CARTESIAN_POINT('',(22.5,7.,4.8));
#20987 = LINE('',#20988,#20989);
#20988 = CARTESIAN_POINT('',(22.5,7.,1.8));
#20989 = VECTOR('',#20990,1.);
#20990 = DIRECTION('',(0.,0.,1.));
#20991 = ORIENTED_EDGE('',*,*,#20992,.T.);
#20992 = EDGE_CURVE('',#20983,#20993,#20995,.T.);
#20993 = VERTEX_POINT('',#20994);
#20994 = CARTESIAN_POINT('',(22.5,37.,1.8));
#20995 = LINE('',#20996,#20997);
#20996 = CARTESIAN_POINT('',(22.5,7.,1.8));
#20997 = VECTOR('',#20998,1.);
#20998 = DIRECTION('',(0.,1.,0.));
#20999 = ORIENTED_EDGE('',*,*,#21000,.T.);
#21000 = EDGE_CURVE('',#20993,#21001,#21003,.T.);
#21001 = VERTEX_POINT('',#21002);
#21002 = CARTESIAN_POINT('',(22.5,37.,4.8));
#21003 = LINE('',#21004,#21005);
#21004 = CARTESIAN_POINT('',(22.5,37.,1.8));
#21005 = VECTOR('',#21006,1.);
#21006 = DIRECTION('',(0.,0.,1.));
#21007 = ORIENTED_EDGE('',*,*,#21008,.F.);
#21008 = EDGE_CURVE('',#20985,#21001,#21009,.T.);
#21009 = LINE('',#21010,#21011);
#21010 = CARTESIAN_POINT('',(22.5,7.,4.8));
#21011 = VECTOR('',#21012,1.);
#21012 = DIRECTION('',(0.,1.,0.));
#21013 = PLANE('',#21014);
#21014 = AXIS2_PLACEMENT_3D('',#21015,#21016,#21017);
#21015 = CARTESIAN_POINT('',(22.5,7.,1.8));
#21016 = DIRECTION('',(1.,0.,0.));
#21017 = DIRECTION('',(0.,0.,1.));
#21018 = ADVANCED_FACE('',(#21019),#21035,.F.);
#21019 = FACE_BOUND('',#21020,.F.);
#21020 = EDGE_LOOP('',(#21021,#21027,#21028,#21034));
#21021 = ORIENTED_EDGE('',*,*,#21022,.F.);
#21022 = EDGE_CURVE('',#20943,#20983,#21023,.T.);
#21023 = LINE('',#21024,#21025);
#21024 = CARTESIAN_POINT('',(2.5,7.,1.8));
#21025 = VECTOR('',#21026,1.);
#21026 = DIRECTION('',(1.,0.,0.));
#21027 = ORIENTED_EDGE('',*,*,#20942,.T.);
#21028 = ORIENTED_EDGE('',*,*,#21029,.T.);
#21029 = EDGE_CURVE('',#20945,#20985,#21030,.T.);
#21030 = LINE('',#21031,#21032);
#21031 = CARTESIAN_POINT('',(2.5,7.,4.8));
#21032 = VECTOR('',#21033,1.);
#21033 = DIRECTION('',(1.,0.,0.));
#21034 = ORIENTED_EDGE('',*,*,#20982,.F.);
#21035 = PLANE('',#21036);
#21036 = AXIS2_PLACEMENT_3D('',#21037,#21038,#21039);
#21037 = CARTESIAN_POINT('',(2.5,7.,1.8));
#21038 = DIRECTION('',(0.,1.,0.));
#21039 = DIRECTION('',(0.,0.,1.));
#21040 = ADVANCED_FACE('',(#21041),#21057,.T.);
#21041 = FACE_BOUND('',#21042,.T.);
#21042 = EDGE_LOOP('',(#21043,#21049,#21050,#21056));
#21043 = ORIENTED_EDGE('',*,*,#21044,.F.);
#21044 = EDGE_CURVE('',#20953,#20993,#21045,.T.);
#21045 = LINE('',#21046,#21047);
#21046 = CARTESIAN_POINT('',(2.5,37.,1.8));
#21047 = VECTOR('',#21048,1.);
#21048 = DIRECTION('',(1.,0.,0.));
#21049 = ORIENTED_EDGE('',*,*,#20960,.T.);
#21050 = ORIENTED_EDGE('',*,*,#21051,.T.);
#21051 = EDGE_CURVE('',#20961,#21001,#21052,.T.);
#21052 = LINE('',#21053,#21054);
#21053 = CARTESIAN_POINT('',(2.5,37.,4.8));
#21054 = VECTOR('',#21055,1.);
#21055 = DIRECTION('',(1.,0.,0.));
#21056 = ORIENTED_EDGE('',*,*,#21000,.F.);
#21057 = PLANE('',#21058);
#21058 = AXIS2_PLACEMENT_3D('',#21059,#21060,#21061);
#21059 = CARTESIAN_POINT('',(2.5,37.,1.8));
#21060 = DIRECTION('',(0.,1.,0.));
#21061 = DIRECTION('',(0.,0.,1.));
#21062 = ADVANCED_FACE('',(#21063),#21069,.F.);
#21063 = FACE_BOUND('',#21064,.F.);
#21064 = EDGE_LOOP('',(#21065,#21066,#21067,#21068));
#21065 = ORIENTED_EDGE('',*,*,#20952,.F.);
#21066 = ORIENTED_EDGE('',*,*,#21022,.T.);
#21067 = ORIENTED_EDGE('',*,*,#20992,.T.);
#21068 = ORIENTED_EDGE('',*,*,#21044,.F.);
#21069 = PLANE('',#21070);
#21070 = AXIS2_PLACEMENT_3D('',#21071,#21072,#21073);
#21071 = CARTESIAN_POINT('',(2.5,7.,1.8));
#21072 = DIRECTION('',(0.,0.,1.));
#21073 = DIRECTION('',(1.,0.,0.));
#21074 = ADVANCED_FACE('',(#21075),#21081,.T.);
#21075 = FACE_BOUND('',#21076,.T.);
#21076 = EDGE_LOOP('',(#21077,#21078,#21079,#21080));
#21077 = ORIENTED_EDGE('',*,*,#20968,.F.);
#21078 = ORIENTED_EDGE('',*,*,#21029,.T.);
#21079 = ORIENTED_EDGE('',*,*,#21008,.T.);
#21080 = ORIENTED_EDGE('',*,*,#21051,.F.);
#21081 = PLANE('',#21082);
#21082 = AXIS2_PLACEMENT_3D('',#21083,#21084,#21085);
#21083 = CARTESIAN_POINT('',(2.5,7.,4.8));
#21084 = DIRECTION('',(0.,0.,1.));
#21085 = DIRECTION('',(1.,0.,0.));
#21086 = MANIFOLD_SOLID_BREP('',#21087);
#21087 = CLOSED_SHELL('',(#21088,#21128,#21168,#21190,#21212,#21224));
#21088 = ADVANCED_FACE('',(#21089),#21123,.F.);
#21089 = FACE_BOUND('',#21090,.F.);
#21090 = EDGE_LOOP('',(#21091,#21101,#21109,#21117));
#21091 = ORIENTED_EDGE('',*,*,#21092,.F.);
#21092 = EDGE_CURVE('',#21093,#21095,#21097,.T.);
#21093 = VERTEX_POINT('',#21094);
#21094 = CARTESIAN_POINT('',(2.,6.5,1.4));
#21095 = VERTEX_POINT('',#21096);
#21096 = CARTESIAN_POINT('',(2.,6.5,1.6));
#21097 = LINE('',#21098,#21099);
#21098 = CARTESIAN_POINT('',(2.,6.5,1.4));
#21099 = VECTOR('',#21100,1.);
#21100 = DIRECTION('',(0.,0.,1.));
#21101 = ORIENTED_EDGE('',*,*,#21102,.T.);
#21102 = EDGE_CURVE('',#21093,#21103,#21105,.T.);
#21103 = VERTEX_POINT('',#21104);
#21104 = CARTESIAN_POINT('',(2.,37.5,1.4));
#21105 = LINE('',#21106,#21107);
#21106 = CARTESIAN_POINT('',(2.,6.5,1.4));
#21107 = VECTOR('',#21108,1.);
#21108 = DIRECTION('',(0.,1.,0.));
#21109 = ORIENTED_EDGE('',*,*,#21110,.T.);
#21110 = EDGE_CURVE('',#21103,#21111,#21113,.T.);
#21111 = VERTEX_POINT('',#21112);
#21112 = CARTESIAN_POINT('',(2.,37.5,1.6));
#21113 = LINE('',#21114,#21115);
#21114 = CARTESIAN_POINT('',(2.,37.5,1.4));
#21115 = VECTOR('',#21116,1.);
#21116 = DIRECTION('',(0.,0.,1.));
#21117 = ORIENTED_EDGE('',*,*,#21118,.F.);
#21118 = EDGE_CURVE('',#21095,#21111,#21119,.T.);
#21119 = LINE('',#21120,#21121);
#21120 = CARTESIAN_POINT('',(2.,6.5,1.6));
#21121 = VECTOR('',#21122,1.);
#21122 = DIRECTION('',(0.,1.,0.));
#21123 = PLANE('',#21124);
#21124 = AXIS2_PLACEMENT_3D('',#21125,#21126,#21127);
#21125 = CARTESIAN_POINT('',(2.,6.5,1.4));
#21126 = DIRECTION('',(1.,0.,0.));
#21127 = DIRECTION('',(0.,0.,1.));
#21128 = ADVANCED_FACE('',(#21129),#21163,.T.);
#21129 = FACE_BOUND('',#21130,.T.);
#21130 = EDGE_LOOP('',(#21131,#21141,#21149,#21157));
#21131 = ORIENTED_EDGE('',*,*,#21132,.F.);
#21132 = EDGE_CURVE('',#21133,#21135,#21137,.T.);
#21133 = VERTEX_POINT('',#21134);
#21134 = CARTESIAN_POINT('',(23.,6.5,1.4));
#21135 = VERTEX_POINT('',#21136);
#21136 = CARTESIAN_POINT('',(23.,6.5,1.6));
#21137 = LINE('',#21138,#21139);
#21138 = CARTESIAN_POINT('',(23.,6.5,1.4));
#21139 = VECTOR('',#21140,1.);
#21140 = DIRECTION('',(0.,0.,1.));
#21141 = ORIENTED_EDGE('',*,*,#21142,.T.);
#21142 = EDGE_CURVE('',#21133,#21143,#21145,.T.);
#21143 = VERTEX_POINT('',#21144);
#21144 = CARTESIAN_POINT('',(23.,37.5,1.4));
#21145 = LINE('',#21146,#21147);
#21146 = CARTESIAN_POINT('',(23.,6.5,1.4));
#21147 = VECTOR('',#21148,1.);
#21148 = DIRECTION('',(0.,1.,0.));
#21149 = ORIENTED_EDGE('',*,*,#21150,.T.);
#21150 = EDGE_CURVE('',#21143,#21151,#21153,.T.);
#21151 = VERTEX_POINT('',#21152);
#21152 = CARTESIAN_POINT('',(23.,37.5,1.6));
#21153 = LINE('',#21154,#21155);
#21154 = CARTESIAN_POINT('',(23.,37.5,1.4));
#21155 = VECTOR('',#21156,1.);
#21156 = DIRECTION('',(0.,0.,1.));
#21157 = ORIENTED_EDGE('',*,*,#21158,.F.);
#21158 = EDGE_CURVE('',#21135,#21151,#21159,.T.);
#21159 = LINE('',#21160,#21161);
#21160 = CARTESIAN_POINT('',(23.,6.5,1.6));
#21161 = VECTOR('',#21162,1.);
#21162 = DIRECTION('',(0.,1.,0.));
#21163 = PLANE('',#21164);
#21164 = AXIS2_PLACEMENT_3D('',#21165,#21166,#21167);
#21165 = CARTESIAN_POINT('',(23.,6.5,1.4));
#21166 = DIRECTION('',(1.,0.,0.));
#21167 = DIRECTION('',(0.,0.,1.));
#21168 = ADVANCED_FACE('',(#21169),#21185,.F.);
#21169 = FACE_BOUND('',#21170,.F.);
#21170 = EDGE_LOOP('',(#21171,#21177,#21178,#21184));
#21171 = ORIENTED_EDGE('',*,*,#21172,.F.);
#21172 = EDGE_CURVE('',#21093,#21133,#21173,.T.);
#21173 = LINE('',#21174,#21175);
#21174 = CARTESIAN_POINT('',(2.,6.5,1.4));
#21175 = VECTOR('',#21176,1.);
#21176 = DIRECTION('',(1.,0.,0.));
#21177 = ORIENTED_EDGE('',*,*,#21092,.T.);
#21178 = ORIENTED_EDGE('',*,*,#21179,.T.);
#21179 = EDGE_CURVE('',#21095,#21135,#21180,.T.);
#21180 = LINE('',#21181,#21182);
#21181 = CARTESIAN_POINT('',(2.,6.5,1.6));
#21182 = VECTOR('',#21183,1.);
#21183 = DIRECTION('',(1.,0.,0.));
#21184 = ORIENTED_EDGE('',*,*,#21132,.F.);
#21185 = PLANE('',#21186);
#21186 = AXIS2_PLACEMENT_3D('',#21187,#21188,#21189);
#21187 = CARTESIAN_POINT('',(2.,6.5,1.4));
#21188 = DIRECTION('',(0.,1.,0.));
#21189 = DIRECTION('',(0.,0.,1.));
#21190 = ADVANCED_FACE('',(#21191),#21207,.T.);
#21191 = FACE_BOUND('',#21192,.T.);
#21192 = EDGE_LOOP('',(#21193,#21199,#21200,#21206));
#21193 = ORIENTED_EDGE('',*,*,#21194,.F.);
#21194 = EDGE_CURVE('',#21103,#21143,#21195,.T.);
#21195 = LINE('',#21196,#21197);
#21196 = CARTESIAN_POINT('',(2.,37.5,1.4));
#21197 = VECTOR('',#21198,1.);
#21198 = DIRECTION('',(1.,0.,0.));
#21199 = ORIENTED_EDGE('',*,*,#21110,.T.);
#21200 = ORIENTED_EDGE('',*,*,#21201,.T.);
#21201 = EDGE_CURVE('',#21111,#21151,#21202,.T.);
#21202 = LINE('',#21203,#21204);
#21203 = CARTESIAN_POINT('',(2.,37.5,1.6));
#21204 = VECTOR('',#21205,1.);
#21205 = DIRECTION('',(1.,0.,0.));
#21206 = ORIENTED_EDGE('',*,*,#21150,.F.);
#21207 = PLANE('',#21208);
#21208 = AXIS2_PLACEMENT_3D('',#21209,#21210,#21211);
#21209 = CARTESIAN_POINT('',(2.,37.5,1.4));
#21210 = DIRECTION('',(0.,1.,0.));
#21211 = DIRECTION('',(0.,0.,1.));
#21212 = ADVANCED_FACE('',(#21213),#21219,.F.);
#21213 = FACE_BOUND('',#21214,.F.);
#21214 = EDGE_LOOP('',(#21215,#21216,#21217,#21218));
#21215 = ORIENTED_EDGE('',*,*,#21102,.F.);
#21216 = ORIENTED_EDGE('',*,*,#21172,.T.);
#21217 = ORIENTED_EDGE('',*,*,#21142,.T.);
#21218 = ORIENTED_EDGE('',*,*,#21194,.F.);
#21219 = PLANE('',#21220);
#21220 = AXIS2_PLACEMENT_3D('',#21221,#21222,#21223);
#21221 = CARTESIAN_POINT('',(2.,6.5,1.4));
#21222 = DIRECTION('',(0.,0.,1.));
#21223 = DIRECTION('',(1.,0.,0.));
#21224 = ADVANCED_FACE('',(#21225),#21231,.T.);
#21225 = FACE_BOUND('',#21226,.T.);
#21226 = EDGE_LOOP('',(#21227,#21228,#21229,#21230));
#21227 = ORIENTED_EDGE('',*,*,#21118,.F.);
#21228 = ORIENTED_EDGE('',*,*,#21179,.T.);
#21229 = ORIENTED_EDGE('',*,*,#21158,.T.);
#21230 = ORIENTED_EDGE('',*,*,#21201,.F.);
#21231 = PLANE('',#21232);
#21232 = AXIS2_PLACEMENT_3D('',#21233,#21234,#21235);
#21233 = CARTESIAN_POINT('',(2.,6.5,1.6));
#21234 = DIRECTION('',(0.,0.,1.));
#21235 = DIRECTION('',(1.,0.,0.));
#21236 = MANIFOLD_SOLID_BREP('',#21237);
#21237 = CLOSED_SHELL('',(#21238,#21271,#21280));
#21238 = ADVANCED_FACE('',(#21239),#21266,.T.);
#21239 = FACE_BOUND('',#21240,.F.);
#21240 = EDGE_LOOP('',(#21241,#21251,#21258,#21259));
#21241 = ORIENTED_EDGE('',*,*,#21242,.T.);
#21242 = EDGE_CURVE('',#21243,#21245,#21247,.T.);
#21243 = VERTEX_POINT('',#21244);
#21244 = CARTESIAN_POINT('',(5.6,33.43,13.6));
#21245 = VERTEX_POINT('',#21246);
#21246 = CARTESIAN_POINT('',(5.6,33.43,14.15));
#21247 = LINE('',#21248,#21249);
#21248 = CARTESIAN_POINT('',(5.6,33.43,13.6));
#21249 = VECTOR('',#21250,1.);
#21250 = DIRECTION('',(0.,0.,1.));
#21251 = ORIENTED_EDGE('',*,*,#21252,.T.);
#21252 = EDGE_CURVE('',#21245,#21245,#21253,.T.);
#21253 = CIRCLE('',#21254,1.1);
#21254 = AXIS2_PLACEMENT_3D('',#21255,#21256,#21257);
#21255 = CARTESIAN_POINT('',(4.5,33.43,14.15));
#21256 = DIRECTION('',(0.,0.,1.));
#21257 = DIRECTION('',(1.,0.,0.));
#21258 = ORIENTED_EDGE('',*,*,#21242,.F.);
#21259 = ORIENTED_EDGE('',*,*,#21260,.F.);
#21260 = EDGE_CURVE('',#21243,#21243,#21261,.T.);
#21261 = CIRCLE('',#21262,1.1);
#21262 = AXIS2_PLACEMENT_3D('',#21263,#21264,#21265);
#21263 = CARTESIAN_POINT('',(4.5,33.43,13.6));
#21264 = DIRECTION('',(0.,0.,1.));
#21265 = DIRECTION('',(1.,0.,0.));
#21266 = CYLINDRICAL_SURFACE('',#21267,1.1);
#21267 = AXIS2_PLACEMENT_3D('',#21268,#21269,#21270);
#21268 = CARTESIAN_POINT('',(4.5,33.43,13.6));
#21269 = DIRECTION('',(-0.,-0.,-1.));
#21270 = DIRECTION('',(1.,0.,0.));
#21271 = ADVANCED_FACE('',(#21272),#21275,.F.);
#21272 = FACE_BOUND('',#21273,.T.);
#21273 = EDGE_LOOP('',(#21274));
#21274 = ORIENTED_EDGE('',*,*,#21260,.F.);
#21275 = PLANE('',#21276);
#21276 = AXIS2_PLACEMENT_3D('',#21277,#21278,#21279);
#21277 = CARTESIAN_POINT('',(4.5,33.43,13.6));
#21278 = DIRECTION('',(0.,0.,1.));
#21279 = DIRECTION('',(1.,0.,0.));
#21280 = ADVANCED_FACE('',(#21281),#21284,.T.);
#21281 = FACE_BOUND('',#21282,.F.);
#21282 = EDGE_LOOP('',(#21283));
#21283 = ORIENTED_EDGE('',*,*,#21252,.F.);
#21284 = PLANE('',#21285);
#21285 = AXIS2_PLACEMENT_3D('',#21286,#21287,#21288);
#21286 = CARTESIAN_POINT('',(4.5,33.43,14.15));
#21287 = DIRECTION('',(0.,0.,1.));
#21288 = DIRECTION('',(1.,0.,0.));
#21289 = MANIFOLD_SOLID_BREP('',#21290);
#21290 = CLOSED_SHELL('',(#21291,#21324,#21333));
#21291 = ADVANCED_FACE('',(#21292),#21319,.T.);
#21292 = FACE_BOUND('',#21293,.F.);
#21293 = EDGE_LOOP('',(#21294,#21304,#21311,#21312));
#21294 = ORIENTED_EDGE('',*,*,#21295,.T.);
#21295 = EDGE_CURVE('',#21296,#21298,#21300,.T.);
#21296 = VERTEX_POINT('',#21297);
#21297 = CARTESIAN_POINT('',(5.6,35.97,13.6));
#21298 = VERTEX_POINT('',#21299);
#21299 = CARTESIAN_POINT('',(5.6,35.97,14.15));
#21300 = LINE('',#21301,#21302);
#21301 = CARTESIAN_POINT('',(5.6,35.97,13.6));
#21302 = VECTOR('',#21303,1.);
#21303 = DIRECTION('',(0.,0.,1.));
#21304 = ORIENTED_EDGE('',*,*,#21305,.T.);
#21305 = EDGE_CURVE('',#21298,#21298,#21306,.T.);
#21306 = CIRCLE('',#21307,1.1);
#21307 = AXIS2_PLACEMENT_3D('',#21308,#21309,#21310);
#21308 = CARTESIAN_POINT('',(4.5,35.97,14.15));
#21309 = DIRECTION('',(0.,0.,1.));
#21310 = DIRECTION('',(1.,0.,0.));
#21311 = ORIENTED_EDGE('',*,*,#21295,.F.);
#21312 = ORIENTED_EDGE('',*,*,#21313,.F.);
#21313 = EDGE_CURVE('',#21296,#21296,#21314,.T.);
#21314 = CIRCLE('',#21315,1.1);
#21315 = AXIS2_PLACEMENT_3D('',#21316,#21317,#21318);
#21316 = CARTESIAN_POINT('',(4.5,35.97,13.6));
#21317 = DIRECTION('',(0.,0.,1.));
#21318 = DIRECTION('',(1.,0.,0.));
#21319 = CYLINDRICAL_SURFACE('',#21320,1.1);
#21320 = AXIS2_PLACEMENT_3D('',#21321,#21322,#21323);
#21321 = CARTESIAN_POINT('',(4.5,35.97,13.6));
#21322 = DIRECTION('',(-0.,-0.,-1.));
#21323 = DIRECTION('',(1.,0.,0.));
#21324 = ADVANCED_FACE('',(#21325),#21328,.F.);
#21325 = FACE_BOUND('',#21326,.T.);
#21326 = EDGE_LOOP('',(#21327));
#21327 = ORIENTED_EDGE('',*,*,#21313,.F.);
#21328 = PLANE('',#21329);
#21329 = AXIS2_PLACEMENT_3D('',#21330,#21331,#21332);
#21330 = CARTESIAN_POINT('',(4.5,35.97,13.6));
#21331 = DIRECTION('',(0.,0.,1.));
#21332 = DIRECTION('',(1.,0.,0.));
#21333 = ADVANCED_FACE('',(#21334),#21337,.T.);
#21334 = FACE_BOUND('',#21335,.F.);
#21335 = EDGE_LOOP('',(#21336));
#21336 = ORIENTED_EDGE('',*,*,#21305,.F.);
#21337 = PLANE('',#21338);
#21338 = AXIS2_PLACEMENT_3D('',#21339,#21340,#21341);
#21339 = CARTESIAN_POINT('',(4.5,35.97,14.15));
#21340 = DIRECTION('',(0.,0.,1.));
#21341 = DIRECTION('',(1.,0.,0.));
#21342 = MANIFOLD_SOLID_BREP('',#21343);
#21343 = CLOSED_SHELL('',(#21344,#21377,#21403,#21428,#21454,#21479,
    #21505,#21530,#21556,#21581,#21590));
#21344 = ADVANCED_FACE('',(#21345),#21372,.T.);
#21345 = FACE_BOUND('',#21346,.T.);
#21346 = EDGE_LOOP('',(#21347,#21357,#21364,#21365));
#21347 = ORIENTED_EDGE('',*,*,#21348,.T.);
#21348 = EDGE_CURVE('',#21349,#21351,#21353,.T.);
#21349 = VERTEX_POINT('',#21350);
#21350 = CARTESIAN_POINT('',(5.1,33.43,13.65));
#21351 = VERTEX_POINT('',#21352);
#21352 = CARTESIAN_POINT('',(5.1,33.43,14.4));
#21353 = LINE('',#21354,#21355);
#21354 = CARTESIAN_POINT('',(5.1,33.43,13.65));
#21355 = VECTOR('',#21356,1.);
#21356 = DIRECTION('',(0.,0.,1.));
#21357 = ORIENTED_EDGE('',*,*,#21358,.F.);
#21358 = EDGE_CURVE('',#21351,#21351,#21359,.T.);
#21359 = CIRCLE('',#21360,0.6);
#21360 = AXIS2_PLACEMENT_3D('',#21361,#21362,#21363);
#21361 = CARTESIAN_POINT('',(4.5,33.43,14.4));
#21362 = DIRECTION('',(0.,0.,1.));
#21363 = DIRECTION('',(1.,0.,0.));
#21364 = ORIENTED_EDGE('',*,*,#21348,.F.);
#21365 = ORIENTED_EDGE('',*,*,#21366,.T.);
#21366 = EDGE_CURVE('',#21349,#21349,#21367,.T.);
#21367 = CIRCLE('',#21368,0.6);
#21368 = AXIS2_PLACEMENT_3D('',#21369,#21370,#21371);
#21369 = CARTESIAN_POINT('',(4.5,33.43,13.65));
#21370 = DIRECTION('',(0.,0.,1.));
#21371 = DIRECTION('',(1.,0.,0.));
#21372 = CYLINDRICAL_SURFACE('',#21373,0.6);
#21373 = AXIS2_PLACEMENT_3D('',#21374,#21375,#21376);
#21374 = CARTESIAN_POINT('',(4.5,33.43,13.65));
#21375 = DIRECTION('',(0.,0.,1.));
#21376 = DIRECTION('',(1.,0.,0.));
#21377 = ADVANCED_FACE('',(#21378),#21398,.T.);
#21378 = FACE_BOUND('',#21379,.T.);
#21379 = EDGE_LOOP('',(#21380,#21389,#21396,#21397));
#21380 = ORIENTED_EDGE('',*,*,#21381,.T.);
#21381 = EDGE_CURVE('',#21351,#21382,#21384,.T.);
#21382 = VERTEX_POINT('',#21383);
#21383 = CARTESIAN_POINT('',(2.5,33.43,17.));
#21384 = CIRCLE('',#21385,2.6);
#21385 = AXIS2_PLACEMENT_3D('',#21386,#21387,#21388);
#21386 = CARTESIAN_POINT('',(2.5,33.43,14.4));
#21387 = DIRECTION('',(0.,-1.,0.));
#21388 = DIRECTION('',(1.,0.,0.));
#21389 = ORIENTED_EDGE('',*,*,#21390,.T.);
#21390 = EDGE_CURVE('',#21382,#21382,#21391,.T.);
#21391 = CIRCLE('',#21392,0.6);
#21392 = AXIS2_PLACEMENT_3D('',#21393,#21394,#21395);
#21393 = CARTESIAN_POINT('',(2.5,33.43,16.4));
#21394 = DIRECTION('',(1.,0.,8.269460797428E-16));
#21395 = DIRECTION('',(-8.269460797428E-16,0.,1.));
#21396 = ORIENTED_EDGE('',*,*,#21381,.F.);
#21397 = ORIENTED_EDGE('',*,*,#21358,.T.);
#21398 = TOROIDAL_SURFACE('',#21399,2.,0.6);
#21399 = AXIS2_PLACEMENT_3D('',#21400,#21401,#21402);
#21400 = CARTESIAN_POINT('',(2.5,33.43,14.4));
#21401 = DIRECTION('',(0.,-1.,0.));
#21402 = DIRECTION('',(1.,0.,0.));
#21403 = ADVANCED_FACE('',(#21404),#21423,.T.);
#21404 = FACE_BOUND('',#21405,.T.);
#21405 = EDGE_LOOP('',(#21406,#21414,#21421,#21422));
#21406 = ORIENTED_EDGE('',*,*,#21407,.T.);
#21407 = EDGE_CURVE('',#21382,#21408,#21410,.T.);
#21408 = VERTEX_POINT('',#21409);
#21409 = CARTESIAN_POINT('',(0.5,33.43,17.));
#21410 = LINE('',#21411,#21412);
#21411 = CARTESIAN_POINT('',(2.5,33.43,17.));
#21412 = VECTOR('',#21413,1.);
#21413 = DIRECTION('',(-1.,0.,0.));
#21414 = ORIENTED_EDGE('',*,*,#21415,.F.);
#21415 = EDGE_CURVE('',#21408,#21408,#21416,.T.);
#21416 = CIRCLE('',#21417,0.6);
#21417 = AXIS2_PLACEMENT_3D('',#21418,#21419,#21420);
#21418 = CARTESIAN_POINT('',(0.5,33.43,16.4));
#21419 = DIRECTION('',(-1.,0.,0.));
#21420 = DIRECTION('',(0.,0.,1.));
#21421 = ORIENTED_EDGE('',*,*,#21407,.F.);
#21422 = ORIENTED_EDGE('',*,*,#21390,.F.);
#21423 = CYLINDRICAL_SURFACE('',#21424,0.6);
#21424 = AXIS2_PLACEMENT_3D('',#21425,#21426,#21427);
#21425 = CARTESIAN_POINT('',(2.5,33.43,16.4));
#21426 = DIRECTION('',(-1.,0.,0.));
#21427 = DIRECTION('',(0.,0.,1.));
#21428 = ADVANCED_FACE('',(#21429),#21449,.T.);
#21429 = FACE_BOUND('',#21430,.T.);
#21430 = EDGE_LOOP('',(#21431,#21440,#21447,#21448));
#21431 = ORIENTED_EDGE('',*,*,#21432,.T.);
#21432 = EDGE_CURVE('',#21408,#21433,#21435,.T.);
#21433 = VERTEX_POINT('',#21434);
#21434 = CARTESIAN_POINT('',(-1.5,31.43,17.));
#21435 = CIRCLE('',#21436,2.);
#21436 = AXIS2_PLACEMENT_3D('',#21437,#21438,#21439);
#21437 = CARTESIAN_POINT('',(0.5,31.43,17.));
#21438 = DIRECTION('',(0.,0.,1.));
#21439 = DIRECTION('',(-2.442490654175E-15,1.,0.));
#21440 = ORIENTED_EDGE('',*,*,#21441,.T.);
#21441 = EDGE_CURVE('',#21433,#21433,#21442,.T.);
#21442 = CIRCLE('',#21443,0.6);
#21443 = AXIS2_PLACEMENT_3D('',#21444,#21445,#21446);
#21444 = CARTESIAN_POINT('',(-1.5,31.43,16.4));
#21445 = DIRECTION('',(1.837589179358E-15,1.,-0.));
#21446 = DIRECTION('',(-1.,1.837589179358E-15,0.));
#21447 = ORIENTED_EDGE('',*,*,#21432,.F.);
#21448 = ORIENTED_EDGE('',*,*,#21415,.T.);
#21449 = TOROIDAL_SURFACE('',#21450,2.,0.6);
#21450 = AXIS2_PLACEMENT_3D('',#21451,#21452,#21453);
#21451 = CARTESIAN_POINT('',(0.5,31.43,16.4));
#21452 = DIRECTION('',(0.,0.,1.));
#21453 = DIRECTION('',(-2.442490654175E-15,1.,0.));
#21454 = ADVANCED_FACE('',(#21455),#21474,.T.);
#21455 = FACE_BOUND('',#21456,.T.);
#21456 = EDGE_LOOP('',(#21457,#21465,#21472,#21473));
#21457 = ORIENTED_EDGE('',*,*,#21458,.T.);
#21458 = EDGE_CURVE('',#21433,#21459,#21461,.T.);
#21459 = VERTEX_POINT('',#21460);
#21460 = CARTESIAN_POINT('',(-1.5,24.,17.));
#21461 = LINE('',#21462,#21463);
#21462 = CARTESIAN_POINT('',(-1.5,31.43,17.));
#21463 = VECTOR('',#21464,1.);
#21464 = DIRECTION('',(0.,-1.,0.));
#21465 = ORIENTED_EDGE('',*,*,#21466,.F.);
#21466 = EDGE_CURVE('',#21459,#21459,#21467,.T.);
#21467 = CIRCLE('',#21468,0.6);
#21468 = AXIS2_PLACEMENT_3D('',#21469,#21470,#21471);
#21469 = CARTESIAN_POINT('',(-1.5,24.,16.4));
#21470 = DIRECTION('',(0.,-1.,0.));
#21471 = DIRECTION('',(-3.539395239326E-30,0.,1.));
#21472 = ORIENTED_EDGE('',*,*,#21458,.F.);
#21473 = ORIENTED_EDGE('',*,*,#21441,.F.);
#21474 = CYLINDRICAL_SURFACE('',#21475,0.6);
#21475 = AXIS2_PLACEMENT_3D('',#21476,#21477,#21478);
#21476 = CARTESIAN_POINT('',(-1.5,31.43,16.4));
#21477 = DIRECTION('',(0.,-1.,0.));
#21478 = DIRECTION('',(-3.539395239326E-30,0.,1.));
#21479 = ADVANCED_FACE('',(#21480),#21500,.T.);
#21480 = FACE_BOUND('',#21481,.T.);
#21481 = EDGE_LOOP('',(#21482,#21491,#21498,#21499));
#21482 = ORIENTED_EDGE('',*,*,#21483,.T.);
#21483 = EDGE_CURVE('',#21459,#21484,#21486,.T.);
#21484 = VERTEX_POINT('',#21485);
#21485 = CARTESIAN_POINT('',(-1.5,21.4,14.4));
#21486 = CIRCLE('',#21487,2.6);
#21487 = AXIS2_PLACEMENT_3D('',#21488,#21489,#21490);
#21488 = CARTESIAN_POINT('',(-1.5,24.,14.4));
#21489 = DIRECTION('',(1.,0.,-0.));
#21490 = DIRECTION('',(0.,1.7763568394E-15,1.));
#21491 = ORIENTED_EDGE('',*,*,#21492,.T.);
#21492 = EDGE_CURVE('',#21484,#21484,#21493,.T.);
#21493 = CIRCLE('',#21494,0.6);
#21494 = AXIS2_PLACEMENT_3D('',#21495,#21496,#21497);
#21495 = CARTESIAN_POINT('',(-1.5,22.,14.4));
#21496 = DIRECTION('',(0.,-1.715124499443E-15,1.));
#21497 = DIRECTION('',(0.,-1.,-1.715124499443E-15));
#21498 = ORIENTED_EDGE('',*,*,#21483,.F.);
#21499 = ORIENTED_EDGE('',*,*,#21466,.T.);
#21500 = TOROIDAL_SURFACE('',#21501,2.,0.6);
#21501 = AXIS2_PLACEMENT_3D('',#21502,#21503,#21504);
#21502 = CARTESIAN_POINT('',(-1.5,24.,14.4));
#21503 = DIRECTION('',(1.,0.,0.));
#21504 = DIRECTION('',(0.,1.7763568394E-15,1.));
#21505 = ADVANCED_FACE('',(#21506),#21525,.T.);
#21506 = FACE_BOUND('',#21507,.T.);
#21507 = EDGE_LOOP('',(#21508,#21516,#21523,#21524));
#21508 = ORIENTED_EDGE('',*,*,#21509,.T.);
#21509 = EDGE_CURVE('',#21484,#21510,#21512,.T.);
#21510 = VERTEX_POINT('',#21511);
#21511 = CARTESIAN_POINT('',(-1.5,21.4,5.2));
#21512 = LINE('',#21513,#21514);
#21513 = CARTESIAN_POINT('',(-1.5,21.4,14.4));
#21514 = VECTOR('',#21515,1.);
#21515 = DIRECTION('',(0.,0.,-1.));
#21516 = ORIENTED_EDGE('',*,*,#21517,.F.);
#21517 = EDGE_CURVE('',#21510,#21510,#21518,.T.);
#21518 = CIRCLE('',#21519,0.6);
#21519 = AXIS2_PLACEMENT_3D('',#21520,#21521,#21522);
#21520 = CARTESIAN_POINT('',(-1.5,22.,5.2));
#21521 = DIRECTION('',(0.,0.,-1.));
#21522 = DIRECTION('',(-3.539395239326E-30,-1.,-0.));
#21523 = ORIENTED_EDGE('',*,*,#21509,.F.);
#21524 = ORIENTED_EDGE('',*,*,#21492,.F.);
#21525 = CYLINDRICAL_SURFACE('',#21526,0.6);
#21526 = AXIS2_PLACEMENT_3D('',#21527,#21528,#21529);
#21527 = CARTESIAN_POINT('',(-1.5,22.,14.4));
#21528 = DIRECTION('',(0.,0.,-1.));
#21529 = DIRECTION('',(-3.539395239326E-30,-1.,-0.));
#21530 = ADVANCED_FACE('',(#21531),#21551,.T.);
#21531 = FACE_BOUND('',#21532,.T.);
#21532 = EDGE_LOOP('',(#21533,#21542,#21549,#21550));
#21533 = ORIENTED_EDGE('',*,*,#21534,.T.);
#21534 = EDGE_CURVE('',#21510,#21535,#21537,.T.);
#21535 = VERTEX_POINT('',#21536);
#21536 = CARTESIAN_POINT('',(0.5,21.4,3.2));
#21537 = CIRCLE('',#21538,2.);
#21538 = AXIS2_PLACEMENT_3D('',#21539,#21540,#21541);
#21539 = CARTESIAN_POINT('',(0.5,21.4,5.2));
#21540 = DIRECTION('',(0.,-1.,-0.));
#21541 = DIRECTION('',(-1.,0.,-4.440892098501E-16));
#21542 = ORIENTED_EDGE('',*,*,#21543,.T.);
#21543 = EDGE_CURVE('',#21535,#21535,#21544,.T.);
#21544 = CIRCLE('',#21545,0.6);
#21545 = AXIS2_PLACEMENT_3D('',#21546,#21547,#21548);
#21546 = CARTESIAN_POINT('',(0.5,22.,3.2));
#21547 = DIRECTION('',(-1.,0.,5.053215498074E-16));
#21548 = DIRECTION('',(-5.053215498074E-16,0.,-1.));
#21549 = ORIENTED_EDGE('',*,*,#21534,.F.);
#21550 = ORIENTED_EDGE('',*,*,#21517,.T.);
#21551 = TOROIDAL_SURFACE('',#21552,2.,0.6);
#21552 = AXIS2_PLACEMENT_3D('',#21553,#21554,#21555);
#21553 = CARTESIAN_POINT('',(0.5,22.,5.2));
#21554 = DIRECTION('',(0.,-1.,0.));
#21555 = DIRECTION('',(-1.,0.,-4.440892098501E-16));
#21556 = ADVANCED_FACE('',(#21557),#21576,.T.);
#21557 = FACE_BOUND('',#21558,.T.);
#21558 = EDGE_LOOP('',(#21559,#21567,#21574,#21575));
#21559 = ORIENTED_EDGE('',*,*,#21560,.T.);
#21560 = EDGE_CURVE('',#21535,#21561,#21563,.T.);
#21561 = VERTEX_POINT('',#21562);
#21562 = CARTESIAN_POINT('',(1.95,21.4,3.2));
#21563 = LINE('',#21564,#21565);
#21564 = CARTESIAN_POINT('',(0.5,21.4,3.2));
#21565 = VECTOR('',#21566,1.);
#21566 = DIRECTION('',(1.,0.,0.));
#21567 = ORIENTED_EDGE('',*,*,#21568,.F.);
#21568 = EDGE_CURVE('',#21561,#21561,#21569,.T.);
#21569 = CIRCLE('',#21570,0.6);
#21570 = AXIS2_PLACEMENT_3D('',#21571,#21572,#21573);
#21571 = CARTESIAN_POINT('',(1.95,22.,3.2));
#21572 = DIRECTION('',(1.,0.,0.));
#21573 = DIRECTION('',(0.,-1.,-7.639356695331E-30));
#21574 = ORIENTED_EDGE('',*,*,#21560,.F.);
#21575 = ORIENTED_EDGE('',*,*,#21543,.F.);
#21576 = CYLINDRICAL_SURFACE('',#21577,0.6);
#21577 = AXIS2_PLACEMENT_3D('',#21578,#21579,#21580);
#21578 = CARTESIAN_POINT('',(0.5,22.,3.2));
#21579 = DIRECTION('',(1.,0.,0.));
#21580 = DIRECTION('',(0.,-1.,-7.639356695331E-30));
#21581 = ADVANCED_FACE('',(#21582),#21585,.F.);
#21582 = FACE_BOUND('',#21583,.F.);
#21583 = EDGE_LOOP('',(#21584));
#21584 = ORIENTED_EDGE('',*,*,#21366,.T.);
#21585 = PLANE('',#21586);
#21586 = AXIS2_PLACEMENT_3D('',#21587,#21588,#21589);
#21587 = CARTESIAN_POINT('',(4.5,33.43,13.65));
#21588 = DIRECTION('',(0.,0.,1.));
#21589 = DIRECTION('',(1.,0.,0.));
#21590 = ADVANCED_FACE('',(#21591),#21594,.T.);
#21591 = FACE_BOUND('',#21592,.T.);
#21592 = EDGE_LOOP('',(#21593));
#21593 = ORIENTED_EDGE('',*,*,#21568,.T.);
#21594 = PLANE('',#21595);
#21595 = AXIS2_PLACEMENT_3D('',#21596,#21597,#21598);
#21596 = CARTESIAN_POINT('',(1.95,22.,3.2));
#21597 = DIRECTION('',(1.,0.,0.));
#21598 = DIRECTION('',(0.,0.,1.));
#21599 = MANIFOLD_SOLID_BREP('',#21600);
#21600 = CLOSED_SHELL('',(#21601,#21634,#21660,#21685,#21711,#21736,
    #21762,#21787,#21813,#21838,#21847));
#21601 = ADVANCED_FACE('',(#21602),#21629,.T.);
#21602 = FACE_BOUND('',#21603,.T.);
#21603 = EDGE_LOOP('',(#21604,#21614,#21621,#21622));
#21604 = ORIENTED_EDGE('',*,*,#21605,.T.);
#21605 = EDGE_CURVE('',#21606,#21608,#21610,.T.);
#21606 = VERTEX_POINT('',#21607);
#21607 = CARTESIAN_POINT('',(5.1,35.97,13.65));
#21608 = VERTEX_POINT('',#21609);
#21609 = CARTESIAN_POINT('',(5.1,35.97,14.4));
#21610 = LINE('',#21611,#21612);
#21611 = CARTESIAN_POINT('',(5.1,35.97,13.65));
#21612 = VECTOR('',#21613,1.);
#21613 = DIRECTION('',(0.,0.,1.));
#21614 = ORIENTED_EDGE('',*,*,#21615,.F.);
#21615 = EDGE_CURVE('',#21608,#21608,#21616,.T.);
#21616 = CIRCLE('',#21617,0.6);
#21617 = AXIS2_PLACEMENT_3D('',#21618,#21619,#21620);
#21618 = CARTESIAN_POINT('',(4.5,35.97,14.4));
#21619 = DIRECTION('',(0.,0.,1.));
#21620 = DIRECTION('',(1.,0.,0.));
#21621 = ORIENTED_EDGE('',*,*,#21605,.F.);
#21622 = ORIENTED_EDGE('',*,*,#21623,.T.);
#21623 = EDGE_CURVE('',#21606,#21606,#21624,.T.);
#21624 = CIRCLE('',#21625,0.6);
#21625 = AXIS2_PLACEMENT_3D('',#21626,#21627,#21628);
#21626 = CARTESIAN_POINT('',(4.5,35.97,13.65));
#21627 = DIRECTION('',(0.,0.,1.));
#21628 = DIRECTION('',(1.,0.,0.));
#21629 = CYLINDRICAL_SURFACE('',#21630,0.6);
#21630 = AXIS2_PLACEMENT_3D('',#21631,#21632,#21633);
#21631 = CARTESIAN_POINT('',(4.5,35.97,13.65));
#21632 = DIRECTION('',(0.,0.,1.));
#21633 = DIRECTION('',(1.,0.,0.));
#21634 = ADVANCED_FACE('',(#21635),#21655,.T.);
#21635 = FACE_BOUND('',#21636,.T.);
#21636 = EDGE_LOOP('',(#21637,#21646,#21653,#21654));
#21637 = ORIENTED_EDGE('',*,*,#21638,.T.);
#21638 = EDGE_CURVE('',#21608,#21639,#21641,.T.);
#21639 = VERTEX_POINT('',#21640);
#21640 = CARTESIAN_POINT('',(2.5,35.97,17.));
#21641 = CIRCLE('',#21642,2.6);
#21642 = AXIS2_PLACEMENT_3D('',#21643,#21644,#21645);
#21643 = CARTESIAN_POINT('',(2.5,35.97,14.4));
#21644 = DIRECTION('',(0.,-1.,0.));
#21645 = DIRECTION('',(1.,0.,0.));
#21646 = ORIENTED_EDGE('',*,*,#21647,.T.);
#21647 = EDGE_CURVE('',#21639,#21639,#21648,.T.);
#21648 = CIRCLE('',#21649,0.6);
#21649 = AXIS2_PLACEMENT_3D('',#21650,#21651,#21652);
#21650 = CARTESIAN_POINT('',(2.5,35.97,16.4));
#21651 = DIRECTION('',(1.,0.,8.269460797428E-16));
#21652 = DIRECTION('',(-8.269460797428E-16,0.,1.));
#21653 = ORIENTED_EDGE('',*,*,#21638,.F.);
#21654 = ORIENTED_EDGE('',*,*,#21615,.T.);
#21655 = TOROIDAL_SURFACE('',#21656,2.,0.6);
#21656 = AXIS2_PLACEMENT_3D('',#21657,#21658,#21659);
#21657 = CARTESIAN_POINT('',(2.5,35.97,14.4));
#21658 = DIRECTION('',(0.,-1.,0.));
#21659 = DIRECTION('',(1.,0.,0.));
#21660 = ADVANCED_FACE('',(#21661),#21680,.T.);
#21661 = FACE_BOUND('',#21662,.T.);
#21662 = EDGE_LOOP('',(#21663,#21671,#21678,#21679));
#21663 = ORIENTED_EDGE('',*,*,#21664,.T.);
#21664 = EDGE_CURVE('',#21639,#21665,#21667,.T.);
#21665 = VERTEX_POINT('',#21666);
#21666 = CARTESIAN_POINT('',(-1.,35.97,17.));
#21667 = LINE('',#21668,#21669);
#21668 = CARTESIAN_POINT('',(2.5,35.97,17.));
#21669 = VECTOR('',#21670,1.);
#21670 = DIRECTION('',(-1.,0.,0.));
#21671 = ORIENTED_EDGE('',*,*,#21672,.F.);
#21672 = EDGE_CURVE('',#21665,#21665,#21673,.T.);
#21673 = CIRCLE('',#21674,0.6);
#21674 = AXIS2_PLACEMENT_3D('',#21675,#21676,#21677);
#21675 = CARTESIAN_POINT('',(-1.,35.97,16.4));
#21676 = DIRECTION('',(-1.,0.,0.));
#21677 = DIRECTION('',(0.,0.,1.));
#21678 = ORIENTED_EDGE('',*,*,#21664,.F.);
#21679 = ORIENTED_EDGE('',*,*,#21647,.F.);
#21680 = CYLINDRICAL_SURFACE('',#21681,0.6);
#21681 = AXIS2_PLACEMENT_3D('',#21682,#21683,#21684);
#21682 = CARTESIAN_POINT('',(2.5,35.97,16.4));
#21683 = DIRECTION('',(-1.,0.,0.));
#21684 = DIRECTION('',(0.,0.,1.));
#21685 = ADVANCED_FACE('',(#21686),#21706,.T.);
#21686 = FACE_BOUND('',#21687,.T.);
#21687 = EDGE_LOOP('',(#21688,#21697,#21704,#21705));
#21688 = ORIENTED_EDGE('',*,*,#21689,.T.);
#21689 = EDGE_CURVE('',#21665,#21690,#21692,.T.);
#21690 = VERTEX_POINT('',#21691);
#21691 = CARTESIAN_POINT('',(-3.,33.97,17.));
#21692 = CIRCLE('',#21693,2.);
#21693 = AXIS2_PLACEMENT_3D('',#21694,#21695,#21696);
#21694 = CARTESIAN_POINT('',(-1.,33.97,17.));
#21695 = DIRECTION('',(0.,0.,1.));
#21696 = DIRECTION('',(-2.442490654175E-15,1.,0.));
#21697 = ORIENTED_EDGE('',*,*,#21698,.T.);
#21698 = EDGE_CURVE('',#21690,#21690,#21699,.T.);
#21699 = CIRCLE('',#21700,0.6);
#21700 = AXIS2_PLACEMENT_3D('',#21701,#21702,#21703);
#21701 = CARTESIAN_POINT('',(-3.,33.97,16.4));
#21702 = DIRECTION('',(3.613946018758E-15,1.,-0.));
#21703 = DIRECTION('',(-1.,3.613946018758E-15,0.));
#21704 = ORIENTED_EDGE('',*,*,#21689,.F.);
#21705 = ORIENTED_EDGE('',*,*,#21672,.T.);
#21706 = TOROIDAL_SURFACE('',#21707,2.,0.6);
#21707 = AXIS2_PLACEMENT_3D('',#21708,#21709,#21710);
#21708 = CARTESIAN_POINT('',(-1.,33.97,16.4));
#21709 = DIRECTION('',(0.,0.,1.));
#21710 = DIRECTION('',(-2.442490654175E-15,1.,0.));
#21711 = ADVANCED_FACE('',(#21712),#21731,.T.);
#21712 = FACE_BOUND('',#21713,.T.);
#21713 = EDGE_LOOP('',(#21714,#21722,#21729,#21730));
#21714 = ORIENTED_EDGE('',*,*,#21715,.T.);
#21715 = EDGE_CURVE('',#21690,#21716,#21718,.T.);
#21716 = VERTEX_POINT('',#21717);
#21717 = CARTESIAN_POINT('',(-3.,27.,17.));
#21718 = LINE('',#21719,#21720);
#21719 = CARTESIAN_POINT('',(-3.,33.97,17.));
#21720 = VECTOR('',#21721,1.);
#21721 = DIRECTION('',(0.,-1.,0.));
#21722 = ORIENTED_EDGE('',*,*,#21723,.F.);
#21723 = EDGE_CURVE('',#21716,#21716,#21724,.T.);
#21724 = CIRCLE('',#21725,0.6);
#21725 = AXIS2_PLACEMENT_3D('',#21726,#21727,#21728);
#21726 = CARTESIAN_POINT('',(-3.,27.,16.4));
#21727 = DIRECTION('',(0.,-1.,0.));
#21728 = DIRECTION('',(-5.008346563892E-30,0.,1.));
#21729 = ORIENTED_EDGE('',*,*,#21715,.F.);
#21730 = ORIENTED_EDGE('',*,*,#21698,.F.);
#21731 = CYLINDRICAL_SURFACE('',#21732,0.6);
#21732 = AXIS2_PLACEMENT_3D('',#21733,#21734,#21735);
#21733 = CARTESIAN_POINT('',(-3.,33.97,16.4));
#21734 = DIRECTION('',(0.,-1.,0.));
#21735 = DIRECTION('',(-5.008346563892E-30,0.,1.));
#21736 = ADVANCED_FACE('',(#21737),#21757,.T.);
#21737 = FACE_BOUND('',#21738,.T.);
#21738 = EDGE_LOOP('',(#21739,#21748,#21755,#21756));
#21739 = ORIENTED_EDGE('',*,*,#21740,.T.);
#21740 = EDGE_CURVE('',#21716,#21741,#21743,.T.);
#21741 = VERTEX_POINT('',#21742);
#21742 = CARTESIAN_POINT('',(-3.,24.4,14.4));
#21743 = CIRCLE('',#21744,2.6);
#21744 = AXIS2_PLACEMENT_3D('',#21745,#21746,#21747);
#21745 = CARTESIAN_POINT('',(-3.,27.,14.4));
#21746 = DIRECTION('',(1.,0.,-0.));
#21747 = DIRECTION('',(0.,1.7763568394E-15,1.));
#21748 = ORIENTED_EDGE('',*,*,#21749,.T.);
#21749 = EDGE_CURVE('',#21741,#21741,#21750,.T.);
#21750 = CIRCLE('',#21751,0.6);
#21751 = AXIS2_PLACEMENT_3D('',#21752,#21753,#21754);
#21752 = CARTESIAN_POINT('',(-3.,25.,14.4));
#21753 = DIRECTION('',(0.,-1.715124499443E-15,1.));
#21754 = DIRECTION('',(0.,-1.,-1.715124499443E-15));
#21755 = ORIENTED_EDGE('',*,*,#21740,.F.);
#21756 = ORIENTED_EDGE('',*,*,#21723,.T.);
#21757 = TOROIDAL_SURFACE('',#21758,2.,0.6);
#21758 = AXIS2_PLACEMENT_3D('',#21759,#21760,#21761);
#21759 = CARTESIAN_POINT('',(-3.,27.,14.4));
#21760 = DIRECTION('',(1.,0.,0.));
#21761 = DIRECTION('',(0.,1.7763568394E-15,1.));
#21762 = ADVANCED_FACE('',(#21763),#21782,.T.);
#21763 = FACE_BOUND('',#21764,.T.);
#21764 = EDGE_LOOP('',(#21765,#21773,#21780,#21781));
#21765 = ORIENTED_EDGE('',*,*,#21766,.T.);
#21766 = EDGE_CURVE('',#21741,#21767,#21769,.T.);
#21767 = VERTEX_POINT('',#21768);
#21768 = CARTESIAN_POINT('',(-3.,24.4,5.2));
#21769 = LINE('',#21770,#21771);
#21770 = CARTESIAN_POINT('',(-3.,24.4,14.4));
#21771 = VECTOR('',#21772,1.);
#21772 = DIRECTION('',(0.,0.,-1.));
#21773 = ORIENTED_EDGE('',*,*,#21774,.F.);
#21774 = EDGE_CURVE('',#21767,#21767,#21775,.T.);
#21775 = CIRCLE('',#21776,0.6);
#21776 = AXIS2_PLACEMENT_3D('',#21777,#21778,#21779);
#21777 = CARTESIAN_POINT('',(-3.,25.,5.2));
#21778 = DIRECTION('',(0.,0.,-1.));
#21779 = DIRECTION('',(-5.008346563892E-30,-1.,-0.));
#21780 = ORIENTED_EDGE('',*,*,#21766,.F.);
#21781 = ORIENTED_EDGE('',*,*,#21749,.F.);
#21782 = CYLINDRICAL_SURFACE('',#21783,0.6);
#21783 = AXIS2_PLACEMENT_3D('',#21784,#21785,#21786);
#21784 = CARTESIAN_POINT('',(-3.,25.,14.4));
#21785 = DIRECTION('',(0.,0.,-1.));
#21786 = DIRECTION('',(-5.008346563892E-30,-1.,-0.));
#21787 = ADVANCED_FACE('',(#21788),#21808,.T.);
#21788 = FACE_BOUND('',#21789,.T.);
#21789 = EDGE_LOOP('',(#21790,#21799,#21806,#21807));
#21790 = ORIENTED_EDGE('',*,*,#21791,.T.);
#21791 = EDGE_CURVE('',#21767,#21792,#21794,.T.);
#21792 = VERTEX_POINT('',#21793);
#21793 = CARTESIAN_POINT('',(-1.,24.4,3.2));
#21794 = CIRCLE('',#21795,2.);
#21795 = AXIS2_PLACEMENT_3D('',#21796,#21797,#21798);
#21796 = CARTESIAN_POINT('',(-1.,24.4,5.2));
#21797 = DIRECTION('',(0.,-1.,-0.));
#21798 = DIRECTION('',(-1.,0.,-4.440892098501E-16));
#21799 = ORIENTED_EDGE('',*,*,#21800,.T.);
#21800 = EDGE_CURVE('',#21792,#21792,#21801,.T.);
#21801 = CIRCLE('',#21802,0.6);
#21802 = AXIS2_PLACEMENT_3D('',#21803,#21804,#21805);
#21803 = CARTESIAN_POINT('',(-1.,25.,3.2));
#21804 = DIRECTION('',(-1.,0.,5.053215498074E-16));
#21805 = DIRECTION('',(-5.053215498074E-16,0.,-1.));
#21806 = ORIENTED_EDGE('',*,*,#21791,.F.);
#21807 = ORIENTED_EDGE('',*,*,#21774,.T.);
#21808 = TOROIDAL_SURFACE('',#21809,2.,0.6);
#21809 = AXIS2_PLACEMENT_3D('',#21810,#21811,#21812);
#21810 = CARTESIAN_POINT('',(-1.,25.,5.2));
#21811 = DIRECTION('',(0.,-1.,0.));
#21812 = DIRECTION('',(-1.,0.,-4.440892098501E-16));
#21813 = ADVANCED_FACE('',(#21814),#21833,.T.);
#21814 = FACE_BOUND('',#21815,.T.);
#21815 = EDGE_LOOP('',(#21816,#21824,#21831,#21832));
#21816 = ORIENTED_EDGE('',*,*,#21817,.T.);
#21817 = EDGE_CURVE('',#21792,#21818,#21820,.T.);
#21818 = VERTEX_POINT('',#21819);
#21819 = CARTESIAN_POINT('',(1.95,24.4,3.2));
#21820 = LINE('',#21821,#21822);
#21821 = CARTESIAN_POINT('',(-1.,24.4,3.2));
#21822 = VECTOR('',#21823,1.);
#21823 = DIRECTION('',(1.,0.,0.));
#21824 = ORIENTED_EDGE('',*,*,#21825,.F.);
#21825 = EDGE_CURVE('',#21818,#21818,#21826,.T.);
#21826 = CIRCLE('',#21827,0.6);
#21827 = AXIS2_PLACEMENT_3D('',#21828,#21829,#21830);
#21828 = CARTESIAN_POINT('',(1.95,25.,3.2));
#21829 = DIRECTION('',(1.,0.,0.));
#21830 = DIRECTION('',(0.,-1.,-9.108308019898E-30));
#21831 = ORIENTED_EDGE('',*,*,#21817,.F.);
#21832 = ORIENTED_EDGE('',*,*,#21800,.F.);
#21833 = CYLINDRICAL_SURFACE('',#21834,0.6);
#21834 = AXIS2_PLACEMENT_3D('',#21835,#21836,#21837);
#21835 = CARTESIAN_POINT('',(-1.,25.,3.2));
#21836 = DIRECTION('',(1.,0.,0.));
#21837 = DIRECTION('',(0.,-1.,-9.108308019898E-30));
#21838 = ADVANCED_FACE('',(#21839),#21842,.F.);
#21839 = FACE_BOUND('',#21840,.F.);
#21840 = EDGE_LOOP('',(#21841));
#21841 = ORIENTED_EDGE('',*,*,#21623,.T.);
#21842 = PLANE('',#21843);
#21843 = AXIS2_PLACEMENT_3D('',#21844,#21845,#21846);
#21844 = CARTESIAN_POINT('',(4.5,35.97,13.65));
#21845 = DIRECTION('',(0.,0.,1.));
#21846 = DIRECTION('',(1.,0.,0.));
#21847 = ADVANCED_FACE('',(#21848),#21851,.T.);
#21848 = FACE_BOUND('',#21849,.T.);
#21849 = EDGE_LOOP('',(#21850));
#21850 = ORIENTED_EDGE('',*,*,#21825,.T.);
#21851 = PLANE('',#21852);
#21852 = AXIS2_PLACEMENT_3D('',#21853,#21854,#21855);
#21853 = CARTESIAN_POINT('',(1.95,25.,3.2));
#21854 = DIRECTION('',(1.,0.,0.));
#21855 = DIRECTION('',(0.,0.,1.));
#21856 = ( GEOMETRIC_REPRESENTATION_CONTEXT(3)
GLOBAL_UNCERTAINTY_ASSIGNED_CONTEXT((#21860))
GLOBAL_UNIT_ASSIGNED_CONTEXT((#21857,#21858,#21859))
REPRESENTATION_CONTEXT('Context #1',
  '3D Context with UNIT and UNCERTAINTY') );
#21857 = ( LENGTH_UNIT() NAMED_UNIT(*) SI_UNIT(.MILLI.,.METRE.) );
#21858 = ( NAMED_UNIT(*) PLANE_ANGLE_UNIT() SI_UNIT($,.RADIAN.) );
#21859 = ( NAMED_UNIT(*) SI_UNIT($,.STERADIAN.) SOLID_ANGLE_UNIT() );
#21860 = UNCERTAINTY_MEASURE_WITH_UNIT(LENGTH_MEASURE(1.E-05),#21857,
  'distance_accuracy_value','confusion accuracy');
#21861 = PRODUCT_RELATED_PRODUCT_CATEGORY('part',$,(#7));
ENDSEC;
END-ISO-10303-21;
