ISO-10303-21;
HEADER;
FILE_DESCRIPTION(('FreeCAD Model'),'2;1');
FILE_NAME('Open CASCADE Shape Model','2026-09-10T13:21:02',('FreeCAD'),(
    'FreeCAD'),'Open CASCADE STEP processor 7.8','FreeCAD','Unknown');
FILE_SCHEMA(('AUTOMOTIVE_DESIGN { 1 0 10303 214 1 1 1 1 }'));
ENDSEC;
DATA;
#1 = APPLICATION_PROTOCOL_DEFINITION('international standard',
  'automotive_design',2000,#2);
#2 = APPLICATION_CONTEXT(
  'core data for automotive mechanical design processes');
#3 = SHAPE_DEFINITION_REPRESENTATION(#4,#10);
#4 = PRODUCT_DEFINITION_SHAPE('','',#5);
#5 = PRODUCT_DEFINITION('design','',#6,#9);
#6 = PRODUCT_DEFINITION_FORMATION('','',#7);
#7 = PRODUCT('Open CASCADE STEP translator 7.8 1',
  'Open CASCADE STEP translator 7.8 1','',(#8));
#8 = PRODUCT_CONTEXT('',#2,'mechanical');
#9 = PRODUCT_DEFINITION_CONTEXT('part definition',#2,'design');
#10 = SHAPE_REPRESENTATION('',(#11,#15,#6039,#9696),#11396);
#11 = AXIS2_PLACEMENT_3D('',#12,#13,#14);
#12 = CARTESIAN_POINT('',(0.,0.,0.));
#13 = DIRECTION('',(0.,0.,1.));
#14 = DIRECTION('',(1.,0.,-0.));
#15 = MANIFOLD_SOLID_BREP('',#16);
#16 = CLOSED_SHELL('',(#17,#57,#104,#290,#330,#347,#364,#381,#416,#448,
    #540,#564,#589,#614,#638,#730,#748,#773,#798,#822,#847,#871,#896,
    #952,#976,#1066,#1083,#1117,#1148,#1172,#1196,#1213,#1244,#1268,
    #1292,#1309,#1340,#1364,#1388,#1405,#1436,#1460,#1484,#1501,#1625,
    #1637,#1688,#1700,#1731,#1755,#1779,#1796,#1808,#1820,#1832,#1844,
    #1876,#1955,#1979,#2019,#2044,#2084,#2108,#2125,#2150,#2174,#2192,
    #2229,#2253,#2277,#2294,#2380,#2651,#2676,#2835,#2852,#2876,#2909,
    #2951,#2963,#2985,#3002,#3019,#3036,#3053,#3093,#3110,#3122,#3162,
    #3179,#3219,#3236,#3253,#3270,#3282,#3313,#3337,#3361,#3378,#3425,
    #3449,#3489,#3506,#3553,#3577,#3617,#3634,#3665,#3721,#3745,#3794,
    #3841,#3865,#3905,#3922,#3987,#4052,#4069,#4086,#4098,#4115,#4132,
    #4144,#4323,#4370,#4382,#4399,#4416,#4428,#4445,#4462,#4706,#4778,
    #4795,#4807,#4820,#4851,#4912,#4924,#4936,#4960,#4982,#4999,#5016,
    #5101,#5113,#5130,#5210,#5232,#5249,#5261,#5278,#5290,#5302,#5314,
    #5345,#5369,#5393,#5410,#5441,#5465,#5489,#5506,#5530,#5554,#5571,
    #5583,#5614,#5638,#5662,#5679,#5710,#5734,#5758,#5775,#5806,#5830,
    #5854,#5871,#5902,#5926,#5950,#5967,#5979,#5991,#6003,#6015,#6027));
#17 = ADVANCED_FACE('',(#18),#52,.F.);
#18 = FACE_BOUND('',#19,.F.);
#19 = EDGE_LOOP('',(#20,#30,#38,#46));
#20 = ORIENTED_EDGE('',*,*,#21,.F.);
#21 = EDGE_CURVE('',#22,#24,#26,.T.);
#22 = VERTEX_POINT('',#23);
#23 = CARTESIAN_POINT('',(-4.4,28.,3.));
#24 = VERTEX_POINT('',#25);
#25 = CARTESIAN_POINT('',(-4.4,28.,3.5));
#26 = LINE('',#27,#28);
#27 = CARTESIAN_POINT('',(-4.4,28.,3.));
#28 = VECTOR('',#29,1.);
#29 = DIRECTION('',(0.,0.,1.));
#30 = ORIENTED_EDGE('',*,*,#31,.T.);
#31 = EDGE_CURVE('',#22,#32,#34,.T.);
#32 = VERTEX_POINT('',#33);
#33 = CARTESIAN_POINT('',(-4.4,31.,3.));
#34 = LINE('',#35,#36);
#35 = CARTESIAN_POINT('',(-4.4,28.,3.));
#36 = VECTOR('',#37,1.);
#37 = DIRECTION('',(0.,1.,0.));
#38 = ORIENTED_EDGE('',*,*,#39,.T.);
#39 = EDGE_CURVE('',#32,#40,#42,.T.);
#40 = VERTEX_POINT('',#41);
#41 = CARTESIAN_POINT('',(-4.4,31.,3.5));
#42 = LINE('',#43,#44);
#43 = CARTESIAN_POINT('',(-4.4,31.,3.));
#44 = VECTOR('',#45,1.);
#45 = DIRECTION('',(0.,0.,1.));
#46 = ORIENTED_EDGE('',*,*,#47,.T.);
#47 = EDGE_CURVE('',#40,#24,#48,.T.);
#48 = LINE('',#49,#50);
#49 = CARTESIAN_POINT('',(-4.4,25.5,3.5));
#50 = VECTOR('',#51,1.);
#51 = DIRECTION('',(0.,-1.,0.));
#52 = PLANE('',#53);
#53 = AXIS2_PLACEMENT_3D('',#54,#55,#56);
#54 = CARTESIAN_POINT('',(-4.4,28.,3.));
#55 = DIRECTION('',(1.,0.,0.));
#56 = DIRECTION('',(0.,0.,1.));
#57 = ADVANCED_FACE('',(#58),#99,.F.);
#58 = FACE_BOUND('',#59,.F.);
#59 = EDGE_LOOP('',(#60,#70,#76,#77,#85,#93));
#60 = ORIENTED_EDGE('',*,*,#61,.F.);
#61 = EDGE_CURVE('',#62,#64,#66,.T.);
#62 = VERTEX_POINT('',#63);
#63 = CARTESIAN_POINT('',(-3.9,28.,3.));
#64 = VERTEX_POINT('',#65);
#65 = CARTESIAN_POINT('',(-3.9,28.,6.));
#66 = LINE('',#67,#68);
#67 = CARTESIAN_POINT('',(-3.9,28.,3.));
#68 = VECTOR('',#69,1.);
#69 = DIRECTION('',(0.,0.,1.));
#70 = ORIENTED_EDGE('',*,*,#71,.F.);
#71 = EDGE_CURVE('',#22,#62,#72,.T.);
#72 = LINE('',#73,#74);
#73 = CARTESIAN_POINT('',(-4.4,28.,3.));
#74 = VECTOR('',#75,1.);
#75 = DIRECTION('',(1.,0.,0.));
#76 = ORIENTED_EDGE('',*,*,#21,.T.);
#77 = ORIENTED_EDGE('',*,*,#78,.T.);
#78 = EDGE_CURVE('',#24,#79,#81,.T.);
#79 = VERTEX_POINT('',#80);
#80 = CARTESIAN_POINT('',(-4.12,28.,3.5));
#81 = LINE('',#82,#83);
#82 = CARTESIAN_POINT('',(3.05,28.,3.5));
#83 = VECTOR('',#84,1.);
#84 = DIRECTION('',(1.,0.,0.));
#85 = ORIENTED_EDGE('',*,*,#86,.T.);
#86 = EDGE_CURVE('',#79,#87,#89,.T.);
#87 = VERTEX_POINT('',#88);
#88 = CARTESIAN_POINT('',(-4.12,28.,6.));
#89 = LINE('',#90,#91);
#90 = CARTESIAN_POINT('',(-4.12,28.,3.245));
#91 = VECTOR('',#92,1.);
#92 = DIRECTION('',(0.,0.,1.));
#93 = ORIENTED_EDGE('',*,*,#94,.T.);
#94 = EDGE_CURVE('',#87,#64,#95,.T.);
#95 = LINE('',#96,#97);
#96 = CARTESIAN_POINT('',(-4.4,28.,6.));
#97 = VECTOR('',#98,1.);
#98 = DIRECTION('',(1.,0.,0.));
#99 = PLANE('',#100);
#100 = AXIS2_PLACEMENT_3D('',#101,#102,#103);
#101 = CARTESIAN_POINT('',(-4.4,28.,3.));
#102 = DIRECTION('',(0.,1.,0.));
#103 = DIRECTION('',(0.,0.,1.));
#104 = ADVANCED_FACE('',(#105,#175),#285,.T.);
#105 = FACE_BOUND('',#106,.T.);
#106 = EDGE_LOOP('',(#107,#118,#126,#135,#143,#152,#160,#169));
#107 = ORIENTED_EDGE('',*,*,#108,.F.);
#108 = EDGE_CURVE('',#109,#111,#113,.T.);
#109 = VERTEX_POINT('',#110);
#110 = CARTESIAN_POINT('',(-5.32,7.5,3.5));
#111 = VERTEX_POINT('',#112);
#112 = CARTESIAN_POINT('',(-2.5,4.68,3.5));
#113 = CIRCLE('',#114,2.82);
#114 = AXIS2_PLACEMENT_3D('',#115,#116,#117);
#115 = CARTESIAN_POINT('',(-2.5,7.5,3.5));
#116 = DIRECTION('',(0.,0.,1.));
#117 = DIRECTION('',(1.,0.,0.));
#118 = ORIENTED_EDGE('',*,*,#119,.T.);
#119 = EDGE_CURVE('',#109,#120,#122,.T.);
#120 = VERTEX_POINT('',#121);
#121 = CARTESIAN_POINT('',(-5.32,38.5,3.5));
#122 = LINE('',#123,#124);
#123 = CARTESIAN_POINT('',(-5.32,7.5,3.5));
#124 = VECTOR('',#125,1.);
#125 = DIRECTION('',(0.,1.,0.));
#126 = ORIENTED_EDGE('',*,*,#127,.F.);
#127 = EDGE_CURVE('',#128,#120,#130,.T.);
#128 = VERTEX_POINT('',#129);
#129 = CARTESIAN_POINT('',(-2.5,41.32,3.5));
#130 = CIRCLE('',#131,2.82);
#131 = AXIS2_PLACEMENT_3D('',#132,#133,#134);
#132 = CARTESIAN_POINT('',(-2.5,38.5,3.5));
#133 = DIRECTION('',(0.,0.,1.));
#134 = DIRECTION('',(1.,0.,0.));
#135 = ORIENTED_EDGE('',*,*,#136,.T.);
#136 = EDGE_CURVE('',#128,#137,#139,.T.);
#137 = VERTEX_POINT('',#138);
#138 = CARTESIAN_POINT('',(23.5,41.32,3.5));
#139 = LINE('',#140,#141);
#140 = CARTESIAN_POINT('',(-2.5,41.32,3.5));
#141 = VECTOR('',#142,1.);
#142 = DIRECTION('',(1.,0.,0.));
#143 = ORIENTED_EDGE('',*,*,#144,.F.);
#144 = EDGE_CURVE('',#145,#137,#147,.T.);
#145 = VERTEX_POINT('',#146);
#146 = CARTESIAN_POINT('',(26.32,38.5,3.5));
#147 = CIRCLE('',#148,2.82);
#148 = AXIS2_PLACEMENT_3D('',#149,#150,#151);
#149 = CARTESIAN_POINT('',(23.5,38.5,3.5));
#150 = DIRECTION('',(0.,0.,1.));
#151 = DIRECTION('',(1.,0.,0.));
#152 = ORIENTED_EDGE('',*,*,#153,.F.);
#153 = EDGE_CURVE('',#154,#145,#156,.T.);
#154 = VERTEX_POINT('',#155);
#155 = CARTESIAN_POINT('',(26.32,7.5,3.5));
#156 = LINE('',#157,#158);
#157 = CARTESIAN_POINT('',(26.32,7.5,3.5));
#158 = VECTOR('',#159,1.);
#159 = DIRECTION('',(0.,1.,0.));
#160 = ORIENTED_EDGE('',*,*,#161,.F.);
#161 = EDGE_CURVE('',#162,#154,#164,.T.);
#162 = VERTEX_POINT('',#163);
#163 = CARTESIAN_POINT('',(23.5,4.68,3.5));
#164 = CIRCLE('',#165,2.82);
#165 = AXIS2_PLACEMENT_3D('',#166,#167,#168);
#166 = CARTESIAN_POINT('',(23.5,7.5,3.5));
#167 = DIRECTION('',(0.,0.,1.));
#168 = DIRECTION('',(1.,0.,0.));
#169 = ORIENTED_EDGE('',*,*,#170,.F.);
#170 = EDGE_CURVE('',#111,#162,#171,.T.);
#171 = LINE('',#172,#173);
#172 = CARTESIAN_POINT('',(-2.5,4.68,3.5));
#173 = VECTOR('',#174,1.);
#174 = DIRECTION('',(1.,0.,0.));
#175 = FACE_BOUND('',#176,.T.);
#176 = EDGE_LOOP('',(#177,#188,#196,#204,#212,#220,#229,#237,#246,#254,
    #263,#271,#277,#278,#279));
#177 = ORIENTED_EDGE('',*,*,#178,.F.);
#178 = EDGE_CURVE('',#179,#181,#183,.T.);
#179 = VERTEX_POINT('',#180);
#180 = CARTESIAN_POINT('',(-2.5,5.88,3.5));
#181 = VERTEX_POINT('',#182);
#182 = CARTESIAN_POINT('',(-4.12,7.5,3.5));
#183 = CIRCLE('',#184,1.62);
#184 = AXIS2_PLACEMENT_3D('',#185,#186,#187);
#185 = CARTESIAN_POINT('',(-2.5,7.5,3.5));
#186 = DIRECTION('',(0.,0.,-1.));
#187 = DIRECTION('',(1.,0.,0.));
#188 = ORIENTED_EDGE('',*,*,#189,.T.);
#189 = EDGE_CURVE('',#179,#190,#192,.T.);
#190 = VERTEX_POINT('',#191);
#191 = CARTESIAN_POINT('',(0.6,5.88,3.5));
#192 = LINE('',#193,#194);
#193 = CARTESIAN_POINT('',(4.,5.88,3.5));
#194 = VECTOR('',#195,1.);
#195 = DIRECTION('',(1.,0.,0.));
#196 = ORIENTED_EDGE('',*,*,#197,.T.);
#197 = EDGE_CURVE('',#190,#198,#200,.T.);
#198 = VERTEX_POINT('',#199);
#199 = CARTESIAN_POINT('',(0.6,5.2,3.5));
#200 = LINE('',#201,#202);
#201 = CARTESIAN_POINT('',(0.6,14.1,3.5));
#202 = VECTOR('',#203,1.);
#203 = DIRECTION('',(0.,-1.,0.));
#204 = ORIENTED_EDGE('',*,*,#205,.T.);
#205 = EDGE_CURVE('',#198,#206,#208,.T.);
#206 = VERTEX_POINT('',#207);
#207 = CARTESIAN_POINT('',(24.4,5.2,3.5));
#208 = LINE('',#209,#210);
#209 = CARTESIAN_POINT('',(5.55,5.2,3.5));
#210 = VECTOR('',#211,1.);
#211 = DIRECTION('',(1.,0.,0.));
#212 = ORIENTED_EDGE('',*,*,#213,.F.);
#213 = EDGE_CURVE('',#214,#206,#216,.T.);
#214 = VERTEX_POINT('',#215);
#215 = CARTESIAN_POINT('',(24.4,6.153003340761,3.5));
#216 = LINE('',#217,#218);
#217 = CARTESIAN_POINT('',(24.4,14.1,3.5));
#218 = VECTOR('',#219,1.);
#219 = DIRECTION('',(0.,-1.,0.));
#220 = ORIENTED_EDGE('',*,*,#221,.F.);
#221 = EDGE_CURVE('',#222,#214,#224,.T.);
#222 = VERTEX_POINT('',#223);
#223 = CARTESIAN_POINT('',(25.12,7.5,3.5));
#224 = CIRCLE('',#225,1.62);
#225 = AXIS2_PLACEMENT_3D('',#226,#227,#228);
#226 = CARTESIAN_POINT('',(23.5,7.5,3.5));
#227 = DIRECTION('',(0.,0.,-1.));
#228 = DIRECTION('',(1.,0.,0.));
#229 = ORIENTED_EDGE('',*,*,#230,.F.);
#230 = EDGE_CURVE('',#231,#222,#233,.T.);
#231 = VERTEX_POINT('',#232);
#232 = CARTESIAN_POINT('',(25.12,38.5,3.5));
#233 = LINE('',#234,#235);
#234 = CARTESIAN_POINT('',(25.12,15.25,3.5));
#235 = VECTOR('',#236,1.);
#236 = DIRECTION('',(0.,-1.,0.));
#237 = ORIENTED_EDGE('',*,*,#238,.F.);
#238 = EDGE_CURVE('',#239,#231,#241,.T.);
#239 = VERTEX_POINT('',#240);
#240 = CARTESIAN_POINT('',(23.5,40.12,3.5));
#241 = CIRCLE('',#242,1.62);
#242 = AXIS2_PLACEMENT_3D('',#243,#244,#245);
#243 = CARTESIAN_POINT('',(23.5,38.5,3.5));
#244 = DIRECTION('',(0.,0.,-1.));
#245 = DIRECTION('',(1.,0.,0.));
#246 = ORIENTED_EDGE('',*,*,#247,.F.);
#247 = EDGE_CURVE('',#248,#239,#250,.T.);
#248 = VERTEX_POINT('',#249);
#249 = CARTESIAN_POINT('',(-2.5,40.12,3.5));
#250 = LINE('',#251,#252);
#251 = CARTESIAN_POINT('',(4.,40.12,3.5));
#252 = VECTOR('',#253,1.);
#253 = DIRECTION('',(1.,0.,0.));
#254 = ORIENTED_EDGE('',*,*,#255,.F.);
#255 = EDGE_CURVE('',#256,#248,#258,.T.);
#256 = VERTEX_POINT('',#257);
#257 = CARTESIAN_POINT('',(-4.12,38.5,3.5));
#258 = CIRCLE('',#259,1.62);
#259 = AXIS2_PLACEMENT_3D('',#260,#261,#262);
#260 = CARTESIAN_POINT('',(-2.5,38.5,3.5));
#261 = DIRECTION('',(0.,0.,-1.));
#262 = DIRECTION('',(1.,0.,0.));
#263 = ORIENTED_EDGE('',*,*,#264,.T.);
#264 = EDGE_CURVE('',#256,#265,#267,.T.);
#265 = VERTEX_POINT('',#266);
#266 = CARTESIAN_POINT('',(-4.12,31.,3.5));
#267 = LINE('',#268,#269);
#268 = CARTESIAN_POINT('',(-4.12,15.25,3.5));
#269 = VECTOR('',#270,1.);
#270 = DIRECTION('',(0.,-1.,0.));
#271 = ORIENTED_EDGE('',*,*,#272,.F.);
#272 = EDGE_CURVE('',#40,#265,#273,.T.);
#273 = LINE('',#274,#275);
#274 = CARTESIAN_POINT('',(3.05,31.,3.5));
#275 = VECTOR('',#276,1.);
#276 = DIRECTION('',(1.,0.,0.));
#277 = ORIENTED_EDGE('',*,*,#47,.T.);
#278 = ORIENTED_EDGE('',*,*,#78,.T.);
#279 = ORIENTED_EDGE('',*,*,#280,.T.);
#280 = EDGE_CURVE('',#79,#181,#281,.T.);
#281 = LINE('',#282,#283);
#282 = CARTESIAN_POINT('',(-4.12,15.25,3.5));
#283 = VECTOR('',#284,1.);
#284 = DIRECTION('',(0.,-1.,0.));
#285 = PLANE('',#286);
#286 = AXIS2_PLACEMENT_3D('',#287,#288,#289);
#287 = CARTESIAN_POINT('',(10.5,23.,3.5));
#288 = DIRECTION('',(-0.,-0.,-1.));
#289 = DIRECTION('',(-1.,0.,0.));
#290 = ADVANCED_FACE('',(#291),#325,.T.);
#291 = FACE_BOUND('',#292,.T.);
#292 = EDGE_LOOP('',(#293,#303,#309,#310,#311,#319));
#293 = ORIENTED_EDGE('',*,*,#294,.F.);
#294 = EDGE_CURVE('',#295,#297,#299,.T.);
#295 = VERTEX_POINT('',#296);
#296 = CARTESIAN_POINT('',(-3.9,31.,3.));
#297 = VERTEX_POINT('',#298);
#298 = CARTESIAN_POINT('',(-3.9,31.,6.));
#299 = LINE('',#300,#301);
#300 = CARTESIAN_POINT('',(-3.9,31.,3.));
#301 = VECTOR('',#302,1.);
#302 = DIRECTION('',(0.,0.,1.));
#303 = ORIENTED_EDGE('',*,*,#304,.F.);
#304 = EDGE_CURVE('',#32,#295,#305,.T.);
#305 = LINE('',#306,#307);
#306 = CARTESIAN_POINT('',(-4.4,31.,3.));
#307 = VECTOR('',#308,1.);
#308 = DIRECTION('',(1.,0.,0.));
#309 = ORIENTED_EDGE('',*,*,#39,.T.);
#310 = ORIENTED_EDGE('',*,*,#272,.T.);
#311 = ORIENTED_EDGE('',*,*,#312,.T.);
#312 = EDGE_CURVE('',#265,#313,#315,.T.);
#313 = VERTEX_POINT('',#314);
#314 = CARTESIAN_POINT('',(-4.12,31.,6.));
#315 = LINE('',#316,#317);
#316 = CARTESIAN_POINT('',(-4.12,31.,3.245));
#317 = VECTOR('',#318,1.);
#318 = DIRECTION('',(0.,0.,1.));
#319 = ORIENTED_EDGE('',*,*,#320,.T.);
#320 = EDGE_CURVE('',#313,#297,#321,.T.);
#321 = LINE('',#322,#323);
#322 = CARTESIAN_POINT('',(-4.4,31.,6.));
#323 = VECTOR('',#324,1.);
#324 = DIRECTION('',(1.,0.,0.));
#325 = PLANE('',#326);
#326 = AXIS2_PLACEMENT_3D('',#327,#328,#329);
#327 = CARTESIAN_POINT('',(-4.4,31.,3.));
#328 = DIRECTION('',(0.,1.,0.));
#329 = DIRECTION('',(0.,0.,1.));
#330 = ADVANCED_FACE('',(#331),#342,.F.);
#331 = FACE_BOUND('',#332,.F.);
#332 = EDGE_LOOP('',(#333,#334,#335,#341));
#333 = ORIENTED_EDGE('',*,*,#31,.F.);
#334 = ORIENTED_EDGE('',*,*,#71,.T.);
#335 = ORIENTED_EDGE('',*,*,#336,.T.);
#336 = EDGE_CURVE('',#62,#295,#337,.T.);
#337 = LINE('',#338,#339);
#338 = CARTESIAN_POINT('',(-3.9,28.,3.));
#339 = VECTOR('',#340,1.);
#340 = DIRECTION('',(0.,1.,0.));
#341 = ORIENTED_EDGE('',*,*,#304,.F.);
#342 = PLANE('',#343);
#343 = AXIS2_PLACEMENT_3D('',#344,#345,#346);
#344 = CARTESIAN_POINT('',(-4.4,28.,3.));
#345 = DIRECTION('',(0.,0.,1.));
#346 = DIRECTION('',(1.,0.,0.));
#347 = ADVANCED_FACE('',(#348),#359,.T.);
#348 = FACE_BOUND('',#349,.T.);
#349 = EDGE_LOOP('',(#350,#351,#352,#353));
#350 = ORIENTED_EDGE('',*,*,#61,.F.);
#351 = ORIENTED_EDGE('',*,*,#336,.T.);
#352 = ORIENTED_EDGE('',*,*,#294,.T.);
#353 = ORIENTED_EDGE('',*,*,#354,.F.);
#354 = EDGE_CURVE('',#64,#297,#355,.T.);
#355 = LINE('',#356,#357);
#356 = CARTESIAN_POINT('',(-3.9,28.,6.));
#357 = VECTOR('',#358,1.);
#358 = DIRECTION('',(0.,1.,0.));
#359 = PLANE('',#360);
#360 = AXIS2_PLACEMENT_3D('',#361,#362,#363);
#361 = CARTESIAN_POINT('',(-3.9,28.,3.));
#362 = DIRECTION('',(1.,0.,0.));
#363 = DIRECTION('',(0.,0.,1.));
#364 = ADVANCED_FACE('',(#365),#376,.T.);
#365 = FACE_BOUND('',#366,.T.);
#366 = EDGE_LOOP('',(#367,#368,#374,#375));
#367 = ORIENTED_EDGE('',*,*,#320,.F.);
#368 = ORIENTED_EDGE('',*,*,#369,.T.);
#369 = EDGE_CURVE('',#313,#87,#370,.T.);
#370 = LINE('',#371,#372);
#371 = CARTESIAN_POINT('',(-4.12,17.75,6.));
#372 = VECTOR('',#373,1.);
#373 = DIRECTION('',(0.,-1.,0.));
#374 = ORIENTED_EDGE('',*,*,#94,.T.);
#375 = ORIENTED_EDGE('',*,*,#354,.T.);
#376 = PLANE('',#377);
#377 = AXIS2_PLACEMENT_3D('',#378,#379,#380);
#378 = CARTESIAN_POINT('',(-4.4,28.,6.));
#379 = DIRECTION('',(0.,0.,1.));
#380 = DIRECTION('',(1.,0.,0.));
#381 = ADVANCED_FACE('',(#382),#411,.T.);
#382 = FACE_BOUND('',#383,.T.);
#383 = EDGE_LOOP('',(#384,#392,#393,#394,#395,#396,#397,#405));
#384 = ORIENTED_EDGE('',*,*,#385,.F.);
#385 = EDGE_CURVE('',#181,#386,#388,.T.);
#386 = VERTEX_POINT('',#387);
#387 = CARTESIAN_POINT('',(-4.12,7.5,6.6));
#388 = LINE('',#389,#390);
#389 = CARTESIAN_POINT('',(-4.12,7.5,3.49));
#390 = VECTOR('',#391,1.);
#391 = DIRECTION('',(0.,0.,1.));
#392 = ORIENTED_EDGE('',*,*,#280,.F.);
#393 = ORIENTED_EDGE('',*,*,#86,.T.);
#394 = ORIENTED_EDGE('',*,*,#369,.F.);
#395 = ORIENTED_EDGE('',*,*,#312,.F.);
#396 = ORIENTED_EDGE('',*,*,#264,.F.);
#397 = ORIENTED_EDGE('',*,*,#398,.T.);
#398 = EDGE_CURVE('',#256,#399,#401,.T.);
#399 = VERTEX_POINT('',#400);
#400 = CARTESIAN_POINT('',(-4.12,38.5,6.6));
#401 = LINE('',#402,#403);
#402 = CARTESIAN_POINT('',(-4.12,38.5,3.49));
#403 = VECTOR('',#404,1.);
#404 = DIRECTION('',(0.,0.,1.));
#405 = ORIENTED_EDGE('',*,*,#406,.F.);
#406 = EDGE_CURVE('',#386,#399,#407,.T.);
#407 = LINE('',#408,#409);
#408 = CARTESIAN_POINT('',(-4.12,15.25,6.6));
#409 = VECTOR('',#410,1.);
#410 = DIRECTION('',(0.,1.,0.));
#411 = PLANE('',#412);
#412 = AXIS2_PLACEMENT_3D('',#413,#414,#415);
#413 = CARTESIAN_POINT('',(-4.12,7.5,3.49));
#414 = DIRECTION('',(1.,0.,0.));
#415 = DIRECTION('',(0.,0.,1.));
#416 = ADVANCED_FACE('',(#417),#443,.T.);
#417 = FACE_BOUND('',#418,.F.);
#418 = EDGE_LOOP('',(#419,#427,#428,#436));
#419 = ORIENTED_EDGE('',*,*,#420,.F.);
#420 = EDGE_CURVE('',#111,#421,#423,.T.);
#421 = VERTEX_POINT('',#422);
#422 = CARTESIAN_POINT('',(-2.5,4.68,6.6));
#423 = LINE('',#424,#425);
#424 = CARTESIAN_POINT('',(-2.5,4.68,3.5));
#425 = VECTOR('',#426,1.);
#426 = DIRECTION('',(0.,0.,1.));
#427 = ORIENTED_EDGE('',*,*,#108,.F.);
#428 = ORIENTED_EDGE('',*,*,#429,.T.);
#429 = EDGE_CURVE('',#109,#430,#432,.T.);
#430 = VERTEX_POINT('',#431);
#431 = CARTESIAN_POINT('',(-5.32,7.5,6.6));
#432 = LINE('',#433,#434);
#433 = CARTESIAN_POINT('',(-5.32,7.5,3.5));
#434 = VECTOR('',#435,1.);
#435 = DIRECTION('',(0.,0.,1.));
#436 = ORIENTED_EDGE('',*,*,#437,.T.);
#437 = EDGE_CURVE('',#430,#421,#438,.T.);
#438 = CIRCLE('',#439,2.82);
#439 = AXIS2_PLACEMENT_3D('',#440,#441,#442);
#440 = CARTESIAN_POINT('',(-2.5,7.5,6.6));
#441 = DIRECTION('',(0.,0.,1.));
#442 = DIRECTION('',(1.,0.,0.));
#443 = CYLINDRICAL_SURFACE('',#444,2.82);
#444 = AXIS2_PLACEMENT_3D('',#445,#446,#447);
#445 = CARTESIAN_POINT('',(-2.5,7.5,3.5));
#446 = DIRECTION('',(-0.,-0.,-1.));
#447 = DIRECTION('',(1.,0.,0.));
#448 = ADVANCED_FACE('',(#449,#467,#501),#535,.F.);
#449 = FACE_BOUND('',#450,.F.);
#450 = EDGE_LOOP('',(#451,#452,#453,#461));
#451 = ORIENTED_EDGE('',*,*,#429,.F.);
#452 = ORIENTED_EDGE('',*,*,#119,.T.);
#453 = ORIENTED_EDGE('',*,*,#454,.T.);
#454 = EDGE_CURVE('',#120,#455,#457,.T.);
#455 = VERTEX_POINT('',#456);
#456 = CARTESIAN_POINT('',(-5.32,38.5,6.6));
#457 = LINE('',#458,#459);
#458 = CARTESIAN_POINT('',(-5.32,38.5,3.5));
#459 = VECTOR('',#460,1.);
#460 = DIRECTION('',(0.,0.,1.));
#461 = ORIENTED_EDGE('',*,*,#462,.F.);
#462 = EDGE_CURVE('',#430,#455,#463,.T.);
#463 = LINE('',#464,#465);
#464 = CARTESIAN_POINT('',(-5.32,7.5,6.6));
#465 = VECTOR('',#466,1.);
#466 = DIRECTION('',(0.,1.,0.));
#467 = FACE_BOUND('',#468,.F.);
#468 = EDGE_LOOP('',(#469,#479,#487,#495));
#469 = ORIENTED_EDGE('',*,*,#470,.F.);
#470 = EDGE_CURVE('',#471,#473,#475,.T.);
#471 = VERTEX_POINT('',#472);
#472 = CARTESIAN_POINT('',(-5.32,36.,4.22));
#473 = VERTEX_POINT('',#474);
#474 = CARTESIAN_POINT('',(-5.32,36.,5.08));
#475 = LINE('',#476,#477);
#476 = CARTESIAN_POINT('',(-5.32,36.,4.075));
#477 = VECTOR('',#478,1.);
#478 = DIRECTION('',(0.,0.,1.));
#479 = ORIENTED_EDGE('',*,*,#480,.T.);
#480 = EDGE_CURVE('',#471,#481,#483,.T.);
#481 = VERTEX_POINT('',#482);
#482 = CARTESIAN_POINT('',(-5.32,31.,4.22));
#483 = LINE('',#484,#485);
#484 = CARTESIAN_POINT('',(-5.32,19.25,4.22));
#485 = VECTOR('',#486,1.);
#486 = DIRECTION('',(0.,-1.,0.));
#487 = ORIENTED_EDGE('',*,*,#488,.T.);
#488 = EDGE_CURVE('',#481,#489,#491,.T.);
#489 = VERTEX_POINT('',#490);
#490 = CARTESIAN_POINT('',(-5.32,31.,5.08));
#491 = LINE('',#492,#493);
#492 = CARTESIAN_POINT('',(-5.32,31.,4.075));
#493 = VECTOR('',#494,1.);
#494 = DIRECTION('',(0.,0.,1.));
#495 = ORIENTED_EDGE('',*,*,#496,.T.);
#496 = EDGE_CURVE('',#489,#473,#497,.T.);
#497 = LINE('',#498,#499);
#498 = CARTESIAN_POINT('',(-5.32,19.25,5.08));
#499 = VECTOR('',#500,1.);
#500 = DIRECTION('',(0.,1.,0.));
#501 = FACE_BOUND('',#502,.F.);
#502 = EDGE_LOOP('',(#503,#513,#521,#529));
#503 = ORIENTED_EDGE('',*,*,#504,.F.);
#504 = EDGE_CURVE('',#505,#507,#509,.T.);
#505 = VERTEX_POINT('',#506);
#506 = CARTESIAN_POINT('',(-5.32,17.,4.22));
#507 = VERTEX_POINT('',#508);
#508 = CARTESIAN_POINT('',(-5.32,17.,5.08));
#509 = LINE('',#510,#511);
#510 = CARTESIAN_POINT('',(-5.32,17.,4.075));
#511 = VECTOR('',#512,1.);
#512 = DIRECTION('',(0.,0.,1.));
#513 = ORIENTED_EDGE('',*,*,#514,.T.);
#514 = EDGE_CURVE('',#505,#515,#517,.T.);
#515 = VERTEX_POINT('',#516);
#516 = CARTESIAN_POINT('',(-5.32,12.,4.22));
#517 = LINE('',#518,#519);
#518 = CARTESIAN_POINT('',(-5.32,9.75,4.22));
#519 = VECTOR('',#520,1.);
#520 = DIRECTION('',(0.,-1.,0.));
#521 = ORIENTED_EDGE('',*,*,#522,.T.);
#522 = EDGE_CURVE('',#515,#523,#525,.T.);
#523 = VERTEX_POINT('',#524);
#524 = CARTESIAN_POINT('',(-5.32,12.,5.08));
#525 = LINE('',#526,#527);
#526 = CARTESIAN_POINT('',(-5.32,12.,4.075));
#527 = VECTOR('',#528,1.);
#528 = DIRECTION('',(0.,0.,1.));
#529 = ORIENTED_EDGE('',*,*,#530,.T.);
#530 = EDGE_CURVE('',#523,#507,#531,.T.);
#531 = LINE('',#532,#533);
#532 = CARTESIAN_POINT('',(-5.32,9.75,5.08));
#533 = VECTOR('',#534,1.);
#534 = DIRECTION('',(0.,1.,0.));
#535 = PLANE('',#536);
#536 = AXIS2_PLACEMENT_3D('',#537,#538,#539);
#537 = CARTESIAN_POINT('',(-5.32,7.5,3.5));
#538 = DIRECTION('',(1.,0.,0.));
#539 = DIRECTION('',(0.,0.,1.));
#540 = ADVANCED_FACE('',(#541),#559,.F.);
#541 = FACE_BOUND('',#542,.F.);
#542 = EDGE_LOOP('',(#543,#544,#545,#553));
#543 = ORIENTED_EDGE('',*,*,#170,.F.);
#544 = ORIENTED_EDGE('',*,*,#420,.T.);
#545 = ORIENTED_EDGE('',*,*,#546,.T.);
#546 = EDGE_CURVE('',#421,#547,#549,.T.);
#547 = VERTEX_POINT('',#548);
#548 = CARTESIAN_POINT('',(23.5,4.68,6.6));
#549 = LINE('',#550,#551);
#550 = CARTESIAN_POINT('',(-2.5,4.68,6.6));
#551 = VECTOR('',#552,1.);
#552 = DIRECTION('',(1.,0.,0.));
#553 = ORIENTED_EDGE('',*,*,#554,.F.);
#554 = EDGE_CURVE('',#162,#547,#555,.T.);
#555 = LINE('',#556,#557);
#556 = CARTESIAN_POINT('',(23.5,4.68,3.5));
#557 = VECTOR('',#558,1.);
#558 = DIRECTION('',(0.,0.,1.));
#559 = PLANE('',#560);
#560 = AXIS2_PLACEMENT_3D('',#561,#562,#563);
#561 = CARTESIAN_POINT('',(-2.5,4.68,3.5));
#562 = DIRECTION('',(0.,1.,0.));
#563 = DIRECTION('',(0.,0.,1.));
#564 = ADVANCED_FACE('',(#565),#584,.T.);
#565 = FACE_BOUND('',#566,.F.);
#566 = EDGE_LOOP('',(#567,#568,#576,#583));
#567 = ORIENTED_EDGE('',*,*,#127,.F.);
#568 = ORIENTED_EDGE('',*,*,#569,.T.);
#569 = EDGE_CURVE('',#128,#570,#572,.T.);
#570 = VERTEX_POINT('',#571);
#571 = CARTESIAN_POINT('',(-2.5,41.32,6.6));
#572 = LINE('',#573,#574);
#573 = CARTESIAN_POINT('',(-2.5,41.32,3.5));
#574 = VECTOR('',#575,1.);
#575 = DIRECTION('',(0.,0.,1.));
#576 = ORIENTED_EDGE('',*,*,#577,.T.);
#577 = EDGE_CURVE('',#570,#455,#578,.T.);
#578 = CIRCLE('',#579,2.82);
#579 = AXIS2_PLACEMENT_3D('',#580,#581,#582);
#580 = CARTESIAN_POINT('',(-2.5,38.5,6.6));
#581 = DIRECTION('',(0.,0.,1.));
#582 = DIRECTION('',(1.,0.,0.));
#583 = ORIENTED_EDGE('',*,*,#454,.F.);
#584 = CYLINDRICAL_SURFACE('',#585,2.82);
#585 = AXIS2_PLACEMENT_3D('',#586,#587,#588);
#586 = CARTESIAN_POINT('',(-2.5,38.5,3.5));
#587 = DIRECTION('',(-0.,-0.,-1.));
#588 = DIRECTION('',(1.,0.,0.));
#589 = ADVANCED_FACE('',(#590),#609,.T.);
#590 = FACE_BOUND('',#591,.F.);
#591 = EDGE_LOOP('',(#592,#600,#601,#602));
#592 = ORIENTED_EDGE('',*,*,#593,.F.);
#593 = EDGE_CURVE('',#154,#594,#596,.T.);
#594 = VERTEX_POINT('',#595);
#595 = CARTESIAN_POINT('',(26.32,7.5,6.6));
#596 = LINE('',#597,#598);
#597 = CARTESIAN_POINT('',(26.32,7.5,3.5));
#598 = VECTOR('',#599,1.);
#599 = DIRECTION('',(0.,0.,1.));
#600 = ORIENTED_EDGE('',*,*,#161,.F.);
#601 = ORIENTED_EDGE('',*,*,#554,.T.);
#602 = ORIENTED_EDGE('',*,*,#603,.T.);
#603 = EDGE_CURVE('',#547,#594,#604,.T.);
#604 = CIRCLE('',#605,2.82);
#605 = AXIS2_PLACEMENT_3D('',#606,#607,#608);
#606 = CARTESIAN_POINT('',(23.5,7.5,6.6));
#607 = DIRECTION('',(0.,0.,1.));
#608 = DIRECTION('',(1.,0.,0.));
#609 = CYLINDRICAL_SURFACE('',#610,2.82);
#610 = AXIS2_PLACEMENT_3D('',#611,#612,#613);
#611 = CARTESIAN_POINT('',(23.5,7.5,3.5));
#612 = DIRECTION('',(-0.,-0.,-1.));
#613 = DIRECTION('',(1.,0.,0.));
#614 = ADVANCED_FACE('',(#615),#633,.T.);
#615 = FACE_BOUND('',#616,.T.);
#616 = EDGE_LOOP('',(#617,#618,#619,#627));
#617 = ORIENTED_EDGE('',*,*,#136,.F.);
#618 = ORIENTED_EDGE('',*,*,#569,.T.);
#619 = ORIENTED_EDGE('',*,*,#620,.T.);
#620 = EDGE_CURVE('',#570,#621,#623,.T.);
#621 = VERTEX_POINT('',#622);
#622 = CARTESIAN_POINT('',(23.5,41.32,6.6));
#623 = LINE('',#624,#625);
#624 = CARTESIAN_POINT('',(-2.5,41.32,6.6));
#625 = VECTOR('',#626,1.);
#626 = DIRECTION('',(1.,0.,0.));
#627 = ORIENTED_EDGE('',*,*,#628,.F.);
#628 = EDGE_CURVE('',#137,#621,#629,.T.);
#629 = LINE('',#630,#631);
#630 = CARTESIAN_POINT('',(23.5,41.32,3.5));
#631 = VECTOR('',#632,1.);
#632 = DIRECTION('',(0.,0.,1.));
#633 = PLANE('',#634);
#634 = AXIS2_PLACEMENT_3D('',#635,#636,#637);
#635 = CARTESIAN_POINT('',(-2.5,41.32,3.5));
#636 = DIRECTION('',(0.,1.,0.));
#637 = DIRECTION('',(0.,0.,1.));
#638 = ADVANCED_FACE('',(#639,#657,#691),#725,.T.);
#639 = FACE_BOUND('',#640,.T.);
#640 = EDGE_LOOP('',(#641,#642,#643,#651));
#641 = ORIENTED_EDGE('',*,*,#593,.F.);
#642 = ORIENTED_EDGE('',*,*,#153,.T.);
#643 = ORIENTED_EDGE('',*,*,#644,.T.);
#644 = EDGE_CURVE('',#145,#645,#647,.T.);
#645 = VERTEX_POINT('',#646);
#646 = CARTESIAN_POINT('',(26.32,38.5,6.6));
#647 = LINE('',#648,#649);
#648 = CARTESIAN_POINT('',(26.32,38.5,3.5));
#649 = VECTOR('',#650,1.);
#650 = DIRECTION('',(0.,0.,1.));
#651 = ORIENTED_EDGE('',*,*,#652,.F.);
#652 = EDGE_CURVE('',#594,#645,#653,.T.);
#653 = LINE('',#654,#655);
#654 = CARTESIAN_POINT('',(26.32,7.5,6.6));
#655 = VECTOR('',#656,1.);
#656 = DIRECTION('',(0.,1.,0.));
#657 = FACE_BOUND('',#658,.T.);
#658 = EDGE_LOOP('',(#659,#669,#677,#685));
#659 = ORIENTED_EDGE('',*,*,#660,.F.);
#660 = EDGE_CURVE('',#661,#663,#665,.T.);
#661 = VERTEX_POINT('',#662);
#662 = CARTESIAN_POINT('',(26.32,31.,4.22));
#663 = VERTEX_POINT('',#664);
#664 = CARTESIAN_POINT('',(26.32,36.,4.22));
#665 = LINE('',#666,#667);
#666 = CARTESIAN_POINT('',(26.32,19.25,4.22));
#667 = VECTOR('',#668,1.);
#668 = DIRECTION('',(0.,1.,0.));
#669 = ORIENTED_EDGE('',*,*,#670,.F.);
#670 = EDGE_CURVE('',#671,#661,#673,.T.);
#671 = VERTEX_POINT('',#672);
#672 = CARTESIAN_POINT('',(26.32,31.,5.08));
#673 = LINE('',#674,#675);
#674 = CARTESIAN_POINT('',(26.32,31.,4.075));
#675 = VECTOR('',#676,1.);
#676 = DIRECTION('',(0.,0.,-1.));
#677 = ORIENTED_EDGE('',*,*,#678,.F.);
#678 = EDGE_CURVE('',#679,#671,#681,.T.);
#679 = VERTEX_POINT('',#680);
#680 = CARTESIAN_POINT('',(26.32,36.,5.08));
#681 = LINE('',#682,#683);
#682 = CARTESIAN_POINT('',(26.32,19.25,5.08));
#683 = VECTOR('',#684,1.);
#684 = DIRECTION('',(0.,-1.,0.));
#685 = ORIENTED_EDGE('',*,*,#686,.T.);
#686 = EDGE_CURVE('',#679,#663,#687,.T.);
#687 = LINE('',#688,#689);
#688 = CARTESIAN_POINT('',(26.32,36.,4.075));
#689 = VECTOR('',#690,1.);
#690 = DIRECTION('',(0.,0.,-1.));
#691 = FACE_BOUND('',#692,.T.);
#692 = EDGE_LOOP('',(#693,#703,#711,#719));
#693 = ORIENTED_EDGE('',*,*,#694,.F.);
#694 = EDGE_CURVE('',#695,#697,#699,.T.);
#695 = VERTEX_POINT('',#696);
#696 = CARTESIAN_POINT('',(26.32,12.,4.22));
#697 = VERTEX_POINT('',#698);
#698 = CARTESIAN_POINT('',(26.32,17.,4.22));
#699 = LINE('',#700,#701);
#700 = CARTESIAN_POINT('',(26.32,9.75,4.22));
#701 = VECTOR('',#702,1.);
#702 = DIRECTION('',(0.,1.,0.));
#703 = ORIENTED_EDGE('',*,*,#704,.F.);
#704 = EDGE_CURVE('',#705,#695,#707,.T.);
#705 = VERTEX_POINT('',#706);
#706 = CARTESIAN_POINT('',(26.32,12.,5.08));
#707 = LINE('',#708,#709);
#708 = CARTESIAN_POINT('',(26.32,12.,4.075));
#709 = VECTOR('',#710,1.);
#710 = DIRECTION('',(0.,0.,-1.));
#711 = ORIENTED_EDGE('',*,*,#712,.F.);
#712 = EDGE_CURVE('',#713,#705,#715,.T.);
#713 = VERTEX_POINT('',#714);
#714 = CARTESIAN_POINT('',(26.32,17.,5.08));
#715 = LINE('',#716,#717);
#716 = CARTESIAN_POINT('',(26.32,9.75,5.08));
#717 = VECTOR('',#718,1.);
#718 = DIRECTION('',(0.,-1.,0.));
#719 = ORIENTED_EDGE('',*,*,#720,.T.);
#720 = EDGE_CURVE('',#713,#697,#721,.T.);
#721 = LINE('',#722,#723);
#722 = CARTESIAN_POINT('',(26.32,17.,4.075));
#723 = VECTOR('',#724,1.);
#724 = DIRECTION('',(0.,0.,-1.));
#725 = PLANE('',#726);
#726 = AXIS2_PLACEMENT_3D('',#727,#728,#729);
#727 = CARTESIAN_POINT('',(26.32,7.5,3.5));
#728 = DIRECTION('',(1.,0.,0.));
#729 = DIRECTION('',(0.,0.,1.));
#730 = ADVANCED_FACE('',(#731),#743,.T.);
#731 = FACE_BOUND('',#732,.F.);
#732 = EDGE_LOOP('',(#733,#734,#735,#742));
#733 = ORIENTED_EDGE('',*,*,#144,.F.);
#734 = ORIENTED_EDGE('',*,*,#644,.T.);
#735 = ORIENTED_EDGE('',*,*,#736,.T.);
#736 = EDGE_CURVE('',#645,#621,#737,.T.);
#737 = CIRCLE('',#738,2.82);
#738 = AXIS2_PLACEMENT_3D('',#739,#740,#741);
#739 = CARTESIAN_POINT('',(23.5,38.5,6.6));
#740 = DIRECTION('',(0.,0.,1.));
#741 = DIRECTION('',(1.,0.,0.));
#742 = ORIENTED_EDGE('',*,*,#628,.F.);
#743 = CYLINDRICAL_SURFACE('',#744,2.82);
#744 = AXIS2_PLACEMENT_3D('',#745,#746,#747);
#745 = CARTESIAN_POINT('',(23.5,38.5,3.5));
#746 = DIRECTION('',(-0.,-0.,-1.));
#747 = DIRECTION('',(1.,0.,0.));
#748 = ADVANCED_FACE('',(#749),#768,.F.);
#749 = FACE_BOUND('',#750,.T.);
#750 = EDGE_LOOP('',(#751,#759,#760,#761));
#751 = ORIENTED_EDGE('',*,*,#752,.F.);
#752 = EDGE_CURVE('',#179,#753,#755,.T.);
#753 = VERTEX_POINT('',#754);
#754 = CARTESIAN_POINT('',(-2.5,5.88,6.6));
#755 = LINE('',#756,#757);
#756 = CARTESIAN_POINT('',(-2.5,5.88,3.49));
#757 = VECTOR('',#758,1.);
#758 = DIRECTION('',(0.,0.,1.));
#759 = ORIENTED_EDGE('',*,*,#178,.T.);
#760 = ORIENTED_EDGE('',*,*,#385,.T.);
#761 = ORIENTED_EDGE('',*,*,#762,.F.);
#762 = EDGE_CURVE('',#753,#386,#763,.T.);
#763 = CIRCLE('',#764,1.62);
#764 = AXIS2_PLACEMENT_3D('',#765,#766,#767);
#765 = CARTESIAN_POINT('',(-2.5,7.5,6.6));
#766 = DIRECTION('',(0.,0.,-1.));
#767 = DIRECTION('',(1.,0.,0.));
#768 = CYLINDRICAL_SURFACE('',#769,1.62);
#769 = AXIS2_PLACEMENT_3D('',#770,#771,#772);
#770 = CARTESIAN_POINT('',(-2.5,7.5,3.49));
#771 = DIRECTION('',(-0.,-0.,-1.));
#772 = DIRECTION('',(1.,0.,0.));
#773 = ADVANCED_FACE('',(#774),#793,.F.);
#774 = FACE_BOUND('',#775,.T.);
#775 = EDGE_LOOP('',(#776,#777,#785,#792));
#776 = ORIENTED_EDGE('',*,*,#255,.T.);
#777 = ORIENTED_EDGE('',*,*,#778,.T.);
#778 = EDGE_CURVE('',#248,#779,#781,.T.);
#779 = VERTEX_POINT('',#780);
#780 = CARTESIAN_POINT('',(-2.5,40.12,6.6));
#781 = LINE('',#782,#783);
#782 = CARTESIAN_POINT('',(-2.5,40.12,3.49));
#783 = VECTOR('',#784,1.);
#784 = DIRECTION('',(0.,0.,1.));
#785 = ORIENTED_EDGE('',*,*,#786,.F.);
#786 = EDGE_CURVE('',#399,#779,#787,.T.);
#787 = CIRCLE('',#788,1.62);
#788 = AXIS2_PLACEMENT_3D('',#789,#790,#791);
#789 = CARTESIAN_POINT('',(-2.5,38.5,6.6));
#790 = DIRECTION('',(0.,0.,-1.));
#791 = DIRECTION('',(1.,0.,0.));
#792 = ORIENTED_EDGE('',*,*,#398,.F.);
#793 = CYLINDRICAL_SURFACE('',#794,1.62);
#794 = AXIS2_PLACEMENT_3D('',#795,#796,#797);
#795 = CARTESIAN_POINT('',(-2.5,38.5,3.49));
#796 = DIRECTION('',(-0.,-0.,-1.));
#797 = DIRECTION('',(1.,0.,0.));
#798 = ADVANCED_FACE('',(#799),#817,.F.);
#799 = FACE_BOUND('',#800,.F.);
#800 = EDGE_LOOP('',(#801,#802,#803,#811));
#801 = ORIENTED_EDGE('',*,*,#247,.F.);
#802 = ORIENTED_EDGE('',*,*,#778,.T.);
#803 = ORIENTED_EDGE('',*,*,#804,.F.);
#804 = EDGE_CURVE('',#805,#779,#807,.T.);
#805 = VERTEX_POINT('',#806);
#806 = CARTESIAN_POINT('',(23.5,40.12,6.6));
#807 = LINE('',#808,#809);
#808 = CARTESIAN_POINT('',(4.,40.12,6.6));
#809 = VECTOR('',#810,1.);
#810 = DIRECTION('',(-1.,0.,0.));
#811 = ORIENTED_EDGE('',*,*,#812,.F.);
#812 = EDGE_CURVE('',#239,#805,#813,.T.);
#813 = LINE('',#814,#815);
#814 = CARTESIAN_POINT('',(23.5,40.12,3.49));
#815 = VECTOR('',#816,1.);
#816 = DIRECTION('',(0.,0.,1.));
#817 = PLANE('',#818);
#818 = AXIS2_PLACEMENT_3D('',#819,#820,#821);
#819 = CARTESIAN_POINT('',(-2.5,40.12,3.49));
#820 = DIRECTION('',(0.,1.,0.));
#821 = DIRECTION('',(0.,0.,1.));
#822 = ADVANCED_FACE('',(#823),#842,.F.);
#823 = FACE_BOUND('',#824,.T.);
#824 = EDGE_LOOP('',(#825,#826,#834,#841));
#825 = ORIENTED_EDGE('',*,*,#238,.T.);
#826 = ORIENTED_EDGE('',*,*,#827,.T.);
#827 = EDGE_CURVE('',#231,#828,#830,.T.);
#828 = VERTEX_POINT('',#829);
#829 = CARTESIAN_POINT('',(25.12,38.5,6.6));
#830 = LINE('',#831,#832);
#831 = CARTESIAN_POINT('',(25.12,38.5,3.49));
#832 = VECTOR('',#833,1.);
#833 = DIRECTION('',(0.,0.,1.));
#834 = ORIENTED_EDGE('',*,*,#835,.F.);
#835 = EDGE_CURVE('',#805,#828,#836,.T.);
#836 = CIRCLE('',#837,1.62);
#837 = AXIS2_PLACEMENT_3D('',#838,#839,#840);
#838 = CARTESIAN_POINT('',(23.5,38.5,6.6));
#839 = DIRECTION('',(0.,0.,-1.));
#840 = DIRECTION('',(1.,0.,0.));
#841 = ORIENTED_EDGE('',*,*,#812,.F.);
#842 = CYLINDRICAL_SURFACE('',#843,1.62);
#843 = AXIS2_PLACEMENT_3D('',#844,#845,#846);
#844 = CARTESIAN_POINT('',(23.5,38.5,3.49));
#845 = DIRECTION('',(-0.,-0.,-1.));
#846 = DIRECTION('',(1.,0.,0.));
#847 = ADVANCED_FACE('',(#848),#866,.F.);
#848 = FACE_BOUND('',#849,.F.);
#849 = EDGE_LOOP('',(#850,#858,#859,#860));
#850 = ORIENTED_EDGE('',*,*,#851,.F.);
#851 = EDGE_CURVE('',#222,#852,#854,.T.);
#852 = VERTEX_POINT('',#853);
#853 = CARTESIAN_POINT('',(25.12,7.5,6.6));
#854 = LINE('',#855,#856);
#855 = CARTESIAN_POINT('',(25.12,7.5,3.49));
#856 = VECTOR('',#857,1.);
#857 = DIRECTION('',(0.,0.,1.));
#858 = ORIENTED_EDGE('',*,*,#230,.F.);
#859 = ORIENTED_EDGE('',*,*,#827,.T.);
#860 = ORIENTED_EDGE('',*,*,#861,.F.);
#861 = EDGE_CURVE('',#852,#828,#862,.T.);
#862 = LINE('',#863,#864);
#863 = CARTESIAN_POINT('',(25.12,15.25,6.6));
#864 = VECTOR('',#865,1.);
#865 = DIRECTION('',(0.,1.,0.));
#866 = PLANE('',#867);
#867 = AXIS2_PLACEMENT_3D('',#868,#869,#870);
#868 = CARTESIAN_POINT('',(25.12,7.5,3.49));
#869 = DIRECTION('',(1.,0.,0.));
#870 = DIRECTION('',(0.,0.,1.));
#871 = ADVANCED_FACE('',(#872),#891,.F.);
#872 = FACE_BOUND('',#873,.T.);
#873 = EDGE_LOOP('',(#874,#875,#876,#884));
#874 = ORIENTED_EDGE('',*,*,#851,.F.);
#875 = ORIENTED_EDGE('',*,*,#221,.T.);
#876 = ORIENTED_EDGE('',*,*,#877,.F.);
#877 = EDGE_CURVE('',#878,#214,#880,.T.);
#878 = VERTEX_POINT('',#879);
#879 = CARTESIAN_POINT('',(24.4,6.153003340761,6.6));
#880 = LINE('',#881,#882);
#881 = CARTESIAN_POINT('',(24.4,6.153003340761,3.49));
#882 = VECTOR('',#883,1.);
#883 = DIRECTION('',(-0.,-0.,-1.));
#884 = ORIENTED_EDGE('',*,*,#885,.F.);
#885 = EDGE_CURVE('',#852,#878,#886,.T.);
#886 = CIRCLE('',#887,1.62);
#887 = AXIS2_PLACEMENT_3D('',#888,#889,#890);
#888 = CARTESIAN_POINT('',(23.5,7.5,6.6));
#889 = DIRECTION('',(0.,0.,-1.));
#890 = DIRECTION('',(1.,0.,0.));
#891 = CYLINDRICAL_SURFACE('',#892,1.62);
#892 = AXIS2_PLACEMENT_3D('',#893,#894,#895);
#893 = CARTESIAN_POINT('',(23.5,7.5,3.49));
#894 = DIRECTION('',(-0.,-0.,-1.));
#895 = DIRECTION('',(1.,0.,0.));
#896 = ADVANCED_FACE('',(#897),#947,.T.);
#897 = FACE_BOUND('',#898,.T.);
#898 = EDGE_LOOP('',(#899,#909,#917,#923,#924,#925,#933,#941));
#899 = ORIENTED_EDGE('',*,*,#900,.T.);
#900 = EDGE_CURVE('',#901,#903,#905,.T.);
#901 = VERTEX_POINT('',#902);
#902 = CARTESIAN_POINT('',(24.4,38.8,6.8));
#903 = VERTEX_POINT('',#904);
#904 = CARTESIAN_POINT('',(24.4,5.2,6.8));
#905 = LINE('',#906,#907);
#906 = CARTESIAN_POINT('',(24.4,14.1,6.8));
#907 = VECTOR('',#908,1.);
#908 = DIRECTION('',(0.,-1.,0.));
#909 = ORIENTED_EDGE('',*,*,#910,.F.);
#910 = EDGE_CURVE('',#911,#903,#913,.T.);
#911 = VERTEX_POINT('',#912);
#912 = CARTESIAN_POINT('',(24.4,5.2,6.6));
#913 = LINE('',#914,#915);
#914 = CARTESIAN_POINT('',(24.4,5.2,1.4));
#915 = VECTOR('',#916,1.);
#916 = DIRECTION('',(0.,0.,1.));
#917 = ORIENTED_EDGE('',*,*,#918,.T.);
#918 = EDGE_CURVE('',#911,#878,#919,.T.);
#919 = LINE('',#920,#921);
#920 = CARTESIAN_POINT('',(24.4,14.1,6.6));
#921 = VECTOR('',#922,1.);
#922 = DIRECTION('',(0.,1.,0.));
#923 = ORIENTED_EDGE('',*,*,#877,.T.);
#924 = ORIENTED_EDGE('',*,*,#213,.T.);
#925 = ORIENTED_EDGE('',*,*,#926,.F.);
#926 = EDGE_CURVE('',#927,#206,#929,.T.);
#927 = VERTEX_POINT('',#928);
#928 = CARTESIAN_POINT('',(24.4,5.2,1.4));
#929 = LINE('',#930,#931);
#930 = CARTESIAN_POINT('',(24.4,5.2,1.4));
#931 = VECTOR('',#932,1.);
#932 = DIRECTION('',(0.,0.,1.));
#933 = ORIENTED_EDGE('',*,*,#934,.T.);
#934 = EDGE_CURVE('',#927,#935,#937,.T.);
#935 = VERTEX_POINT('',#936);
#936 = CARTESIAN_POINT('',(24.4,38.8,1.4));
#937 = LINE('',#938,#939);
#938 = CARTESIAN_POINT('',(24.4,37.7,1.4));
#939 = VECTOR('',#940,1.);
#940 = DIRECTION('',(0.,1.,0.));
#941 = ORIENTED_EDGE('',*,*,#942,.T.);
#942 = EDGE_CURVE('',#935,#901,#943,.T.);
#943 = LINE('',#944,#945);
#944 = CARTESIAN_POINT('',(24.4,38.8,1.4));
#945 = VECTOR('',#946,1.);
#946 = DIRECTION('',(0.,0.,1.));
#947 = PLANE('',#948);
#948 = AXIS2_PLACEMENT_3D('',#949,#950,#951);
#949 = CARTESIAN_POINT('',(24.4,21.647606135069,4.122660453483));
#950 = DIRECTION('',(1.,0.,0.));
#951 = DIRECTION('',(0.,0.,1.));
#952 = ADVANCED_FACE('',(#953),#971,.F.);
#953 = FACE_BOUND('',#954,.F.);
#954 = EDGE_LOOP('',(#955,#956,#964,#970));
#955 = ORIENTED_EDGE('',*,*,#926,.F.);
#956 = ORIENTED_EDGE('',*,*,#957,.F.);
#957 = EDGE_CURVE('',#958,#927,#960,.T.);
#958 = VERTEX_POINT('',#959);
#959 = CARTESIAN_POINT('',(0.6,5.2,1.4));
#960 = LINE('',#961,#962);
#961 = CARTESIAN_POINT('',(0.6,5.2,1.4));
#962 = VECTOR('',#963,1.);
#963 = DIRECTION('',(1.,0.,0.));
#964 = ORIENTED_EDGE('',*,*,#965,.T.);
#965 = EDGE_CURVE('',#958,#198,#966,.T.);
#966 = LINE('',#967,#968);
#967 = CARTESIAN_POINT('',(0.6,5.2,1.4));
#968 = VECTOR('',#969,1.);
#969 = DIRECTION('',(0.,0.,1.));
#970 = ORIENTED_EDGE('',*,*,#205,.T.);
#971 = PLANE('',#972);
#972 = AXIS2_PLACEMENT_3D('',#973,#974,#975);
#973 = CARTESIAN_POINT('',(0.6,5.2,1.4));
#974 = DIRECTION('',(0.,1.,0.));
#975 = DIRECTION('',(0.,0.,1.));
#976 = ADVANCED_FACE('',(#977,#1027),#1061,.T.);
#977 = FACE_BOUND('',#978,.T.);
#978 = EDGE_LOOP('',(#979,#989,#997,#1003,#1004,#1005,#1013,#1021));
#979 = ORIENTED_EDGE('',*,*,#980,.F.);
#980 = EDGE_CURVE('',#981,#983,#985,.T.);
#981 = VERTEX_POINT('',#982);
#982 = CARTESIAN_POINT('',(0.6,38.8,6.8));
#983 = VERTEX_POINT('',#984);
#984 = CARTESIAN_POINT('',(0.6,5.2,6.8));
#985 = LINE('',#986,#987);
#986 = CARTESIAN_POINT('',(0.6,30.35,6.8));
#987 = VECTOR('',#988,1.);
#988 = DIRECTION('',(0.,-1.,0.));
#989 = ORIENTED_EDGE('',*,*,#990,.F.);
#990 = EDGE_CURVE('',#991,#981,#993,.T.);
#991 = VERTEX_POINT('',#992);
#992 = CARTESIAN_POINT('',(0.6,38.8,1.4));
#993 = LINE('',#994,#995);
#994 = CARTESIAN_POINT('',(0.6,38.8,1.4));
#995 = VECTOR('',#996,1.);
#996 = DIRECTION('',(0.,0.,1.));
#997 = ORIENTED_EDGE('',*,*,#998,.F.);
#998 = EDGE_CURVE('',#958,#991,#999,.T.);
#999 = LINE('',#1000,#1001);
#1000 = CARTESIAN_POINT('',(0.6,37.7,1.4));
#1001 = VECTOR('',#1002,1.);
#1002 = DIRECTION('',(0.,1.,0.));
#1003 = ORIENTED_EDGE('',*,*,#965,.T.);
#1004 = ORIENTED_EDGE('',*,*,#197,.F.);
#1005 = ORIENTED_EDGE('',*,*,#1006,.F.);
#1006 = EDGE_CURVE('',#1007,#190,#1009,.T.);
#1007 = VERTEX_POINT('',#1008);
#1008 = CARTESIAN_POINT('',(0.6,5.88,6.6));
#1009 = LINE('',#1010,#1011);
#1010 = CARTESIAN_POINT('',(0.6,5.88,2.445));
#1011 = VECTOR('',#1012,1.);
#1012 = DIRECTION('',(0.,0.,-1.));
#1013 = ORIENTED_EDGE('',*,*,#1014,.F.);
#1014 = EDGE_CURVE('',#1015,#1007,#1017,.T.);
#1015 = VERTEX_POINT('',#1016);
#1016 = CARTESIAN_POINT('',(0.6,5.2,6.6));
#1017 = LINE('',#1018,#1019);
#1018 = CARTESIAN_POINT('',(0.6,14.1,6.6));
#1019 = VECTOR('',#1020,1.);
#1020 = DIRECTION('',(0.,1.,0.));
#1021 = ORIENTED_EDGE('',*,*,#1022,.T.);
#1022 = EDGE_CURVE('',#1015,#983,#1023,.T.);
#1023 = LINE('',#1024,#1025);
#1024 = CARTESIAN_POINT('',(0.6,5.2,1.4));
#1025 = VECTOR('',#1026,1.);
#1026 = DIRECTION('',(0.,0.,1.));
#1027 = FACE_BOUND('',#1028,.T.);
#1028 = EDGE_LOOP('',(#1029,#1039,#1047,#1055));
#1029 = ORIENTED_EDGE('',*,*,#1030,.F.);
#1030 = EDGE_CURVE('',#1031,#1033,#1035,.T.);
#1031 = VERTEX_POINT('',#1032);
#1032 = CARTESIAN_POINT('',(0.6,19.5,6.3));
#1033 = VERTEX_POINT('',#1034);
#1034 = CARTESIAN_POINT('',(0.6,28.5,6.3));
#1035 = LINE('',#1036,#1037);
#1036 = CARTESIAN_POINT('',(0.6,20.622242943548,6.3));
#1037 = VECTOR('',#1038,1.);
#1038 = DIRECTION('',(0.,1.,0.));
#1039 = ORIENTED_EDGE('',*,*,#1040,.T.);
#1040 = EDGE_CURVE('',#1031,#1041,#1043,.T.);
#1041 = VERTEX_POINT('',#1042);
#1042 = CARTESIAN_POINT('',(0.6,19.5,1.7));
#1043 = LINE('',#1044,#1045);
#1044 = CARTESIAN_POINT('',(0.6,19.5,2.908140120968));
#1045 = VECTOR('',#1046,1.);
#1046 = DIRECTION('',(0.,0.,-1.));
#1047 = ORIENTED_EDGE('',*,*,#1048,.T.);
#1048 = EDGE_CURVE('',#1041,#1049,#1051,.T.);
#1049 = VERTEX_POINT('',#1050);
#1050 = CARTESIAN_POINT('',(0.6,28.5,1.7));
#1051 = LINE('',#1052,#1053);
#1052 = CARTESIAN_POINT('',(0.6,20.622242943548,1.7));
#1053 = VECTOR('',#1054,1.);
#1054 = DIRECTION('',(0.,1.,0.));
#1055 = ORIENTED_EDGE('',*,*,#1056,.F.);
#1056 = EDGE_CURVE('',#1033,#1049,#1057,.T.);
#1057 = LINE('',#1058,#1059);
#1058 = CARTESIAN_POINT('',(0.6,28.5,2.908140120968));
#1059 = VECTOR('',#1060,1.);
#1060 = DIRECTION('',(0.,0.,-1.));
#1061 = PLANE('',#1062);
#1062 = AXIS2_PLACEMENT_3D('',#1063,#1064,#1065);
#1063 = CARTESIAN_POINT('',(0.6,21.744485887097,4.116280241935));
#1064 = DIRECTION('',(-1.,-0.,-0.));
#1065 = DIRECTION('',(0.,0.,-1.));
#1066 = ADVANCED_FACE('',(#1067),#1078,.T.);
#1067 = FACE_BOUND('',#1068,.T.);
#1068 = EDGE_LOOP('',(#1069,#1070,#1071,#1077));
#1069 = ORIENTED_EDGE('',*,*,#189,.F.);
#1070 = ORIENTED_EDGE('',*,*,#752,.T.);
#1071 = ORIENTED_EDGE('',*,*,#1072,.F.);
#1072 = EDGE_CURVE('',#1007,#753,#1073,.T.);
#1073 = LINE('',#1074,#1075);
#1074 = CARTESIAN_POINT('',(4.,5.88,6.6));
#1075 = VECTOR('',#1076,1.);
#1076 = DIRECTION('',(-1.,0.,0.));
#1077 = ORIENTED_EDGE('',*,*,#1006,.T.);
#1078 = PLANE('',#1079);
#1079 = AXIS2_PLACEMENT_3D('',#1080,#1081,#1082);
#1080 = CARTESIAN_POINT('',(-2.5,5.88,3.49));
#1081 = DIRECTION('',(0.,1.,0.));
#1082 = DIRECTION('',(0.,0.,1.));
#1083 = ADVANCED_FACE('',(#1084,#1094),#1112,.T.);
#1084 = FACE_BOUND('',#1085,.T.);
#1085 = EDGE_LOOP('',(#1086,#1087,#1088,#1089,#1090,#1091,#1092,#1093));
#1086 = ORIENTED_EDGE('',*,*,#437,.T.);
#1087 = ORIENTED_EDGE('',*,*,#546,.T.);
#1088 = ORIENTED_EDGE('',*,*,#603,.T.);
#1089 = ORIENTED_EDGE('',*,*,#652,.T.);
#1090 = ORIENTED_EDGE('',*,*,#736,.T.);
#1091 = ORIENTED_EDGE('',*,*,#620,.F.);
#1092 = ORIENTED_EDGE('',*,*,#577,.T.);
#1093 = ORIENTED_EDGE('',*,*,#462,.F.);
#1094 = FACE_BOUND('',#1095,.T.);
#1095 = EDGE_LOOP('',(#1096,#1097,#1098,#1099,#1100,#1101,#1102,#1103,
    #1104,#1105,#1106));
#1096 = ORIENTED_EDGE('',*,*,#1014,.T.);
#1097 = ORIENTED_EDGE('',*,*,#1072,.T.);
#1098 = ORIENTED_EDGE('',*,*,#762,.T.);
#1099 = ORIENTED_EDGE('',*,*,#406,.T.);
#1100 = ORIENTED_EDGE('',*,*,#786,.T.);
#1101 = ORIENTED_EDGE('',*,*,#804,.F.);
#1102 = ORIENTED_EDGE('',*,*,#835,.T.);
#1103 = ORIENTED_EDGE('',*,*,#861,.F.);
#1104 = ORIENTED_EDGE('',*,*,#885,.T.);
#1105 = ORIENTED_EDGE('',*,*,#918,.F.);
#1106 = ORIENTED_EDGE('',*,*,#1107,.T.);
#1107 = EDGE_CURVE('',#911,#1015,#1108,.T.);
#1108 = LINE('',#1109,#1110);
#1109 = CARTESIAN_POINT('',(5.55,5.2,6.6));
#1110 = VECTOR('',#1111,1.);
#1111 = DIRECTION('',(-1.,0.,0.));
#1112 = PLANE('',#1113);
#1113 = AXIS2_PLACEMENT_3D('',#1114,#1115,#1116);
#1114 = CARTESIAN_POINT('',(10.5,23.,6.6));
#1115 = DIRECTION('',(0.,0.,1.));
#1116 = DIRECTION('',(1.,0.,0.));
#1117 = ADVANCED_FACE('',(#1118),#1143,.T.);
#1118 = FACE_BOUND('',#1119,.T.);
#1119 = EDGE_LOOP('',(#1120,#1121,#1129,#1137));
#1120 = ORIENTED_EDGE('',*,*,#470,.F.);
#1121 = ORIENTED_EDGE('',*,*,#1122,.T.);
#1122 = EDGE_CURVE('',#471,#1123,#1125,.T.);
#1123 = VERTEX_POINT('',#1124);
#1124 = CARTESIAN_POINT('',(-5.62,36.,4.52));
#1125 = LINE('',#1126,#1127);
#1126 = CARTESIAN_POINT('',(-5.3,36.,4.2));
#1127 = VECTOR('',#1128,1.);
#1128 = DIRECTION('',(-0.707106781187,0.,0.707106781187));
#1129 = ORIENTED_EDGE('',*,*,#1130,.T.);
#1130 = EDGE_CURVE('',#1123,#1131,#1133,.T.);
#1131 = VERTEX_POINT('',#1132);
#1132 = CARTESIAN_POINT('',(-5.62,36.,4.78));
#1133 = LINE('',#1134,#1135);
#1134 = CARTESIAN_POINT('',(-5.62,36.,4.52));
#1135 = VECTOR('',#1136,1.);
#1136 = DIRECTION('',(0.,0.,1.));
#1137 = ORIENTED_EDGE('',*,*,#1138,.T.);
#1138 = EDGE_CURVE('',#1131,#473,#1139,.T.);
#1139 = LINE('',#1140,#1141);
#1140 = CARTESIAN_POINT('',(-5.62,36.,4.78));
#1141 = VECTOR('',#1142,1.);
#1142 = DIRECTION('',(0.707106781187,0.,0.707106781187));
#1143 = PLANE('',#1144);
#1144 = AXIS2_PLACEMENT_3D('',#1145,#1146,#1147);
#1145 = CARTESIAN_POINT('',(-5.410413943814,36.,4.65));
#1146 = DIRECTION('',(0.,1.,0.));
#1147 = DIRECTION('',(0.,0.,1.));
#1148 = ADVANCED_FACE('',(#1149),#1167,.F.);
#1149 = FACE_BOUND('',#1150,.F.);
#1150 = EDGE_LOOP('',(#1151,#1159,#1165,#1166));
#1151 = ORIENTED_EDGE('',*,*,#1152,.F.);
#1152 = EDGE_CURVE('',#1153,#489,#1155,.T.);
#1153 = VERTEX_POINT('',#1154);
#1154 = CARTESIAN_POINT('',(-5.62,31.,4.78));
#1155 = LINE('',#1156,#1157);
#1156 = CARTESIAN_POINT('',(-5.62,31.,4.78));
#1157 = VECTOR('',#1158,1.);
#1158 = DIRECTION('',(0.707106781187,0.,0.707106781187));
#1159 = ORIENTED_EDGE('',*,*,#1160,.T.);
#1160 = EDGE_CURVE('',#1153,#1131,#1161,.T.);
#1161 = LINE('',#1162,#1163);
#1162 = CARTESIAN_POINT('',(-5.62,31.,4.78));
#1163 = VECTOR('',#1164,1.);
#1164 = DIRECTION('',(0.,1.,0.));
#1165 = ORIENTED_EDGE('',*,*,#1138,.T.);
#1166 = ORIENTED_EDGE('',*,*,#496,.F.);
#1167 = PLANE('',#1168);
#1168 = AXIS2_PLACEMENT_3D('',#1169,#1170,#1171);
#1169 = CARTESIAN_POINT('',(-5.62,31.,4.78));
#1170 = DIRECTION('',(0.707106781187,0.,-0.707106781187));
#1171 = DIRECTION('',(0.707106781187,0.,0.707106781187));
#1172 = ADVANCED_FACE('',(#1173),#1191,.F.);
#1173 = FACE_BOUND('',#1174,.F.);
#1174 = EDGE_LOOP('',(#1175,#1176,#1184,#1190));
#1175 = ORIENTED_EDGE('',*,*,#488,.F.);
#1176 = ORIENTED_EDGE('',*,*,#1177,.T.);
#1177 = EDGE_CURVE('',#481,#1178,#1180,.T.);
#1178 = VERTEX_POINT('',#1179);
#1179 = CARTESIAN_POINT('',(-5.62,31.,4.52));
#1180 = LINE('',#1181,#1182);
#1181 = CARTESIAN_POINT('',(-5.3,31.,4.2));
#1182 = VECTOR('',#1183,1.);
#1183 = DIRECTION('',(-0.707106781187,0.,0.707106781187));
#1184 = ORIENTED_EDGE('',*,*,#1185,.T.);
#1185 = EDGE_CURVE('',#1178,#1153,#1186,.T.);
#1186 = LINE('',#1187,#1188);
#1187 = CARTESIAN_POINT('',(-5.62,31.,4.52));
#1188 = VECTOR('',#1189,1.);
#1189 = DIRECTION('',(0.,0.,1.));
#1190 = ORIENTED_EDGE('',*,*,#1152,.T.);
#1191 = PLANE('',#1192);
#1192 = AXIS2_PLACEMENT_3D('',#1193,#1194,#1195);
#1193 = CARTESIAN_POINT('',(-5.410413943814,31.,4.65));
#1194 = DIRECTION('',(0.,1.,0.));
#1195 = DIRECTION('',(0.,0.,1.));
#1196 = ADVANCED_FACE('',(#1197),#1208,.F.);
#1197 = FACE_BOUND('',#1198,.F.);
#1198 = EDGE_LOOP('',(#1199,#1200,#1201,#1202));
#1199 = ORIENTED_EDGE('',*,*,#1177,.F.);
#1200 = ORIENTED_EDGE('',*,*,#480,.F.);
#1201 = ORIENTED_EDGE('',*,*,#1122,.T.);
#1202 = ORIENTED_EDGE('',*,*,#1203,.F.);
#1203 = EDGE_CURVE('',#1178,#1123,#1204,.T.);
#1204 = LINE('',#1205,#1206);
#1205 = CARTESIAN_POINT('',(-5.62,31.,4.52));
#1206 = VECTOR('',#1207,1.);
#1207 = DIRECTION('',(0.,1.,0.));
#1208 = PLANE('',#1209);
#1209 = AXIS2_PLACEMENT_3D('',#1210,#1211,#1212);
#1210 = CARTESIAN_POINT('',(-5.3,31.,4.2));
#1211 = DIRECTION('',(0.707106781187,0.,0.707106781187));
#1212 = DIRECTION('',(-0.707106781187,0.,0.707106781187));
#1213 = ADVANCED_FACE('',(#1214),#1239,.T.);
#1214 = FACE_BOUND('',#1215,.T.);
#1215 = EDGE_LOOP('',(#1216,#1217,#1225,#1233));
#1216 = ORIENTED_EDGE('',*,*,#504,.F.);
#1217 = ORIENTED_EDGE('',*,*,#1218,.T.);
#1218 = EDGE_CURVE('',#505,#1219,#1221,.T.);
#1219 = VERTEX_POINT('',#1220);
#1220 = CARTESIAN_POINT('',(-5.62,17.,4.52));
#1221 = LINE('',#1222,#1223);
#1222 = CARTESIAN_POINT('',(-5.3,17.,4.2));
#1223 = VECTOR('',#1224,1.);
#1224 = DIRECTION('',(-0.707106781187,0.,0.707106781187));
#1225 = ORIENTED_EDGE('',*,*,#1226,.T.);
#1226 = EDGE_CURVE('',#1219,#1227,#1229,.T.);
#1227 = VERTEX_POINT('',#1228);
#1228 = CARTESIAN_POINT('',(-5.62,17.,4.78));
#1229 = LINE('',#1230,#1231);
#1230 = CARTESIAN_POINT('',(-5.62,17.,4.52));
#1231 = VECTOR('',#1232,1.);
#1232 = DIRECTION('',(0.,0.,1.));
#1233 = ORIENTED_EDGE('',*,*,#1234,.T.);
#1234 = EDGE_CURVE('',#1227,#507,#1235,.T.);
#1235 = LINE('',#1236,#1237);
#1236 = CARTESIAN_POINT('',(-5.62,17.,4.78));
#1237 = VECTOR('',#1238,1.);
#1238 = DIRECTION('',(0.707106781187,0.,0.707106781187));
#1239 = PLANE('',#1240);
#1240 = AXIS2_PLACEMENT_3D('',#1241,#1242,#1243);
#1241 = CARTESIAN_POINT('',(-5.410413943814,17.,4.65));
#1242 = DIRECTION('',(0.,1.,0.));
#1243 = DIRECTION('',(0.,0.,1.));
#1244 = ADVANCED_FACE('',(#1245),#1263,.F.);
#1245 = FACE_BOUND('',#1246,.F.);
#1246 = EDGE_LOOP('',(#1247,#1255,#1261,#1262));
#1247 = ORIENTED_EDGE('',*,*,#1248,.F.);
#1248 = EDGE_CURVE('',#1249,#523,#1251,.T.);
#1249 = VERTEX_POINT('',#1250);
#1250 = CARTESIAN_POINT('',(-5.62,12.,4.78));
#1251 = LINE('',#1252,#1253);
#1252 = CARTESIAN_POINT('',(-5.62,12.,4.78));
#1253 = VECTOR('',#1254,1.);
#1254 = DIRECTION('',(0.707106781187,0.,0.707106781187));
#1255 = ORIENTED_EDGE('',*,*,#1256,.T.);
#1256 = EDGE_CURVE('',#1249,#1227,#1257,.T.);
#1257 = LINE('',#1258,#1259);
#1258 = CARTESIAN_POINT('',(-5.62,12.,4.78));
#1259 = VECTOR('',#1260,1.);
#1260 = DIRECTION('',(0.,1.,0.));
#1261 = ORIENTED_EDGE('',*,*,#1234,.T.);
#1262 = ORIENTED_EDGE('',*,*,#530,.F.);
#1263 = PLANE('',#1264);
#1264 = AXIS2_PLACEMENT_3D('',#1265,#1266,#1267);
#1265 = CARTESIAN_POINT('',(-5.62,12.,4.78));
#1266 = DIRECTION('',(0.707106781187,0.,-0.707106781187));
#1267 = DIRECTION('',(0.707106781187,0.,0.707106781187));
#1268 = ADVANCED_FACE('',(#1269),#1287,.F.);
#1269 = FACE_BOUND('',#1270,.F.);
#1270 = EDGE_LOOP('',(#1271,#1272,#1280,#1286));
#1271 = ORIENTED_EDGE('',*,*,#522,.F.);
#1272 = ORIENTED_EDGE('',*,*,#1273,.T.);
#1273 = EDGE_CURVE('',#515,#1274,#1276,.T.);
#1274 = VERTEX_POINT('',#1275);
#1275 = CARTESIAN_POINT('',(-5.62,12.,4.52));
#1276 = LINE('',#1277,#1278);
#1277 = CARTESIAN_POINT('',(-5.3,12.,4.2));
#1278 = VECTOR('',#1279,1.);
#1279 = DIRECTION('',(-0.707106781187,0.,0.707106781187));
#1280 = ORIENTED_EDGE('',*,*,#1281,.T.);
#1281 = EDGE_CURVE('',#1274,#1249,#1282,.T.);
#1282 = LINE('',#1283,#1284);
#1283 = CARTESIAN_POINT('',(-5.62,12.,4.52));
#1284 = VECTOR('',#1285,1.);
#1285 = DIRECTION('',(0.,0.,1.));
#1286 = ORIENTED_EDGE('',*,*,#1248,.T.);
#1287 = PLANE('',#1288);
#1288 = AXIS2_PLACEMENT_3D('',#1289,#1290,#1291);
#1289 = CARTESIAN_POINT('',(-5.410413943814,12.,4.65));
#1290 = DIRECTION('',(0.,1.,0.));
#1291 = DIRECTION('',(0.,0.,1.));
#1292 = ADVANCED_FACE('',(#1293),#1304,.F.);
#1293 = FACE_BOUND('',#1294,.F.);
#1294 = EDGE_LOOP('',(#1295,#1296,#1297,#1298));
#1295 = ORIENTED_EDGE('',*,*,#1273,.F.);
#1296 = ORIENTED_EDGE('',*,*,#514,.F.);
#1297 = ORIENTED_EDGE('',*,*,#1218,.T.);
#1298 = ORIENTED_EDGE('',*,*,#1299,.F.);
#1299 = EDGE_CURVE('',#1274,#1219,#1300,.T.);
#1300 = LINE('',#1301,#1302);
#1301 = CARTESIAN_POINT('',(-5.62,12.,4.52));
#1302 = VECTOR('',#1303,1.);
#1303 = DIRECTION('',(0.,1.,0.));
#1304 = PLANE('',#1305);
#1305 = AXIS2_PLACEMENT_3D('',#1306,#1307,#1308);
#1306 = CARTESIAN_POINT('',(-5.3,12.,4.2));
#1307 = DIRECTION('',(0.707106781187,0.,0.707106781187));
#1308 = DIRECTION('',(-0.707106781187,0.,0.707106781187));
#1309 = ADVANCED_FACE('',(#1310),#1335,.T.);
#1310 = FACE_BOUND('',#1311,.T.);
#1311 = EDGE_LOOP('',(#1312,#1320,#1321,#1329));
#1312 = ORIENTED_EDGE('',*,*,#1313,.F.);
#1313 = EDGE_CURVE('',#661,#1314,#1316,.T.);
#1314 = VERTEX_POINT('',#1315);
#1315 = CARTESIAN_POINT('',(26.62,31.,4.52));
#1316 = LINE('',#1317,#1318);
#1317 = CARTESIAN_POINT('',(26.3,31.,4.2));
#1318 = VECTOR('',#1319,1.);
#1319 = DIRECTION('',(0.707106781187,0.,0.707106781187));
#1320 = ORIENTED_EDGE('',*,*,#660,.T.);
#1321 = ORIENTED_EDGE('',*,*,#1322,.T.);
#1322 = EDGE_CURVE('',#663,#1323,#1325,.T.);
#1323 = VERTEX_POINT('',#1324);
#1324 = CARTESIAN_POINT('',(26.62,36.,4.52));
#1325 = LINE('',#1326,#1327);
#1326 = CARTESIAN_POINT('',(26.3,36.,4.2));
#1327 = VECTOR('',#1328,1.);
#1328 = DIRECTION('',(0.707106781187,0.,0.707106781187));
#1329 = ORIENTED_EDGE('',*,*,#1330,.F.);
#1330 = EDGE_CURVE('',#1314,#1323,#1331,.T.);
#1331 = LINE('',#1332,#1333);
#1332 = CARTESIAN_POINT('',(26.62,31.,4.52));
#1333 = VECTOR('',#1334,1.);
#1334 = DIRECTION('',(0.,1.,0.));
#1335 = PLANE('',#1336);
#1336 = AXIS2_PLACEMENT_3D('',#1337,#1338,#1339);
#1337 = CARTESIAN_POINT('',(26.3,31.,4.2));
#1338 = DIRECTION('',(0.707106781187,0.,-0.707106781187));
#1339 = DIRECTION('',(0.707106781187,0.,0.707106781187));
#1340 = ADVANCED_FACE('',(#1341),#1359,.F.);
#1341 = FACE_BOUND('',#1342,.F.);
#1342 = EDGE_LOOP('',(#1343,#1344,#1345,#1353));
#1343 = ORIENTED_EDGE('',*,*,#686,.T.);
#1344 = ORIENTED_EDGE('',*,*,#1322,.T.);
#1345 = ORIENTED_EDGE('',*,*,#1346,.T.);
#1346 = EDGE_CURVE('',#1323,#1347,#1349,.T.);
#1347 = VERTEX_POINT('',#1348);
#1348 = CARTESIAN_POINT('',(26.62,36.,4.78));
#1349 = LINE('',#1350,#1351);
#1350 = CARTESIAN_POINT('',(26.62,36.,4.52));
#1351 = VECTOR('',#1352,1.);
#1352 = DIRECTION('',(0.,0.,1.));
#1353 = ORIENTED_EDGE('',*,*,#1354,.T.);
#1354 = EDGE_CURVE('',#1347,#679,#1355,.T.);
#1355 = LINE('',#1356,#1357);
#1356 = CARTESIAN_POINT('',(26.62,36.,4.78));
#1357 = VECTOR('',#1358,1.);
#1358 = DIRECTION('',(-0.707106781187,0.,0.707106781187));
#1359 = PLANE('',#1360);
#1360 = AXIS2_PLACEMENT_3D('',#1361,#1362,#1363);
#1361 = CARTESIAN_POINT('',(26.410413943814,36.,4.65));
#1362 = DIRECTION('',(-0.,-1.,-0.));
#1363 = DIRECTION('',(0.,0.,-1.));
#1364 = ADVANCED_FACE('',(#1365),#1383,.T.);
#1365 = FACE_BOUND('',#1366,.T.);
#1366 = EDGE_LOOP('',(#1367,#1375,#1381,#1382));
#1367 = ORIENTED_EDGE('',*,*,#1368,.F.);
#1368 = EDGE_CURVE('',#1369,#671,#1371,.T.);
#1369 = VERTEX_POINT('',#1370);
#1370 = CARTESIAN_POINT('',(26.62,31.,4.78));
#1371 = LINE('',#1372,#1373);
#1372 = CARTESIAN_POINT('',(26.62,31.,4.78));
#1373 = VECTOR('',#1374,1.);
#1374 = DIRECTION('',(-0.707106781187,0.,0.707106781187));
#1375 = ORIENTED_EDGE('',*,*,#1376,.T.);
#1376 = EDGE_CURVE('',#1369,#1347,#1377,.T.);
#1377 = LINE('',#1378,#1379);
#1378 = CARTESIAN_POINT('',(26.62,31.,4.78));
#1379 = VECTOR('',#1380,1.);
#1380 = DIRECTION('',(0.,1.,0.));
#1381 = ORIENTED_EDGE('',*,*,#1354,.T.);
#1382 = ORIENTED_EDGE('',*,*,#678,.T.);
#1383 = PLANE('',#1384);
#1384 = AXIS2_PLACEMENT_3D('',#1385,#1386,#1387);
#1385 = CARTESIAN_POINT('',(26.62,31.,4.78));
#1386 = DIRECTION('',(0.707106781187,0.,0.707106781187));
#1387 = DIRECTION('',(-0.707106781187,0.,0.707106781187));
#1388 = ADVANCED_FACE('',(#1389),#1400,.T.);
#1389 = FACE_BOUND('',#1390,.T.);
#1390 = EDGE_LOOP('',(#1391,#1392,#1393,#1399));
#1391 = ORIENTED_EDGE('',*,*,#670,.T.);
#1392 = ORIENTED_EDGE('',*,*,#1313,.T.);
#1393 = ORIENTED_EDGE('',*,*,#1394,.T.);
#1394 = EDGE_CURVE('',#1314,#1369,#1395,.T.);
#1395 = LINE('',#1396,#1397);
#1396 = CARTESIAN_POINT('',(26.62,31.,4.52));
#1397 = VECTOR('',#1398,1.);
#1398 = DIRECTION('',(0.,0.,1.));
#1399 = ORIENTED_EDGE('',*,*,#1368,.T.);
#1400 = PLANE('',#1401);
#1401 = AXIS2_PLACEMENT_3D('',#1402,#1403,#1404);
#1402 = CARTESIAN_POINT('',(26.410413943814,31.,4.65));
#1403 = DIRECTION('',(-0.,-1.,-0.));
#1404 = DIRECTION('',(0.,0.,-1.));
#1405 = ADVANCED_FACE('',(#1406),#1431,.T.);
#1406 = FACE_BOUND('',#1407,.T.);
#1407 = EDGE_LOOP('',(#1408,#1416,#1417,#1425));
#1408 = ORIENTED_EDGE('',*,*,#1409,.F.);
#1409 = EDGE_CURVE('',#695,#1410,#1412,.T.);
#1410 = VERTEX_POINT('',#1411);
#1411 = CARTESIAN_POINT('',(26.62,12.,4.52));
#1412 = LINE('',#1413,#1414);
#1413 = CARTESIAN_POINT('',(26.3,12.,4.2));
#1414 = VECTOR('',#1415,1.);
#1415 = DIRECTION('',(0.707106781187,0.,0.707106781187));
#1416 = ORIENTED_EDGE('',*,*,#694,.T.);
#1417 = ORIENTED_EDGE('',*,*,#1418,.T.);
#1418 = EDGE_CURVE('',#697,#1419,#1421,.T.);
#1419 = VERTEX_POINT('',#1420);
#1420 = CARTESIAN_POINT('',(26.62,17.,4.52));
#1421 = LINE('',#1422,#1423);
#1422 = CARTESIAN_POINT('',(26.3,17.,4.2));
#1423 = VECTOR('',#1424,1.);
#1424 = DIRECTION('',(0.707106781187,0.,0.707106781187));
#1425 = ORIENTED_EDGE('',*,*,#1426,.F.);
#1426 = EDGE_CURVE('',#1410,#1419,#1427,.T.);
#1427 = LINE('',#1428,#1429);
#1428 = CARTESIAN_POINT('',(26.62,12.,4.52));
#1429 = VECTOR('',#1430,1.);
#1430 = DIRECTION('',(0.,1.,0.));
#1431 = PLANE('',#1432);
#1432 = AXIS2_PLACEMENT_3D('',#1433,#1434,#1435);
#1433 = CARTESIAN_POINT('',(26.3,12.,4.2));
#1434 = DIRECTION('',(0.707106781187,0.,-0.707106781187));
#1435 = DIRECTION('',(0.707106781187,0.,0.707106781187));
#1436 = ADVANCED_FACE('',(#1437),#1455,.F.);
#1437 = FACE_BOUND('',#1438,.F.);
#1438 = EDGE_LOOP('',(#1439,#1440,#1441,#1449));
#1439 = ORIENTED_EDGE('',*,*,#720,.T.);
#1440 = ORIENTED_EDGE('',*,*,#1418,.T.);
#1441 = ORIENTED_EDGE('',*,*,#1442,.T.);
#1442 = EDGE_CURVE('',#1419,#1443,#1445,.T.);
#1443 = VERTEX_POINT('',#1444);
#1444 = CARTESIAN_POINT('',(26.62,17.,4.78));
#1445 = LINE('',#1446,#1447);
#1446 = CARTESIAN_POINT('',(26.62,17.,4.52));
#1447 = VECTOR('',#1448,1.);
#1448 = DIRECTION('',(0.,0.,1.));
#1449 = ORIENTED_EDGE('',*,*,#1450,.T.);
#1450 = EDGE_CURVE('',#1443,#713,#1451,.T.);
#1451 = LINE('',#1452,#1453);
#1452 = CARTESIAN_POINT('',(26.62,17.,4.78));
#1453 = VECTOR('',#1454,1.);
#1454 = DIRECTION('',(-0.707106781187,0.,0.707106781187));
#1455 = PLANE('',#1456);
#1456 = AXIS2_PLACEMENT_3D('',#1457,#1458,#1459);
#1457 = CARTESIAN_POINT('',(26.410413943814,17.,4.65));
#1458 = DIRECTION('',(-0.,-1.,-0.));
#1459 = DIRECTION('',(0.,0.,-1.));
#1460 = ADVANCED_FACE('',(#1461),#1479,.T.);
#1461 = FACE_BOUND('',#1462,.T.);
#1462 = EDGE_LOOP('',(#1463,#1471,#1477,#1478));
#1463 = ORIENTED_EDGE('',*,*,#1464,.F.);
#1464 = EDGE_CURVE('',#1465,#705,#1467,.T.);
#1465 = VERTEX_POINT('',#1466);
#1466 = CARTESIAN_POINT('',(26.62,12.,4.78));
#1467 = LINE('',#1468,#1469);
#1468 = CARTESIAN_POINT('',(26.62,12.,4.78));
#1469 = VECTOR('',#1470,1.);
#1470 = DIRECTION('',(-0.707106781187,0.,0.707106781187));
#1471 = ORIENTED_EDGE('',*,*,#1472,.T.);
#1472 = EDGE_CURVE('',#1465,#1443,#1473,.T.);
#1473 = LINE('',#1474,#1475);
#1474 = CARTESIAN_POINT('',(26.62,12.,4.78));
#1475 = VECTOR('',#1476,1.);
#1476 = DIRECTION('',(0.,1.,0.));
#1477 = ORIENTED_EDGE('',*,*,#1450,.T.);
#1478 = ORIENTED_EDGE('',*,*,#712,.T.);
#1479 = PLANE('',#1480);
#1480 = AXIS2_PLACEMENT_3D('',#1481,#1482,#1483);
#1481 = CARTESIAN_POINT('',(26.62,12.,4.78));
#1482 = DIRECTION('',(0.707106781187,0.,0.707106781187));
#1483 = DIRECTION('',(-0.707106781187,0.,0.707106781187));
#1484 = ADVANCED_FACE('',(#1485),#1496,.T.);
#1485 = FACE_BOUND('',#1486,.T.);
#1486 = EDGE_LOOP('',(#1487,#1488,#1489,#1495));
#1487 = ORIENTED_EDGE('',*,*,#704,.T.);
#1488 = ORIENTED_EDGE('',*,*,#1409,.T.);
#1489 = ORIENTED_EDGE('',*,*,#1490,.T.);
#1490 = EDGE_CURVE('',#1410,#1465,#1491,.T.);
#1491 = LINE('',#1492,#1493);
#1492 = CARTESIAN_POINT('',(26.62,12.,4.52));
#1493 = VECTOR('',#1494,1.);
#1494 = DIRECTION('',(0.,0.,1.));
#1495 = ORIENTED_EDGE('',*,*,#1464,.T.);
#1496 = PLANE('',#1497);
#1497 = AXIS2_PLACEMENT_3D('',#1498,#1499,#1500);
#1498 = CARTESIAN_POINT('',(26.410413943814,12.,4.65));
#1499 = DIRECTION('',(-0.,-1.,-0.));
#1500 = DIRECTION('',(0.,0.,-1.));
#1501 = ADVANCED_FACE('',(#1502,#1604),#1620,.T.);
#1502 = FACE_BOUND('',#1503,.T.);
#1503 = EDGE_LOOP('',(#1504,#1515,#1523,#1531,#1539,#1547,#1555,#1564,
    #1572,#1581,#1589,#1598));
#1504 = ORIENTED_EDGE('',*,*,#1505,.F.);
#1505 = EDGE_CURVE('',#1506,#1508,#1510,.T.);
#1506 = VERTEX_POINT('',#1507);
#1507 = CARTESIAN_POINT('',(-5.5,7.5,6.8));
#1508 = VERTEX_POINT('',#1509);
#1509 = CARTESIAN_POINT('',(-2.5,4.5,6.8));
#1510 = CIRCLE('',#1511,3.);
#1511 = AXIS2_PLACEMENT_3D('',#1512,#1513,#1514);
#1512 = CARTESIAN_POINT('',(-2.5,7.5,6.8));
#1513 = DIRECTION('',(0.,0.,1.));
#1514 = DIRECTION('',(1.,0.,0.));
#1515 = ORIENTED_EDGE('',*,*,#1516,.T.);
#1516 = EDGE_CURVE('',#1506,#1517,#1519,.T.);
#1517 = VERTEX_POINT('',#1518);
#1518 = CARTESIAN_POINT('',(-5.5,10.,6.8));
#1519 = LINE('',#1520,#1521);
#1520 = CARTESIAN_POINT('',(-5.5,7.5,6.8));
#1521 = VECTOR('',#1522,1.);
#1522 = DIRECTION('',(0.,1.,0.));
#1523 = ORIENTED_EDGE('',*,*,#1524,.T.);
#1524 = EDGE_CURVE('',#1517,#1525,#1527,.T.);
#1525 = VERTEX_POINT('',#1526);
#1526 = CARTESIAN_POINT('',(0.,10.,6.8));
#1527 = LINE('',#1528,#1529);
#1528 = CARTESIAN_POINT('',(2.25,10.,6.8));
#1529 = VECTOR('',#1530,1.);
#1530 = DIRECTION('',(1.,0.,0.));
#1531 = ORIENTED_EDGE('',*,*,#1532,.F.);
#1532 = EDGE_CURVE('',#1533,#1525,#1535,.T.);
#1533 = VERTEX_POINT('',#1534);
#1534 = CARTESIAN_POINT('',(0.,36.,6.8));
#1535 = LINE('',#1536,#1537);
#1536 = CARTESIAN_POINT('',(0.,16.5,6.8));
#1537 = VECTOR('',#1538,1.);
#1538 = DIRECTION('',(0.,-1.,0.));
#1539 = ORIENTED_EDGE('',*,*,#1540,.F.);
#1540 = EDGE_CURVE('',#1541,#1533,#1543,.T.);
#1541 = VERTEX_POINT('',#1542);
#1542 = CARTESIAN_POINT('',(-5.5,36.,6.8));
#1543 = LINE('',#1544,#1545);
#1544 = CARTESIAN_POINT('',(2.25,36.,6.8));
#1545 = VECTOR('',#1546,1.);
#1546 = DIRECTION('',(1.,0.,0.));
#1547 = ORIENTED_EDGE('',*,*,#1548,.T.);
#1548 = EDGE_CURVE('',#1541,#1549,#1551,.T.);
#1549 = VERTEX_POINT('',#1550);
#1550 = CARTESIAN_POINT('',(-5.5,38.5,6.8));
#1551 = LINE('',#1552,#1553);
#1552 = CARTESIAN_POINT('',(-5.5,7.5,6.8));
#1553 = VECTOR('',#1554,1.);
#1554 = DIRECTION('',(0.,1.,0.));
#1555 = ORIENTED_EDGE('',*,*,#1556,.F.);
#1556 = EDGE_CURVE('',#1557,#1549,#1559,.T.);
#1557 = VERTEX_POINT('',#1558);
#1558 = CARTESIAN_POINT('',(-2.5,41.5,6.8));
#1559 = CIRCLE('',#1560,3.);
#1560 = AXIS2_PLACEMENT_3D('',#1561,#1562,#1563);
#1561 = CARTESIAN_POINT('',(-2.5,38.5,6.8));
#1562 = DIRECTION('',(0.,0.,1.));
#1563 = DIRECTION('',(1.,0.,0.));
#1564 = ORIENTED_EDGE('',*,*,#1565,.T.);
#1565 = EDGE_CURVE('',#1557,#1566,#1568,.T.);
#1566 = VERTEX_POINT('',#1567);
#1567 = CARTESIAN_POINT('',(23.5,41.5,6.8));
#1568 = LINE('',#1569,#1570);
#1569 = CARTESIAN_POINT('',(-2.5,41.5,6.8));
#1570 = VECTOR('',#1571,1.);
#1571 = DIRECTION('',(1.,0.,0.));
#1572 = ORIENTED_EDGE('',*,*,#1573,.F.);
#1573 = EDGE_CURVE('',#1574,#1566,#1576,.T.);
#1574 = VERTEX_POINT('',#1575);
#1575 = CARTESIAN_POINT('',(26.5,38.5,6.8));
#1576 = CIRCLE('',#1577,3.);
#1577 = AXIS2_PLACEMENT_3D('',#1578,#1579,#1580);
#1578 = CARTESIAN_POINT('',(23.5,38.5,6.8));
#1579 = DIRECTION('',(0.,0.,1.));
#1580 = DIRECTION('',(1.,0.,0.));
#1581 = ORIENTED_EDGE('',*,*,#1582,.F.);
#1582 = EDGE_CURVE('',#1583,#1574,#1585,.T.);
#1583 = VERTEX_POINT('',#1584);
#1584 = CARTESIAN_POINT('',(26.5,7.5,6.8));
#1585 = LINE('',#1586,#1587);
#1586 = CARTESIAN_POINT('',(26.5,7.5,6.8));
#1587 = VECTOR('',#1588,1.);
#1588 = DIRECTION('',(0.,1.,0.));
#1589 = ORIENTED_EDGE('',*,*,#1590,.F.);
#1590 = EDGE_CURVE('',#1591,#1583,#1593,.T.);
#1591 = VERTEX_POINT('',#1592);
#1592 = CARTESIAN_POINT('',(23.5,4.5,6.8));
#1593 = CIRCLE('',#1594,3.);
#1594 = AXIS2_PLACEMENT_3D('',#1595,#1596,#1597);
#1595 = CARTESIAN_POINT('',(23.5,7.5,6.8));
#1596 = DIRECTION('',(0.,0.,1.));
#1597 = DIRECTION('',(1.,0.,0.));
#1598 = ORIENTED_EDGE('',*,*,#1599,.F.);
#1599 = EDGE_CURVE('',#1508,#1591,#1600,.T.);
#1600 = LINE('',#1601,#1602);
#1601 = CARTESIAN_POINT('',(-2.5,4.5,6.8));
#1602 = VECTOR('',#1603,1.);
#1603 = DIRECTION('',(1.,0.,0.));
#1604 = FACE_BOUND('',#1605,.T.);
#1605 = EDGE_LOOP('',(#1606,#1607,#1613,#1614));
#1606 = ORIENTED_EDGE('',*,*,#980,.T.);
#1607 = ORIENTED_EDGE('',*,*,#1608,.T.);
#1608 = EDGE_CURVE('',#983,#903,#1609,.T.);
#1609 = LINE('',#1610,#1611);
#1610 = CARTESIAN_POINT('',(5.55,5.2,6.8));
#1611 = VECTOR('',#1612,1.);
#1612 = DIRECTION('',(1.,0.,0.));
#1613 = ORIENTED_EDGE('',*,*,#900,.F.);
#1614 = ORIENTED_EDGE('',*,*,#1615,.F.);
#1615 = EDGE_CURVE('',#981,#901,#1616,.T.);
#1616 = LINE('',#1617,#1618);
#1617 = CARTESIAN_POINT('',(5.55,38.8,6.8));
#1618 = VECTOR('',#1619,1.);
#1619 = DIRECTION('',(1.,0.,0.));
#1620 = PLANE('',#1621);
#1621 = AXIS2_PLACEMENT_3D('',#1622,#1623,#1624);
#1622 = CARTESIAN_POINT('',(10.5,23.,6.8));
#1623 = DIRECTION('',(-0.,-0.,-1.));
#1624 = DIRECTION('',(-1.,0.,0.));
#1625 = ADVANCED_FACE('',(#1626),#1632,.F.);
#1626 = FACE_BOUND('',#1627,.F.);
#1627 = EDGE_LOOP('',(#1628,#1629,#1630,#1631));
#1628 = ORIENTED_EDGE('',*,*,#910,.F.);
#1629 = ORIENTED_EDGE('',*,*,#1107,.T.);
#1630 = ORIENTED_EDGE('',*,*,#1022,.T.);
#1631 = ORIENTED_EDGE('',*,*,#1608,.T.);
#1632 = PLANE('',#1633);
#1633 = AXIS2_PLACEMENT_3D('',#1634,#1635,#1636);
#1634 = CARTESIAN_POINT('',(0.6,5.2,1.4));
#1635 = DIRECTION('',(0.,1.,0.));
#1636 = DIRECTION('',(0.,0.,1.));
#1637 = ADVANCED_FACE('',(#1638,#1649),#1683,.T.);
#1638 = FACE_BOUND('',#1639,.T.);
#1639 = EDGE_LOOP('',(#1640,#1641,#1647,#1648));
#1640 = ORIENTED_EDGE('',*,*,#998,.T.);
#1641 = ORIENTED_EDGE('',*,*,#1642,.T.);
#1642 = EDGE_CURVE('',#991,#935,#1643,.T.);
#1643 = LINE('',#1644,#1645);
#1644 = CARTESIAN_POINT('',(0.6,38.8,1.4));
#1645 = VECTOR('',#1646,1.);
#1646 = DIRECTION('',(1.,0.,0.));
#1647 = ORIENTED_EDGE('',*,*,#934,.F.);
#1648 = ORIENTED_EDGE('',*,*,#957,.F.);
#1649 = FACE_BOUND('',#1650,.T.);
#1650 = EDGE_LOOP('',(#1651,#1661,#1669,#1677));
#1651 = ORIENTED_EDGE('',*,*,#1652,.F.);
#1652 = EDGE_CURVE('',#1653,#1655,#1657,.T.);
#1653 = VERTEX_POINT('',#1654);
#1654 = CARTESIAN_POINT('',(1.8,6.3,1.4));
#1655 = VERTEX_POINT('',#1656);
#1656 = CARTESIAN_POINT('',(1.8,37.7,1.4));
#1657 = LINE('',#1658,#1659);
#1658 = CARTESIAN_POINT('',(1.8,6.2,1.4));
#1659 = VECTOR('',#1660,1.);
#1660 = DIRECTION('',(0.,1.,0.));
#1661 = ORIENTED_EDGE('',*,*,#1662,.T.);
#1662 = EDGE_CURVE('',#1653,#1663,#1665,.T.);
#1663 = VERTEX_POINT('',#1664);
#1664 = CARTESIAN_POINT('',(23.2,6.3,1.4));
#1665 = LINE('',#1666,#1667);
#1666 = CARTESIAN_POINT('',(0.6,6.3,1.4));
#1667 = VECTOR('',#1668,1.);
#1668 = DIRECTION('',(1.,0.,0.));
#1669 = ORIENTED_EDGE('',*,*,#1670,.T.);
#1670 = EDGE_CURVE('',#1663,#1671,#1673,.T.);
#1671 = VERTEX_POINT('',#1672);
#1672 = CARTESIAN_POINT('',(23.2,37.7,1.4));
#1673 = LINE('',#1674,#1675);
#1674 = CARTESIAN_POINT('',(23.2,6.2,1.4));
#1675 = VECTOR('',#1676,1.);
#1676 = DIRECTION('',(0.,1.,0.));
#1677 = ORIENTED_EDGE('',*,*,#1678,.F.);
#1678 = EDGE_CURVE('',#1655,#1671,#1679,.T.);
#1679 = LINE('',#1680,#1681);
#1680 = CARTESIAN_POINT('',(0.6,37.7,1.4));
#1681 = VECTOR('',#1682,1.);
#1682 = DIRECTION('',(1.,0.,0.));
#1683 = PLANE('',#1684);
#1684 = AXIS2_PLACEMENT_3D('',#1685,#1686,#1687);
#1685 = CARTESIAN_POINT('',(12.5,22.,1.4));
#1686 = DIRECTION('',(-0.,-0.,-1.));
#1687 = DIRECTION('',(-1.,0.,0.));
#1688 = ADVANCED_FACE('',(#1689),#1695,.T.);
#1689 = FACE_BOUND('',#1690,.T.);
#1690 = EDGE_LOOP('',(#1691,#1692,#1693,#1694));
#1691 = ORIENTED_EDGE('',*,*,#942,.F.);
#1692 = ORIENTED_EDGE('',*,*,#1642,.F.);
#1693 = ORIENTED_EDGE('',*,*,#990,.T.);
#1694 = ORIENTED_EDGE('',*,*,#1615,.T.);
#1695 = PLANE('',#1696);
#1696 = AXIS2_PLACEMENT_3D('',#1697,#1698,#1699);
#1697 = CARTESIAN_POINT('',(0.6,38.8,1.4));
#1698 = DIRECTION('',(0.,1.,0.));
#1699 = DIRECTION('',(0.,0.,1.));
#1700 = ADVANCED_FACE('',(#1701),#1726,.F.);
#1701 = FACE_BOUND('',#1702,.F.);
#1702 = EDGE_LOOP('',(#1703,#1711,#1712,#1720));
#1703 = ORIENTED_EDGE('',*,*,#1704,.F.);
#1704 = EDGE_CURVE('',#1033,#1705,#1707,.T.);
#1705 = VERTEX_POINT('',#1706);
#1706 = CARTESIAN_POINT('',(1.8,28.5,6.3));
#1707 = LINE('',#1708,#1709);
#1708 = CARTESIAN_POINT('',(0.4,28.5,6.3));
#1709 = VECTOR('',#1710,1.);
#1710 = DIRECTION('',(1.,0.,0.));
#1711 = ORIENTED_EDGE('',*,*,#1030,.F.);
#1712 = ORIENTED_EDGE('',*,*,#1713,.T.);
#1713 = EDGE_CURVE('',#1031,#1714,#1716,.T.);
#1714 = VERTEX_POINT('',#1715);
#1715 = CARTESIAN_POINT('',(1.8,19.5,6.3));
#1716 = LINE('',#1717,#1718);
#1717 = CARTESIAN_POINT('',(0.4,19.5,6.3));
#1718 = VECTOR('',#1719,1.);
#1719 = DIRECTION('',(1.,0.,0.));
#1720 = ORIENTED_EDGE('',*,*,#1721,.F.);
#1721 = EDGE_CURVE('',#1705,#1714,#1722,.T.);
#1722 = LINE('',#1723,#1724);
#1723 = CARTESIAN_POINT('',(1.8,12.85,6.3));
#1724 = VECTOR('',#1725,1.);
#1725 = DIRECTION('',(0.,-1.,0.));
#1726 = PLANE('',#1727);
#1727 = AXIS2_PLACEMENT_3D('',#1728,#1729,#1730);
#1728 = CARTESIAN_POINT('',(0.4,19.5,6.3));
#1729 = DIRECTION('',(0.,0.,1.));
#1730 = DIRECTION('',(1.,0.,0.));
#1731 = ADVANCED_FACE('',(#1732),#1750,.F.);
#1732 = FACE_BOUND('',#1733,.F.);
#1733 = EDGE_LOOP('',(#1734,#1742,#1743,#1744));
#1734 = ORIENTED_EDGE('',*,*,#1735,.F.);
#1735 = EDGE_CURVE('',#1049,#1736,#1738,.T.);
#1736 = VERTEX_POINT('',#1737);
#1737 = CARTESIAN_POINT('',(1.8,28.5,1.7));
#1738 = LINE('',#1739,#1740);
#1739 = CARTESIAN_POINT('',(0.4,28.5,1.7));
#1740 = VECTOR('',#1741,1.);
#1741 = DIRECTION('',(1.,0.,0.));
#1742 = ORIENTED_EDGE('',*,*,#1056,.F.);
#1743 = ORIENTED_EDGE('',*,*,#1704,.T.);
#1744 = ORIENTED_EDGE('',*,*,#1745,.F.);
#1745 = EDGE_CURVE('',#1736,#1705,#1746,.T.);
#1746 = LINE('',#1747,#1748);
#1747 = CARTESIAN_POINT('',(1.8,28.5,1.55));
#1748 = VECTOR('',#1749,1.);
#1749 = DIRECTION('',(0.,0.,1.));
#1750 = PLANE('',#1751);
#1751 = AXIS2_PLACEMENT_3D('',#1752,#1753,#1754);
#1752 = CARTESIAN_POINT('',(0.4,28.5,1.7));
#1753 = DIRECTION('',(0.,1.,0.));
#1754 = DIRECTION('',(0.,0.,1.));
#1755 = ADVANCED_FACE('',(#1756),#1774,.T.);
#1756 = FACE_BOUND('',#1757,.T.);
#1757 = EDGE_LOOP('',(#1758,#1759,#1760,#1768));
#1758 = ORIENTED_EDGE('',*,*,#1735,.F.);
#1759 = ORIENTED_EDGE('',*,*,#1048,.F.);
#1760 = ORIENTED_EDGE('',*,*,#1761,.T.);
#1761 = EDGE_CURVE('',#1041,#1762,#1764,.T.);
#1762 = VERTEX_POINT('',#1763);
#1763 = CARTESIAN_POINT('',(1.8,19.5,1.7));
#1764 = LINE('',#1765,#1766);
#1765 = CARTESIAN_POINT('',(0.4,19.5,1.7));
#1766 = VECTOR('',#1767,1.);
#1767 = DIRECTION('',(1.,0.,0.));
#1768 = ORIENTED_EDGE('',*,*,#1769,.F.);
#1769 = EDGE_CURVE('',#1736,#1762,#1770,.T.);
#1770 = LINE('',#1771,#1772);
#1771 = CARTESIAN_POINT('',(1.8,12.85,1.7));
#1772 = VECTOR('',#1773,1.);
#1773 = DIRECTION('',(0.,-1.,0.));
#1774 = PLANE('',#1775);
#1775 = AXIS2_PLACEMENT_3D('',#1776,#1777,#1778);
#1776 = CARTESIAN_POINT('',(0.4,19.5,1.7));
#1777 = DIRECTION('',(0.,0.,1.));
#1778 = DIRECTION('',(1.,0.,0.));
#1779 = ADVANCED_FACE('',(#1780),#1791,.T.);
#1780 = FACE_BOUND('',#1781,.T.);
#1781 = EDGE_LOOP('',(#1782,#1783,#1784,#1785));
#1782 = ORIENTED_EDGE('',*,*,#1761,.F.);
#1783 = ORIENTED_EDGE('',*,*,#1040,.F.);
#1784 = ORIENTED_EDGE('',*,*,#1713,.T.);
#1785 = ORIENTED_EDGE('',*,*,#1786,.F.);
#1786 = EDGE_CURVE('',#1762,#1714,#1787,.T.);
#1787 = LINE('',#1788,#1789);
#1788 = CARTESIAN_POINT('',(1.8,19.5,1.55));
#1789 = VECTOR('',#1790,1.);
#1790 = DIRECTION('',(0.,0.,1.));
#1791 = PLANE('',#1792);
#1792 = AXIS2_PLACEMENT_3D('',#1793,#1794,#1795);
#1793 = CARTESIAN_POINT('',(0.4,19.5,1.7));
#1794 = DIRECTION('',(0.,1.,0.));
#1795 = DIRECTION('',(0.,0.,1.));
#1796 = ADVANCED_FACE('',(#1797),#1803,.F.);
#1797 = FACE_BOUND('',#1798,.F.);
#1798 = EDGE_LOOP('',(#1799,#1800,#1801,#1802));
#1799 = ORIENTED_EDGE('',*,*,#1203,.T.);
#1800 = ORIENTED_EDGE('',*,*,#1130,.T.);
#1801 = ORIENTED_EDGE('',*,*,#1160,.F.);
#1802 = ORIENTED_EDGE('',*,*,#1185,.F.);
#1803 = PLANE('',#1804);
#1804 = AXIS2_PLACEMENT_3D('',#1805,#1806,#1807);
#1805 = CARTESIAN_POINT('',(-5.62,31.,4.52));
#1806 = DIRECTION('',(1.,0.,0.));
#1807 = DIRECTION('',(0.,0.,1.));
#1808 = ADVANCED_FACE('',(#1809),#1815,.F.);
#1809 = FACE_BOUND('',#1810,.F.);
#1810 = EDGE_LOOP('',(#1811,#1812,#1813,#1814));
#1811 = ORIENTED_EDGE('',*,*,#1299,.T.);
#1812 = ORIENTED_EDGE('',*,*,#1226,.T.);
#1813 = ORIENTED_EDGE('',*,*,#1256,.F.);
#1814 = ORIENTED_EDGE('',*,*,#1281,.F.);
#1815 = PLANE('',#1816);
#1816 = AXIS2_PLACEMENT_3D('',#1817,#1818,#1819);
#1817 = CARTESIAN_POINT('',(-5.62,12.,4.52));
#1818 = DIRECTION('',(1.,0.,0.));
#1819 = DIRECTION('',(0.,0.,1.));
#1820 = ADVANCED_FACE('',(#1821),#1827,.T.);
#1821 = FACE_BOUND('',#1822,.T.);
#1822 = EDGE_LOOP('',(#1823,#1824,#1825,#1826));
#1823 = ORIENTED_EDGE('',*,*,#1330,.T.);
#1824 = ORIENTED_EDGE('',*,*,#1346,.T.);
#1825 = ORIENTED_EDGE('',*,*,#1376,.F.);
#1826 = ORIENTED_EDGE('',*,*,#1394,.F.);
#1827 = PLANE('',#1828);
#1828 = AXIS2_PLACEMENT_3D('',#1829,#1830,#1831);
#1829 = CARTESIAN_POINT('',(26.62,31.,4.52));
#1830 = DIRECTION('',(1.,0.,0.));
#1831 = DIRECTION('',(0.,0.,1.));
#1832 = ADVANCED_FACE('',(#1833),#1839,.T.);
#1833 = FACE_BOUND('',#1834,.T.);
#1834 = EDGE_LOOP('',(#1835,#1836,#1837,#1838));
#1835 = ORIENTED_EDGE('',*,*,#1426,.T.);
#1836 = ORIENTED_EDGE('',*,*,#1442,.T.);
#1837 = ORIENTED_EDGE('',*,*,#1472,.F.);
#1838 = ORIENTED_EDGE('',*,*,#1490,.F.);
#1839 = PLANE('',#1840);
#1840 = AXIS2_PLACEMENT_3D('',#1841,#1842,#1843);
#1841 = CARTESIAN_POINT('',(26.62,12.,4.52));
#1842 = DIRECTION('',(1.,0.,0.));
#1843 = DIRECTION('',(0.,0.,1.));
#1844 = ADVANCED_FACE('',(#1845),#1871,.F.);
#1845 = FACE_BOUND('',#1846,.T.);
#1846 = EDGE_LOOP('',(#1847,#1855,#1864,#1870));
#1847 = ORIENTED_EDGE('',*,*,#1848,.F.);
#1848 = EDGE_CURVE('',#1849,#1508,#1851,.T.);
#1849 = VERTEX_POINT('',#1850);
#1850 = CARTESIAN_POINT('',(-2.5,4.5,6.5));
#1851 = LINE('',#1852,#1853);
#1852 = CARTESIAN_POINT('',(-2.5,4.5,6.4));
#1853 = VECTOR('',#1854,1.);
#1854 = DIRECTION('',(0.,0.,1.));
#1855 = ORIENTED_EDGE('',*,*,#1856,.T.);
#1856 = EDGE_CURVE('',#1849,#1857,#1859,.T.);
#1857 = VERTEX_POINT('',#1858);
#1858 = CARTESIAN_POINT('',(-5.5,7.5,6.5));
#1859 = CIRCLE('',#1860,3.);
#1860 = AXIS2_PLACEMENT_3D('',#1861,#1862,#1863);
#1861 = CARTESIAN_POINT('',(-2.5,7.5,6.5));
#1862 = DIRECTION('',(0.,0.,-1.));
#1863 = DIRECTION('',(1.,0.,0.));
#1864 = ORIENTED_EDGE('',*,*,#1865,.T.);
#1865 = EDGE_CURVE('',#1857,#1506,#1866,.T.);
#1866 = LINE('',#1867,#1868);
#1867 = CARTESIAN_POINT('',(-5.5,7.5,6.4));
#1868 = VECTOR('',#1869,1.);
#1869 = DIRECTION('',(0.,0.,1.));
#1870 = ORIENTED_EDGE('',*,*,#1505,.T.);
#1871 = CYLINDRICAL_SURFACE('',#1872,3.);
#1872 = AXIS2_PLACEMENT_3D('',#1873,#1874,#1875);
#1873 = CARTESIAN_POINT('',(-2.5,7.5,6.4));
#1874 = DIRECTION('',(-0.,-0.,-1.));
#1875 = DIRECTION('',(1.,0.,0.));
#1876 = ADVANCED_FACE('',(#1877),#1950,.T.);
#1877 = FACE_BOUND('',#1878,.T.);
#1878 = EDGE_LOOP('',(#1879,#1880,#1888,#1894,#1895,#1903,#1911,#1919,
    #1927,#1935,#1943,#1949));
#1879 = ORIENTED_EDGE('',*,*,#1865,.F.);
#1880 = ORIENTED_EDGE('',*,*,#1881,.F.);
#1881 = EDGE_CURVE('',#1882,#1857,#1884,.T.);
#1882 = VERTEX_POINT('',#1883);
#1883 = CARTESIAN_POINT('',(-5.5,38.5,6.5));
#1884 = LINE('',#1885,#1886);
#1885 = CARTESIAN_POINT('',(-5.5,15.25,6.5));
#1886 = VECTOR('',#1887,1.);
#1887 = DIRECTION('',(0.,-1.,0.));
#1888 = ORIENTED_EDGE('',*,*,#1889,.T.);
#1889 = EDGE_CURVE('',#1882,#1549,#1890,.T.);
#1890 = LINE('',#1891,#1892);
#1891 = CARTESIAN_POINT('',(-5.5,38.5,6.4));
#1892 = VECTOR('',#1893,1.);
#1893 = DIRECTION('',(0.,0.,1.));
#1894 = ORIENTED_EDGE('',*,*,#1548,.F.);
#1895 = ORIENTED_EDGE('',*,*,#1896,.T.);
#1896 = EDGE_CURVE('',#1541,#1897,#1899,.T.);
#1897 = VERTEX_POINT('',#1898);
#1898 = CARTESIAN_POINT('',(-5.5,36.,8.));
#1899 = LINE('',#1900,#1901);
#1900 = CARTESIAN_POINT('',(-5.5,36.,6.75));
#1901 = VECTOR('',#1902,1.);
#1902 = DIRECTION('',(0.,0.,1.));
#1903 = ORIENTED_EDGE('',*,*,#1904,.T.);
#1904 = EDGE_CURVE('',#1897,#1905,#1907,.T.);
#1905 = VERTEX_POINT('',#1906);
#1906 = CARTESIAN_POINT('',(-5.5,38.5,8.));
#1907 = LINE('',#1908,#1909);
#1908 = CARTESIAN_POINT('',(-5.5,7.5,8.));
#1909 = VECTOR('',#1910,1.);
#1910 = DIRECTION('',(0.,1.,0.));
#1911 = ORIENTED_EDGE('',*,*,#1912,.T.);
#1912 = EDGE_CURVE('',#1905,#1913,#1915,.T.);
#1913 = VERTEX_POINT('',#1914);
#1914 = CARTESIAN_POINT('',(-5.5,38.5,10.5));
#1915 = LINE('',#1916,#1917);
#1916 = CARTESIAN_POINT('',(-5.5,38.5,6.4));
#1917 = VECTOR('',#1918,1.);
#1918 = DIRECTION('',(0.,0.,1.));
#1919 = ORIENTED_EDGE('',*,*,#1920,.F.);
#1920 = EDGE_CURVE('',#1921,#1913,#1923,.T.);
#1921 = VERTEX_POINT('',#1922);
#1922 = CARTESIAN_POINT('',(-5.5,7.5,10.5));
#1923 = LINE('',#1924,#1925);
#1924 = CARTESIAN_POINT('',(-5.5,15.25,10.5));
#1925 = VECTOR('',#1926,1.);
#1926 = DIRECTION('',(0.,1.,0.));
#1927 = ORIENTED_EDGE('',*,*,#1928,.F.);
#1928 = EDGE_CURVE('',#1929,#1921,#1931,.T.);
#1929 = VERTEX_POINT('',#1930);
#1930 = CARTESIAN_POINT('',(-5.5,7.5,8.));
#1931 = LINE('',#1932,#1933);
#1932 = CARTESIAN_POINT('',(-5.5,7.5,6.4));
#1933 = VECTOR('',#1934,1.);
#1934 = DIRECTION('',(0.,0.,1.));
#1935 = ORIENTED_EDGE('',*,*,#1936,.T.);
#1936 = EDGE_CURVE('',#1929,#1937,#1939,.T.);
#1937 = VERTEX_POINT('',#1938);
#1938 = CARTESIAN_POINT('',(-5.5,10.,8.));
#1939 = LINE('',#1940,#1941);
#1940 = CARTESIAN_POINT('',(-5.5,7.5,8.));
#1941 = VECTOR('',#1942,1.);
#1942 = DIRECTION('',(0.,1.,0.));
#1943 = ORIENTED_EDGE('',*,*,#1944,.F.);
#1944 = EDGE_CURVE('',#1517,#1937,#1945,.T.);
#1945 = LINE('',#1946,#1947);
#1946 = CARTESIAN_POINT('',(-5.5,10.,6.75));
#1947 = VECTOR('',#1948,1.);
#1948 = DIRECTION('',(0.,0.,1.));
#1949 = ORIENTED_EDGE('',*,*,#1516,.F.);
#1950 = PLANE('',#1951);
#1951 = AXIS2_PLACEMENT_3D('',#1952,#1953,#1954);
#1952 = CARTESIAN_POINT('',(-5.5,7.5,6.4));
#1953 = DIRECTION('',(1.,0.,0.));
#1954 = DIRECTION('',(0.,0.,1.));
#1955 = ADVANCED_FACE('',(#1956),#1974,.T.);
#1956 = FACE_BOUND('',#1957,.T.);
#1957 = EDGE_LOOP('',(#1958,#1966,#1967,#1968));
#1958 = ORIENTED_EDGE('',*,*,#1959,.F.);
#1959 = EDGE_CURVE('',#1849,#1960,#1962,.T.);
#1960 = VERTEX_POINT('',#1961);
#1961 = CARTESIAN_POINT('',(23.5,4.5,6.5));
#1962 = LINE('',#1963,#1964);
#1963 = CARTESIAN_POINT('',(4.,4.5,6.5));
#1964 = VECTOR('',#1965,1.);
#1965 = DIRECTION('',(1.,0.,0.));
#1966 = ORIENTED_EDGE('',*,*,#1848,.T.);
#1967 = ORIENTED_EDGE('',*,*,#1599,.T.);
#1968 = ORIENTED_EDGE('',*,*,#1969,.F.);
#1969 = EDGE_CURVE('',#1960,#1591,#1970,.T.);
#1970 = LINE('',#1971,#1972);
#1971 = CARTESIAN_POINT('',(23.5,4.5,6.4));
#1972 = VECTOR('',#1973,1.);
#1973 = DIRECTION('',(0.,0.,1.));
#1974 = PLANE('',#1975);
#1975 = AXIS2_PLACEMENT_3D('',#1976,#1977,#1978);
#1976 = CARTESIAN_POINT('',(-2.5,4.5,6.4));
#1977 = DIRECTION('',(0.,1.,0.));
#1978 = DIRECTION('',(0.,0.,1.));
#1979 = ADVANCED_FACE('',(#1980),#2014,.T.);
#1980 = FACE_BOUND('',#1981,.T.);
#1981 = EDGE_LOOP('',(#1982,#1990,#1991,#1992,#2000,#2008));
#1982 = ORIENTED_EDGE('',*,*,#1983,.F.);
#1983 = EDGE_CURVE('',#1525,#1984,#1986,.T.);
#1984 = VERTEX_POINT('',#1985);
#1985 = CARTESIAN_POINT('',(0.,10.,7.9));
#1986 = LINE('',#1987,#1988);
#1987 = CARTESIAN_POINT('',(0.,10.,6.7));
#1988 = VECTOR('',#1989,1.);
#1989 = DIRECTION('',(0.,0.,1.));
#1990 = ORIENTED_EDGE('',*,*,#1524,.F.);
#1991 = ORIENTED_EDGE('',*,*,#1944,.T.);
#1992 = ORIENTED_EDGE('',*,*,#1993,.F.);
#1993 = EDGE_CURVE('',#1994,#1937,#1996,.T.);
#1994 = VERTEX_POINT('',#1995);
#1995 = CARTESIAN_POINT('',(-1.3,10.,8.));
#1996 = LINE('',#1997,#1998);
#1997 = CARTESIAN_POINT('',(2.25,10.,8.));
#1998 = VECTOR('',#1999,1.);
#1999 = DIRECTION('',(-1.,0.,0.));
#2000 = ORIENTED_EDGE('',*,*,#2001,.T.);
#2001 = EDGE_CURVE('',#1994,#2002,#2004,.T.);
#2002 = VERTEX_POINT('',#2003);
#2003 = CARTESIAN_POINT('',(-1.3,10.,7.9));
#2004 = LINE('',#2005,#2006);
#2005 = CARTESIAN_POINT('',(-1.3,10.,7.3));
#2006 = VECTOR('',#2007,1.);
#2007 = DIRECTION('',(0.,0.,-1.));
#2008 = ORIENTED_EDGE('',*,*,#2009,.T.);
#2009 = EDGE_CURVE('',#2002,#1984,#2010,.T.);
#2010 = LINE('',#2011,#2012);
#2011 = CARTESIAN_POINT('',(-3.65,10.,7.9));
#2012 = VECTOR('',#2013,1.);
#2013 = DIRECTION('',(1.,0.,0.));
#2014 = PLANE('',#2015);
#2015 = AXIS2_PLACEMENT_3D('',#2016,#2017,#2018);
#2016 = CARTESIAN_POINT('',(-6.,10.,6.7));
#2017 = DIRECTION('',(0.,1.,0.));
#2018 = DIRECTION('',(0.,0.,1.));
#2019 = ADVANCED_FACE('',(#2020),#2039,.F.);
#2020 = FACE_BOUND('',#2021,.T.);
#2021 = EDGE_LOOP('',(#2022,#2030,#2037,#2038));
#2022 = ORIENTED_EDGE('',*,*,#2023,.F.);
#2023 = EDGE_CURVE('',#2024,#1583,#2026,.T.);
#2024 = VERTEX_POINT('',#2025);
#2025 = CARTESIAN_POINT('',(26.5,7.5,6.5));
#2026 = LINE('',#2027,#2028);
#2027 = CARTESIAN_POINT('',(26.5,7.5,6.4));
#2028 = VECTOR('',#2029,1.);
#2029 = DIRECTION('',(0.,0.,1.));
#2030 = ORIENTED_EDGE('',*,*,#2031,.T.);
#2031 = EDGE_CURVE('',#2024,#1960,#2032,.T.);
#2032 = CIRCLE('',#2033,3.);
#2033 = AXIS2_PLACEMENT_3D('',#2034,#2035,#2036);
#2034 = CARTESIAN_POINT('',(23.5,7.5,6.5));
#2035 = DIRECTION('',(0.,0.,-1.));
#2036 = DIRECTION('',(1.,0.,0.));
#2037 = ORIENTED_EDGE('',*,*,#1969,.T.);
#2038 = ORIENTED_EDGE('',*,*,#1590,.T.);
#2039 = CYLINDRICAL_SURFACE('',#2040,3.);
#2040 = AXIS2_PLACEMENT_3D('',#2041,#2042,#2043);
#2041 = CARTESIAN_POINT('',(23.5,7.5,6.4));
#2042 = DIRECTION('',(-0.,-0.,-1.));
#2043 = DIRECTION('',(1.,0.,0.));
#2044 = ADVANCED_FACE('',(#2045),#2079,.F.);
#2045 = FACE_BOUND('',#2046,.F.);
#2046 = EDGE_LOOP('',(#2047,#2048,#2049,#2057,#2065,#2073));
#2047 = ORIENTED_EDGE('',*,*,#1983,.F.);
#2048 = ORIENTED_EDGE('',*,*,#1532,.F.);
#2049 = ORIENTED_EDGE('',*,*,#2050,.T.);
#2050 = EDGE_CURVE('',#1533,#2051,#2053,.T.);
#2051 = VERTEX_POINT('',#2052);
#2052 = CARTESIAN_POINT('',(0.,36.,8.));
#2053 = LINE('',#2054,#2055);
#2054 = CARTESIAN_POINT('',(0.,36.,6.7));
#2055 = VECTOR('',#2056,1.);
#2056 = DIRECTION('',(0.,0.,1.));
#2057 = ORIENTED_EDGE('',*,*,#2058,.F.);
#2058 = EDGE_CURVE('',#2059,#2051,#2061,.T.);
#2059 = VERTEX_POINT('',#2060);
#2060 = CARTESIAN_POINT('',(0.,11.2,8.));
#2061 = LINE('',#2062,#2063);
#2062 = CARTESIAN_POINT('',(0.,16.5,8.));
#2063 = VECTOR('',#2064,1.);
#2064 = DIRECTION('',(0.,1.,0.));
#2065 = ORIENTED_EDGE('',*,*,#2066,.F.);
#2066 = EDGE_CURVE('',#2067,#2059,#2069,.T.);
#2067 = VERTEX_POINT('',#2068);
#2068 = CARTESIAN_POINT('',(0.,11.2,7.9));
#2069 = LINE('',#2070,#2071);
#2070 = CARTESIAN_POINT('',(0.,11.2,7.3));
#2071 = VECTOR('',#2072,1.);
#2072 = DIRECTION('',(0.,0.,1.));
#2073 = ORIENTED_EDGE('',*,*,#2074,.T.);
#2074 = EDGE_CURVE('',#2067,#1984,#2075,.T.);
#2075 = LINE('',#2076,#2077);
#2076 = CARTESIAN_POINT('',(0.,9.6,7.9));
#2077 = VECTOR('',#2078,1.);
#2078 = DIRECTION('',(0.,-1.,0.));
#2079 = PLANE('',#2080);
#2080 = AXIS2_PLACEMENT_3D('',#2081,#2082,#2083);
#2081 = CARTESIAN_POINT('',(0.,10.,6.7));
#2082 = DIRECTION('',(1.,0.,0.));
#2083 = DIRECTION('',(0.,0.,1.));
#2084 = ADVANCED_FACE('',(#2085),#2103,.F.);
#2085 = FACE_BOUND('',#2086,.F.);
#2086 = EDGE_LOOP('',(#2087,#2088,#2096,#2102));
#2087 = ORIENTED_EDGE('',*,*,#2023,.F.);
#2088 = ORIENTED_EDGE('',*,*,#2089,.F.);
#2089 = EDGE_CURVE('',#2090,#2024,#2092,.T.);
#2090 = VERTEX_POINT('',#2091);
#2091 = CARTESIAN_POINT('',(26.5,38.5,6.5));
#2092 = LINE('',#2093,#2094);
#2093 = CARTESIAN_POINT('',(26.5,15.25,6.5));
#2094 = VECTOR('',#2095,1.);
#2095 = DIRECTION('',(0.,-1.,0.));
#2096 = ORIENTED_EDGE('',*,*,#2097,.T.);
#2097 = EDGE_CURVE('',#2090,#1574,#2098,.T.);
#2098 = LINE('',#2099,#2100);
#2099 = CARTESIAN_POINT('',(26.5,38.5,6.4));
#2100 = VECTOR('',#2101,1.);
#2101 = DIRECTION('',(0.,0.,1.));
#2102 = ORIENTED_EDGE('',*,*,#1582,.F.);
#2103 = PLANE('',#2104);
#2104 = AXIS2_PLACEMENT_3D('',#2105,#2106,#2107);
#2105 = CARTESIAN_POINT('',(26.5,7.5,6.4));
#2106 = DIRECTION('',(1.,0.,0.));
#2107 = DIRECTION('',(0.,0.,1.));
#2108 = ADVANCED_FACE('',(#2109),#2120,.F.);
#2109 = FACE_BOUND('',#2110,.F.);
#2110 = EDGE_LOOP('',(#2111,#2112,#2113,#2114));
#2111 = ORIENTED_EDGE('',*,*,#2050,.F.);
#2112 = ORIENTED_EDGE('',*,*,#1540,.F.);
#2113 = ORIENTED_EDGE('',*,*,#1896,.T.);
#2114 = ORIENTED_EDGE('',*,*,#2115,.F.);
#2115 = EDGE_CURVE('',#2051,#1897,#2116,.T.);
#2116 = LINE('',#2117,#2118);
#2117 = CARTESIAN_POINT('',(2.25,36.,8.));
#2118 = VECTOR('',#2119,1.);
#2119 = DIRECTION('',(-1.,0.,0.));
#2120 = PLANE('',#2121);
#2121 = AXIS2_PLACEMENT_3D('',#2122,#2123,#2124);
#2122 = CARTESIAN_POINT('',(-6.,36.,6.7));
#2123 = DIRECTION('',(0.,1.,0.));
#2124 = DIRECTION('',(0.,0.,1.));
#2125 = ADVANCED_FACE('',(#2126),#2145,.F.);
#2126 = FACE_BOUND('',#2127,.T.);
#2127 = EDGE_LOOP('',(#2128,#2136,#2143,#2144));
#2128 = ORIENTED_EDGE('',*,*,#2129,.F.);
#2129 = EDGE_CURVE('',#2130,#1566,#2132,.T.);
#2130 = VERTEX_POINT('',#2131);
#2131 = CARTESIAN_POINT('',(23.5,41.5,6.5));
#2132 = LINE('',#2133,#2134);
#2133 = CARTESIAN_POINT('',(23.5,41.5,6.4));
#2134 = VECTOR('',#2135,1.);
#2135 = DIRECTION('',(0.,0.,1.));
#2136 = ORIENTED_EDGE('',*,*,#2137,.T.);
#2137 = EDGE_CURVE('',#2130,#2090,#2138,.T.);
#2138 = CIRCLE('',#2139,3.);
#2139 = AXIS2_PLACEMENT_3D('',#2140,#2141,#2142);
#2140 = CARTESIAN_POINT('',(23.5,38.5,6.5));
#2141 = DIRECTION('',(0.,0.,-1.));
#2142 = DIRECTION('',(1.,0.,0.));
#2143 = ORIENTED_EDGE('',*,*,#2097,.T.);
#2144 = ORIENTED_EDGE('',*,*,#1573,.T.);
#2145 = CYLINDRICAL_SURFACE('',#2146,3.);
#2146 = AXIS2_PLACEMENT_3D('',#2147,#2148,#2149);
#2147 = CARTESIAN_POINT('',(23.5,38.5,6.4));
#2148 = DIRECTION('',(-0.,-0.,-1.));
#2149 = DIRECTION('',(1.,0.,0.));
#2150 = ADVANCED_FACE('',(#2151),#2169,.F.);
#2151 = FACE_BOUND('',#2152,.F.);
#2152 = EDGE_LOOP('',(#2153,#2161,#2167,#2168));
#2153 = ORIENTED_EDGE('',*,*,#2154,.F.);
#2154 = EDGE_CURVE('',#2155,#2130,#2157,.T.);
#2155 = VERTEX_POINT('',#2156);
#2156 = CARTESIAN_POINT('',(-2.5,41.5,6.5));
#2157 = LINE('',#2158,#2159);
#2158 = CARTESIAN_POINT('',(4.,41.5,6.5));
#2159 = VECTOR('',#2160,1.);
#2160 = DIRECTION('',(1.,0.,0.));
#2161 = ORIENTED_EDGE('',*,*,#2162,.T.);
#2162 = EDGE_CURVE('',#2155,#1557,#2163,.T.);
#2163 = LINE('',#2164,#2165);
#2164 = CARTESIAN_POINT('',(-2.5,41.5,6.4));
#2165 = VECTOR('',#2166,1.);
#2166 = DIRECTION('',(0.,0.,1.));
#2167 = ORIENTED_EDGE('',*,*,#1565,.T.);
#2168 = ORIENTED_EDGE('',*,*,#2129,.F.);
#2169 = PLANE('',#2170);
#2170 = AXIS2_PLACEMENT_3D('',#2171,#2172,#2173);
#2171 = CARTESIAN_POINT('',(-2.5,41.5,6.4));
#2172 = DIRECTION('',(0.,1.,0.));
#2173 = DIRECTION('',(0.,0.,1.));
#2174 = ADVANCED_FACE('',(#2175),#2187,.F.);
#2175 = FACE_BOUND('',#2176,.T.);
#2176 = EDGE_LOOP('',(#2177,#2178,#2185,#2186));
#2177 = ORIENTED_EDGE('',*,*,#1889,.F.);
#2178 = ORIENTED_EDGE('',*,*,#2179,.T.);
#2179 = EDGE_CURVE('',#1882,#2155,#2180,.T.);
#2180 = CIRCLE('',#2181,3.);
#2181 = AXIS2_PLACEMENT_3D('',#2182,#2183,#2184);
#2182 = CARTESIAN_POINT('',(-2.5,38.5,6.5));
#2183 = DIRECTION('',(0.,0.,-1.));
#2184 = DIRECTION('',(1.,0.,0.));
#2185 = ORIENTED_EDGE('',*,*,#2162,.T.);
#2186 = ORIENTED_EDGE('',*,*,#1556,.T.);
#2187 = CYLINDRICAL_SURFACE('',#2188,3.);
#2188 = AXIS2_PLACEMENT_3D('',#2189,#2190,#2191);
#2189 = CARTESIAN_POINT('',(-2.5,38.5,6.4));
#2190 = DIRECTION('',(-0.,-0.,-1.));
#2191 = DIRECTION('',(1.,0.,0.));
#2192 = ADVANCED_FACE('',(#2193,#2218),#2224,.T.);
#2193 = FACE_BOUND('',#2194,.T.);
#2194 = EDGE_LOOP('',(#2195,#2203,#2204,#2212));
#2195 = ORIENTED_EDGE('',*,*,#2196,.F.);
#2196 = EDGE_CURVE('',#1653,#2197,#2199,.T.);
#2197 = VERTEX_POINT('',#2198);
#2198 = CARTESIAN_POINT('',(1.8,6.3,6.8));
#2199 = LINE('',#2200,#2201);
#2200 = CARTESIAN_POINT('',(1.8,6.3,1.4));
#2201 = VECTOR('',#2202,1.);
#2202 = DIRECTION('',(0.,0.,1.));
#2203 = ORIENTED_EDGE('',*,*,#1652,.T.);
#2204 = ORIENTED_EDGE('',*,*,#2205,.T.);
#2205 = EDGE_CURVE('',#1655,#2206,#2208,.T.);
#2206 = VERTEX_POINT('',#2207);
#2207 = CARTESIAN_POINT('',(1.8,37.7,6.8));
#2208 = LINE('',#2209,#2210);
#2209 = CARTESIAN_POINT('',(1.8,37.7,1.4));
#2210 = VECTOR('',#2211,1.);
#2211 = DIRECTION('',(0.,0.,1.));
#2212 = ORIENTED_EDGE('',*,*,#2213,.T.);
#2213 = EDGE_CURVE('',#2206,#2197,#2214,.T.);
#2214 = LINE('',#2215,#2216);
#2215 = CARTESIAN_POINT('',(1.8,14.6,6.8));
#2216 = VECTOR('',#2217,1.);
#2217 = DIRECTION('',(0.,-1.,0.));
#2218 = FACE_BOUND('',#2219,.T.);
#2219 = EDGE_LOOP('',(#2220,#2221,#2222,#2223));
#2220 = ORIENTED_EDGE('',*,*,#1769,.T.);
#2221 = ORIENTED_EDGE('',*,*,#1786,.T.);
#2222 = ORIENTED_EDGE('',*,*,#1721,.F.);
#2223 = ORIENTED_EDGE('',*,*,#1745,.F.);
#2224 = PLANE('',#2225);
#2225 = AXIS2_PLACEMENT_3D('',#2226,#2227,#2228);
#2226 = CARTESIAN_POINT('',(1.8,6.2,1.4));
#2227 = DIRECTION('',(1.,0.,0.));
#2228 = DIRECTION('',(0.,0.,1.));
#2229 = ADVANCED_FACE('',(#2230),#2248,.T.);
#2230 = FACE_BOUND('',#2231,.T.);
#2231 = EDGE_LOOP('',(#2232,#2233,#2234,#2242));
#2232 = ORIENTED_EDGE('',*,*,#1662,.F.);
#2233 = ORIENTED_EDGE('',*,*,#2196,.T.);
#2234 = ORIENTED_EDGE('',*,*,#2235,.T.);
#2235 = EDGE_CURVE('',#2197,#2236,#2238,.T.);
#2236 = VERTEX_POINT('',#2237);
#2237 = CARTESIAN_POINT('',(23.2,6.3,6.8));
#2238 = LINE('',#2239,#2240);
#2239 = CARTESIAN_POINT('',(5.55,6.3,6.8));
#2240 = VECTOR('',#2241,1.);
#2241 = DIRECTION('',(1.,0.,0.));
#2242 = ORIENTED_EDGE('',*,*,#2243,.F.);
#2243 = EDGE_CURVE('',#1663,#2236,#2244,.T.);
#2244 = LINE('',#2245,#2246);
#2245 = CARTESIAN_POINT('',(23.2,6.3,1.4));
#2246 = VECTOR('',#2247,1.);
#2247 = DIRECTION('',(0.,0.,1.));
#2248 = PLANE('',#2249);
#2249 = AXIS2_PLACEMENT_3D('',#2250,#2251,#2252);
#2250 = CARTESIAN_POINT('',(0.6,6.3,1.4));
#2251 = DIRECTION('',(0.,1.,0.));
#2252 = DIRECTION('',(0.,0.,1.));
#2253 = ADVANCED_FACE('',(#2254),#2272,.F.);
#2254 = FACE_BOUND('',#2255,.F.);
#2255 = EDGE_LOOP('',(#2256,#2257,#2258,#2266));
#2256 = ORIENTED_EDGE('',*,*,#2243,.F.);
#2257 = ORIENTED_EDGE('',*,*,#1670,.T.);
#2258 = ORIENTED_EDGE('',*,*,#2259,.T.);
#2259 = EDGE_CURVE('',#1671,#2260,#2262,.T.);
#2260 = VERTEX_POINT('',#2261);
#2261 = CARTESIAN_POINT('',(23.2,37.7,6.8));
#2262 = LINE('',#2263,#2264);
#2263 = CARTESIAN_POINT('',(23.2,37.7,1.4));
#2264 = VECTOR('',#2265,1.);
#2265 = DIRECTION('',(0.,0.,1.));
#2266 = ORIENTED_EDGE('',*,*,#2267,.T.);
#2267 = EDGE_CURVE('',#2260,#2236,#2268,.T.);
#2268 = LINE('',#2269,#2270);
#2269 = CARTESIAN_POINT('',(23.2,14.6,6.8));
#2270 = VECTOR('',#2271,1.);
#2271 = DIRECTION('',(0.,-1.,0.));
#2272 = PLANE('',#2273);
#2273 = AXIS2_PLACEMENT_3D('',#2274,#2275,#2276);
#2274 = CARTESIAN_POINT('',(23.2,6.2,1.4));
#2275 = DIRECTION('',(1.,0.,0.));
#2276 = DIRECTION('',(0.,0.,1.));
#2277 = ADVANCED_FACE('',(#2278),#2289,.F.);
#2278 = FACE_BOUND('',#2279,.F.);
#2279 = EDGE_LOOP('',(#2280,#2281,#2282,#2288));
#2280 = ORIENTED_EDGE('',*,*,#1678,.F.);
#2281 = ORIENTED_EDGE('',*,*,#2205,.T.);
#2282 = ORIENTED_EDGE('',*,*,#2283,.T.);
#2283 = EDGE_CURVE('',#2206,#2260,#2284,.T.);
#2284 = LINE('',#2285,#2286);
#2285 = CARTESIAN_POINT('',(5.55,37.7,6.8));
#2286 = VECTOR('',#2287,1.);
#2287 = DIRECTION('',(1.,0.,0.));
#2288 = ORIENTED_EDGE('',*,*,#2259,.F.);
#2289 = PLANE('',#2290);
#2290 = AXIS2_PLACEMENT_3D('',#2291,#2292,#2293);
#2291 = CARTESIAN_POINT('',(0.6,37.7,1.4));
#2292 = DIRECTION('',(0.,1.,0.));
#2293 = DIRECTION('',(0.,0.,1.));
#2294 = ADVANCED_FACE('',(#2295,#2365),#2375,.T.);
#2295 = FACE_BOUND('',#2296,.T.);
#2296 = EDGE_LOOP('',(#2297,#2308,#2316,#2325,#2333,#2342,#2350,#2359));
#2297 = ORIENTED_EDGE('',*,*,#2298,.F.);
#2298 = EDGE_CURVE('',#2299,#2301,#2303,.T.);
#2299 = VERTEX_POINT('',#2300);
#2300 = CARTESIAN_POINT('',(-6.3,7.5,6.5));
#2301 = VERTEX_POINT('',#2302);
#2302 = CARTESIAN_POINT('',(-2.5,3.7,6.5));
#2303 = CIRCLE('',#2304,3.8);
#2304 = AXIS2_PLACEMENT_3D('',#2305,#2306,#2307);
#2305 = CARTESIAN_POINT('',(-2.5,7.5,6.5));
#2306 = DIRECTION('',(0.,0.,1.));
#2307 = DIRECTION('',(1.,0.,0.));
#2308 = ORIENTED_EDGE('',*,*,#2309,.T.);
#2309 = EDGE_CURVE('',#2299,#2310,#2312,.T.);
#2310 = VERTEX_POINT('',#2311);
#2311 = CARTESIAN_POINT('',(-6.3,38.5,6.5));
#2312 = LINE('',#2313,#2314);
#2313 = CARTESIAN_POINT('',(-6.3,7.5,6.5));
#2314 = VECTOR('',#2315,1.);
#2315 = DIRECTION('',(0.,1.,0.));
#2316 = ORIENTED_EDGE('',*,*,#2317,.F.);
#2317 = EDGE_CURVE('',#2318,#2310,#2320,.T.);
#2318 = VERTEX_POINT('',#2319);
#2319 = CARTESIAN_POINT('',(-2.5,42.3,6.5));
#2320 = CIRCLE('',#2321,3.8);
#2321 = AXIS2_PLACEMENT_3D('',#2322,#2323,#2324);
#2322 = CARTESIAN_POINT('',(-2.5,38.5,6.5));
#2323 = DIRECTION('',(0.,0.,1.));
#2324 = DIRECTION('',(1.,0.,0.));
#2325 = ORIENTED_EDGE('',*,*,#2326,.T.);
#2326 = EDGE_CURVE('',#2318,#2327,#2329,.T.);
#2327 = VERTEX_POINT('',#2328);
#2328 = CARTESIAN_POINT('',(23.5,42.3,6.5));
#2329 = LINE('',#2330,#2331);
#2330 = CARTESIAN_POINT('',(-2.5,42.3,6.5));
#2331 = VECTOR('',#2332,1.);
#2332 = DIRECTION('',(1.,0.,0.));
#2333 = ORIENTED_EDGE('',*,*,#2334,.F.);
#2334 = EDGE_CURVE('',#2335,#2327,#2337,.T.);
#2335 = VERTEX_POINT('',#2336);
#2336 = CARTESIAN_POINT('',(27.3,38.5,6.5));
#2337 = CIRCLE('',#2338,3.8);
#2338 = AXIS2_PLACEMENT_3D('',#2339,#2340,#2341);
#2339 = CARTESIAN_POINT('',(23.5,38.5,6.5));
#2340 = DIRECTION('',(0.,0.,1.));
#2341 = DIRECTION('',(1.,0.,0.));
#2342 = ORIENTED_EDGE('',*,*,#2343,.F.);
#2343 = EDGE_CURVE('',#2344,#2335,#2346,.T.);
#2344 = VERTEX_POINT('',#2345);
#2345 = CARTESIAN_POINT('',(27.3,7.5,6.5));
#2346 = LINE('',#2347,#2348);
#2347 = CARTESIAN_POINT('',(27.3,7.5,6.5));
#2348 = VECTOR('',#2349,1.);
#2349 = DIRECTION('',(0.,1.,0.));
#2350 = ORIENTED_EDGE('',*,*,#2351,.F.);
#2351 = EDGE_CURVE('',#2352,#2344,#2354,.T.);
#2352 = VERTEX_POINT('',#2353);
#2353 = CARTESIAN_POINT('',(23.5,3.7,6.5));
#2354 = CIRCLE('',#2355,3.8);
#2355 = AXIS2_PLACEMENT_3D('',#2356,#2357,#2358);
#2356 = CARTESIAN_POINT('',(23.5,7.5,6.5));
#2357 = DIRECTION('',(0.,0.,1.));
#2358 = DIRECTION('',(1.,0.,0.));
#2359 = ORIENTED_EDGE('',*,*,#2360,.F.);
#2360 = EDGE_CURVE('',#2301,#2352,#2361,.T.);
#2361 = LINE('',#2362,#2363);
#2362 = CARTESIAN_POINT('',(-2.5,3.7,6.5));
#2363 = VECTOR('',#2364,1.);
#2364 = DIRECTION('',(1.,0.,0.));
#2365 = FACE_BOUND('',#2366,.T.);
#2366 = EDGE_LOOP('',(#2367,#2368,#2369,#2370,#2371,#2372,#2373,#2374));
#2367 = ORIENTED_EDGE('',*,*,#1856,.F.);
#2368 = ORIENTED_EDGE('',*,*,#1959,.T.);
#2369 = ORIENTED_EDGE('',*,*,#2031,.F.);
#2370 = ORIENTED_EDGE('',*,*,#2089,.F.);
#2371 = ORIENTED_EDGE('',*,*,#2137,.F.);
#2372 = ORIENTED_EDGE('',*,*,#2154,.F.);
#2373 = ORIENTED_EDGE('',*,*,#2179,.F.);
#2374 = ORIENTED_EDGE('',*,*,#1881,.T.);
#2375 = PLANE('',#2376);
#2376 = AXIS2_PLACEMENT_3D('',#2377,#2378,#2379);
#2377 = CARTESIAN_POINT('',(10.5,23.,6.5));
#2378 = DIRECTION('',(-0.,-0.,-1.));
#2379 = DIRECTION('',(-1.,0.,0.));
#2380 = ADVANCED_FACE('',(#2381,#2476,#2510,#2544,#2578,#2612),#2646,.T.
  );
#2381 = FACE_BOUND('',#2382,.T.);
#2382 = EDGE_LOOP('',(#2383,#2384,#2393,#2401,#2410,#2418,#2427,#2435,
    #2442,#2443,#2444,#2445,#2453,#2461,#2469,#2475));
#2383 = ORIENTED_EDGE('',*,*,#1936,.F.);
#2384 = ORIENTED_EDGE('',*,*,#2385,.T.);
#2385 = EDGE_CURVE('',#1929,#2386,#2388,.T.);
#2386 = VERTEX_POINT('',#2387);
#2387 = CARTESIAN_POINT('',(-2.5,4.5,8.));
#2388 = CIRCLE('',#2389,3.);
#2389 = AXIS2_PLACEMENT_3D('',#2390,#2391,#2392);
#2390 = CARTESIAN_POINT('',(-2.5,7.5,8.));
#2391 = DIRECTION('',(0.,0.,1.));
#2392 = DIRECTION('',(1.,0.,0.));
#2393 = ORIENTED_EDGE('',*,*,#2394,.T.);
#2394 = EDGE_CURVE('',#2386,#2395,#2397,.T.);
#2395 = VERTEX_POINT('',#2396);
#2396 = CARTESIAN_POINT('',(23.5,4.5,8.));
#2397 = LINE('',#2398,#2399);
#2398 = CARTESIAN_POINT('',(-2.5,4.5,8.));
#2399 = VECTOR('',#2400,1.);
#2400 = DIRECTION('',(1.,0.,0.));
#2401 = ORIENTED_EDGE('',*,*,#2402,.T.);
#2402 = EDGE_CURVE('',#2395,#2403,#2405,.T.);
#2403 = VERTEX_POINT('',#2404);
#2404 = CARTESIAN_POINT('',(26.5,7.5,8.));
#2405 = CIRCLE('',#2406,3.);
#2406 = AXIS2_PLACEMENT_3D('',#2407,#2408,#2409);
#2407 = CARTESIAN_POINT('',(23.5,7.5,8.));
#2408 = DIRECTION('',(0.,0.,1.));
#2409 = DIRECTION('',(1.,0.,0.));
#2410 = ORIENTED_EDGE('',*,*,#2411,.T.);
#2411 = EDGE_CURVE('',#2403,#2412,#2414,.T.);
#2412 = VERTEX_POINT('',#2413);
#2413 = CARTESIAN_POINT('',(26.5,38.5,8.));
#2414 = LINE('',#2415,#2416);
#2415 = CARTESIAN_POINT('',(26.5,7.5,8.));
#2416 = VECTOR('',#2417,1.);
#2417 = DIRECTION('',(0.,1.,0.));
#2418 = ORIENTED_EDGE('',*,*,#2419,.T.);
#2419 = EDGE_CURVE('',#2412,#2420,#2422,.T.);
#2420 = VERTEX_POINT('',#2421);
#2421 = CARTESIAN_POINT('',(23.5,41.5,8.));
#2422 = CIRCLE('',#2423,3.);
#2423 = AXIS2_PLACEMENT_3D('',#2424,#2425,#2426);
#2424 = CARTESIAN_POINT('',(23.5,38.5,8.));
#2425 = DIRECTION('',(0.,0.,1.));
#2426 = DIRECTION('',(1.,0.,0.));
#2427 = ORIENTED_EDGE('',*,*,#2428,.F.);
#2428 = EDGE_CURVE('',#2429,#2420,#2431,.T.);
#2429 = VERTEX_POINT('',#2430);
#2430 = CARTESIAN_POINT('',(-2.5,41.5,8.));
#2431 = LINE('',#2432,#2433);
#2432 = CARTESIAN_POINT('',(-2.5,41.5,8.));
#2433 = VECTOR('',#2434,1.);
#2434 = DIRECTION('',(1.,0.,0.));
#2435 = ORIENTED_EDGE('',*,*,#2436,.T.);
#2436 = EDGE_CURVE('',#2429,#1905,#2437,.T.);
#2437 = CIRCLE('',#2438,3.);
#2438 = AXIS2_PLACEMENT_3D('',#2439,#2440,#2441);
#2439 = CARTESIAN_POINT('',(-2.5,38.5,8.));
#2440 = DIRECTION('',(0.,0.,1.));
#2441 = DIRECTION('',(1.,0.,0.));
#2442 = ORIENTED_EDGE('',*,*,#1904,.F.);
#2443 = ORIENTED_EDGE('',*,*,#2115,.F.);
#2444 = ORIENTED_EDGE('',*,*,#2058,.F.);
#2445 = ORIENTED_EDGE('',*,*,#2446,.F.);
#2446 = EDGE_CURVE('',#2447,#2059,#2449,.T.);
#2447 = VERTEX_POINT('',#2448);
#2448 = CARTESIAN_POINT('',(0.7,11.2,8.));
#2449 = LINE('',#2450,#2451);
#2450 = CARTESIAN_POINT('',(5.,11.2,8.));
#2451 = VECTOR('',#2452,1.);
#2452 = DIRECTION('',(-1.,0.,0.));
#2453 = ORIENTED_EDGE('',*,*,#2454,.F.);
#2454 = EDGE_CURVE('',#2455,#2447,#2457,.T.);
#2455 = VERTEX_POINT('',#2456);
#2456 = CARTESIAN_POINT('',(0.7,9.2,8.));
#2457 = LINE('',#2458,#2459);
#2458 = CARTESIAN_POINT('',(0.7,16.1,8.));
#2459 = VECTOR('',#2460,1.);
#2460 = DIRECTION('',(0.,1.,0.));
#2461 = ORIENTED_EDGE('',*,*,#2462,.T.);
#2462 = EDGE_CURVE('',#2455,#2463,#2465,.T.);
#2463 = VERTEX_POINT('',#2464);
#2464 = CARTESIAN_POINT('',(-1.3,9.2,8.));
#2465 = LINE('',#2466,#2467);
#2466 = CARTESIAN_POINT('',(5.,9.2,8.));
#2467 = VECTOR('',#2468,1.);
#2468 = DIRECTION('',(-1.,0.,0.));
#2469 = ORIENTED_EDGE('',*,*,#2470,.T.);
#2470 = EDGE_CURVE('',#2463,#1994,#2471,.T.);
#2471 = LINE('',#2472,#2473);
#2472 = CARTESIAN_POINT('',(-1.3,16.1,8.));
#2473 = VECTOR('',#2474,1.);
#2474 = DIRECTION('',(0.,1.,0.));
#2475 = ORIENTED_EDGE('',*,*,#1993,.T.);
#2476 = FACE_BOUND('',#2477,.T.);
#2477 = EDGE_LOOP('',(#2478,#2488,#2496,#2504));
#2478 = ORIENTED_EDGE('',*,*,#2479,.T.);
#2479 = EDGE_CURVE('',#2480,#2482,#2484,.T.);
#2480 = VERTEX_POINT('',#2481);
#2481 = CARTESIAN_POINT('',(14.,7.4,8.));
#2482 = VERTEX_POINT('',#2483);
#2483 = CARTESIAN_POINT('',(8.,7.4,8.));
#2484 = LINE('',#2485,#2486);
#2485 = CARTESIAN_POINT('',(9.25,7.4,8.));
#2486 = VECTOR('',#2487,1.);
#2487 = DIRECTION('',(-1.,0.,0.));
#2488 = ORIENTED_EDGE('',*,*,#2489,.T.);
#2489 = EDGE_CURVE('',#2482,#2490,#2492,.T.);
#2490 = VERTEX_POINT('',#2491);
#2491 = CARTESIAN_POINT('',(8.,8.75,8.));
#2492 = LINE('',#2493,#2494);
#2493 = CARTESIAN_POINT('',(8.,15.2,8.));
#2494 = VECTOR('',#2495,1.);
#2495 = DIRECTION('',(0.,1.,0.));
#2496 = ORIENTED_EDGE('',*,*,#2497,.F.);
#2497 = EDGE_CURVE('',#2498,#2490,#2500,.T.);
#2498 = VERTEX_POINT('',#2499);
#2499 = CARTESIAN_POINT('',(14.,8.75,8.));
#2500 = LINE('',#2501,#2502);
#2501 = CARTESIAN_POINT('',(9.25,8.75,8.));
#2502 = VECTOR('',#2503,1.);
#2503 = DIRECTION('',(-1.,0.,0.));
#2504 = ORIENTED_EDGE('',*,*,#2505,.F.);
#2505 = EDGE_CURVE('',#2480,#2498,#2506,.T.);
#2506 = LINE('',#2507,#2508);
#2507 = CARTESIAN_POINT('',(14.,15.2,8.));
#2508 = VECTOR('',#2509,1.);
#2509 = DIRECTION('',(0.,1.,0.));
#2510 = FACE_BOUND('',#2511,.T.);
#2511 = EDGE_LOOP('',(#2512,#2522,#2530,#2538));
#2512 = ORIENTED_EDGE('',*,*,#2513,.T.);
#2513 = EDGE_CURVE('',#2514,#2516,#2518,.T.);
#2514 = VERTEX_POINT('',#2515);
#2515 = CARTESIAN_POINT('',(26.3,9.2,8.));
#2516 = VERTEX_POINT('',#2517);
#2517 = CARTESIAN_POINT('',(24.1,9.2,8.));
#2518 = LINE('',#2519,#2520);
#2519 = CARTESIAN_POINT('',(17.875,9.2,8.));
#2520 = VECTOR('',#2521,1.);
#2521 = DIRECTION('',(-1.,0.,0.));
#2522 = ORIENTED_EDGE('',*,*,#2523,.T.);
#2523 = EDGE_CURVE('',#2516,#2524,#2526,.T.);
#2524 = VERTEX_POINT('',#2525);
#2525 = CARTESIAN_POINT('',(24.1,11.2,8.));
#2526 = LINE('',#2527,#2528);
#2527 = CARTESIAN_POINT('',(24.1,16.1,8.));
#2528 = VECTOR('',#2529,1.);
#2529 = DIRECTION('',(0.,1.,0.));
#2530 = ORIENTED_EDGE('',*,*,#2531,.F.);
#2531 = EDGE_CURVE('',#2532,#2524,#2534,.T.);
#2532 = VERTEX_POINT('',#2533);
#2533 = CARTESIAN_POINT('',(26.3,11.2,8.));
#2534 = LINE('',#2535,#2536);
#2535 = CARTESIAN_POINT('',(17.3,11.2,8.));
#2536 = VECTOR('',#2537,1.);
#2537 = DIRECTION('',(-1.,0.,0.));
#2538 = ORIENTED_EDGE('',*,*,#2539,.F.);
#2539 = EDGE_CURVE('',#2514,#2532,#2540,.T.);
#2540 = LINE('',#2541,#2542);
#2541 = CARTESIAN_POINT('',(26.3,16.1,8.));
#2542 = VECTOR('',#2543,1.);
#2543 = DIRECTION('',(0.,1.,0.));
#2544 = FACE_BOUND('',#2545,.T.);
#2545 = EDGE_LOOP('',(#2546,#2556,#2564,#2572));
#2546 = ORIENTED_EDGE('',*,*,#2547,.T.);
#2547 = EDGE_CURVE('',#2548,#2550,#2552,.T.);
#2548 = VERTEX_POINT('',#2549);
#2549 = CARTESIAN_POINT('',(0.7,36.5,8.));
#2550 = VERTEX_POINT('',#2551);
#2551 = CARTESIAN_POINT('',(-1.3,36.5,8.));
#2552 = LINE('',#2553,#2554);
#2553 = CARTESIAN_POINT('',(5.,36.5,8.));
#2554 = VECTOR('',#2555,1.);
#2555 = DIRECTION('',(-1.,0.,0.));
#2556 = ORIENTED_EDGE('',*,*,#2557,.T.);
#2557 = EDGE_CURVE('',#2550,#2558,#2560,.T.);
#2558 = VERTEX_POINT('',#2559);
#2559 = CARTESIAN_POINT('',(-1.3,38.5,8.));
#2560 = LINE('',#2561,#2562);
#2561 = CARTESIAN_POINT('',(-1.3,29.75,8.));
#2562 = VECTOR('',#2563,1.);
#2563 = DIRECTION('',(0.,1.,0.));
#2564 = ORIENTED_EDGE('',*,*,#2565,.F.);
#2565 = EDGE_CURVE('',#2566,#2558,#2568,.T.);
#2566 = VERTEX_POINT('',#2567);
#2567 = CARTESIAN_POINT('',(0.7,38.5,8.));
#2568 = LINE('',#2569,#2570);
#2569 = CARTESIAN_POINT('',(4.6,38.5,8.));
#2570 = VECTOR('',#2571,1.);
#2571 = DIRECTION('',(-1.,0.,0.));
#2572 = ORIENTED_EDGE('',*,*,#2573,.F.);
#2573 = EDGE_CURVE('',#2548,#2566,#2574,.T.);
#2574 = LINE('',#2575,#2576);
#2575 = CARTESIAN_POINT('',(0.7,29.75,8.));
#2576 = VECTOR('',#2577,1.);
#2577 = DIRECTION('',(0.,1.,0.));
#2578 = FACE_BOUND('',#2579,.T.);
#2579 = EDGE_LOOP('',(#2580,#2590,#2598,#2606));
#2580 = ORIENTED_EDGE('',*,*,#2581,.T.);
#2581 = EDGE_CURVE('',#2582,#2584,#2586,.T.);
#2582 = VERTEX_POINT('',#2583);
#2583 = CARTESIAN_POINT('',(5.,39.25,8.));
#2584 = VERTEX_POINT('',#2585);
#2585 = CARTESIAN_POINT('',(1.,39.25,8.));
#2586 = LINE('',#2587,#2588);
#2587 = CARTESIAN_POINT('',(5.75,39.25,8.));
#2588 = VECTOR('',#2589,1.);
#2589 = DIRECTION('',(-1.,0.,0.));
#2590 = ORIENTED_EDGE('',*,*,#2591,.T.);
#2591 = EDGE_CURVE('',#2584,#2592,#2594,.T.);
#2592 = VERTEX_POINT('',#2593);
#2593 = CARTESIAN_POINT('',(1.,40.45,8.));
#2594 = LINE('',#2595,#2596);
#2595 = CARTESIAN_POINT('',(1.,31.125,8.));
#2596 = VECTOR('',#2597,1.);
#2597 = DIRECTION('',(0.,1.,0.));
#2598 = ORIENTED_EDGE('',*,*,#2599,.F.);
#2599 = EDGE_CURVE('',#2600,#2592,#2602,.T.);
#2600 = VERTEX_POINT('',#2601);
#2601 = CARTESIAN_POINT('',(5.,40.45,8.));
#2602 = LINE('',#2603,#2604);
#2603 = CARTESIAN_POINT('',(5.75,40.45,8.));
#2604 = VECTOR('',#2605,1.);
#2605 = DIRECTION('',(-1.,0.,0.));
#2606 = ORIENTED_EDGE('',*,*,#2607,.F.);
#2607 = EDGE_CURVE('',#2582,#2600,#2608,.T.);
#2608 = LINE('',#2609,#2610);
#2609 = CARTESIAN_POINT('',(5.,31.125,8.));
#2610 = VECTOR('',#2611,1.);
#2611 = DIRECTION('',(0.,1.,0.));
#2612 = FACE_BOUND('',#2613,.T.);
#2613 = EDGE_LOOP('',(#2614,#2624,#2632,#2640));
#2614 = ORIENTED_EDGE('',*,*,#2615,.T.);
#2615 = EDGE_CURVE('',#2616,#2618,#2620,.T.);
#2616 = VERTEX_POINT('',#2617);
#2617 = CARTESIAN_POINT('',(26.3,36.5,8.));
#2618 = VERTEX_POINT('',#2619);
#2619 = CARTESIAN_POINT('',(24.1,36.5,8.));
#2620 = LINE('',#2621,#2622);
#2621 = CARTESIAN_POINT('',(17.875,36.5,8.));
#2622 = VECTOR('',#2623,1.);
#2623 = DIRECTION('',(-1.,0.,0.));
#2624 = ORIENTED_EDGE('',*,*,#2625,.T.);
#2625 = EDGE_CURVE('',#2618,#2626,#2628,.T.);
#2626 = VERTEX_POINT('',#2627);
#2627 = CARTESIAN_POINT('',(24.1,38.5,8.));
#2628 = LINE('',#2629,#2630);
#2629 = CARTESIAN_POINT('',(24.1,29.75,8.));
#2630 = VECTOR('',#2631,1.);
#2631 = DIRECTION('',(0.,1.,0.));
#2632 = ORIENTED_EDGE('',*,*,#2633,.F.);
#2633 = EDGE_CURVE('',#2634,#2626,#2636,.T.);
#2634 = VERTEX_POINT('',#2635);
#2635 = CARTESIAN_POINT('',(26.3,38.5,8.));
#2636 = LINE('',#2637,#2638);
#2637 = CARTESIAN_POINT('',(17.3,38.5,8.));
#2638 = VECTOR('',#2639,1.);
#2639 = DIRECTION('',(-1.,0.,0.));
#2640 = ORIENTED_EDGE('',*,*,#2641,.F.);
#2641 = EDGE_CURVE('',#2616,#2634,#2642,.T.);
#2642 = LINE('',#2643,#2644);
#2643 = CARTESIAN_POINT('',(26.3,29.75,8.));
#2644 = VECTOR('',#2645,1.);
#2645 = DIRECTION('',(0.,1.,0.));
#2646 = PLANE('',#2647);
#2647 = AXIS2_PLACEMENT_3D('',#2648,#2649,#2650);
#2648 = CARTESIAN_POINT('',(10.5,23.,8.));
#2649 = DIRECTION('',(0.,0.,1.));
#2650 = DIRECTION('',(1.,0.,0.));
#2651 = ADVANCED_FACE('',(#2652),#2671,.F.);
#2652 = FACE_BOUND('',#2653,.T.);
#2653 = EDGE_LOOP('',(#2654,#2662,#2663,#2664));
#2654 = ORIENTED_EDGE('',*,*,#2655,.F.);
#2655 = EDGE_CURVE('',#2386,#2656,#2658,.T.);
#2656 = VERTEX_POINT('',#2657);
#2657 = CARTESIAN_POINT('',(-2.5,4.5,10.5));
#2658 = LINE('',#2659,#2660);
#2659 = CARTESIAN_POINT('',(-2.5,4.5,6.4));
#2660 = VECTOR('',#2661,1.);
#2661 = DIRECTION('',(0.,0.,1.));
#2662 = ORIENTED_EDGE('',*,*,#2385,.F.);
#2663 = ORIENTED_EDGE('',*,*,#1928,.T.);
#2664 = ORIENTED_EDGE('',*,*,#2665,.F.);
#2665 = EDGE_CURVE('',#2656,#1921,#2666,.T.);
#2666 = CIRCLE('',#2667,3.);
#2667 = AXIS2_PLACEMENT_3D('',#2668,#2669,#2670);
#2668 = CARTESIAN_POINT('',(-2.5,7.5,10.5));
#2669 = DIRECTION('',(0.,0.,-1.));
#2670 = DIRECTION('',(1.,0.,0.));
#2671 = CYLINDRICAL_SURFACE('',#2672,3.);
#2672 = AXIS2_PLACEMENT_3D('',#2673,#2674,#2675);
#2673 = CARTESIAN_POINT('',(-2.5,7.5,6.4));
#2674 = DIRECTION('',(-0.,-0.,-1.));
#2675 = DIRECTION('',(1.,0.,0.));
#2676 = ADVANCED_FACE('',(#2677),#2830,.T.);
#2677 = FACE_BOUND('',#2678,.T.);
#2678 = EDGE_LOOP('',(#2679,#2689,#2698,#2706,#2715,#2723,#2732,#2740,
    #2748,#2756,#2765,#2773,#2782,#2788,#2789,#2790,#2799,#2807,#2815,
    #2823));
#2679 = ORIENTED_EDGE('',*,*,#2680,.F.);
#2680 = EDGE_CURVE('',#2681,#2683,#2685,.T.);
#2681 = VERTEX_POINT('',#2682);
#2682 = CARTESIAN_POINT('',(-6.3,7.5,10.5));
#2683 = VERTEX_POINT('',#2684);
#2684 = CARTESIAN_POINT('',(-6.3,38.5,10.5));
#2685 = LINE('',#2686,#2687);
#2686 = CARTESIAN_POINT('',(-6.3,7.5,10.5));
#2687 = VECTOR('',#2688,1.);
#2688 = DIRECTION('',(0.,1.,0.));
#2689 = ORIENTED_EDGE('',*,*,#2690,.T.);
#2690 = EDGE_CURVE('',#2681,#2691,#2693,.T.);
#2691 = VERTEX_POINT('',#2692);
#2692 = CARTESIAN_POINT('',(-2.5,3.7,10.5));
#2693 = CIRCLE('',#2694,3.8);
#2694 = AXIS2_PLACEMENT_3D('',#2695,#2696,#2697);
#2695 = CARTESIAN_POINT('',(-2.5,7.5,10.5));
#2696 = DIRECTION('',(0.,0.,1.));
#2697 = DIRECTION('',(1.,0.,0.));
#2698 = ORIENTED_EDGE('',*,*,#2699,.T.);
#2699 = EDGE_CURVE('',#2691,#2700,#2702,.T.);
#2700 = VERTEX_POINT('',#2701);
#2701 = CARTESIAN_POINT('',(23.5,3.7,10.5));
#2702 = LINE('',#2703,#2704);
#2703 = CARTESIAN_POINT('',(-2.5,3.7,10.5));
#2704 = VECTOR('',#2705,1.);
#2705 = DIRECTION('',(1.,0.,0.));
#2706 = ORIENTED_EDGE('',*,*,#2707,.T.);
#2707 = EDGE_CURVE('',#2700,#2708,#2710,.T.);
#2708 = VERTEX_POINT('',#2709);
#2709 = CARTESIAN_POINT('',(27.3,7.5,10.5));
#2710 = CIRCLE('',#2711,3.8);
#2711 = AXIS2_PLACEMENT_3D('',#2712,#2713,#2714);
#2712 = CARTESIAN_POINT('',(23.5,7.5,10.5));
#2713 = DIRECTION('',(0.,0.,1.));
#2714 = DIRECTION('',(1.,0.,0.));
#2715 = ORIENTED_EDGE('',*,*,#2716,.T.);
#2716 = EDGE_CURVE('',#2708,#2717,#2719,.T.);
#2717 = VERTEX_POINT('',#2718);
#2718 = CARTESIAN_POINT('',(27.3,38.5,10.5));
#2719 = LINE('',#2720,#2721);
#2720 = CARTESIAN_POINT('',(27.3,7.5,10.5));
#2721 = VECTOR('',#2722,1.);
#2722 = DIRECTION('',(0.,1.,0.));
#2723 = ORIENTED_EDGE('',*,*,#2724,.T.);
#2724 = EDGE_CURVE('',#2717,#2725,#2727,.T.);
#2725 = VERTEX_POINT('',#2726);
#2726 = CARTESIAN_POINT('',(23.5,42.3,10.5));
#2727 = CIRCLE('',#2728,3.8);
#2728 = AXIS2_PLACEMENT_3D('',#2729,#2730,#2731);
#2729 = CARTESIAN_POINT('',(23.5,38.5,10.5));
#2730 = DIRECTION('',(0.,0.,1.));
#2731 = DIRECTION('',(1.,0.,0.));
#2732 = ORIENTED_EDGE('',*,*,#2733,.F.);
#2733 = EDGE_CURVE('',#2734,#2725,#2736,.T.);
#2734 = VERTEX_POINT('',#2735);
#2735 = CARTESIAN_POINT('',(21.8,42.3,10.5));
#2736 = LINE('',#2737,#2738);
#2737 = CARTESIAN_POINT('',(-2.5,42.3,10.5));
#2738 = VECTOR('',#2739,1.);
#2739 = DIRECTION('',(1.,0.,0.));
#2740 = ORIENTED_EDGE('',*,*,#2741,.F.);
#2741 = EDGE_CURVE('',#2742,#2734,#2744,.T.);
#2742 = VERTEX_POINT('',#2743);
#2743 = CARTESIAN_POINT('',(21.8,41.5,10.5));
#2744 = LINE('',#2745,#2746);
#2745 = CARTESIAN_POINT('',(21.8,31.7,10.5));
#2746 = VECTOR('',#2747,1.);
#2747 = DIRECTION('',(0.,1.,0.));
#2748 = ORIENTED_EDGE('',*,*,#2749,.F.);
#2749 = EDGE_CURVE('',#2750,#2742,#2752,.T.);
#2750 = VERTEX_POINT('',#2751);
#2751 = CARTESIAN_POINT('',(23.5,41.5,10.5));
#2752 = LINE('',#2753,#2754);
#2753 = CARTESIAN_POINT('',(4.,41.5,10.5));
#2754 = VECTOR('',#2755,1.);
#2755 = DIRECTION('',(-1.,0.,0.));
#2756 = ORIENTED_EDGE('',*,*,#2757,.T.);
#2757 = EDGE_CURVE('',#2750,#2758,#2760,.T.);
#2758 = VERTEX_POINT('',#2759);
#2759 = CARTESIAN_POINT('',(26.5,38.5,10.5));
#2760 = CIRCLE('',#2761,3.);
#2761 = AXIS2_PLACEMENT_3D('',#2762,#2763,#2764);
#2762 = CARTESIAN_POINT('',(23.5,38.5,10.5));
#2763 = DIRECTION('',(0.,0.,-1.));
#2764 = DIRECTION('',(1.,0.,0.));
#2765 = ORIENTED_EDGE('',*,*,#2766,.F.);
#2766 = EDGE_CURVE('',#2767,#2758,#2769,.T.);
#2767 = VERTEX_POINT('',#2768);
#2768 = CARTESIAN_POINT('',(26.5,7.5,10.5));
#2769 = LINE('',#2770,#2771);
#2770 = CARTESIAN_POINT('',(26.5,15.25,10.5));
#2771 = VECTOR('',#2772,1.);
#2772 = DIRECTION('',(0.,1.,0.));
#2773 = ORIENTED_EDGE('',*,*,#2774,.T.);
#2774 = EDGE_CURVE('',#2767,#2775,#2777,.T.);
#2775 = VERTEX_POINT('',#2776);
#2776 = CARTESIAN_POINT('',(23.5,4.5,10.5));
#2777 = CIRCLE('',#2778,3.);
#2778 = AXIS2_PLACEMENT_3D('',#2779,#2780,#2781);
#2779 = CARTESIAN_POINT('',(23.5,7.5,10.5));
#2780 = DIRECTION('',(0.,0.,-1.));
#2781 = DIRECTION('',(1.,0.,0.));
#2782 = ORIENTED_EDGE('',*,*,#2783,.T.);
#2783 = EDGE_CURVE('',#2775,#2656,#2784,.T.);
#2784 = LINE('',#2785,#2786);
#2785 = CARTESIAN_POINT('',(4.,4.5,10.5));
#2786 = VECTOR('',#2787,1.);
#2787 = DIRECTION('',(-1.,0.,0.));
#2788 = ORIENTED_EDGE('',*,*,#2665,.T.);
#2789 = ORIENTED_EDGE('',*,*,#1920,.T.);
#2790 = ORIENTED_EDGE('',*,*,#2791,.T.);
#2791 = EDGE_CURVE('',#1913,#2792,#2794,.T.);
#2792 = VERTEX_POINT('',#2793);
#2793 = CARTESIAN_POINT('',(-2.5,41.5,10.5));
#2794 = CIRCLE('',#2795,3.);
#2795 = AXIS2_PLACEMENT_3D('',#2796,#2797,#2798);
#2796 = CARTESIAN_POINT('',(-2.5,38.5,10.5));
#2797 = DIRECTION('',(0.,0.,-1.));
#2798 = DIRECTION('',(1.,0.,0.));
#2799 = ORIENTED_EDGE('',*,*,#2800,.F.);
#2800 = EDGE_CURVE('',#2801,#2792,#2803,.T.);
#2801 = VERTEX_POINT('',#2802);
#2802 = CARTESIAN_POINT('',(6.6,41.5,10.5));
#2803 = LINE('',#2804,#2805);
#2804 = CARTESIAN_POINT('',(4.,41.5,10.5));
#2805 = VECTOR('',#2806,1.);
#2806 = DIRECTION('',(-1.,0.,0.));
#2807 = ORIENTED_EDGE('',*,*,#2808,.T.);
#2808 = EDGE_CURVE('',#2801,#2809,#2811,.T.);
#2809 = VERTEX_POINT('',#2810);
#2810 = CARTESIAN_POINT('',(6.6,42.3,10.5));
#2811 = LINE('',#2812,#2813);
#2812 = CARTESIAN_POINT('',(6.6,31.7,10.5));
#2813 = VECTOR('',#2814,1.);
#2814 = DIRECTION('',(0.,1.,0.));
#2815 = ORIENTED_EDGE('',*,*,#2816,.F.);
#2816 = EDGE_CURVE('',#2817,#2809,#2819,.T.);
#2817 = VERTEX_POINT('',#2818);
#2818 = CARTESIAN_POINT('',(-2.5,42.3,10.5));
#2819 = LINE('',#2820,#2821);
#2820 = CARTESIAN_POINT('',(-2.5,42.3,10.5));
#2821 = VECTOR('',#2822,1.);
#2822 = DIRECTION('',(1.,0.,0.));
#2823 = ORIENTED_EDGE('',*,*,#2824,.T.);
#2824 = EDGE_CURVE('',#2817,#2683,#2825,.T.);
#2825 = CIRCLE('',#2826,3.8);
#2826 = AXIS2_PLACEMENT_3D('',#2827,#2828,#2829);
#2827 = CARTESIAN_POINT('',(-2.5,38.5,10.5));
#2828 = DIRECTION('',(0.,0.,1.));
#2829 = DIRECTION('',(1.,0.,0.));
#2830 = PLANE('',#2831);
#2831 = AXIS2_PLACEMENT_3D('',#2832,#2833,#2834);
#2832 = CARTESIAN_POINT('',(10.5,23.,10.5));
#2833 = DIRECTION('',(0.,0.,1.));
#2834 = DIRECTION('',(1.,0.,0.));
#2835 = ADVANCED_FACE('',(#2836),#2847,.F.);
#2836 = FACE_BOUND('',#2837,.T.);
#2837 = EDGE_LOOP('',(#2838,#2839,#2840,#2846));
#2838 = ORIENTED_EDGE('',*,*,#1912,.F.);
#2839 = ORIENTED_EDGE('',*,*,#2436,.F.);
#2840 = ORIENTED_EDGE('',*,*,#2841,.T.);
#2841 = EDGE_CURVE('',#2429,#2792,#2842,.T.);
#2842 = LINE('',#2843,#2844);
#2843 = CARTESIAN_POINT('',(-2.5,41.5,6.4));
#2844 = VECTOR('',#2845,1.);
#2845 = DIRECTION('',(0.,0.,1.));
#2846 = ORIENTED_EDGE('',*,*,#2791,.F.);
#2847 = CYLINDRICAL_SURFACE('',#2848,3.);
#2848 = AXIS2_PLACEMENT_3D('',#2849,#2850,#2851);
#2849 = CARTESIAN_POINT('',(-2.5,38.5,6.4));
#2850 = DIRECTION('',(-0.,-0.,-1.));
#2851 = DIRECTION('',(1.,0.,0.));
#2852 = ADVANCED_FACE('',(#2853),#2871,.T.);
#2853 = FACE_BOUND('',#2854,.T.);
#2854 = EDGE_LOOP('',(#2855,#2856,#2857,#2865));
#2855 = ORIENTED_EDGE('',*,*,#2074,.T.);
#2856 = ORIENTED_EDGE('',*,*,#2009,.F.);
#2857 = ORIENTED_EDGE('',*,*,#2858,.T.);
#2858 = EDGE_CURVE('',#2002,#2859,#2861,.T.);
#2859 = VERTEX_POINT('',#2860);
#2860 = CARTESIAN_POINT('',(-1.3,11.2,7.9));
#2861 = LINE('',#2862,#2863);
#2862 = CARTESIAN_POINT('',(-1.3,9.2,7.9));
#2863 = VECTOR('',#2864,1.);
#2864 = DIRECTION('',(0.,1.,0.));
#2865 = ORIENTED_EDGE('',*,*,#2866,.T.);
#2866 = EDGE_CURVE('',#2859,#2067,#2867,.T.);
#2867 = LINE('',#2868,#2869);
#2868 = CARTESIAN_POINT('',(-1.3,11.2,7.9));
#2869 = VECTOR('',#2870,1.);
#2870 = DIRECTION('',(1.,0.,0.));
#2871 = PLANE('',#2872);
#2872 = AXIS2_PLACEMENT_3D('',#2873,#2874,#2875);
#2873 = CARTESIAN_POINT('',(-0.65,10.6,7.9));
#2874 = DIRECTION('',(-0.,-0.,-1.));
#2875 = DIRECTION('',(-1.,0.,0.));
#2876 = ADVANCED_FACE('',(#2877),#2904,.F.);
#2877 = FACE_BOUND('',#2878,.F.);
#2878 = EDGE_LOOP('',(#2879,#2887,#2888,#2889,#2890,#2898));
#2879 = ORIENTED_EDGE('',*,*,#2880,.F.);
#2880 = EDGE_CURVE('',#2463,#2881,#2883,.T.);
#2881 = VERTEX_POINT('',#2882);
#2882 = CARTESIAN_POINT('',(-1.3,9.2,13.5));
#2883 = LINE('',#2884,#2885);
#2884 = CARTESIAN_POINT('',(-1.3,9.2,7.9));
#2885 = VECTOR('',#2886,1.);
#2886 = DIRECTION('',(0.,0.,1.));
#2887 = ORIENTED_EDGE('',*,*,#2470,.T.);
#2888 = ORIENTED_EDGE('',*,*,#2001,.T.);
#2889 = ORIENTED_EDGE('',*,*,#2858,.T.);
#2890 = ORIENTED_EDGE('',*,*,#2891,.T.);
#2891 = EDGE_CURVE('',#2859,#2892,#2894,.T.);
#2892 = VERTEX_POINT('',#2893);
#2893 = CARTESIAN_POINT('',(-1.3,11.2,13.5));
#2894 = LINE('',#2895,#2896);
#2895 = CARTESIAN_POINT('',(-1.3,11.2,7.9));
#2896 = VECTOR('',#2897,1.);
#2897 = DIRECTION('',(0.,0.,1.));
#2898 = ORIENTED_EDGE('',*,*,#2899,.F.);
#2899 = EDGE_CURVE('',#2881,#2892,#2900,.T.);
#2900 = LINE('',#2901,#2902);
#2901 = CARTESIAN_POINT('',(-1.3,9.2,13.5));
#2902 = VECTOR('',#2903,1.);
#2903 = DIRECTION('',(0.,1.,0.));
#2904 = PLANE('',#2905);
#2905 = AXIS2_PLACEMENT_3D('',#2906,#2907,#2908);
#2906 = CARTESIAN_POINT('',(-1.3,9.2,7.9));
#2907 = DIRECTION('',(1.,0.,0.));
#2908 = DIRECTION('',(0.,0.,1.));
#2909 = ADVANCED_FACE('',(#2910),#2946,.T.);
#2910 = FACE_BOUND('',#2911,.T.);
#2911 = EDGE_LOOP('',(#2912,#2913,#2914,#2922,#2930,#2938,#2944,#2945));
#2912 = ORIENTED_EDGE('',*,*,#2866,.F.);
#2913 = ORIENTED_EDGE('',*,*,#2891,.T.);
#2914 = ORIENTED_EDGE('',*,*,#2915,.T.);
#2915 = EDGE_CURVE('',#2892,#2916,#2918,.T.);
#2916 = VERTEX_POINT('',#2917);
#2917 = CARTESIAN_POINT('',(-0.25,11.2,13.5));
#2918 = LINE('',#2919,#2920);
#2919 = CARTESIAN_POINT('',(-1.3,11.2,13.5));
#2920 = VECTOR('',#2921,1.);
#2921 = DIRECTION('',(1.,0.,0.));
#2922 = ORIENTED_EDGE('',*,*,#2923,.F.);
#2923 = EDGE_CURVE('',#2924,#2916,#2926,.T.);
#2924 = VERTEX_POINT('',#2925);
#2925 = CARTESIAN_POINT('',(-0.25,11.2,12.2));
#2926 = LINE('',#2927,#2928);
#2927 = CARTESIAN_POINT('',(-0.25,11.2,7.9));
#2928 = VECTOR('',#2929,1.);
#2929 = DIRECTION('',(0.,0.,1.));
#2930 = ORIENTED_EDGE('',*,*,#2931,.T.);
#2931 = EDGE_CURVE('',#2924,#2932,#2934,.T.);
#2932 = VERTEX_POINT('',#2933);
#2933 = CARTESIAN_POINT('',(0.7,11.2,12.2));
#2934 = LINE('',#2935,#2936);
#2935 = CARTESIAN_POINT('',(-0.5,11.2,12.2));
#2936 = VECTOR('',#2937,1.);
#2937 = DIRECTION('',(1.,0.,0.));
#2938 = ORIENTED_EDGE('',*,*,#2939,.F.);
#2939 = EDGE_CURVE('',#2447,#2932,#2940,.T.);
#2940 = LINE('',#2941,#2942);
#2941 = CARTESIAN_POINT('',(0.7,11.2,7.9));
#2942 = VECTOR('',#2943,1.);
#2943 = DIRECTION('',(0.,0.,1.));
#2944 = ORIENTED_EDGE('',*,*,#2446,.T.);
#2945 = ORIENTED_EDGE('',*,*,#2066,.F.);
#2946 = PLANE('',#2947);
#2947 = AXIS2_PLACEMENT_3D('',#2948,#2949,#2950);
#2948 = CARTESIAN_POINT('',(-0.385855263158,11.2,10.623355263158));
#2949 = DIRECTION('',(0.,1.,0.));
#2950 = DIRECTION('',(0.,0.,1.));
#2951 = ADVANCED_FACE('',(#2952),#2958,.T.);
#2952 = FACE_BOUND('',#2953,.T.);
#2953 = EDGE_LOOP('',(#2954,#2955,#2956,#2957));
#2954 = ORIENTED_EDGE('',*,*,#2235,.F.);
#2955 = ORIENTED_EDGE('',*,*,#2213,.F.);
#2956 = ORIENTED_EDGE('',*,*,#2283,.T.);
#2957 = ORIENTED_EDGE('',*,*,#2267,.T.);
#2958 = PLANE('',#2959);
#2959 = AXIS2_PLACEMENT_3D('',#2960,#2961,#2962);
#2960 = CARTESIAN_POINT('',(10.5,23.,6.8));
#2961 = DIRECTION('',(-0.,-0.,-1.));
#2962 = DIRECTION('',(-1.,0.,0.));
#2963 = ADVANCED_FACE('',(#2964),#2980,.T.);
#2964 = FACE_BOUND('',#2965,.F.);
#2965 = EDGE_LOOP('',(#2966,#2972,#2973,#2979));
#2966 = ORIENTED_EDGE('',*,*,#2967,.F.);
#2967 = EDGE_CURVE('',#2301,#2691,#2968,.T.);
#2968 = LINE('',#2969,#2970);
#2969 = CARTESIAN_POINT('',(-2.5,3.7,6.5));
#2970 = VECTOR('',#2971,1.);
#2971 = DIRECTION('',(0.,0.,1.));
#2972 = ORIENTED_EDGE('',*,*,#2298,.F.);
#2973 = ORIENTED_EDGE('',*,*,#2974,.T.);
#2974 = EDGE_CURVE('',#2299,#2681,#2975,.T.);
#2975 = LINE('',#2976,#2977);
#2976 = CARTESIAN_POINT('',(-6.3,7.5,6.5));
#2977 = VECTOR('',#2978,1.);
#2978 = DIRECTION('',(0.,0.,1.));
#2979 = ORIENTED_EDGE('',*,*,#2690,.T.);
#2980 = CYLINDRICAL_SURFACE('',#2981,3.8);
#2981 = AXIS2_PLACEMENT_3D('',#2982,#2983,#2984);
#2982 = CARTESIAN_POINT('',(-2.5,7.5,6.5));
#2983 = DIRECTION('',(-0.,-0.,-1.));
#2984 = DIRECTION('',(1.,0.,0.));
#2985 = ADVANCED_FACE('',(#2986),#2997,.F.);
#2986 = FACE_BOUND('',#2987,.F.);
#2987 = EDGE_LOOP('',(#2988,#2989,#2990,#2996));
#2988 = ORIENTED_EDGE('',*,*,#2974,.F.);
#2989 = ORIENTED_EDGE('',*,*,#2309,.T.);
#2990 = ORIENTED_EDGE('',*,*,#2991,.T.);
#2991 = EDGE_CURVE('',#2310,#2683,#2992,.T.);
#2992 = LINE('',#2993,#2994);
#2993 = CARTESIAN_POINT('',(-6.3,38.5,6.5));
#2994 = VECTOR('',#2995,1.);
#2995 = DIRECTION('',(0.,0.,1.));
#2996 = ORIENTED_EDGE('',*,*,#2680,.F.);
#2997 = PLANE('',#2998);
#2998 = AXIS2_PLACEMENT_3D('',#2999,#3000,#3001);
#2999 = CARTESIAN_POINT('',(-6.3,7.5,6.5));
#3000 = DIRECTION('',(1.,0.,0.));
#3001 = DIRECTION('',(0.,0.,1.));
#3002 = ADVANCED_FACE('',(#3003),#3014,.F.);
#3003 = FACE_BOUND('',#3004,.F.);
#3004 = EDGE_LOOP('',(#3005,#3006,#3007,#3008));
#3005 = ORIENTED_EDGE('',*,*,#2360,.F.);
#3006 = ORIENTED_EDGE('',*,*,#2967,.T.);
#3007 = ORIENTED_EDGE('',*,*,#2699,.T.);
#3008 = ORIENTED_EDGE('',*,*,#3009,.F.);
#3009 = EDGE_CURVE('',#2352,#2700,#3010,.T.);
#3010 = LINE('',#3011,#3012);
#3011 = CARTESIAN_POINT('',(23.5,3.7,6.5));
#3012 = VECTOR('',#3013,1.);
#3013 = DIRECTION('',(0.,0.,1.));
#3014 = PLANE('',#3015);
#3015 = AXIS2_PLACEMENT_3D('',#3016,#3017,#3018);
#3016 = CARTESIAN_POINT('',(-2.5,3.7,6.5));
#3017 = DIRECTION('',(0.,1.,0.));
#3018 = DIRECTION('',(0.,0.,1.));
#3019 = ADVANCED_FACE('',(#3020),#3031,.T.);
#3020 = FACE_BOUND('',#3021,.F.);
#3021 = EDGE_LOOP('',(#3022,#3023,#3029,#3030));
#3022 = ORIENTED_EDGE('',*,*,#2317,.F.);
#3023 = ORIENTED_EDGE('',*,*,#3024,.T.);
#3024 = EDGE_CURVE('',#2318,#2817,#3025,.T.);
#3025 = LINE('',#3026,#3027);
#3026 = CARTESIAN_POINT('',(-2.5,42.3,6.5));
#3027 = VECTOR('',#3028,1.);
#3028 = DIRECTION('',(0.,0.,1.));
#3029 = ORIENTED_EDGE('',*,*,#2824,.T.);
#3030 = ORIENTED_EDGE('',*,*,#2991,.F.);
#3031 = CYLINDRICAL_SURFACE('',#3032,3.8);
#3032 = AXIS2_PLACEMENT_3D('',#3033,#3034,#3035);
#3033 = CARTESIAN_POINT('',(-2.5,38.5,6.5));
#3034 = DIRECTION('',(-0.,-0.,-1.));
#3035 = DIRECTION('',(1.,0.,0.));
#3036 = ADVANCED_FACE('',(#3037),#3048,.T.);
#3037 = FACE_BOUND('',#3038,.F.);
#3038 = EDGE_LOOP('',(#3039,#3045,#3046,#3047));
#3039 = ORIENTED_EDGE('',*,*,#3040,.F.);
#3040 = EDGE_CURVE('',#2344,#2708,#3041,.T.);
#3041 = LINE('',#3042,#3043);
#3042 = CARTESIAN_POINT('',(27.3,7.5,6.5));
#3043 = VECTOR('',#3044,1.);
#3044 = DIRECTION('',(0.,0.,1.));
#3045 = ORIENTED_EDGE('',*,*,#2351,.F.);
#3046 = ORIENTED_EDGE('',*,*,#3009,.T.);
#3047 = ORIENTED_EDGE('',*,*,#2707,.T.);
#3048 = CYLINDRICAL_SURFACE('',#3049,3.8);
#3049 = AXIS2_PLACEMENT_3D('',#3050,#3051,#3052);
#3050 = CARTESIAN_POINT('',(23.5,7.5,6.5));
#3051 = DIRECTION('',(-0.,-0.,-1.));
#3052 = DIRECTION('',(1.,0.,0.));
#3053 = ADVANCED_FACE('',(#3054),#3088,.T.);
#3054 = FACE_BOUND('',#3055,.T.);
#3055 = EDGE_LOOP('',(#3056,#3057,#3058,#3059,#3067,#3075,#3081,#3082));
#3056 = ORIENTED_EDGE('',*,*,#2326,.F.);
#3057 = ORIENTED_EDGE('',*,*,#3024,.T.);
#3058 = ORIENTED_EDGE('',*,*,#2816,.T.);
#3059 = ORIENTED_EDGE('',*,*,#3060,.T.);
#3060 = EDGE_CURVE('',#2809,#3061,#3063,.T.);
#3061 = VERTEX_POINT('',#3062);
#3062 = CARTESIAN_POINT('',(6.6,42.3,11.6));
#3063 = LINE('',#3064,#3065);
#3064 = CARTESIAN_POINT('',(6.6,42.3,9.8));
#3065 = VECTOR('',#3066,1.);
#3066 = DIRECTION('',(0.,0.,1.));
#3067 = ORIENTED_EDGE('',*,*,#3068,.F.);
#3068 = EDGE_CURVE('',#3069,#3061,#3071,.T.);
#3069 = VERTEX_POINT('',#3070);
#3070 = CARTESIAN_POINT('',(21.8,42.3,11.6));
#3071 = LINE('',#3072,#3073);
#3072 = CARTESIAN_POINT('',(6.6,42.3,11.6));
#3073 = VECTOR('',#3074,1.);
#3074 = DIRECTION('',(-1.,0.,0.));
#3075 = ORIENTED_EDGE('',*,*,#3076,.F.);
#3076 = EDGE_CURVE('',#2734,#3069,#3077,.T.);
#3077 = LINE('',#3078,#3079);
#3078 = CARTESIAN_POINT('',(21.8,42.3,9.8));
#3079 = VECTOR('',#3080,1.);
#3080 = DIRECTION('',(0.,0.,1.));
#3081 = ORIENTED_EDGE('',*,*,#2733,.T.);
#3082 = ORIENTED_EDGE('',*,*,#3083,.F.);
#3083 = EDGE_CURVE('',#2327,#2725,#3084,.T.);
#3084 = LINE('',#3085,#3086);
#3085 = CARTESIAN_POINT('',(23.5,42.3,6.5));
#3086 = VECTOR('',#3087,1.);
#3087 = DIRECTION('',(0.,0.,1.));
#3088 = PLANE('',#3089);
#3089 = AXIS2_PLACEMENT_3D('',#3090,#3091,#3092);
#3090 = CARTESIAN_POINT('',(10.630868167203,42.3,8.859003215434));
#3091 = DIRECTION('',(0.,1.,9.833770889666E-16));
#3092 = DIRECTION('',(0.,-9.833770889666E-16,1.));
#3093 = ADVANCED_FACE('',(#3094),#3105,.T.);
#3094 = FACE_BOUND('',#3095,.T.);
#3095 = EDGE_LOOP('',(#3096,#3097,#3098,#3104));
#3096 = ORIENTED_EDGE('',*,*,#3040,.F.);
#3097 = ORIENTED_EDGE('',*,*,#2343,.T.);
#3098 = ORIENTED_EDGE('',*,*,#3099,.T.);
#3099 = EDGE_CURVE('',#2335,#2717,#3100,.T.);
#3100 = LINE('',#3101,#3102);
#3101 = CARTESIAN_POINT('',(27.3,38.5,6.5));
#3102 = VECTOR('',#3103,1.);
#3103 = DIRECTION('',(0.,0.,1.));
#3104 = ORIENTED_EDGE('',*,*,#2716,.F.);
#3105 = PLANE('',#3106);
#3106 = AXIS2_PLACEMENT_3D('',#3107,#3108,#3109);
#3107 = CARTESIAN_POINT('',(27.3,7.5,6.5));
#3108 = DIRECTION('',(1.,0.,0.));
#3109 = DIRECTION('',(0.,0.,1.));
#3110 = ADVANCED_FACE('',(#3111),#3117,.T.);
#3111 = FACE_BOUND('',#3112,.F.);
#3112 = EDGE_LOOP('',(#3113,#3114,#3115,#3116));
#3113 = ORIENTED_EDGE('',*,*,#2334,.F.);
#3114 = ORIENTED_EDGE('',*,*,#3099,.T.);
#3115 = ORIENTED_EDGE('',*,*,#2724,.T.);
#3116 = ORIENTED_EDGE('',*,*,#3083,.F.);
#3117 = CYLINDRICAL_SURFACE('',#3118,3.8);
#3118 = AXIS2_PLACEMENT_3D('',#3119,#3120,#3121);
#3119 = CARTESIAN_POINT('',(23.5,38.5,6.5));
#3120 = DIRECTION('',(-0.,-0.,-1.));
#3121 = DIRECTION('',(1.,0.,0.));
#3122 = ADVANCED_FACE('',(#3123),#3157,.T.);
#3123 = FACE_BOUND('',#3124,.T.);
#3124 = EDGE_LOOP('',(#3125,#3126,#3134,#3142,#3150,#3156));
#3125 = ORIENTED_EDGE('',*,*,#2462,.F.);
#3126 = ORIENTED_EDGE('',*,*,#3127,.T.);
#3127 = EDGE_CURVE('',#2455,#3128,#3130,.T.);
#3128 = VERTEX_POINT('',#3129);
#3129 = CARTESIAN_POINT('',(0.7,9.2,12.2));
#3130 = LINE('',#3131,#3132);
#3131 = CARTESIAN_POINT('',(0.7,9.2,7.9));
#3132 = VECTOR('',#3133,1.);
#3133 = DIRECTION('',(0.,0.,1.));
#3134 = ORIENTED_EDGE('',*,*,#3135,.F.);
#3135 = EDGE_CURVE('',#3136,#3128,#3138,.T.);
#3136 = VERTEX_POINT('',#3137);
#3137 = CARTESIAN_POINT('',(-0.25,9.2,12.2));
#3138 = LINE('',#3139,#3140);
#3139 = CARTESIAN_POINT('',(-0.5,9.2,12.2));
#3140 = VECTOR('',#3141,1.);
#3141 = DIRECTION('',(1.,0.,0.));
#3142 = ORIENTED_EDGE('',*,*,#3143,.T.);
#3143 = EDGE_CURVE('',#3136,#3144,#3146,.T.);
#3144 = VERTEX_POINT('',#3145);
#3145 = CARTESIAN_POINT('',(-0.25,9.2,13.5));
#3146 = LINE('',#3147,#3148);
#3147 = CARTESIAN_POINT('',(-0.25,9.2,7.9));
#3148 = VECTOR('',#3149,1.);
#3149 = DIRECTION('',(0.,0.,1.));
#3150 = ORIENTED_EDGE('',*,*,#3151,.F.);
#3151 = EDGE_CURVE('',#2881,#3144,#3152,.T.);
#3152 = LINE('',#3153,#3154);
#3153 = CARTESIAN_POINT('',(-1.3,9.2,13.5));
#3154 = VECTOR('',#3155,1.);
#3155 = DIRECTION('',(1.,0.,0.));
#3156 = ORIENTED_EDGE('',*,*,#2880,.F.);
#3157 = PLANE('',#3158);
#3158 = AXIS2_PLACEMENT_3D('',#3159,#3160,#3161);
#3159 = CARTESIAN_POINT('',(-0.382333333333,9.2,10.667666666667));
#3160 = DIRECTION('',(-0.,-1.,-0.));
#3161 = DIRECTION('',(0.,0.,-1.));
#3162 = ADVANCED_FACE('',(#3163),#3174,.T.);
#3163 = FACE_BOUND('',#3164,.T.);
#3164 = EDGE_LOOP('',(#3165,#3166,#3167,#3168));
#3165 = ORIENTED_EDGE('',*,*,#3127,.F.);
#3166 = ORIENTED_EDGE('',*,*,#2454,.T.);
#3167 = ORIENTED_EDGE('',*,*,#2939,.T.);
#3168 = ORIENTED_EDGE('',*,*,#3169,.F.);
#3169 = EDGE_CURVE('',#3128,#2932,#3170,.T.);
#3170 = LINE('',#3171,#3172);
#3171 = CARTESIAN_POINT('',(0.7,9.2,12.2));
#3172 = VECTOR('',#3173,1.);
#3173 = DIRECTION('',(0.,1.,0.));
#3174 = PLANE('',#3175);
#3175 = AXIS2_PLACEMENT_3D('',#3176,#3177,#3178);
#3176 = CARTESIAN_POINT('',(0.7,9.2,7.9));
#3177 = DIRECTION('',(1.,0.,0.));
#3178 = DIRECTION('',(0.,0.,1.));
#3179 = ADVANCED_FACE('',(#3180),#3214,.F.);
#3180 = FACE_BOUND('',#3181,.F.);
#3181 = EDGE_LOOP('',(#3182,#3183,#3184,#3185,#3193,#3201,#3207,#3208));
#3182 = ORIENTED_EDGE('',*,*,#2428,.F.);
#3183 = ORIENTED_EDGE('',*,*,#2841,.T.);
#3184 = ORIENTED_EDGE('',*,*,#2800,.F.);
#3185 = ORIENTED_EDGE('',*,*,#3186,.T.);
#3186 = EDGE_CURVE('',#2801,#3187,#3189,.T.);
#3187 = VERTEX_POINT('',#3188);
#3188 = CARTESIAN_POINT('',(6.6,41.5,9.8));
#3189 = LINE('',#3190,#3191);
#3190 = CARTESIAN_POINT('',(6.6,41.5,8.1));
#3191 = VECTOR('',#3192,1.);
#3192 = DIRECTION('',(0.,0.,-1.));
#3193 = ORIENTED_EDGE('',*,*,#3194,.T.);
#3194 = EDGE_CURVE('',#3187,#3195,#3197,.T.);
#3195 = VERTEX_POINT('',#3196);
#3196 = CARTESIAN_POINT('',(21.8,41.5,9.8));
#3197 = LINE('',#3198,#3199);
#3198 = CARTESIAN_POINT('',(2.05,41.5,9.8));
#3199 = VECTOR('',#3200,1.);
#3200 = DIRECTION('',(1.,0.,0.));
#3201 = ORIENTED_EDGE('',*,*,#3202,.F.);
#3202 = EDGE_CURVE('',#2742,#3195,#3203,.T.);
#3203 = LINE('',#3204,#3205);
#3204 = CARTESIAN_POINT('',(21.8,41.5,8.1));
#3205 = VECTOR('',#3206,1.);
#3206 = DIRECTION('',(0.,0.,-1.));
#3207 = ORIENTED_EDGE('',*,*,#2749,.F.);
#3208 = ORIENTED_EDGE('',*,*,#3209,.F.);
#3209 = EDGE_CURVE('',#2420,#2750,#3210,.T.);
#3210 = LINE('',#3211,#3212);
#3211 = CARTESIAN_POINT('',(23.5,41.5,6.4));
#3212 = VECTOR('',#3213,1.);
#3213 = DIRECTION('',(0.,0.,1.));
#3214 = PLANE('',#3215);
#3215 = AXIS2_PLACEMENT_3D('',#3216,#3217,#3218);
#3216 = CARTESIAN_POINT('',(-2.5,41.5,6.4));
#3217 = DIRECTION('',(0.,1.,0.));
#3218 = DIRECTION('',(0.,0.,1.));
#3219 = ADVANCED_FACE('',(#3220),#3231,.F.);
#3220 = FACE_BOUND('',#3221,.T.);
#3221 = EDGE_LOOP('',(#3222,#3223,#3224,#3230));
#3222 = ORIENTED_EDGE('',*,*,#3209,.F.);
#3223 = ORIENTED_EDGE('',*,*,#2419,.F.);
#3224 = ORIENTED_EDGE('',*,*,#3225,.T.);
#3225 = EDGE_CURVE('',#2412,#2758,#3226,.T.);
#3226 = LINE('',#3227,#3228);
#3227 = CARTESIAN_POINT('',(26.5,38.5,6.4));
#3228 = VECTOR('',#3229,1.);
#3229 = DIRECTION('',(0.,0.,1.));
#3230 = ORIENTED_EDGE('',*,*,#2757,.F.);
#3231 = CYLINDRICAL_SURFACE('',#3232,3.);
#3232 = AXIS2_PLACEMENT_3D('',#3233,#3234,#3235);
#3233 = CARTESIAN_POINT('',(23.5,38.5,6.4));
#3234 = DIRECTION('',(-0.,-0.,-1.));
#3235 = DIRECTION('',(1.,0.,0.));
#3236 = ADVANCED_FACE('',(#3237),#3248,.F.);
#3237 = FACE_BOUND('',#3238,.F.);
#3238 = EDGE_LOOP('',(#3239,#3245,#3246,#3247));
#3239 = ORIENTED_EDGE('',*,*,#3240,.F.);
#3240 = EDGE_CURVE('',#2403,#2767,#3241,.T.);
#3241 = LINE('',#3242,#3243);
#3242 = CARTESIAN_POINT('',(26.5,7.5,6.4));
#3243 = VECTOR('',#3244,1.);
#3244 = DIRECTION('',(0.,0.,1.));
#3245 = ORIENTED_EDGE('',*,*,#2411,.T.);
#3246 = ORIENTED_EDGE('',*,*,#3225,.T.);
#3247 = ORIENTED_EDGE('',*,*,#2766,.F.);
#3248 = PLANE('',#3249);
#3249 = AXIS2_PLACEMENT_3D('',#3250,#3251,#3252);
#3250 = CARTESIAN_POINT('',(26.5,7.5,6.4));
#3251 = DIRECTION('',(1.,0.,0.));
#3252 = DIRECTION('',(0.,0.,1.));
#3253 = ADVANCED_FACE('',(#3254),#3265,.F.);
#3254 = FACE_BOUND('',#3255,.T.);
#3255 = EDGE_LOOP('',(#3256,#3257,#3258,#3259));
#3256 = ORIENTED_EDGE('',*,*,#2774,.F.);
#3257 = ORIENTED_EDGE('',*,*,#3240,.F.);
#3258 = ORIENTED_EDGE('',*,*,#2402,.F.);
#3259 = ORIENTED_EDGE('',*,*,#3260,.T.);
#3260 = EDGE_CURVE('',#2395,#2775,#3261,.T.);
#3261 = LINE('',#3262,#3263);
#3262 = CARTESIAN_POINT('',(23.5,4.5,6.4));
#3263 = VECTOR('',#3264,1.);
#3264 = DIRECTION('',(0.,0.,1.));
#3265 = CYLINDRICAL_SURFACE('',#3266,3.);
#3266 = AXIS2_PLACEMENT_3D('',#3267,#3268,#3269);
#3267 = CARTESIAN_POINT('',(23.5,7.5,6.4));
#3268 = DIRECTION('',(-0.,-0.,-1.));
#3269 = DIRECTION('',(1.,0.,0.));
#3270 = ADVANCED_FACE('',(#3271),#3277,.T.);
#3271 = FACE_BOUND('',#3272,.T.);
#3272 = EDGE_LOOP('',(#3273,#3274,#3275,#3276));
#3273 = ORIENTED_EDGE('',*,*,#2394,.F.);
#3274 = ORIENTED_EDGE('',*,*,#2655,.T.);
#3275 = ORIENTED_EDGE('',*,*,#2783,.F.);
#3276 = ORIENTED_EDGE('',*,*,#3260,.F.);
#3277 = PLANE('',#3278);
#3278 = AXIS2_PLACEMENT_3D('',#3279,#3280,#3281);
#3279 = CARTESIAN_POINT('',(-2.5,4.5,6.4));
#3280 = DIRECTION('',(0.,1.,0.));
#3281 = DIRECTION('',(0.,0.,1.));
#3282 = ADVANCED_FACE('',(#3283),#3308,.F.);
#3283 = FACE_BOUND('',#3284,.F.);
#3284 = EDGE_LOOP('',(#3285,#3293,#3294,#3302));
#3285 = ORIENTED_EDGE('',*,*,#3286,.F.);
#3286 = EDGE_CURVE('',#2480,#3287,#3289,.T.);
#3287 = VERTEX_POINT('',#3288);
#3288 = CARTESIAN_POINT('',(14.,7.4,13.5));
#3289 = LINE('',#3290,#3291);
#3290 = CARTESIAN_POINT('',(14.,7.4,7.9));
#3291 = VECTOR('',#3292,1.);
#3292 = DIRECTION('',(0.,0.,1.));
#3293 = ORIENTED_EDGE('',*,*,#2479,.T.);
#3294 = ORIENTED_EDGE('',*,*,#3295,.T.);
#3295 = EDGE_CURVE('',#2482,#3296,#3298,.T.);
#3296 = VERTEX_POINT('',#3297);
#3297 = CARTESIAN_POINT('',(8.,7.4,13.5));
#3298 = LINE('',#3299,#3300);
#3299 = CARTESIAN_POINT('',(8.,7.4,7.9));
#3300 = VECTOR('',#3301,1.);
#3301 = DIRECTION('',(0.,0.,1.));
#3302 = ORIENTED_EDGE('',*,*,#3303,.T.);
#3303 = EDGE_CURVE('',#3296,#3287,#3304,.T.);
#3304 = LINE('',#3305,#3306);
#3305 = CARTESIAN_POINT('',(8.,7.4,13.5));
#3306 = VECTOR('',#3307,1.);
#3307 = DIRECTION('',(1.,0.,0.));
#3308 = PLANE('',#3309);
#3309 = AXIS2_PLACEMENT_3D('',#3310,#3311,#3312);
#3310 = CARTESIAN_POINT('',(8.,7.4,7.9));
#3311 = DIRECTION('',(0.,1.,0.));
#3312 = DIRECTION('',(0.,0.,1.));
#3313 = ADVANCED_FACE('',(#3314),#3332,.T.);
#3314 = FACE_BOUND('',#3315,.T.);
#3315 = EDGE_LOOP('',(#3316,#3317,#3318,#3326));
#3316 = ORIENTED_EDGE('',*,*,#3286,.F.);
#3317 = ORIENTED_EDGE('',*,*,#2505,.T.);
#3318 = ORIENTED_EDGE('',*,*,#3319,.T.);
#3319 = EDGE_CURVE('',#2498,#3320,#3322,.T.);
#3320 = VERTEX_POINT('',#3321);
#3321 = CARTESIAN_POINT('',(14.,8.75,13.5));
#3322 = LINE('',#3323,#3324);
#3323 = CARTESIAN_POINT('',(14.,8.75,7.9));
#3324 = VECTOR('',#3325,1.);
#3325 = DIRECTION('',(0.,0.,1.));
#3326 = ORIENTED_EDGE('',*,*,#3327,.F.);
#3327 = EDGE_CURVE('',#3287,#3320,#3328,.T.);
#3328 = LINE('',#3329,#3330);
#3329 = CARTESIAN_POINT('',(14.,7.4,13.5));
#3330 = VECTOR('',#3331,1.);
#3331 = DIRECTION('',(0.,1.,0.));
#3332 = PLANE('',#3333);
#3333 = AXIS2_PLACEMENT_3D('',#3334,#3335,#3336);
#3334 = CARTESIAN_POINT('',(14.,7.4,7.9));
#3335 = DIRECTION('',(1.,0.,0.));
#3336 = DIRECTION('',(0.,0.,1.));
#3337 = ADVANCED_FACE('',(#3338),#3356,.T.);
#3338 = FACE_BOUND('',#3339,.T.);
#3339 = EDGE_LOOP('',(#3340,#3341,#3342,#3350));
#3340 = ORIENTED_EDGE('',*,*,#3319,.F.);
#3341 = ORIENTED_EDGE('',*,*,#2497,.T.);
#3342 = ORIENTED_EDGE('',*,*,#3343,.T.);
#3343 = EDGE_CURVE('',#2490,#3344,#3346,.T.);
#3344 = VERTEX_POINT('',#3345);
#3345 = CARTESIAN_POINT('',(8.,8.75,13.5));
#3346 = LINE('',#3347,#3348);
#3347 = CARTESIAN_POINT('',(8.,8.75,7.9));
#3348 = VECTOR('',#3349,1.);
#3349 = DIRECTION('',(0.,0.,1.));
#3350 = ORIENTED_EDGE('',*,*,#3351,.T.);
#3351 = EDGE_CURVE('',#3344,#3320,#3352,.T.);
#3352 = LINE('',#3353,#3354);
#3353 = CARTESIAN_POINT('',(8.,8.75,13.5));
#3354 = VECTOR('',#3355,1.);
#3355 = DIRECTION('',(1.,0.,0.));
#3356 = PLANE('',#3357);
#3357 = AXIS2_PLACEMENT_3D('',#3358,#3359,#3360);
#3358 = CARTESIAN_POINT('',(8.,8.75,7.9));
#3359 = DIRECTION('',(0.,1.,0.));
#3360 = DIRECTION('',(0.,0.,1.));
#3361 = ADVANCED_FACE('',(#3362),#3373,.F.);
#3362 = FACE_BOUND('',#3363,.F.);
#3363 = EDGE_LOOP('',(#3364,#3365,#3366,#3367));
#3364 = ORIENTED_EDGE('',*,*,#3295,.F.);
#3365 = ORIENTED_EDGE('',*,*,#2489,.T.);
#3366 = ORIENTED_EDGE('',*,*,#3343,.T.);
#3367 = ORIENTED_EDGE('',*,*,#3368,.F.);
#3368 = EDGE_CURVE('',#3296,#3344,#3369,.T.);
#3369 = LINE('',#3370,#3371);
#3370 = CARTESIAN_POINT('',(8.,7.4,13.5));
#3371 = VECTOR('',#3372,1.);
#3372 = DIRECTION('',(0.,1.,0.));
#3373 = PLANE('',#3374);
#3374 = AXIS2_PLACEMENT_3D('',#3375,#3376,#3377);
#3375 = CARTESIAN_POINT('',(8.,7.4,7.9));
#3376 = DIRECTION('',(1.,0.,0.));
#3377 = DIRECTION('',(0.,0.,1.));
#3378 = ADVANCED_FACE('',(#3379),#3420,.T.);
#3379 = FACE_BOUND('',#3380,.T.);
#3380 = EDGE_LOOP('',(#3381,#3382,#3390,#3398,#3406,#3414));
#3381 = ORIENTED_EDGE('',*,*,#2513,.F.);
#3382 = ORIENTED_EDGE('',*,*,#3383,.T.);
#3383 = EDGE_CURVE('',#2514,#3384,#3386,.T.);
#3384 = VERTEX_POINT('',#3385);
#3385 = CARTESIAN_POINT('',(26.3,9.2,10.4));
#3386 = LINE('',#3387,#3388);
#3387 = CARTESIAN_POINT('',(26.3,9.2,7.9));
#3388 = VECTOR('',#3389,1.);
#3389 = DIRECTION('',(0.,0.,1.));
#3390 = ORIENTED_EDGE('',*,*,#3391,.F.);
#3391 = EDGE_CURVE('',#3392,#3384,#3394,.T.);
#3392 = VERTEX_POINT('',#3393);
#3393 = CARTESIAN_POINT('',(25.12,9.2,10.4));
#3394 = LINE('',#3395,#3396);
#3395 = CARTESIAN_POINT('',(17.3,9.2,10.4));
#3396 = VECTOR('',#3397,1.);
#3397 = DIRECTION('',(1.,0.,0.));
#3398 = ORIENTED_EDGE('',*,*,#3399,.T.);
#3399 = EDGE_CURVE('',#3392,#3400,#3402,.T.);
#3400 = VERTEX_POINT('',#3401);
#3401 = CARTESIAN_POINT('',(25.12,9.2,12.2));
#3402 = LINE('',#3403,#3404);
#3403 = CARTESIAN_POINT('',(25.12,9.2,9.145));
#3404 = VECTOR('',#3405,1.);
#3405 = DIRECTION('',(0.,0.,1.));
#3406 = ORIENTED_EDGE('',*,*,#3407,.F.);
#3407 = EDGE_CURVE('',#3408,#3400,#3410,.T.);
#3408 = VERTEX_POINT('',#3409);
#3409 = CARTESIAN_POINT('',(24.1,9.2,12.2));
#3410 = LINE('',#3411,#3412);
#3411 = CARTESIAN_POINT('',(24.1,9.2,12.2));
#3412 = VECTOR('',#3413,1.);
#3413 = DIRECTION('',(1.,0.,0.));
#3414 = ORIENTED_EDGE('',*,*,#3415,.F.);
#3415 = EDGE_CURVE('',#2516,#3408,#3416,.T.);
#3416 = LINE('',#3417,#3418);
#3417 = CARTESIAN_POINT('',(24.1,9.2,7.9));
#3418 = VECTOR('',#3419,1.);
#3419 = DIRECTION('',(0.,0.,1.));
#3420 = PLANE('',#3421);
#3421 = AXIS2_PLACEMENT_3D('',#3422,#3423,#3424);
#3422 = CARTESIAN_POINT('',(25.0340625,9.2,9.9340625));
#3423 = DIRECTION('',(-0.,-1.,-0.));
#3424 = DIRECTION('',(0.,0.,-1.));
#3425 = ADVANCED_FACE('',(#3426),#3444,.T.);
#3426 = FACE_BOUND('',#3427,.T.);
#3427 = EDGE_LOOP('',(#3428,#3429,#3430,#3438));
#3428 = ORIENTED_EDGE('',*,*,#3383,.F.);
#3429 = ORIENTED_EDGE('',*,*,#2539,.T.);
#3430 = ORIENTED_EDGE('',*,*,#3431,.T.);
#3431 = EDGE_CURVE('',#2532,#3432,#3434,.T.);
#3432 = VERTEX_POINT('',#3433);
#3433 = CARTESIAN_POINT('',(26.3,11.2,10.4));
#3434 = LINE('',#3435,#3436);
#3435 = CARTESIAN_POINT('',(26.3,11.2,7.9));
#3436 = VECTOR('',#3437,1.);
#3437 = DIRECTION('',(0.,0.,1.));
#3438 = ORIENTED_EDGE('',*,*,#3439,.T.);
#3439 = EDGE_CURVE('',#3432,#3384,#3440,.T.);
#3440 = LINE('',#3441,#3442);
#3441 = CARTESIAN_POINT('',(26.3,16.1,10.4));
#3442 = VECTOR('',#3443,1.);
#3443 = DIRECTION('',(0.,-1.,0.));
#3444 = PLANE('',#3445);
#3445 = AXIS2_PLACEMENT_3D('',#3446,#3447,#3448);
#3446 = CARTESIAN_POINT('',(26.3,9.2,7.9));
#3447 = DIRECTION('',(1.,0.,0.));
#3448 = DIRECTION('',(0.,0.,1.));
#3449 = ADVANCED_FACE('',(#3450),#3484,.T.);
#3450 = FACE_BOUND('',#3451,.T.);
#3451 = EDGE_LOOP('',(#3452,#3453,#3461,#3469,#3477,#3483));
#3452 = ORIENTED_EDGE('',*,*,#2531,.T.);
#3453 = ORIENTED_EDGE('',*,*,#3454,.T.);
#3454 = EDGE_CURVE('',#2524,#3455,#3457,.T.);
#3455 = VERTEX_POINT('',#3456);
#3456 = CARTESIAN_POINT('',(24.1,11.2,12.2));
#3457 = LINE('',#3458,#3459);
#3458 = CARTESIAN_POINT('',(24.1,11.2,7.9));
#3459 = VECTOR('',#3460,1.);
#3460 = DIRECTION('',(0.,0.,1.));
#3461 = ORIENTED_EDGE('',*,*,#3462,.T.);
#3462 = EDGE_CURVE('',#3455,#3463,#3465,.T.);
#3463 = VERTEX_POINT('',#3464);
#3464 = CARTESIAN_POINT('',(25.12,11.2,12.2));
#3465 = LINE('',#3466,#3467);
#3466 = CARTESIAN_POINT('',(24.1,11.2,12.2));
#3467 = VECTOR('',#3468,1.);
#3468 = DIRECTION('',(1.,0.,0.));
#3469 = ORIENTED_EDGE('',*,*,#3470,.F.);
#3470 = EDGE_CURVE('',#3471,#3463,#3473,.T.);
#3471 = VERTEX_POINT('',#3472);
#3472 = CARTESIAN_POINT('',(25.12,11.2,10.4));
#3473 = LINE('',#3474,#3475);
#3474 = CARTESIAN_POINT('',(25.12,11.2,9.145));
#3475 = VECTOR('',#3476,1.);
#3476 = DIRECTION('',(0.,0.,1.));
#3477 = ORIENTED_EDGE('',*,*,#3478,.T.);
#3478 = EDGE_CURVE('',#3471,#3432,#3479,.T.);
#3479 = LINE('',#3480,#3481);
#3480 = CARTESIAN_POINT('',(17.875,11.2,10.4));
#3481 = VECTOR('',#3482,1.);
#3482 = DIRECTION('',(1.,0.,0.));
#3483 = ORIENTED_EDGE('',*,*,#3431,.F.);
#3484 = PLANE('',#3485);
#3485 = AXIS2_PLACEMENT_3D('',#3486,#3487,#3488);
#3486 = CARTESIAN_POINT('',(25.0340625,11.2,9.9340625));
#3487 = DIRECTION('',(0.,1.,0.));
#3488 = DIRECTION('',(0.,0.,1.));
#3489 = ADVANCED_FACE('',(#3490),#3501,.F.);
#3490 = FACE_BOUND('',#3491,.F.);
#3491 = EDGE_LOOP('',(#3492,#3493,#3494,#3495));
#3492 = ORIENTED_EDGE('',*,*,#3415,.F.);
#3493 = ORIENTED_EDGE('',*,*,#2523,.T.);
#3494 = ORIENTED_EDGE('',*,*,#3454,.T.);
#3495 = ORIENTED_EDGE('',*,*,#3496,.F.);
#3496 = EDGE_CURVE('',#3408,#3455,#3497,.T.);
#3497 = LINE('',#3498,#3499);
#3498 = CARTESIAN_POINT('',(24.1,9.2,12.2));
#3499 = VECTOR('',#3500,1.);
#3500 = DIRECTION('',(0.,1.,0.));
#3501 = PLANE('',#3502);
#3502 = AXIS2_PLACEMENT_3D('',#3503,#3504,#3505);
#3503 = CARTESIAN_POINT('',(24.1,9.2,7.9));
#3504 = DIRECTION('',(1.,0.,0.));
#3505 = DIRECTION('',(0.,0.,1.));
#3506 = ADVANCED_FACE('',(#3507),#3548,.T.);
#3507 = FACE_BOUND('',#3508,.T.);
#3508 = EDGE_LOOP('',(#3509,#3510,#3518,#3526,#3534,#3542));
#3509 = ORIENTED_EDGE('',*,*,#2547,.F.);
#3510 = ORIENTED_EDGE('',*,*,#3511,.T.);
#3511 = EDGE_CURVE('',#2548,#3512,#3514,.T.);
#3512 = VERTEX_POINT('',#3513);
#3513 = CARTESIAN_POINT('',(0.7,36.5,12.2));
#3514 = LINE('',#3515,#3516);
#3515 = CARTESIAN_POINT('',(0.7,36.5,7.9));
#3516 = VECTOR('',#3517,1.);
#3517 = DIRECTION('',(0.,0.,1.));
#3518 = ORIENTED_EDGE('',*,*,#3519,.F.);
#3519 = EDGE_CURVE('',#3520,#3512,#3522,.T.);
#3520 = VERTEX_POINT('',#3521);
#3521 = CARTESIAN_POINT('',(-0.25,36.5,12.2));
#3522 = LINE('',#3523,#3524);
#3523 = CARTESIAN_POINT('',(-0.5,36.5,12.2));
#3524 = VECTOR('',#3525,1.);
#3525 = DIRECTION('',(1.,0.,0.));
#3526 = ORIENTED_EDGE('',*,*,#3527,.T.);
#3527 = EDGE_CURVE('',#3520,#3528,#3530,.T.);
#3528 = VERTEX_POINT('',#3529);
#3529 = CARTESIAN_POINT('',(-0.25,36.5,13.5));
#3530 = LINE('',#3531,#3532);
#3531 = CARTESIAN_POINT('',(-0.25,36.5,7.9));
#3532 = VECTOR('',#3533,1.);
#3533 = DIRECTION('',(0.,0.,1.));
#3534 = ORIENTED_EDGE('',*,*,#3535,.F.);
#3535 = EDGE_CURVE('',#3536,#3528,#3538,.T.);
#3536 = VERTEX_POINT('',#3537);
#3537 = CARTESIAN_POINT('',(-1.3,36.5,13.5));
#3538 = LINE('',#3539,#3540);
#3539 = CARTESIAN_POINT('',(-1.3,36.5,13.5));
#3540 = VECTOR('',#3541,1.);
#3541 = DIRECTION('',(1.,0.,0.));
#3542 = ORIENTED_EDGE('',*,*,#3543,.F.);
#3543 = EDGE_CURVE('',#2550,#3536,#3544,.T.);
#3544 = LINE('',#3545,#3546);
#3545 = CARTESIAN_POINT('',(-1.3,36.5,7.9));
#3546 = VECTOR('',#3547,1.);
#3547 = DIRECTION('',(0.,0.,1.));
#3548 = PLANE('',#3549);
#3549 = AXIS2_PLACEMENT_3D('',#3550,#3551,#3552);
#3550 = CARTESIAN_POINT('',(-0.382333333333,36.5,10.667666666667));
#3551 = DIRECTION('',(-0.,-1.,-0.));
#3552 = DIRECTION('',(0.,0.,-1.));
#3553 = ADVANCED_FACE('',(#3554),#3572,.T.);
#3554 = FACE_BOUND('',#3555,.T.);
#3555 = EDGE_LOOP('',(#3556,#3557,#3558,#3566));
#3556 = ORIENTED_EDGE('',*,*,#3511,.F.);
#3557 = ORIENTED_EDGE('',*,*,#2573,.T.);
#3558 = ORIENTED_EDGE('',*,*,#3559,.T.);
#3559 = EDGE_CURVE('',#2566,#3560,#3562,.T.);
#3560 = VERTEX_POINT('',#3561);
#3561 = CARTESIAN_POINT('',(0.7,38.5,12.2));
#3562 = LINE('',#3563,#3564);
#3563 = CARTESIAN_POINT('',(0.7,38.5,7.9));
#3564 = VECTOR('',#3565,1.);
#3565 = DIRECTION('',(0.,0.,1.));
#3566 = ORIENTED_EDGE('',*,*,#3567,.F.);
#3567 = EDGE_CURVE('',#3512,#3560,#3568,.T.);
#3568 = LINE('',#3569,#3570);
#3569 = CARTESIAN_POINT('',(0.7,36.5,12.2));
#3570 = VECTOR('',#3571,1.);
#3571 = DIRECTION('',(0.,1.,0.));
#3572 = PLANE('',#3573);
#3573 = AXIS2_PLACEMENT_3D('',#3574,#3575,#3576);
#3574 = CARTESIAN_POINT('',(0.7,36.5,7.9));
#3575 = DIRECTION('',(1.,0.,0.));
#3576 = DIRECTION('',(0.,0.,1.));
#3577 = ADVANCED_FACE('',(#3578),#3612,.T.);
#3578 = FACE_BOUND('',#3579,.T.);
#3579 = EDGE_LOOP('',(#3580,#3581,#3589,#3597,#3605,#3611));
#3580 = ORIENTED_EDGE('',*,*,#2565,.T.);
#3581 = ORIENTED_EDGE('',*,*,#3582,.T.);
#3582 = EDGE_CURVE('',#2558,#3583,#3585,.T.);
#3583 = VERTEX_POINT('',#3584);
#3584 = CARTESIAN_POINT('',(-1.3,38.5,13.5));
#3585 = LINE('',#3586,#3587);
#3586 = CARTESIAN_POINT('',(-1.3,38.5,7.9));
#3587 = VECTOR('',#3588,1.);
#3588 = DIRECTION('',(0.,0.,1.));
#3589 = ORIENTED_EDGE('',*,*,#3590,.T.);
#3590 = EDGE_CURVE('',#3583,#3591,#3593,.T.);
#3591 = VERTEX_POINT('',#3592);
#3592 = CARTESIAN_POINT('',(-0.25,38.5,13.5));
#3593 = LINE('',#3594,#3595);
#3594 = CARTESIAN_POINT('',(-1.3,38.5,13.5));
#3595 = VECTOR('',#3596,1.);
#3596 = DIRECTION('',(1.,0.,0.));
#3597 = ORIENTED_EDGE('',*,*,#3598,.F.);
#3598 = EDGE_CURVE('',#3599,#3591,#3601,.T.);
#3599 = VERTEX_POINT('',#3600);
#3600 = CARTESIAN_POINT('',(-0.25,38.5,12.2));
#3601 = LINE('',#3602,#3603);
#3602 = CARTESIAN_POINT('',(-0.25,38.5,7.9));
#3603 = VECTOR('',#3604,1.);
#3604 = DIRECTION('',(0.,0.,1.));
#3605 = ORIENTED_EDGE('',*,*,#3606,.T.);
#3606 = EDGE_CURVE('',#3599,#3560,#3607,.T.);
#3607 = LINE('',#3608,#3609);
#3608 = CARTESIAN_POINT('',(-0.5,38.5,12.2));
#3609 = VECTOR('',#3610,1.);
#3610 = DIRECTION('',(1.,0.,0.));
#3611 = ORIENTED_EDGE('',*,*,#3559,.F.);
#3612 = PLANE('',#3613);
#3613 = AXIS2_PLACEMENT_3D('',#3614,#3615,#3616);
#3614 = CARTESIAN_POINT('',(-0.382333333333,38.5,10.667666666667));
#3615 = DIRECTION('',(0.,1.,0.));
#3616 = DIRECTION('',(0.,0.,1.));
#3617 = ADVANCED_FACE('',(#3618),#3629,.F.);
#3618 = FACE_BOUND('',#3619,.F.);
#3619 = EDGE_LOOP('',(#3620,#3621,#3622,#3623));
#3620 = ORIENTED_EDGE('',*,*,#3543,.F.);
#3621 = ORIENTED_EDGE('',*,*,#2557,.T.);
#3622 = ORIENTED_EDGE('',*,*,#3582,.T.);
#3623 = ORIENTED_EDGE('',*,*,#3624,.F.);
#3624 = EDGE_CURVE('',#3536,#3583,#3625,.T.);
#3625 = LINE('',#3626,#3627);
#3626 = CARTESIAN_POINT('',(-1.3,36.5,13.5));
#3627 = VECTOR('',#3628,1.);
#3628 = DIRECTION('',(0.,1.,0.));
#3629 = PLANE('',#3630);
#3630 = AXIS2_PLACEMENT_3D('',#3631,#3632,#3633);
#3631 = CARTESIAN_POINT('',(-1.3,36.5,7.9));
#3632 = DIRECTION('',(1.,0.,0.));
#3633 = DIRECTION('',(0.,0.,1.));
#3634 = ADVANCED_FACE('',(#3635),#3660,.F.);
#3635 = FACE_BOUND('',#3636,.F.);
#3636 = EDGE_LOOP('',(#3637,#3645,#3646,#3654));
#3637 = ORIENTED_EDGE('',*,*,#3638,.F.);
#3638 = EDGE_CURVE('',#2582,#3639,#3641,.T.);
#3639 = VERTEX_POINT('',#3640);
#3640 = CARTESIAN_POINT('',(5.,39.25,13.5));
#3641 = LINE('',#3642,#3643);
#3642 = CARTESIAN_POINT('',(5.,39.25,7.9));
#3643 = VECTOR('',#3644,1.);
#3644 = DIRECTION('',(0.,0.,1.));
#3645 = ORIENTED_EDGE('',*,*,#2581,.T.);
#3646 = ORIENTED_EDGE('',*,*,#3647,.T.);
#3647 = EDGE_CURVE('',#2584,#3648,#3650,.T.);
#3648 = VERTEX_POINT('',#3649);
#3649 = CARTESIAN_POINT('',(1.,39.25,13.5));
#3650 = LINE('',#3651,#3652);
#3651 = CARTESIAN_POINT('',(1.,39.25,7.9));
#3652 = VECTOR('',#3653,1.);
#3653 = DIRECTION('',(0.,0.,1.));
#3654 = ORIENTED_EDGE('',*,*,#3655,.T.);
#3655 = EDGE_CURVE('',#3648,#3639,#3656,.T.);
#3656 = LINE('',#3657,#3658);
#3657 = CARTESIAN_POINT('',(1.,39.25,13.5));
#3658 = VECTOR('',#3659,1.);
#3659 = DIRECTION('',(1.,0.,0.));
#3660 = PLANE('',#3661);
#3661 = AXIS2_PLACEMENT_3D('',#3662,#3663,#3664);
#3662 = CARTESIAN_POINT('',(1.,39.25,7.9));
#3663 = DIRECTION('',(0.,1.,0.));
#3664 = DIRECTION('',(0.,0.,1.));
#3665 = ADVANCED_FACE('',(#3666),#3716,.T.);
#3666 = FACE_BOUND('',#3667,.T.);
#3667 = EDGE_LOOP('',(#3668,#3669,#3670,#3678,#3686,#3694,#3702,#3710));
#3668 = ORIENTED_EDGE('',*,*,#3638,.F.);
#3669 = ORIENTED_EDGE('',*,*,#2607,.T.);
#3670 = ORIENTED_EDGE('',*,*,#3671,.T.);
#3671 = EDGE_CURVE('',#2600,#3672,#3674,.T.);
#3672 = VERTEX_POINT('',#3673);
#3673 = CARTESIAN_POINT('',(5.,40.45,10.4));
#3674 = LINE('',#3675,#3676);
#3675 = CARTESIAN_POINT('',(5.,40.45,7.9));
#3676 = VECTOR('',#3677,1.);
#3677 = DIRECTION('',(0.,0.,1.));
#3678 = ORIENTED_EDGE('',*,*,#3679,.T.);
#3679 = EDGE_CURVE('',#3672,#3680,#3682,.T.);
#3680 = VERTEX_POINT('',#3681);
#3681 = CARTESIAN_POINT('',(5.,40.12,10.4));
#3682 = LINE('',#3683,#3684);
#3683 = CARTESIAN_POINT('',(5.,31.125,10.4));
#3684 = VECTOR('',#3685,1.);
#3685 = DIRECTION('',(0.,-1.,0.));
#3686 = ORIENTED_EDGE('',*,*,#3687,.F.);
#3687 = EDGE_CURVE('',#3688,#3680,#3690,.T.);
#3688 = VERTEX_POINT('',#3689);
#3689 = CARTESIAN_POINT('',(5.,40.12,13.));
#3690 = LINE('',#3691,#3692);
#3691 = CARTESIAN_POINT('',(5.,40.12,9.145));
#3692 = VECTOR('',#3693,1.);
#3693 = DIRECTION('',(0.,0.,-1.));
#3694 = ORIENTED_EDGE('',*,*,#3695,.T.);
#3695 = EDGE_CURVE('',#3688,#3696,#3698,.T.);
#3696 = VERTEX_POINT('',#3697);
#3697 = CARTESIAN_POINT('',(5.,40.45,13.));
#3698 = LINE('',#3699,#3700);
#3699 = CARTESIAN_POINT('',(5.,31.125,13.));
#3700 = VECTOR('',#3701,1.);
#3701 = DIRECTION('',(0.,1.,0.));
#3702 = ORIENTED_EDGE('',*,*,#3703,.T.);
#3703 = EDGE_CURVE('',#3696,#3704,#3706,.T.);
#3704 = VERTEX_POINT('',#3705);
#3705 = CARTESIAN_POINT('',(5.,40.45,13.5));
#3706 = LINE('',#3707,#3708);
#3707 = CARTESIAN_POINT('',(5.,40.45,7.9));
#3708 = VECTOR('',#3709,1.);
#3709 = DIRECTION('',(0.,0.,1.));
#3710 = ORIENTED_EDGE('',*,*,#3711,.F.);
#3711 = EDGE_CURVE('',#3639,#3704,#3712,.T.);
#3712 = LINE('',#3713,#3714);
#3713 = CARTESIAN_POINT('',(5.,39.25,13.5));
#3714 = VECTOR('',#3715,1.);
#3715 = DIRECTION('',(0.,1.,0.));
#3716 = PLANE('',#3717);
#3717 = AXIS2_PLACEMENT_3D('',#3718,#3719,#3720);
#3718 = CARTESIAN_POINT('',(5.,39.25,7.9));
#3719 = DIRECTION('',(1.,0.,0.));
#3720 = DIRECTION('',(0.,0.,1.));
#3721 = ADVANCED_FACE('',(#3722),#3740,.T.);
#3722 = FACE_BOUND('',#3723,.T.);
#3723 = EDGE_LOOP('',(#3724,#3725,#3726,#3734));
#3724 = ORIENTED_EDGE('',*,*,#3671,.F.);
#3725 = ORIENTED_EDGE('',*,*,#2599,.T.);
#3726 = ORIENTED_EDGE('',*,*,#3727,.T.);
#3727 = EDGE_CURVE('',#2592,#3728,#3730,.T.);
#3728 = VERTEX_POINT('',#3729);
#3729 = CARTESIAN_POINT('',(1.,40.45,10.4));
#3730 = LINE('',#3731,#3732);
#3731 = CARTESIAN_POINT('',(1.,40.45,7.9));
#3732 = VECTOR('',#3733,1.);
#3733 = DIRECTION('',(0.,0.,1.));
#3734 = ORIENTED_EDGE('',*,*,#3735,.T.);
#3735 = EDGE_CURVE('',#3728,#3672,#3736,.T.);
#3736 = LINE('',#3737,#3738);
#3737 = CARTESIAN_POINT('',(5.75,40.45,10.4));
#3738 = VECTOR('',#3739,1.);
#3739 = DIRECTION('',(1.,0.,0.));
#3740 = PLANE('',#3741);
#3741 = AXIS2_PLACEMENT_3D('',#3742,#3743,#3744);
#3742 = CARTESIAN_POINT('',(1.,40.45,7.9));
#3743 = DIRECTION('',(0.,1.,0.));
#3744 = DIRECTION('',(0.,0.,1.));
#3745 = ADVANCED_FACE('',(#3746),#3789,.F.);
#3746 = FACE_BOUND('',#3747,.F.);
#3747 = EDGE_LOOP('',(#3748,#3749,#3750,#3751,#3759,#3767,#3775,#3783));
#3748 = ORIENTED_EDGE('',*,*,#3647,.F.);
#3749 = ORIENTED_EDGE('',*,*,#2591,.T.);
#3750 = ORIENTED_EDGE('',*,*,#3727,.T.);
#3751 = ORIENTED_EDGE('',*,*,#3752,.T.);
#3752 = EDGE_CURVE('',#3728,#3753,#3755,.T.);
#3753 = VERTEX_POINT('',#3754);
#3754 = CARTESIAN_POINT('',(1.,40.12,10.4));
#3755 = LINE('',#3756,#3757);
#3756 = CARTESIAN_POINT('',(1.,31.125,10.4));
#3757 = VECTOR('',#3758,1.);
#3758 = DIRECTION('',(0.,-1.,0.));
#3759 = ORIENTED_EDGE('',*,*,#3760,.F.);
#3760 = EDGE_CURVE('',#3761,#3753,#3763,.T.);
#3761 = VERTEX_POINT('',#3762);
#3762 = CARTESIAN_POINT('',(1.,40.12,13.));
#3763 = LINE('',#3764,#3765);
#3764 = CARTESIAN_POINT('',(1.,40.12,9.145));
#3765 = VECTOR('',#3766,1.);
#3766 = DIRECTION('',(0.,0.,-1.));
#3767 = ORIENTED_EDGE('',*,*,#3768,.T.);
#3768 = EDGE_CURVE('',#3761,#3769,#3771,.T.);
#3769 = VERTEX_POINT('',#3770);
#3770 = CARTESIAN_POINT('',(1.,40.45,13.));
#3771 = LINE('',#3772,#3773);
#3772 = CARTESIAN_POINT('',(1.,31.125,13.));
#3773 = VECTOR('',#3774,1.);
#3774 = DIRECTION('',(0.,1.,0.));
#3775 = ORIENTED_EDGE('',*,*,#3776,.T.);
#3776 = EDGE_CURVE('',#3769,#3777,#3779,.T.);
#3777 = VERTEX_POINT('',#3778);
#3778 = CARTESIAN_POINT('',(1.,40.45,13.5));
#3779 = LINE('',#3780,#3781);
#3780 = CARTESIAN_POINT('',(1.,40.45,7.9));
#3781 = VECTOR('',#3782,1.);
#3782 = DIRECTION('',(0.,0.,1.));
#3783 = ORIENTED_EDGE('',*,*,#3784,.F.);
#3784 = EDGE_CURVE('',#3648,#3777,#3785,.T.);
#3785 = LINE('',#3786,#3787);
#3786 = CARTESIAN_POINT('',(1.,39.25,13.5));
#3787 = VECTOR('',#3788,1.);
#3788 = DIRECTION('',(0.,1.,0.));
#3789 = PLANE('',#3790);
#3790 = AXIS2_PLACEMENT_3D('',#3791,#3792,#3793);
#3791 = CARTESIAN_POINT('',(1.,39.25,7.9));
#3792 = DIRECTION('',(1.,0.,0.));
#3793 = DIRECTION('',(0.,0.,1.));
#3794 = ADVANCED_FACE('',(#3795),#3836,.T.);
#3795 = FACE_BOUND('',#3796,.T.);
#3796 = EDGE_LOOP('',(#3797,#3798,#3806,#3814,#3822,#3830));
#3797 = ORIENTED_EDGE('',*,*,#2615,.F.);
#3798 = ORIENTED_EDGE('',*,*,#3799,.T.);
#3799 = EDGE_CURVE('',#2616,#3800,#3802,.T.);
#3800 = VERTEX_POINT('',#3801);
#3801 = CARTESIAN_POINT('',(26.3,36.5,10.4));
#3802 = LINE('',#3803,#3804);
#3803 = CARTESIAN_POINT('',(26.3,36.5,7.9));
#3804 = VECTOR('',#3805,1.);
#3805 = DIRECTION('',(0.,0.,1.));
#3806 = ORIENTED_EDGE('',*,*,#3807,.F.);
#3807 = EDGE_CURVE('',#3808,#3800,#3810,.T.);
#3808 = VERTEX_POINT('',#3809);
#3809 = CARTESIAN_POINT('',(25.12,36.5,10.4));
#3810 = LINE('',#3811,#3812);
#3811 = CARTESIAN_POINT('',(17.3,36.5,10.4));
#3812 = VECTOR('',#3813,1.);
#3813 = DIRECTION('',(1.,0.,0.));
#3814 = ORIENTED_EDGE('',*,*,#3815,.T.);
#3815 = EDGE_CURVE('',#3808,#3816,#3818,.T.);
#3816 = VERTEX_POINT('',#3817);
#3817 = CARTESIAN_POINT('',(25.12,36.5,12.2));
#3818 = LINE('',#3819,#3820);
#3819 = CARTESIAN_POINT('',(25.12,36.5,9.145));
#3820 = VECTOR('',#3821,1.);
#3821 = DIRECTION('',(0.,0.,1.));
#3822 = ORIENTED_EDGE('',*,*,#3823,.F.);
#3823 = EDGE_CURVE('',#3824,#3816,#3826,.T.);
#3824 = VERTEX_POINT('',#3825);
#3825 = CARTESIAN_POINT('',(24.1,36.5,12.2));
#3826 = LINE('',#3827,#3828);
#3827 = CARTESIAN_POINT('',(24.1,36.5,12.2));
#3828 = VECTOR('',#3829,1.);
#3829 = DIRECTION('',(1.,0.,0.));
#3830 = ORIENTED_EDGE('',*,*,#3831,.F.);
#3831 = EDGE_CURVE('',#2618,#3824,#3832,.T.);
#3832 = LINE('',#3833,#3834);
#3833 = CARTESIAN_POINT('',(24.1,36.5,7.9));
#3834 = VECTOR('',#3835,1.);
#3835 = DIRECTION('',(0.,0.,1.));
#3836 = PLANE('',#3837);
#3837 = AXIS2_PLACEMENT_3D('',#3838,#3839,#3840);
#3838 = CARTESIAN_POINT('',(25.0340625,36.5,9.9340625));
#3839 = DIRECTION('',(-0.,-1.,-0.));
#3840 = DIRECTION('',(0.,0.,-1.));
#3841 = ADVANCED_FACE('',(#3842),#3860,.T.);
#3842 = FACE_BOUND('',#3843,.T.);
#3843 = EDGE_LOOP('',(#3844,#3845,#3846,#3854));
#3844 = ORIENTED_EDGE('',*,*,#3799,.F.);
#3845 = ORIENTED_EDGE('',*,*,#2641,.T.);
#3846 = ORIENTED_EDGE('',*,*,#3847,.T.);
#3847 = EDGE_CURVE('',#2634,#3848,#3850,.T.);
#3848 = VERTEX_POINT('',#3849);
#3849 = CARTESIAN_POINT('',(26.3,38.5,10.4));
#3850 = LINE('',#3851,#3852);
#3851 = CARTESIAN_POINT('',(26.3,38.5,7.9));
#3852 = VECTOR('',#3853,1.);
#3853 = DIRECTION('',(0.,0.,1.));
#3854 = ORIENTED_EDGE('',*,*,#3855,.T.);
#3855 = EDGE_CURVE('',#3848,#3800,#3856,.T.);
#3856 = LINE('',#3857,#3858);
#3857 = CARTESIAN_POINT('',(26.3,29.75,10.4));
#3858 = VECTOR('',#3859,1.);
#3859 = DIRECTION('',(0.,-1.,0.));
#3860 = PLANE('',#3861);
#3861 = AXIS2_PLACEMENT_3D('',#3862,#3863,#3864);
#3862 = CARTESIAN_POINT('',(26.3,36.5,7.9));
#3863 = DIRECTION('',(1.,0.,0.));
#3864 = DIRECTION('',(0.,0.,1.));
#3865 = ADVANCED_FACE('',(#3866),#3900,.T.);
#3866 = FACE_BOUND('',#3867,.T.);
#3867 = EDGE_LOOP('',(#3868,#3869,#3877,#3885,#3893,#3899));
#3868 = ORIENTED_EDGE('',*,*,#2633,.T.);
#3869 = ORIENTED_EDGE('',*,*,#3870,.T.);
#3870 = EDGE_CURVE('',#2626,#3871,#3873,.T.);
#3871 = VERTEX_POINT('',#3872);
#3872 = CARTESIAN_POINT('',(24.1,38.5,12.2));
#3873 = LINE('',#3874,#3875);
#3874 = CARTESIAN_POINT('',(24.1,38.5,7.9));
#3875 = VECTOR('',#3876,1.);
#3876 = DIRECTION('',(0.,0.,1.));
#3877 = ORIENTED_EDGE('',*,*,#3878,.T.);
#3878 = EDGE_CURVE('',#3871,#3879,#3881,.T.);
#3879 = VERTEX_POINT('',#3880);
#3880 = CARTESIAN_POINT('',(25.12,38.5,12.2));
#3881 = LINE('',#3882,#3883);
#3882 = CARTESIAN_POINT('',(24.1,38.5,12.2));
#3883 = VECTOR('',#3884,1.);
#3884 = DIRECTION('',(1.,0.,0.));
#3885 = ORIENTED_EDGE('',*,*,#3886,.F.);
#3886 = EDGE_CURVE('',#3887,#3879,#3889,.T.);
#3887 = VERTEX_POINT('',#3888);
#3888 = CARTESIAN_POINT('',(25.12,38.5,10.4));
#3889 = LINE('',#3890,#3891);
#3890 = CARTESIAN_POINT('',(25.12,38.5,10.39));
#3891 = VECTOR('',#3892,1.);
#3892 = DIRECTION('',(0.,0.,1.));
#3893 = ORIENTED_EDGE('',*,*,#3894,.T.);
#3894 = EDGE_CURVE('',#3887,#3848,#3895,.T.);
#3895 = LINE('',#3896,#3897);
#3896 = CARTESIAN_POINT('',(17.875,38.5,10.4));
#3897 = VECTOR('',#3898,1.);
#3898 = DIRECTION('',(1.,0.,0.));
#3899 = ORIENTED_EDGE('',*,*,#3847,.F.);
#3900 = PLANE('',#3901);
#3901 = AXIS2_PLACEMENT_3D('',#3902,#3903,#3904);
#3902 = CARTESIAN_POINT('',(25.0340625,38.5,9.9340625));
#3903 = DIRECTION('',(0.,1.,0.));
#3904 = DIRECTION('',(0.,0.,1.));
#3905 = ADVANCED_FACE('',(#3906),#3917,.F.);
#3906 = FACE_BOUND('',#3907,.F.);
#3907 = EDGE_LOOP('',(#3908,#3909,#3910,#3911));
#3908 = ORIENTED_EDGE('',*,*,#3831,.F.);
#3909 = ORIENTED_EDGE('',*,*,#2625,.T.);
#3910 = ORIENTED_EDGE('',*,*,#3870,.T.);
#3911 = ORIENTED_EDGE('',*,*,#3912,.F.);
#3912 = EDGE_CURVE('',#3824,#3871,#3913,.T.);
#3913 = LINE('',#3914,#3915);
#3914 = CARTESIAN_POINT('',(24.1,36.5,12.2));
#3915 = VECTOR('',#3916,1.);
#3916 = DIRECTION('',(0.,1.,0.));
#3917 = PLANE('',#3918);
#3918 = AXIS2_PLACEMENT_3D('',#3919,#3920,#3921);
#3919 = CARTESIAN_POINT('',(24.1,36.5,7.9));
#3920 = DIRECTION('',(1.,0.,0.));
#3921 = DIRECTION('',(0.,0.,1.));
#3922 = ADVANCED_FACE('',(#3923),#3982,.T.);
#3923 = FACE_BOUND('',#3924,.T.);
#3924 = EDGE_LOOP('',(#3925,#3935,#3943,#3951,#3959,#3965,#3966,#3967,
    #3968,#3976));
#3925 = ORIENTED_EDGE('',*,*,#3926,.F.);
#3926 = EDGE_CURVE('',#3927,#3929,#3931,.T.);
#3927 = VERTEX_POINT('',#3928);
#3928 = CARTESIAN_POINT('',(6.6,41.32,10.4));
#3929 = VERTEX_POINT('',#3930);
#3930 = CARTESIAN_POINT('',(6.6,40.4,10.4));
#3931 = LINE('',#3932,#3933);
#3932 = CARTESIAN_POINT('',(6.6,31.7,10.4));
#3933 = VECTOR('',#3934,1.);
#3934 = DIRECTION('',(0.,-1.,0.));
#3935 = ORIENTED_EDGE('',*,*,#3936,.F.);
#3936 = EDGE_CURVE('',#3937,#3927,#3939,.T.);
#3937 = VERTEX_POINT('',#3938);
#3938 = CARTESIAN_POINT('',(6.6,41.32,12.4));
#3939 = LINE('',#3940,#3941);
#3940 = CARTESIAN_POINT('',(6.6,41.32,10.1));
#3941 = VECTOR('',#3942,1.);
#3942 = DIRECTION('',(0.,0.,-1.));
#3943 = ORIENTED_EDGE('',*,*,#3944,.T.);
#3944 = EDGE_CURVE('',#3937,#3945,#3947,.T.);
#3945 = VERTEX_POINT('',#3946);
#3946 = CARTESIAN_POINT('',(6.6,45.4,12.4));
#3947 = LINE('',#3948,#3949);
#3948 = CARTESIAN_POINT('',(6.6,39.4,12.4));
#3949 = VECTOR('',#3950,1.);
#3950 = DIRECTION('',(0.,1.,0.));
#3951 = ORIENTED_EDGE('',*,*,#3952,.F.);
#3952 = EDGE_CURVE('',#3953,#3945,#3955,.T.);
#3953 = VERTEX_POINT('',#3954);
#3954 = CARTESIAN_POINT('',(6.6,45.4,11.6));
#3955 = LINE('',#3956,#3957);
#3956 = CARTESIAN_POINT('',(6.6,45.4,11.6));
#3957 = VECTOR('',#3958,1.);
#3958 = DIRECTION('',(0.,0.,1.));
#3959 = ORIENTED_EDGE('',*,*,#3960,.F.);
#3960 = EDGE_CURVE('',#3061,#3953,#3961,.T.);
#3961 = LINE('',#3962,#3963);
#3962 = CARTESIAN_POINT('',(6.6,39.4,11.6));
#3963 = VECTOR('',#3964,1.);
#3964 = DIRECTION('',(0.,1.,0.));
#3965 = ORIENTED_EDGE('',*,*,#3060,.F.);
#3966 = ORIENTED_EDGE('',*,*,#2808,.F.);
#3967 = ORIENTED_EDGE('',*,*,#3186,.T.);
#3968 = ORIENTED_EDGE('',*,*,#3969,.F.);
#3969 = EDGE_CURVE('',#3970,#3187,#3972,.T.);
#3970 = VERTEX_POINT('',#3971);
#3971 = CARTESIAN_POINT('',(6.6,40.4,9.8));
#3972 = LINE('',#3973,#3974);
#3973 = CARTESIAN_POINT('',(6.6,40.4,9.8));
#3974 = VECTOR('',#3975,1.);
#3975 = DIRECTION('',(0.,1.,0.));
#3976 = ORIENTED_EDGE('',*,*,#3977,.T.);
#3977 = EDGE_CURVE('',#3970,#3929,#3978,.T.);
#3978 = LINE('',#3979,#3980);
#3979 = CARTESIAN_POINT('',(6.6,40.4,9.8));
#3980 = VECTOR('',#3981,1.);
#3981 = DIRECTION('',(0.,0.,1.));
#3982 = PLANE('',#3983);
#3983 = AXIS2_PLACEMENT_3D('',#3984,#3985,#3986);
#3984 = CARTESIAN_POINT('',(6.6,42.617105263158,11.382894736842));
#3985 = DIRECTION('',(-1.,-0.,-0.));
#3986 = DIRECTION('',(0.,0.,-1.));
#3987 = ADVANCED_FACE('',(#3988),#4047,.T.);
#3988 = FACE_BOUND('',#3989,.T.);
#3989 = EDGE_LOOP('',(#3990,#4000,#4008,#4014,#4015,#4016,#4017,#4025,
    #4033,#4041));
#3990 = ORIENTED_EDGE('',*,*,#3991,.T.);
#3991 = EDGE_CURVE('',#3992,#3994,#3996,.T.);
#3992 = VERTEX_POINT('',#3993);
#3993 = CARTESIAN_POINT('',(21.8,41.32,10.4));
#3994 = VERTEX_POINT('',#3995);
#3995 = CARTESIAN_POINT('',(21.8,40.4,10.4));
#3996 = LINE('',#3997,#3998);
#3997 = CARTESIAN_POINT('',(21.8,31.7,10.4));
#3998 = VECTOR('',#3999,1.);
#3999 = DIRECTION('',(0.,-1.,0.));
#4000 = ORIENTED_EDGE('',*,*,#4001,.F.);
#4001 = EDGE_CURVE('',#4002,#3994,#4004,.T.);
#4002 = VERTEX_POINT('',#4003);
#4003 = CARTESIAN_POINT('',(21.8,40.4,9.8));
#4004 = LINE('',#4005,#4006);
#4005 = CARTESIAN_POINT('',(21.8,40.4,9.8));
#4006 = VECTOR('',#4007,1.);
#4007 = DIRECTION('',(0.,0.,1.));
#4008 = ORIENTED_EDGE('',*,*,#4009,.T.);
#4009 = EDGE_CURVE('',#4002,#3195,#4010,.T.);
#4010 = LINE('',#4011,#4012);
#4011 = CARTESIAN_POINT('',(21.8,40.4,9.8));
#4012 = VECTOR('',#4013,1.);
#4013 = DIRECTION('',(0.,1.,0.));
#4014 = ORIENTED_EDGE('',*,*,#3202,.F.);
#4015 = ORIENTED_EDGE('',*,*,#2741,.T.);
#4016 = ORIENTED_EDGE('',*,*,#3076,.T.);
#4017 = ORIENTED_EDGE('',*,*,#4018,.T.);
#4018 = EDGE_CURVE('',#3069,#4019,#4021,.T.);
#4019 = VERTEX_POINT('',#4020);
#4020 = CARTESIAN_POINT('',(21.8,45.4,11.6));
#4021 = LINE('',#4022,#4023);
#4022 = CARTESIAN_POINT('',(21.8,39.4,11.6));
#4023 = VECTOR('',#4024,1.);
#4024 = DIRECTION('',(0.,1.,0.));
#4025 = ORIENTED_EDGE('',*,*,#4026,.T.);
#4026 = EDGE_CURVE('',#4019,#4027,#4029,.T.);
#4027 = VERTEX_POINT('',#4028);
#4028 = CARTESIAN_POINT('',(21.8,45.4,12.4));
#4029 = LINE('',#4030,#4031);
#4030 = CARTESIAN_POINT('',(21.8,45.4,11.6));
#4031 = VECTOR('',#4032,1.);
#4032 = DIRECTION('',(0.,0.,1.));
#4033 = ORIENTED_EDGE('',*,*,#4034,.F.);
#4034 = EDGE_CURVE('',#4035,#4027,#4037,.T.);
#4035 = VERTEX_POINT('',#4036);
#4036 = CARTESIAN_POINT('',(21.8,41.32,12.4));
#4037 = LINE('',#4038,#4039);
#4038 = CARTESIAN_POINT('',(21.8,39.4,12.4));
#4039 = VECTOR('',#4040,1.);
#4040 = DIRECTION('',(0.,1.,0.));
#4041 = ORIENTED_EDGE('',*,*,#4042,.T.);
#4042 = EDGE_CURVE('',#4035,#3992,#4043,.T.);
#4043 = LINE('',#4044,#4045);
#4044 = CARTESIAN_POINT('',(21.8,41.32,10.1));
#4045 = VECTOR('',#4046,1.);
#4046 = DIRECTION('',(0.,0.,-1.));
#4047 = PLANE('',#4048);
#4048 = AXIS2_PLACEMENT_3D('',#4049,#4050,#4051);
#4049 = CARTESIAN_POINT('',(21.8,42.617105263158,11.382894736842));
#4050 = DIRECTION('',(1.,0.,0.));
#4051 = DIRECTION('',(0.,0.,1.));
#4052 = ADVANCED_FACE('',(#4053),#4064,.T.);
#4053 = FACE_BOUND('',#4054,.T.);
#4054 = EDGE_LOOP('',(#4055,#4056,#4057,#4063));
#4055 = ORIENTED_EDGE('',*,*,#2899,.F.);
#4056 = ORIENTED_EDGE('',*,*,#3151,.T.);
#4057 = ORIENTED_EDGE('',*,*,#4058,.T.);
#4058 = EDGE_CURVE('',#3144,#2916,#4059,.T.);
#4059 = LINE('',#4060,#4061);
#4060 = CARTESIAN_POINT('',(-0.25,9.2,13.5));
#4061 = VECTOR('',#4062,1.);
#4062 = DIRECTION('',(0.,1.,0.));
#4063 = ORIENTED_EDGE('',*,*,#2915,.F.);
#4064 = PLANE('',#4065);
#4065 = AXIS2_PLACEMENT_3D('',#4066,#4067,#4068);
#4066 = CARTESIAN_POINT('',(-1.3,9.2,13.5));
#4067 = DIRECTION('',(0.,0.,1.));
#4068 = DIRECTION('',(1.,0.,0.));
#4069 = ADVANCED_FACE('',(#4070),#4081,.T.);
#4070 = FACE_BOUND('',#4071,.T.);
#4071 = EDGE_LOOP('',(#4072,#4073,#4079,#4080));
#4072 = ORIENTED_EDGE('',*,*,#3143,.F.);
#4073 = ORIENTED_EDGE('',*,*,#4074,.T.);
#4074 = EDGE_CURVE('',#3136,#2924,#4075,.T.);
#4075 = LINE('',#4076,#4077);
#4076 = CARTESIAN_POINT('',(-0.25,9.2,12.2));
#4077 = VECTOR('',#4078,1.);
#4078 = DIRECTION('',(0.,1.,0.));
#4079 = ORIENTED_EDGE('',*,*,#2923,.T.);
#4080 = ORIENTED_EDGE('',*,*,#4058,.F.);
#4081 = PLANE('',#4082);
#4082 = AXIS2_PLACEMENT_3D('',#4083,#4084,#4085);
#4083 = CARTESIAN_POINT('',(-0.25,9.2,7.9));
#4084 = DIRECTION('',(1.,0.,0.));
#4085 = DIRECTION('',(0.,0.,1.));
#4086 = ADVANCED_FACE('',(#4087),#4093,.T.);
#4087 = FACE_BOUND('',#4088,.T.);
#4088 = EDGE_LOOP('',(#4089,#4090,#4091,#4092));
#4089 = ORIENTED_EDGE('',*,*,#4074,.F.);
#4090 = ORIENTED_EDGE('',*,*,#3135,.T.);
#4091 = ORIENTED_EDGE('',*,*,#3169,.T.);
#4092 = ORIENTED_EDGE('',*,*,#2931,.F.);
#4093 = PLANE('',#4094);
#4094 = AXIS2_PLACEMENT_3D('',#4095,#4096,#4097);
#4095 = CARTESIAN_POINT('',(-0.5,9.2,12.2));
#4096 = DIRECTION('',(0.,0.,1.));
#4097 = DIRECTION('',(1.,0.,0.));
#4098 = ADVANCED_FACE('',(#4099),#4110,.F.);
#4099 = FACE_BOUND('',#4100,.F.);
#4100 = EDGE_LOOP('',(#4101,#4102,#4103,#4104));
#4101 = ORIENTED_EDGE('',*,*,#3960,.F.);
#4102 = ORIENTED_EDGE('',*,*,#3068,.F.);
#4103 = ORIENTED_EDGE('',*,*,#4018,.T.);
#4104 = ORIENTED_EDGE('',*,*,#4105,.F.);
#4105 = EDGE_CURVE('',#3953,#4019,#4106,.T.);
#4106 = LINE('',#4107,#4108);
#4107 = CARTESIAN_POINT('',(6.6,45.4,11.6));
#4108 = VECTOR('',#4109,1.);
#4109 = DIRECTION('',(1.,0.,0.));
#4110 = PLANE('',#4111);
#4111 = AXIS2_PLACEMENT_3D('',#4112,#4113,#4114);
#4112 = CARTESIAN_POINT('',(6.6,39.4,11.6));
#4113 = DIRECTION('',(0.,0.,1.));
#4114 = DIRECTION('',(1.,0.,0.));
#4115 = ADVANCED_FACE('',(#4116),#4127,.F.);
#4116 = FACE_BOUND('',#4117,.F.);
#4117 = EDGE_LOOP('',(#4118,#4119,#4125,#4126));
#4118 = ORIENTED_EDGE('',*,*,#3969,.F.);
#4119 = ORIENTED_EDGE('',*,*,#4120,.T.);
#4120 = EDGE_CURVE('',#3970,#4002,#4121,.T.);
#4121 = LINE('',#4122,#4123);
#4122 = CARTESIAN_POINT('',(6.6,40.4,9.8));
#4123 = VECTOR('',#4124,1.);
#4124 = DIRECTION('',(1.,0.,0.));
#4125 = ORIENTED_EDGE('',*,*,#4009,.T.);
#4126 = ORIENTED_EDGE('',*,*,#3194,.F.);
#4127 = PLANE('',#4128);
#4128 = AXIS2_PLACEMENT_3D('',#4129,#4130,#4131);
#4129 = CARTESIAN_POINT('',(6.6,40.4,9.8));
#4130 = DIRECTION('',(0.,0.,1.));
#4131 = DIRECTION('',(1.,0.,0.));
#4132 = ADVANCED_FACE('',(#4133),#4139,.T.);
#4133 = FACE_BOUND('',#4134,.T.);
#4134 = EDGE_LOOP('',(#4135,#4136,#4137,#4138));
#4135 = ORIENTED_EDGE('',*,*,#3368,.F.);
#4136 = ORIENTED_EDGE('',*,*,#3303,.T.);
#4137 = ORIENTED_EDGE('',*,*,#3327,.T.);
#4138 = ORIENTED_EDGE('',*,*,#3351,.F.);
#4139 = PLANE('',#4140);
#4140 = AXIS2_PLACEMENT_3D('',#4141,#4142,#4143);
#4141 = CARTESIAN_POINT('',(8.,7.4,13.5));
#4142 = DIRECTION('',(0.,0.,1.));
#4143 = DIRECTION('',(1.,0.,0.));
#4144 = ADVANCED_FACE('',(#4145,#4229),#4318,.T.);
#4145 = FACE_BOUND('',#4146,.T.);
#4146 = EDGE_LOOP('',(#4147,#4158,#4166,#4175,#4181,#4182,#4188,#4189,
    #4197,#4206,#4214,#4223));
#4147 = ORIENTED_EDGE('',*,*,#4148,.F.);
#4148 = EDGE_CURVE('',#4149,#4151,#4153,.T.);
#4149 = VERTEX_POINT('',#4150);
#4150 = CARTESIAN_POINT('',(-5.32,7.5,10.4));
#4151 = VERTEX_POINT('',#4152);
#4152 = CARTESIAN_POINT('',(-2.5,4.68,10.4));
#4153 = CIRCLE('',#4154,2.82);
#4154 = AXIS2_PLACEMENT_3D('',#4155,#4156,#4157);
#4155 = CARTESIAN_POINT('',(-2.5,7.5,10.4));
#4156 = DIRECTION('',(0.,0.,1.));
#4157 = DIRECTION('',(1.,0.,0.));
#4158 = ORIENTED_EDGE('',*,*,#4159,.T.);
#4159 = EDGE_CURVE('',#4149,#4160,#4162,.T.);
#4160 = VERTEX_POINT('',#4161);
#4161 = CARTESIAN_POINT('',(-5.32,38.5,10.4));
#4162 = LINE('',#4163,#4164);
#4163 = CARTESIAN_POINT('',(-5.32,7.5,10.4));
#4164 = VECTOR('',#4165,1.);
#4165 = DIRECTION('',(0.,1.,0.));
#4166 = ORIENTED_EDGE('',*,*,#4167,.F.);
#4167 = EDGE_CURVE('',#4168,#4160,#4170,.T.);
#4168 = VERTEX_POINT('',#4169);
#4169 = CARTESIAN_POINT('',(-2.5,41.32,10.4));
#4170 = CIRCLE('',#4171,2.82);
#4171 = AXIS2_PLACEMENT_3D('',#4172,#4173,#4174);
#4172 = CARTESIAN_POINT('',(-2.5,38.5,10.4));
#4173 = DIRECTION('',(0.,0.,1.));
#4174 = DIRECTION('',(1.,0.,0.));
#4175 = ORIENTED_EDGE('',*,*,#4176,.T.);
#4176 = EDGE_CURVE('',#4168,#3927,#4177,.T.);
#4177 = LINE('',#4178,#4179);
#4178 = CARTESIAN_POINT('',(-2.5,41.32,10.4));
#4179 = VECTOR('',#4180,1.);
#4180 = DIRECTION('',(1.,0.,0.));
#4181 = ORIENTED_EDGE('',*,*,#3926,.T.);
#4182 = ORIENTED_EDGE('',*,*,#4183,.T.);
#4183 = EDGE_CURVE('',#3929,#3994,#4184,.T.);
#4184 = LINE('',#4185,#4186);
#4185 = CARTESIAN_POINT('',(8.55,40.4,10.4));
#4186 = VECTOR('',#4187,1.);
#4187 = DIRECTION('',(1.,0.,0.));
#4188 = ORIENTED_EDGE('',*,*,#3991,.F.);
#4189 = ORIENTED_EDGE('',*,*,#4190,.T.);
#4190 = EDGE_CURVE('',#3992,#4191,#4193,.T.);
#4191 = VERTEX_POINT('',#4192);
#4192 = CARTESIAN_POINT('',(23.5,41.32,10.4));
#4193 = LINE('',#4194,#4195);
#4194 = CARTESIAN_POINT('',(-2.5,41.32,10.4));
#4195 = VECTOR('',#4196,1.);
#4196 = DIRECTION('',(1.,0.,0.));
#4197 = ORIENTED_EDGE('',*,*,#4198,.F.);
#4198 = EDGE_CURVE('',#4199,#4191,#4201,.T.);
#4199 = VERTEX_POINT('',#4200);
#4200 = CARTESIAN_POINT('',(26.32,38.5,10.4));
#4201 = CIRCLE('',#4202,2.82);
#4202 = AXIS2_PLACEMENT_3D('',#4203,#4204,#4205);
#4203 = CARTESIAN_POINT('',(23.5,38.5,10.4));
#4204 = DIRECTION('',(0.,0.,1.));
#4205 = DIRECTION('',(1.,0.,0.));
#4206 = ORIENTED_EDGE('',*,*,#4207,.F.);
#4207 = EDGE_CURVE('',#4208,#4199,#4210,.T.);
#4208 = VERTEX_POINT('',#4209);
#4209 = CARTESIAN_POINT('',(26.32,7.5,10.4));
#4210 = LINE('',#4211,#4212);
#4211 = CARTESIAN_POINT('',(26.32,7.5,10.4));
#4212 = VECTOR('',#4213,1.);
#4213 = DIRECTION('',(0.,1.,0.));
#4214 = ORIENTED_EDGE('',*,*,#4215,.F.);
#4215 = EDGE_CURVE('',#4216,#4208,#4218,.T.);
#4216 = VERTEX_POINT('',#4217);
#4217 = CARTESIAN_POINT('',(23.5,4.68,10.4));
#4218 = CIRCLE('',#4219,2.82);
#4219 = AXIS2_PLACEMENT_3D('',#4220,#4221,#4222);
#4220 = CARTESIAN_POINT('',(23.5,7.5,10.4));
#4221 = DIRECTION('',(0.,0.,1.));
#4222 = DIRECTION('',(1.,0.,0.));
#4223 = ORIENTED_EDGE('',*,*,#4224,.F.);
#4224 = EDGE_CURVE('',#4151,#4216,#4225,.T.);
#4225 = LINE('',#4226,#4227);
#4226 = CARTESIAN_POINT('',(-2.5,4.68,10.4));
#4227 = VECTOR('',#4228,1.);
#4228 = DIRECTION('',(1.,0.,0.));
#4229 = FACE_BOUND('',#4230,.T.);
#4230 = EDGE_LOOP('',(#4231,#4242,#4250,#4259,#4265,#4266,#4267,#4268,
    #4274,#4275,#4276,#4277,#4286,#4292,#4293,#4294,#4295,#4303,#4312));
#4231 = ORIENTED_EDGE('',*,*,#4232,.F.);
#4232 = EDGE_CURVE('',#4233,#4235,#4237,.T.);
#4233 = VERTEX_POINT('',#4234);
#4234 = CARTESIAN_POINT('',(-2.5,5.88,10.4));
#4235 = VERTEX_POINT('',#4236);
#4236 = CARTESIAN_POINT('',(-4.12,7.5,10.4));
#4237 = CIRCLE('',#4238,1.62);
#4238 = AXIS2_PLACEMENT_3D('',#4239,#4240,#4241);
#4239 = CARTESIAN_POINT('',(-2.5,7.5,10.4));
#4240 = DIRECTION('',(0.,0.,-1.));
#4241 = DIRECTION('',(1.,0.,0.));
#4242 = ORIENTED_EDGE('',*,*,#4243,.T.);
#4243 = EDGE_CURVE('',#4233,#4244,#4246,.T.);
#4244 = VERTEX_POINT('',#4245);
#4245 = CARTESIAN_POINT('',(23.5,5.88,10.4));
#4246 = LINE('',#4247,#4248);
#4247 = CARTESIAN_POINT('',(4.,5.88,10.4));
#4248 = VECTOR('',#4249,1.);
#4249 = DIRECTION('',(1.,0.,0.));
#4250 = ORIENTED_EDGE('',*,*,#4251,.F.);
#4251 = EDGE_CURVE('',#4252,#4244,#4254,.T.);
#4252 = VERTEX_POINT('',#4253);
#4253 = CARTESIAN_POINT('',(25.12,7.5,10.4));
#4254 = CIRCLE('',#4255,1.62);
#4255 = AXIS2_PLACEMENT_3D('',#4256,#4257,#4258);
#4256 = CARTESIAN_POINT('',(23.5,7.5,10.4));
#4257 = DIRECTION('',(0.,0.,-1.));
#4258 = DIRECTION('',(1.,0.,0.));
#4259 = ORIENTED_EDGE('',*,*,#4260,.F.);
#4260 = EDGE_CURVE('',#3392,#4252,#4261,.T.);
#4261 = LINE('',#4262,#4263);
#4262 = CARTESIAN_POINT('',(25.12,15.25,10.4));
#4263 = VECTOR('',#4264,1.);
#4264 = DIRECTION('',(0.,-1.,0.));
#4265 = ORIENTED_EDGE('',*,*,#3391,.T.);
#4266 = ORIENTED_EDGE('',*,*,#3439,.F.);
#4267 = ORIENTED_EDGE('',*,*,#3478,.F.);
#4268 = ORIENTED_EDGE('',*,*,#4269,.F.);
#4269 = EDGE_CURVE('',#3808,#3471,#4270,.T.);
#4270 = LINE('',#4271,#4272);
#4271 = CARTESIAN_POINT('',(25.12,15.25,10.4));
#4272 = VECTOR('',#4273,1.);
#4273 = DIRECTION('',(0.,-1.,0.));
#4274 = ORIENTED_EDGE('',*,*,#3807,.T.);
#4275 = ORIENTED_EDGE('',*,*,#3855,.F.);
#4276 = ORIENTED_EDGE('',*,*,#3894,.F.);
#4277 = ORIENTED_EDGE('',*,*,#4278,.F.);
#4278 = EDGE_CURVE('',#4279,#3887,#4281,.T.);
#4279 = VERTEX_POINT('',#4280);
#4280 = CARTESIAN_POINT('',(23.5,40.12,10.4));
#4281 = CIRCLE('',#4282,1.62);
#4282 = AXIS2_PLACEMENT_3D('',#4283,#4284,#4285);
#4283 = CARTESIAN_POINT('',(23.5,38.5,10.4));
#4284 = DIRECTION('',(0.,0.,-1.));
#4285 = DIRECTION('',(1.,0.,0.));
#4286 = ORIENTED_EDGE('',*,*,#4287,.F.);
#4287 = EDGE_CURVE('',#3680,#4279,#4288,.T.);
#4288 = LINE('',#4289,#4290);
#4289 = CARTESIAN_POINT('',(4.,40.12,10.4));
#4290 = VECTOR('',#4291,1.);
#4291 = DIRECTION('',(1.,0.,0.));
#4292 = ORIENTED_EDGE('',*,*,#3679,.F.);
#4293 = ORIENTED_EDGE('',*,*,#3735,.F.);
#4294 = ORIENTED_EDGE('',*,*,#3752,.T.);
#4295 = ORIENTED_EDGE('',*,*,#4296,.F.);
#4296 = EDGE_CURVE('',#4297,#3753,#4299,.T.);
#4297 = VERTEX_POINT('',#4298);
#4298 = CARTESIAN_POINT('',(-2.5,40.12,10.4));
#4299 = LINE('',#4300,#4301);
#4300 = CARTESIAN_POINT('',(4.,40.12,10.4));
#4301 = VECTOR('',#4302,1.);
#4302 = DIRECTION('',(1.,0.,0.));
#4303 = ORIENTED_EDGE('',*,*,#4304,.F.);
#4304 = EDGE_CURVE('',#4305,#4297,#4307,.T.);
#4305 = VERTEX_POINT('',#4306);
#4306 = CARTESIAN_POINT('',(-4.12,38.5,10.4));
#4307 = CIRCLE('',#4308,1.62);
#4308 = AXIS2_PLACEMENT_3D('',#4309,#4310,#4311);
#4309 = CARTESIAN_POINT('',(-2.5,38.5,10.4));
#4310 = DIRECTION('',(0.,0.,-1.));
#4311 = DIRECTION('',(1.,0.,0.));
#4312 = ORIENTED_EDGE('',*,*,#4313,.T.);
#4313 = EDGE_CURVE('',#4305,#4235,#4314,.T.);
#4314 = LINE('',#4315,#4316);
#4315 = CARTESIAN_POINT('',(-4.12,15.25,10.4));
#4316 = VECTOR('',#4317,1.);
#4317 = DIRECTION('',(0.,-1.,0.));
#4318 = PLANE('',#4319);
#4319 = AXIS2_PLACEMENT_3D('',#4320,#4321,#4322);
#4320 = CARTESIAN_POINT('',(10.5,23.,10.4));
#4321 = DIRECTION('',(-0.,-0.,-1.));
#4322 = DIRECTION('',(-1.,0.,0.));
#4323 = ADVANCED_FACE('',(#4324),#4365,.F.);
#4324 = FACE_BOUND('',#4325,.F.);
#4325 = EDGE_LOOP('',(#4326,#4334,#4335,#4336,#4342,#4343,#4344,#4345,
    #4351,#4359));
#4326 = ORIENTED_EDGE('',*,*,#4327,.F.);
#4327 = EDGE_CURVE('',#4252,#4328,#4330,.T.);
#4328 = VERTEX_POINT('',#4329);
#4329 = CARTESIAN_POINT('',(25.12,7.5,13.));
#4330 = LINE('',#4331,#4332);
#4331 = CARTESIAN_POINT('',(25.12,7.5,10.39));
#4332 = VECTOR('',#4333,1.);
#4333 = DIRECTION('',(0.,0.,1.));
#4334 = ORIENTED_EDGE('',*,*,#4260,.F.);
#4335 = ORIENTED_EDGE('',*,*,#3399,.T.);
#4336 = ORIENTED_EDGE('',*,*,#4337,.F.);
#4337 = EDGE_CURVE('',#3463,#3400,#4338,.T.);
#4338 = LINE('',#4339,#4340);
#4339 = CARTESIAN_POINT('',(25.12,8.35,12.2));
#4340 = VECTOR('',#4341,1.);
#4341 = DIRECTION('',(0.,-1.,0.));
#4342 = ORIENTED_EDGE('',*,*,#3470,.F.);
#4343 = ORIENTED_EDGE('',*,*,#4269,.F.);
#4344 = ORIENTED_EDGE('',*,*,#3815,.T.);
#4345 = ORIENTED_EDGE('',*,*,#4346,.F.);
#4346 = EDGE_CURVE('',#3879,#3816,#4347,.T.);
#4347 = LINE('',#4348,#4349);
#4348 = CARTESIAN_POINT('',(25.12,22.,12.2));
#4349 = VECTOR('',#4350,1.);
#4350 = DIRECTION('',(0.,-1.,0.));
#4351 = ORIENTED_EDGE('',*,*,#4352,.T.);
#4352 = EDGE_CURVE('',#3879,#4353,#4355,.T.);
#4353 = VERTEX_POINT('',#4354);
#4354 = CARTESIAN_POINT('',(25.12,38.5,13.));
#4355 = LINE('',#4356,#4357);
#4356 = CARTESIAN_POINT('',(25.12,38.5,10.39));
#4357 = VECTOR('',#4358,1.);
#4358 = DIRECTION('',(0.,0.,1.));
#4359 = ORIENTED_EDGE('',*,*,#4360,.F.);
#4360 = EDGE_CURVE('',#4328,#4353,#4361,.T.);
#4361 = LINE('',#4362,#4363);
#4362 = CARTESIAN_POINT('',(25.12,15.25,13.));
#4363 = VECTOR('',#4364,1.);
#4364 = DIRECTION('',(0.,1.,0.));
#4365 = PLANE('',#4366);
#4366 = AXIS2_PLACEMENT_3D('',#4367,#4368,#4369);
#4367 = CARTESIAN_POINT('',(25.12,7.5,10.39));
#4368 = DIRECTION('',(1.,0.,0.));
#4369 = DIRECTION('',(0.,0.,1.));
#4370 = ADVANCED_FACE('',(#4371),#4377,.T.);
#4371 = FACE_BOUND('',#4372,.T.);
#4372 = EDGE_LOOP('',(#4373,#4374,#4375,#4376));
#4373 = ORIENTED_EDGE('',*,*,#3462,.F.);
#4374 = ORIENTED_EDGE('',*,*,#3496,.F.);
#4375 = ORIENTED_EDGE('',*,*,#3407,.T.);
#4376 = ORIENTED_EDGE('',*,*,#4337,.F.);
#4377 = PLANE('',#4378);
#4378 = AXIS2_PLACEMENT_3D('',#4379,#4380,#4381);
#4379 = CARTESIAN_POINT('',(24.1,9.2,12.2));
#4380 = DIRECTION('',(0.,0.,1.));
#4381 = DIRECTION('',(1.,0.,0.));
#4382 = ADVANCED_FACE('',(#4383),#4394,.T.);
#4383 = FACE_BOUND('',#4384,.T.);
#4384 = EDGE_LOOP('',(#4385,#4391,#4392,#4393));
#4385 = ORIENTED_EDGE('',*,*,#4386,.F.);
#4386 = EDGE_CURVE('',#3520,#3599,#4387,.T.);
#4387 = LINE('',#4388,#4389);
#4388 = CARTESIAN_POINT('',(-0.25,36.5,12.2));
#4389 = VECTOR('',#4390,1.);
#4390 = DIRECTION('',(0.,1.,0.));
#4391 = ORIENTED_EDGE('',*,*,#3519,.T.);
#4392 = ORIENTED_EDGE('',*,*,#3567,.T.);
#4393 = ORIENTED_EDGE('',*,*,#3606,.F.);
#4394 = PLANE('',#4395);
#4395 = AXIS2_PLACEMENT_3D('',#4396,#4397,#4398);
#4396 = CARTESIAN_POINT('',(-0.5,36.5,12.2));
#4397 = DIRECTION('',(0.,0.,1.));
#4398 = DIRECTION('',(1.,0.,0.));
#4399 = ADVANCED_FACE('',(#4400),#4411,.T.);
#4400 = FACE_BOUND('',#4401,.T.);
#4401 = EDGE_LOOP('',(#4402,#4403,#4404,#4405));
#4402 = ORIENTED_EDGE('',*,*,#3527,.F.);
#4403 = ORIENTED_EDGE('',*,*,#4386,.T.);
#4404 = ORIENTED_EDGE('',*,*,#3598,.T.);
#4405 = ORIENTED_EDGE('',*,*,#4406,.F.);
#4406 = EDGE_CURVE('',#3528,#3591,#4407,.T.);
#4407 = LINE('',#4408,#4409);
#4408 = CARTESIAN_POINT('',(-0.25,36.5,13.5));
#4409 = VECTOR('',#4410,1.);
#4410 = DIRECTION('',(0.,1.,0.));
#4411 = PLANE('',#4412);
#4412 = AXIS2_PLACEMENT_3D('',#4413,#4414,#4415);
#4413 = CARTESIAN_POINT('',(-0.25,36.5,7.9));
#4414 = DIRECTION('',(1.,0.,0.));
#4415 = DIRECTION('',(0.,0.,1.));
#4416 = ADVANCED_FACE('',(#4417),#4423,.T.);
#4417 = FACE_BOUND('',#4418,.T.);
#4418 = EDGE_LOOP('',(#4419,#4420,#4421,#4422));
#4419 = ORIENTED_EDGE('',*,*,#3624,.F.);
#4420 = ORIENTED_EDGE('',*,*,#3535,.T.);
#4421 = ORIENTED_EDGE('',*,*,#4406,.T.);
#4422 = ORIENTED_EDGE('',*,*,#3590,.F.);
#4423 = PLANE('',#4424);
#4424 = AXIS2_PLACEMENT_3D('',#4425,#4426,#4427);
#4425 = CARTESIAN_POINT('',(-1.3,36.5,13.5));
#4426 = DIRECTION('',(0.,0.,1.));
#4427 = DIRECTION('',(1.,0.,0.));
#4428 = ADVANCED_FACE('',(#4429),#4440,.T.);
#4429 = FACE_BOUND('',#4430,.T.);
#4430 = EDGE_LOOP('',(#4431,#4432,#4433,#4434));
#4431 = ORIENTED_EDGE('',*,*,#3784,.F.);
#4432 = ORIENTED_EDGE('',*,*,#3655,.T.);
#4433 = ORIENTED_EDGE('',*,*,#3711,.T.);
#4434 = ORIENTED_EDGE('',*,*,#4435,.F.);
#4435 = EDGE_CURVE('',#3777,#3704,#4436,.T.);
#4436 = LINE('',#4437,#4438);
#4437 = CARTESIAN_POINT('',(1.,40.45,13.5));
#4438 = VECTOR('',#4439,1.);
#4439 = DIRECTION('',(1.,0.,0.));
#4440 = PLANE('',#4441);
#4441 = AXIS2_PLACEMENT_3D('',#4442,#4443,#4444);
#4442 = CARTESIAN_POINT('',(1.,39.25,13.5));
#4443 = DIRECTION('',(0.,0.,1.));
#4444 = DIRECTION('',(1.,0.,0.));
#4445 = ADVANCED_FACE('',(#4446),#4457,.T.);
#4446 = FACE_BOUND('',#4447,.T.);
#4447 = EDGE_LOOP('',(#4448,#4449,#4455,#4456));
#4448 = ORIENTED_EDGE('',*,*,#3703,.F.);
#4449 = ORIENTED_EDGE('',*,*,#4450,.T.);
#4450 = EDGE_CURVE('',#3696,#3769,#4451,.T.);
#4451 = LINE('',#4452,#4453);
#4452 = CARTESIAN_POINT('',(5.75,40.45,13.));
#4453 = VECTOR('',#4454,1.);
#4454 = DIRECTION('',(-1.,0.,0.));
#4455 = ORIENTED_EDGE('',*,*,#3776,.T.);
#4456 = ORIENTED_EDGE('',*,*,#4435,.T.);
#4457 = PLANE('',#4458);
#4458 = AXIS2_PLACEMENT_3D('',#4459,#4460,#4461);
#4459 = CARTESIAN_POINT('',(1.,40.45,7.9));
#4460 = DIRECTION('',(0.,1.,0.));
#4461 = DIRECTION('',(0.,0.,1.));
#4462 = ADVANCED_FACE('',(#4463,#4633,#4667),#4701,.T.);
#4463 = FACE_BOUND('',#4464,.T.);
#4464 = EDGE_LOOP('',(#4465,#4475,#4484,#4492,#4501,#4509,#4518,#4526,
    #4534,#4542,#4549,#4550,#4559,#4567,#4576,#4584,#4593,#4599,#4600,
    #4601,#4602,#4610,#4618,#4626));
#4465 = ORIENTED_EDGE('',*,*,#4466,.F.);
#4466 = EDGE_CURVE('',#4467,#4469,#4471,.T.);
#4467 = VERTEX_POINT('',#4468);
#4468 = CARTESIAN_POINT('',(-5.32,7.5,13.));
#4469 = VERTEX_POINT('',#4470);
#4470 = CARTESIAN_POINT('',(-5.32,38.5,13.));
#4471 = LINE('',#4472,#4473);
#4472 = CARTESIAN_POINT('',(-5.32,7.5,13.));
#4473 = VECTOR('',#4474,1.);
#4474 = DIRECTION('',(0.,1.,0.));
#4475 = ORIENTED_EDGE('',*,*,#4476,.T.);
#4476 = EDGE_CURVE('',#4467,#4477,#4479,.T.);
#4477 = VERTEX_POINT('',#4478);
#4478 = CARTESIAN_POINT('',(-2.5,4.68,13.));
#4479 = CIRCLE('',#4480,2.82);
#4480 = AXIS2_PLACEMENT_3D('',#4481,#4482,#4483);
#4481 = CARTESIAN_POINT('',(-2.5,7.5,13.));
#4482 = DIRECTION('',(0.,0.,1.));
#4483 = DIRECTION('',(1.,0.,0.));
#4484 = ORIENTED_EDGE('',*,*,#4485,.T.);
#4485 = EDGE_CURVE('',#4477,#4486,#4488,.T.);
#4486 = VERTEX_POINT('',#4487);
#4487 = CARTESIAN_POINT('',(23.5,4.68,13.));
#4488 = LINE('',#4489,#4490);
#4489 = CARTESIAN_POINT('',(-2.5,4.68,13.));
#4490 = VECTOR('',#4491,1.);
#4491 = DIRECTION('',(1.,0.,0.));
#4492 = ORIENTED_EDGE('',*,*,#4493,.T.);
#4493 = EDGE_CURVE('',#4486,#4494,#4496,.T.);
#4494 = VERTEX_POINT('',#4495);
#4495 = CARTESIAN_POINT('',(26.32,7.5,13.));
#4496 = CIRCLE('',#4497,2.82);
#4497 = AXIS2_PLACEMENT_3D('',#4498,#4499,#4500);
#4498 = CARTESIAN_POINT('',(23.5,7.5,13.));
#4499 = DIRECTION('',(0.,0.,1.));
#4500 = DIRECTION('',(1.,0.,0.));
#4501 = ORIENTED_EDGE('',*,*,#4502,.T.);
#4502 = EDGE_CURVE('',#4494,#4503,#4505,.T.);
#4503 = VERTEX_POINT('',#4504);
#4504 = CARTESIAN_POINT('',(26.32,38.5,13.));
#4505 = LINE('',#4506,#4507);
#4506 = CARTESIAN_POINT('',(26.32,7.5,13.));
#4507 = VECTOR('',#4508,1.);
#4508 = DIRECTION('',(0.,1.,0.));
#4509 = ORIENTED_EDGE('',*,*,#4510,.T.);
#4510 = EDGE_CURVE('',#4503,#4511,#4513,.T.);
#4511 = VERTEX_POINT('',#4512);
#4512 = CARTESIAN_POINT('',(23.5,41.32,13.));
#4513 = CIRCLE('',#4514,2.82);
#4514 = AXIS2_PLACEMENT_3D('',#4515,#4516,#4517);
#4515 = CARTESIAN_POINT('',(23.5,38.5,13.));
#4516 = DIRECTION('',(0.,0.,1.));
#4517 = DIRECTION('',(1.,0.,0.));
#4518 = ORIENTED_EDGE('',*,*,#4519,.F.);
#4519 = EDGE_CURVE('',#4520,#4511,#4522,.T.);
#4520 = VERTEX_POINT('',#4521);
#4521 = CARTESIAN_POINT('',(23.2,41.32,13.));
#4522 = LINE('',#4523,#4524);
#4523 = CARTESIAN_POINT('',(-2.5,41.32,13.));
#4524 = VECTOR('',#4525,1.);
#4525 = DIRECTION('',(1.,0.,0.));
#4526 = ORIENTED_EDGE('',*,*,#4527,.F.);
#4527 = EDGE_CURVE('',#4528,#4520,#4530,.T.);
#4528 = VERTEX_POINT('',#4529);
#4529 = CARTESIAN_POINT('',(23.2,40.12,13.));
#4530 = LINE('',#4531,#4532);
#4531 = CARTESIAN_POINT('',(23.2,31.15,13.));
#4532 = VECTOR('',#4533,1.);
#4533 = DIRECTION('',(0.,1.,0.));
#4534 = ORIENTED_EDGE('',*,*,#4535,.F.);
#4535 = EDGE_CURVE('',#4536,#4528,#4538,.T.);
#4536 = VERTEX_POINT('',#4537);
#4537 = CARTESIAN_POINT('',(23.5,40.12,13.));
#4538 = LINE('',#4539,#4540);
#4539 = CARTESIAN_POINT('',(4.,40.12,13.));
#4540 = VECTOR('',#4541,1.);
#4541 = DIRECTION('',(-1.,0.,0.));
#4542 = ORIENTED_EDGE('',*,*,#4543,.T.);
#4543 = EDGE_CURVE('',#4536,#4353,#4544,.T.);
#4544 = CIRCLE('',#4545,1.62);
#4545 = AXIS2_PLACEMENT_3D('',#4546,#4547,#4548);
#4546 = CARTESIAN_POINT('',(23.5,38.5,13.));
#4547 = DIRECTION('',(0.,0.,-1.));
#4548 = DIRECTION('',(1.,0.,0.));
#4549 = ORIENTED_EDGE('',*,*,#4360,.F.);
#4550 = ORIENTED_EDGE('',*,*,#4551,.T.);
#4551 = EDGE_CURVE('',#4328,#4552,#4554,.T.);
#4552 = VERTEX_POINT('',#4553);
#4553 = CARTESIAN_POINT('',(23.5,5.88,13.));
#4554 = CIRCLE('',#4555,1.62);
#4555 = AXIS2_PLACEMENT_3D('',#4556,#4557,#4558);
#4556 = CARTESIAN_POINT('',(23.5,7.5,13.));
#4557 = DIRECTION('',(0.,0.,-1.));
#4558 = DIRECTION('',(1.,0.,0.));
#4559 = ORIENTED_EDGE('',*,*,#4560,.T.);
#4560 = EDGE_CURVE('',#4552,#4561,#4563,.T.);
#4561 = VERTEX_POINT('',#4562);
#4562 = CARTESIAN_POINT('',(-2.5,5.88,13.));
#4563 = LINE('',#4564,#4565);
#4564 = CARTESIAN_POINT('',(4.,5.88,13.));
#4565 = VECTOR('',#4566,1.);
#4566 = DIRECTION('',(-1.,0.,0.));
#4567 = ORIENTED_EDGE('',*,*,#4568,.T.);
#4568 = EDGE_CURVE('',#4561,#4569,#4571,.T.);
#4569 = VERTEX_POINT('',#4570);
#4570 = CARTESIAN_POINT('',(-4.12,7.5,13.));
#4571 = CIRCLE('',#4572,1.62);
#4572 = AXIS2_PLACEMENT_3D('',#4573,#4574,#4575);
#4573 = CARTESIAN_POINT('',(-2.5,7.5,13.));
#4574 = DIRECTION('',(0.,0.,-1.));
#4575 = DIRECTION('',(1.,0.,0.));
#4576 = ORIENTED_EDGE('',*,*,#4577,.T.);
#4577 = EDGE_CURVE('',#4569,#4578,#4580,.T.);
#4578 = VERTEX_POINT('',#4579);
#4579 = CARTESIAN_POINT('',(-4.12,38.5,13.));
#4580 = LINE('',#4581,#4582);
#4581 = CARTESIAN_POINT('',(-4.12,15.25,13.));
#4582 = VECTOR('',#4583,1.);
#4583 = DIRECTION('',(0.,1.,0.));
#4584 = ORIENTED_EDGE('',*,*,#4585,.T.);
#4585 = EDGE_CURVE('',#4578,#4586,#4588,.T.);
#4586 = VERTEX_POINT('',#4587);
#4587 = CARTESIAN_POINT('',(-2.5,40.12,13.));
#4588 = CIRCLE('',#4589,1.62);
#4589 = AXIS2_PLACEMENT_3D('',#4590,#4591,#4592);
#4590 = CARTESIAN_POINT('',(-2.5,38.5,13.));
#4591 = DIRECTION('',(0.,0.,-1.));
#4592 = DIRECTION('',(1.,0.,0.));
#4593 = ORIENTED_EDGE('',*,*,#4594,.F.);
#4594 = EDGE_CURVE('',#3761,#4586,#4595,.T.);
#4595 = LINE('',#4596,#4597);
#4596 = CARTESIAN_POINT('',(4.,40.12,13.));
#4597 = VECTOR('',#4598,1.);
#4598 = DIRECTION('',(-1.,0.,0.));
#4599 = ORIENTED_EDGE('',*,*,#3768,.T.);
#4600 = ORIENTED_EDGE('',*,*,#4450,.F.);
#4601 = ORIENTED_EDGE('',*,*,#3695,.F.);
#4602 = ORIENTED_EDGE('',*,*,#4603,.F.);
#4603 = EDGE_CURVE('',#4604,#3688,#4606,.T.);
#4604 = VERTEX_POINT('',#4605);
#4605 = CARTESIAN_POINT('',(5.2,40.12,13.));
#4606 = LINE('',#4607,#4608);
#4607 = CARTESIAN_POINT('',(4.,40.12,13.));
#4608 = VECTOR('',#4609,1.);
#4609 = DIRECTION('',(-1.,0.,0.));
#4610 = ORIENTED_EDGE('',*,*,#4611,.T.);
#4611 = EDGE_CURVE('',#4604,#4612,#4614,.T.);
#4612 = VERTEX_POINT('',#4613);
#4613 = CARTESIAN_POINT('',(5.2,41.32,13.));
#4614 = LINE('',#4615,#4616);
#4615 = CARTESIAN_POINT('',(5.2,31.15,13.));
#4616 = VECTOR('',#4617,1.);
#4617 = DIRECTION('',(0.,1.,0.));
#4618 = ORIENTED_EDGE('',*,*,#4619,.F.);
#4619 = EDGE_CURVE('',#4620,#4612,#4622,.T.);
#4620 = VERTEX_POINT('',#4621);
#4621 = CARTESIAN_POINT('',(-2.5,41.32,13.));
#4622 = LINE('',#4623,#4624);
#4623 = CARTESIAN_POINT('',(-2.5,41.32,13.));
#4624 = VECTOR('',#4625,1.);
#4625 = DIRECTION('',(1.,0.,0.));
#4626 = ORIENTED_EDGE('',*,*,#4627,.T.);
#4627 = EDGE_CURVE('',#4620,#4469,#4628,.T.);
#4628 = CIRCLE('',#4629,2.82);
#4629 = AXIS2_PLACEMENT_3D('',#4630,#4631,#4632);
#4630 = CARTESIAN_POINT('',(-2.5,38.5,13.));
#4631 = DIRECTION('',(0.,0.,1.));
#4632 = DIRECTION('',(1.,0.,0.));
#4633 = FACE_BOUND('',#4634,.T.);
#4634 = EDGE_LOOP('',(#4635,#4645,#4653,#4661));
#4635 = ORIENTED_EDGE('',*,*,#4636,.T.);
#4636 = EDGE_CURVE('',#4637,#4639,#4641,.T.);
#4637 = VERTEX_POINT('',#4638);
#4638 = CARTESIAN_POINT('',(26.3,9.2,13.));
#4639 = VERTEX_POINT('',#4640);
#4640 = CARTESIAN_POINT('',(25.25,9.2,13.));
#4641 = LINE('',#4642,#4643);
#4642 = CARTESIAN_POINT('',(17.875,9.2,13.));
#4643 = VECTOR('',#4644,1.);
#4644 = DIRECTION('',(-1.,0.,0.));
#4645 = ORIENTED_EDGE('',*,*,#4646,.T.);
#4646 = EDGE_CURVE('',#4639,#4647,#4649,.T.);
#4647 = VERTEX_POINT('',#4648);
#4648 = CARTESIAN_POINT('',(25.25,11.2,13.));
#4649 = LINE('',#4650,#4651);
#4650 = CARTESIAN_POINT('',(25.25,16.1,13.));
#4651 = VECTOR('',#4652,1.);
#4652 = DIRECTION('',(0.,1.,0.));
#4653 = ORIENTED_EDGE('',*,*,#4654,.F.);
#4654 = EDGE_CURVE('',#4655,#4647,#4657,.T.);
#4655 = VERTEX_POINT('',#4656);
#4656 = CARTESIAN_POINT('',(26.3,11.2,13.));
#4657 = LINE('',#4658,#4659);
#4658 = CARTESIAN_POINT('',(17.875,11.2,13.));
#4659 = VECTOR('',#4660,1.);
#4660 = DIRECTION('',(-1.,0.,0.));
#4661 = ORIENTED_EDGE('',*,*,#4662,.F.);
#4662 = EDGE_CURVE('',#4637,#4655,#4663,.T.);
#4663 = LINE('',#4664,#4665);
#4664 = CARTESIAN_POINT('',(26.3,16.1,13.));
#4665 = VECTOR('',#4666,1.);
#4666 = DIRECTION('',(0.,1.,0.));
#4667 = FACE_BOUND('',#4668,.T.);
#4668 = EDGE_LOOP('',(#4669,#4679,#4687,#4695));
#4669 = ORIENTED_EDGE('',*,*,#4670,.T.);
#4670 = EDGE_CURVE('',#4671,#4673,#4675,.T.);
#4671 = VERTEX_POINT('',#4672);
#4672 = CARTESIAN_POINT('',(26.3,36.5,13.));
#4673 = VERTEX_POINT('',#4674);
#4674 = CARTESIAN_POINT('',(25.25,36.5,13.));
#4675 = LINE('',#4676,#4677);
#4676 = CARTESIAN_POINT('',(17.875,36.5,13.));
#4677 = VECTOR('',#4678,1.);
#4678 = DIRECTION('',(-1.,0.,0.));
#4679 = ORIENTED_EDGE('',*,*,#4680,.T.);
#4680 = EDGE_CURVE('',#4673,#4681,#4683,.T.);
#4681 = VERTEX_POINT('',#4682);
#4682 = CARTESIAN_POINT('',(25.25,38.5,13.));
#4683 = LINE('',#4684,#4685);
#4684 = CARTESIAN_POINT('',(25.25,29.75,13.));
#4685 = VECTOR('',#4686,1.);
#4686 = DIRECTION('',(0.,1.,0.));
#4687 = ORIENTED_EDGE('',*,*,#4688,.F.);
#4688 = EDGE_CURVE('',#4689,#4681,#4691,.T.);
#4689 = VERTEX_POINT('',#4690);
#4690 = CARTESIAN_POINT('',(26.3,38.5,13.));
#4691 = LINE('',#4692,#4693);
#4692 = CARTESIAN_POINT('',(17.875,38.5,13.));
#4693 = VECTOR('',#4694,1.);
#4694 = DIRECTION('',(-1.,0.,0.));
#4695 = ORIENTED_EDGE('',*,*,#4696,.F.);
#4696 = EDGE_CURVE('',#4671,#4689,#4697,.T.);
#4697 = LINE('',#4698,#4699);
#4698 = CARTESIAN_POINT('',(26.3,29.75,13.));
#4699 = VECTOR('',#4700,1.);
#4700 = DIRECTION('',(0.,1.,0.));
#4701 = PLANE('',#4702);
#4702 = AXIS2_PLACEMENT_3D('',#4703,#4704,#4705);
#4703 = CARTESIAN_POINT('',(10.5,23.,13.));
#4704 = DIRECTION('',(0.,0.,1.));
#4705 = DIRECTION('',(1.,0.,0.));
#4706 = ADVANCED_FACE('',(#4707),#4773,.F.);
#4707 = FACE_BOUND('',#4708,.F.);
#4708 = EDGE_LOOP('',(#4709,#4710,#4711,#4712,#4720,#4728,#4736,#4744,
    #4752,#4760,#4766,#4767));
#4709 = ORIENTED_EDGE('',*,*,#4287,.F.);
#4710 = ORIENTED_EDGE('',*,*,#3687,.F.);
#4711 = ORIENTED_EDGE('',*,*,#4603,.F.);
#4712 = ORIENTED_EDGE('',*,*,#4713,.T.);
#4713 = EDGE_CURVE('',#4604,#4714,#4716,.T.);
#4714 = VERTEX_POINT('',#4715);
#4715 = CARTESIAN_POINT('',(5.2,40.12,12.4));
#4716 = LINE('',#4717,#4718);
#4717 = CARTESIAN_POINT('',(5.2,40.12,11.395));
#4718 = VECTOR('',#4719,1.);
#4719 = DIRECTION('',(0.,0.,-1.));
#4720 = ORIENTED_EDGE('',*,*,#4721,.T.);
#4721 = EDGE_CURVE('',#4714,#4722,#4724,.T.);
#4722 = VERTEX_POINT('',#4723);
#4723 = CARTESIAN_POINT('',(6.6,40.12,12.4));
#4724 = LINE('',#4725,#4726);
#4725 = CARTESIAN_POINT('',(1.35,40.12,12.4));
#4726 = VECTOR('',#4727,1.);
#4727 = DIRECTION('',(1.,0.,0.));
#4728 = ORIENTED_EDGE('',*,*,#4729,.T.);
#4729 = EDGE_CURVE('',#4722,#4730,#4732,.T.);
#4730 = VERTEX_POINT('',#4731);
#4731 = CARTESIAN_POINT('',(6.6,40.12,11.6));
#4732 = LINE('',#4733,#4734);
#4733 = CARTESIAN_POINT('',(6.6,40.12,10.995));
#4734 = VECTOR('',#4735,1.);
#4735 = DIRECTION('',(0.,0.,-1.));
#4736 = ORIENTED_EDGE('',*,*,#4737,.T.);
#4737 = EDGE_CURVE('',#4730,#4738,#4740,.T.);
#4738 = VERTEX_POINT('',#4739);
#4739 = CARTESIAN_POINT('',(21.8,40.12,11.6));
#4740 = LINE('',#4741,#4742);
#4741 = CARTESIAN_POINT('',(2.05,40.12,11.6));
#4742 = VECTOR('',#4743,1.);
#4743 = DIRECTION('',(1.,0.,0.));
#4744 = ORIENTED_EDGE('',*,*,#4745,.F.);
#4745 = EDGE_CURVE('',#4746,#4738,#4748,.T.);
#4746 = VERTEX_POINT('',#4747);
#4747 = CARTESIAN_POINT('',(21.8,40.12,12.4));
#4748 = LINE('',#4749,#4750);
#4749 = CARTESIAN_POINT('',(21.8,40.12,10.995));
#4750 = VECTOR('',#4751,1.);
#4751 = DIRECTION('',(0.,0.,-1.));
#4752 = ORIENTED_EDGE('',*,*,#4753,.T.);
#4753 = EDGE_CURVE('',#4746,#4754,#4756,.T.);
#4754 = VERTEX_POINT('',#4755);
#4755 = CARTESIAN_POINT('',(23.2,40.12,12.4));
#4756 = LINE('',#4757,#4758);
#4757 = CARTESIAN_POINT('',(1.35,40.12,12.4));
#4758 = VECTOR('',#4759,1.);
#4759 = DIRECTION('',(1.,0.,0.));
#4760 = ORIENTED_EDGE('',*,*,#4761,.F.);
#4761 = EDGE_CURVE('',#4528,#4754,#4762,.T.);
#4762 = LINE('',#4763,#4764);
#4763 = CARTESIAN_POINT('',(23.2,40.12,11.395));
#4764 = VECTOR('',#4765,1.);
#4765 = DIRECTION('',(0.,0.,-1.));
#4766 = ORIENTED_EDGE('',*,*,#4535,.F.);
#4767 = ORIENTED_EDGE('',*,*,#4768,.F.);
#4768 = EDGE_CURVE('',#4279,#4536,#4769,.T.);
#4769 = LINE('',#4770,#4771);
#4770 = CARTESIAN_POINT('',(23.5,40.12,10.39));
#4771 = VECTOR('',#4772,1.);
#4772 = DIRECTION('',(0.,0.,1.));
#4773 = PLANE('',#4774);
#4774 = AXIS2_PLACEMENT_3D('',#4775,#4776,#4777);
#4775 = CARTESIAN_POINT('',(-2.5,40.12,10.39));
#4776 = DIRECTION('',(0.,1.,0.));
#4777 = DIRECTION('',(0.,0.,1.));
#4778 = ADVANCED_FACE('',(#4779),#4790,.F.);
#4779 = FACE_BOUND('',#4780,.F.);
#4780 = EDGE_LOOP('',(#4781,#4782,#4788,#4789));
#4781 = ORIENTED_EDGE('',*,*,#4296,.F.);
#4782 = ORIENTED_EDGE('',*,*,#4783,.T.);
#4783 = EDGE_CURVE('',#4297,#4586,#4784,.T.);
#4784 = LINE('',#4785,#4786);
#4785 = CARTESIAN_POINT('',(-2.5,40.12,10.39));
#4786 = VECTOR('',#4787,1.);
#4787 = DIRECTION('',(0.,0.,1.));
#4788 = ORIENTED_EDGE('',*,*,#4594,.F.);
#4789 = ORIENTED_EDGE('',*,*,#3760,.T.);
#4790 = PLANE('',#4791);
#4791 = AXIS2_PLACEMENT_3D('',#4792,#4793,#4794);
#4792 = CARTESIAN_POINT('',(-2.5,40.12,10.39));
#4793 = DIRECTION('',(0.,1.,0.));
#4794 = DIRECTION('',(0.,0.,1.));
#4795 = ADVANCED_FACE('',(#4796),#4802,.T.);
#4796 = FACE_BOUND('',#4797,.T.);
#4797 = EDGE_LOOP('',(#4798,#4799,#4800,#4801));
#4798 = ORIENTED_EDGE('',*,*,#3878,.F.);
#4799 = ORIENTED_EDGE('',*,*,#3912,.F.);
#4800 = ORIENTED_EDGE('',*,*,#3823,.T.);
#4801 = ORIENTED_EDGE('',*,*,#4346,.F.);
#4802 = PLANE('',#4803);
#4803 = AXIS2_PLACEMENT_3D('',#4804,#4805,#4806);
#4804 = CARTESIAN_POINT('',(24.1,36.5,12.2));
#4805 = DIRECTION('',(0.,0.,1.));
#4806 = DIRECTION('',(1.,0.,0.));
#4807 = ADVANCED_FACE('',(#4808),#4815,.F.);
#4808 = FACE_BOUND('',#4809,.T.);
#4809 = EDGE_LOOP('',(#4810,#4811,#4812,#4813,#4814));
#4810 = ORIENTED_EDGE('',*,*,#4278,.T.);
#4811 = ORIENTED_EDGE('',*,*,#3886,.T.);
#4812 = ORIENTED_EDGE('',*,*,#4352,.T.);
#4813 = ORIENTED_EDGE('',*,*,#4543,.F.);
#4814 = ORIENTED_EDGE('',*,*,#4768,.F.);
#4815 = CYLINDRICAL_SURFACE('',#4816,1.62);
#4816 = AXIS2_PLACEMENT_3D('',#4817,#4818,#4819);
#4817 = CARTESIAN_POINT('',(23.5,38.5,10.39));
#4818 = DIRECTION('',(-0.,-0.,-1.));
#4819 = DIRECTION('',(1.,0.,0.));
#4820 = ADVANCED_FACE('',(#4821),#4846,.T.);
#4821 = FACE_BOUND('',#4822,.T.);
#4822 = EDGE_LOOP('',(#4823,#4824,#4830,#4831,#4839,#4845));
#4823 = ORIENTED_EDGE('',*,*,#4176,.F.);
#4824 = ORIENTED_EDGE('',*,*,#4825,.T.);
#4825 = EDGE_CURVE('',#4168,#4620,#4826,.T.);
#4826 = LINE('',#4827,#4828);
#4827 = CARTESIAN_POINT('',(-2.5,41.32,10.4));
#4828 = VECTOR('',#4829,1.);
#4829 = DIRECTION('',(0.,0.,1.));
#4830 = ORIENTED_EDGE('',*,*,#4619,.T.);
#4831 = ORIENTED_EDGE('',*,*,#4832,.T.);
#4832 = EDGE_CURVE('',#4612,#4833,#4835,.T.);
#4833 = VERTEX_POINT('',#4834);
#4834 = CARTESIAN_POINT('',(5.2,41.32,12.4));
#4835 = LINE('',#4836,#4837);
#4836 = CARTESIAN_POINT('',(5.2,41.32,11.4));
#4837 = VECTOR('',#4838,1.);
#4838 = DIRECTION('',(0.,0.,-1.));
#4839 = ORIENTED_EDGE('',*,*,#4840,.T.);
#4840 = EDGE_CURVE('',#4833,#3937,#4841,.T.);
#4841 = LINE('',#4842,#4843);
#4842 = CARTESIAN_POINT('',(1.35,41.32,12.4));
#4843 = VECTOR('',#4844,1.);
#4844 = DIRECTION('',(1.,0.,0.));
#4845 = ORIENTED_EDGE('',*,*,#3936,.T.);
#4846 = PLANE('',#4847);
#4847 = AXIS2_PLACEMENT_3D('',#4848,#4849,#4850);
#4848 = CARTESIAN_POINT('',(-2.5,41.32,10.4));
#4849 = DIRECTION('',(0.,1.,0.));
#4850 = DIRECTION('',(0.,0.,1.));
#4851 = ADVANCED_FACE('',(#4852),#4907,.T.);
#4852 = FACE_BOUND('',#4853,.T.);
#4853 = EDGE_LOOP('',(#4854,#4855,#4856,#4862,#4863,#4871,#4879,#4885,
    #4886,#4894,#4900,#4901));
#4854 = ORIENTED_EDGE('',*,*,#3944,.F.);
#4855 = ORIENTED_EDGE('',*,*,#4840,.F.);
#4856 = ORIENTED_EDGE('',*,*,#4857,.F.);
#4857 = EDGE_CURVE('',#4714,#4833,#4858,.T.);
#4858 = LINE('',#4859,#4860);
#4859 = CARTESIAN_POINT('',(5.2,39.3,12.4));
#4860 = VECTOR('',#4861,1.);
#4861 = DIRECTION('',(0.,1.,0.));
#4862 = ORIENTED_EDGE('',*,*,#4721,.T.);
#4863 = ORIENTED_EDGE('',*,*,#4864,.F.);
#4864 = EDGE_CURVE('',#4865,#4722,#4867,.T.);
#4865 = VERTEX_POINT('',#4866);
#4866 = CARTESIAN_POINT('',(6.6,39.4,12.4));
#4867 = LINE('',#4868,#4869);
#4868 = CARTESIAN_POINT('',(6.6,39.4,12.4));
#4869 = VECTOR('',#4870,1.);
#4870 = DIRECTION('',(0.,1.,0.));
#4871 = ORIENTED_EDGE('',*,*,#4872,.T.);
#4872 = EDGE_CURVE('',#4865,#4873,#4875,.T.);
#4873 = VERTEX_POINT('',#4874);
#4874 = CARTESIAN_POINT('',(21.8,39.4,12.4));
#4875 = LINE('',#4876,#4877);
#4876 = CARTESIAN_POINT('',(6.6,39.4,12.4));
#4877 = VECTOR('',#4878,1.);
#4878 = DIRECTION('',(1.,0.,0.));
#4879 = ORIENTED_EDGE('',*,*,#4880,.T.);
#4880 = EDGE_CURVE('',#4873,#4746,#4881,.T.);
#4881 = LINE('',#4882,#4883);
#4882 = CARTESIAN_POINT('',(21.8,39.4,12.4));
#4883 = VECTOR('',#4884,1.);
#4884 = DIRECTION('',(0.,1.,0.));
#4885 = ORIENTED_EDGE('',*,*,#4753,.T.);
#4886 = ORIENTED_EDGE('',*,*,#4887,.T.);
#4887 = EDGE_CURVE('',#4754,#4888,#4890,.T.);
#4888 = VERTEX_POINT('',#4889);
#4889 = CARTESIAN_POINT('',(23.2,41.32,12.4));
#4890 = LINE('',#4891,#4892);
#4891 = CARTESIAN_POINT('',(23.2,39.3,12.4));
#4892 = VECTOR('',#4893,1.);
#4893 = DIRECTION('',(0.,1.,0.));
#4894 = ORIENTED_EDGE('',*,*,#4895,.F.);
#4895 = EDGE_CURVE('',#4035,#4888,#4896,.T.);
#4896 = LINE('',#4897,#4898);
#4897 = CARTESIAN_POINT('',(1.35,41.32,12.4));
#4898 = VECTOR('',#4899,1.);
#4899 = DIRECTION('',(1.,0.,0.));
#4900 = ORIENTED_EDGE('',*,*,#4034,.T.);
#4901 = ORIENTED_EDGE('',*,*,#4902,.F.);
#4902 = EDGE_CURVE('',#3945,#4027,#4903,.T.);
#4903 = LINE('',#4904,#4905);
#4904 = CARTESIAN_POINT('',(6.6,45.4,12.4));
#4905 = VECTOR('',#4906,1.);
#4906 = DIRECTION('',(1.,0.,0.));
#4907 = PLANE('',#4908);
#4908 = AXIS2_PLACEMENT_3D('',#4909,#4910,#4911);
#4909 = CARTESIAN_POINT('',(14.2,42.204,12.4));
#4910 = DIRECTION('',(0.,0.,1.));
#4911 = DIRECTION('',(1.,0.,0.));
#4912 = ADVANCED_FACE('',(#4913),#4919,.T.);
#4913 = FACE_BOUND('',#4914,.T.);
#4914 = EDGE_LOOP('',(#4915,#4916,#4917,#4918));
#4915 = ORIENTED_EDGE('',*,*,#4105,.F.);
#4916 = ORIENTED_EDGE('',*,*,#3952,.T.);
#4917 = ORIENTED_EDGE('',*,*,#4902,.T.);
#4918 = ORIENTED_EDGE('',*,*,#4026,.F.);
#4919 = PLANE('',#4920);
#4920 = AXIS2_PLACEMENT_3D('',#4921,#4922,#4923);
#4921 = CARTESIAN_POINT('',(6.6,45.4,11.6));
#4922 = DIRECTION('',(0.,1.,0.));
#4923 = DIRECTION('',(0.,0.,1.));
#4924 = ADVANCED_FACE('',(#4925),#4931,.F.);
#4925 = FACE_BOUND('',#4926,.F.);
#4926 = EDGE_LOOP('',(#4927,#4928,#4929,#4930));
#4927 = ORIENTED_EDGE('',*,*,#4001,.F.);
#4928 = ORIENTED_EDGE('',*,*,#4120,.F.);
#4929 = ORIENTED_EDGE('',*,*,#3977,.T.);
#4930 = ORIENTED_EDGE('',*,*,#4183,.T.);
#4931 = PLANE('',#4932);
#4932 = AXIS2_PLACEMENT_3D('',#4933,#4934,#4935);
#4933 = CARTESIAN_POINT('',(6.6,40.4,9.8));
#4934 = DIRECTION('',(0.,1.,0.));
#4935 = DIRECTION('',(0.,0.,1.));
#4936 = ADVANCED_FACE('',(#4937),#4955,.T.);
#4937 = FACE_BOUND('',#4938,.T.);
#4938 = EDGE_LOOP('',(#4939,#4940,#4941,#4947,#4948,#4954));
#4939 = ORIENTED_EDGE('',*,*,#4042,.F.);
#4940 = ORIENTED_EDGE('',*,*,#4895,.T.);
#4941 = ORIENTED_EDGE('',*,*,#4942,.F.);
#4942 = EDGE_CURVE('',#4520,#4888,#4943,.T.);
#4943 = LINE('',#4944,#4945);
#4944 = CARTESIAN_POINT('',(23.2,41.32,11.4));
#4945 = VECTOR('',#4946,1.);
#4946 = DIRECTION('',(0.,0.,-1.));
#4947 = ORIENTED_EDGE('',*,*,#4519,.T.);
#4948 = ORIENTED_EDGE('',*,*,#4949,.F.);
#4949 = EDGE_CURVE('',#4191,#4511,#4950,.T.);
#4950 = LINE('',#4951,#4952);
#4951 = CARTESIAN_POINT('',(23.5,41.32,10.4));
#4952 = VECTOR('',#4953,1.);
#4953 = DIRECTION('',(0.,0.,1.));
#4954 = ORIENTED_EDGE('',*,*,#4190,.F.);
#4955 = PLANE('',#4956);
#4956 = AXIS2_PLACEMENT_3D('',#4957,#4958,#4959);
#4957 = CARTESIAN_POINT('',(-2.5,41.32,10.4));
#4958 = DIRECTION('',(0.,1.,0.));
#4959 = DIRECTION('',(0.,0.,1.));
#4960 = ADVANCED_FACE('',(#4961),#4977,.T.);
#4961 = FACE_BOUND('',#4962,.F.);
#4962 = EDGE_LOOP('',(#4963,#4969,#4970,#4976));
#4963 = ORIENTED_EDGE('',*,*,#4964,.F.);
#4964 = EDGE_CURVE('',#4151,#4477,#4965,.T.);
#4965 = LINE('',#4966,#4967);
#4966 = CARTESIAN_POINT('',(-2.5,4.68,10.4));
#4967 = VECTOR('',#4968,1.);
#4968 = DIRECTION('',(0.,0.,1.));
#4969 = ORIENTED_EDGE('',*,*,#4148,.F.);
#4970 = ORIENTED_EDGE('',*,*,#4971,.T.);
#4971 = EDGE_CURVE('',#4149,#4467,#4972,.T.);
#4972 = LINE('',#4973,#4974);
#4973 = CARTESIAN_POINT('',(-5.32,7.5,10.4));
#4974 = VECTOR('',#4975,1.);
#4975 = DIRECTION('',(0.,0.,1.));
#4976 = ORIENTED_EDGE('',*,*,#4476,.T.);
#4977 = CYLINDRICAL_SURFACE('',#4978,2.82);
#4978 = AXIS2_PLACEMENT_3D('',#4979,#4980,#4981);
#4979 = CARTESIAN_POINT('',(-2.5,7.5,10.4));
#4980 = DIRECTION('',(-0.,-0.,-1.));
#4981 = DIRECTION('',(1.,0.,0.));
#4982 = ADVANCED_FACE('',(#4983),#4994,.F.);
#4983 = FACE_BOUND('',#4984,.F.);
#4984 = EDGE_LOOP('',(#4985,#4986,#4987,#4988));
#4985 = ORIENTED_EDGE('',*,*,#4224,.F.);
#4986 = ORIENTED_EDGE('',*,*,#4964,.T.);
#4987 = ORIENTED_EDGE('',*,*,#4485,.T.);
#4988 = ORIENTED_EDGE('',*,*,#4989,.F.);
#4989 = EDGE_CURVE('',#4216,#4486,#4990,.T.);
#4990 = LINE('',#4991,#4992);
#4991 = CARTESIAN_POINT('',(23.5,4.68,10.4));
#4992 = VECTOR('',#4993,1.);
#4993 = DIRECTION('',(0.,0.,1.));
#4994 = PLANE('',#4995);
#4995 = AXIS2_PLACEMENT_3D('',#4996,#4997,#4998);
#4996 = CARTESIAN_POINT('',(-2.5,4.68,10.4));
#4997 = DIRECTION('',(0.,1.,0.));
#4998 = DIRECTION('',(0.,0.,1.));
#4999 = ADVANCED_FACE('',(#5000),#5011,.T.);
#5000 = FACE_BOUND('',#5001,.F.);
#5001 = EDGE_LOOP('',(#5002,#5008,#5009,#5010));
#5002 = ORIENTED_EDGE('',*,*,#5003,.F.);
#5003 = EDGE_CURVE('',#4208,#4494,#5004,.T.);
#5004 = LINE('',#5005,#5006);
#5005 = CARTESIAN_POINT('',(26.32,7.5,10.4));
#5006 = VECTOR('',#5007,1.);
#5007 = DIRECTION('',(0.,0.,1.));
#5008 = ORIENTED_EDGE('',*,*,#4215,.F.);
#5009 = ORIENTED_EDGE('',*,*,#4989,.T.);
#5010 = ORIENTED_EDGE('',*,*,#4493,.T.);
#5011 = CYLINDRICAL_SURFACE('',#5012,2.82);
#5012 = AXIS2_PLACEMENT_3D('',#5013,#5014,#5015);
#5013 = CARTESIAN_POINT('',(23.5,7.5,10.4));
#5014 = DIRECTION('',(-0.,-0.,-1.));
#5015 = DIRECTION('',(1.,0.,0.));
#5016 = ADVANCED_FACE('',(#5017,#5028,#5062),#5096,.T.);
#5017 = FACE_BOUND('',#5018,.T.);
#5018 = EDGE_LOOP('',(#5019,#5020,#5021,#5027));
#5019 = ORIENTED_EDGE('',*,*,#5003,.F.);
#5020 = ORIENTED_EDGE('',*,*,#4207,.T.);
#5021 = ORIENTED_EDGE('',*,*,#5022,.T.);
#5022 = EDGE_CURVE('',#4199,#4503,#5023,.T.);
#5023 = LINE('',#5024,#5025);
#5024 = CARTESIAN_POINT('',(26.32,38.5,10.4));
#5025 = VECTOR('',#5026,1.);
#5026 = DIRECTION('',(0.,0.,1.));
#5027 = ORIENTED_EDGE('',*,*,#4502,.F.);
#5028 = FACE_BOUND('',#5029,.T.);
#5029 = EDGE_LOOP('',(#5030,#5040,#5048,#5056));
#5030 = ORIENTED_EDGE('',*,*,#5031,.F.);
#5031 = EDGE_CURVE('',#5032,#5034,#5036,.T.);
#5032 = VERTEX_POINT('',#5033);
#5033 = CARTESIAN_POINT('',(26.32,31.,11.72));
#5034 = VERTEX_POINT('',#5035);
#5035 = CARTESIAN_POINT('',(26.32,36.,11.72));
#5036 = LINE('',#5037,#5038);
#5037 = CARTESIAN_POINT('',(26.32,19.25,11.72));
#5038 = VECTOR('',#5039,1.);
#5039 = DIRECTION('',(0.,1.,0.));
#5040 = ORIENTED_EDGE('',*,*,#5041,.F.);
#5041 = EDGE_CURVE('',#5042,#5032,#5044,.T.);
#5042 = VERTEX_POINT('',#5043);
#5043 = CARTESIAN_POINT('',(26.32,31.,12.58));
#5044 = LINE('',#5045,#5046);
#5045 = CARTESIAN_POINT('',(26.32,31.,11.275));
#5046 = VECTOR('',#5047,1.);
#5047 = DIRECTION('',(0.,0.,-1.));
#5048 = ORIENTED_EDGE('',*,*,#5049,.F.);
#5049 = EDGE_CURVE('',#5050,#5042,#5052,.T.);
#5050 = VERTEX_POINT('',#5051);
#5051 = CARTESIAN_POINT('',(26.32,36.,12.58));
#5052 = LINE('',#5053,#5054);
#5053 = CARTESIAN_POINT('',(26.32,19.25,12.58));
#5054 = VECTOR('',#5055,1.);
#5055 = DIRECTION('',(0.,-1.,0.));
#5056 = ORIENTED_EDGE('',*,*,#5057,.T.);
#5057 = EDGE_CURVE('',#5050,#5034,#5058,.T.);
#5058 = LINE('',#5059,#5060);
#5059 = CARTESIAN_POINT('',(26.32,36.,11.275));
#5060 = VECTOR('',#5061,1.);
#5061 = DIRECTION('',(0.,0.,-1.));
#5062 = FACE_BOUND('',#5063,.T.);
#5063 = EDGE_LOOP('',(#5064,#5074,#5082,#5090));
#5064 = ORIENTED_EDGE('',*,*,#5065,.F.);
#5065 = EDGE_CURVE('',#5066,#5068,#5070,.T.);
#5066 = VERTEX_POINT('',#5067);
#5067 = CARTESIAN_POINT('',(26.32,12.,11.72));
#5068 = VERTEX_POINT('',#5069);
#5069 = CARTESIAN_POINT('',(26.32,17.,11.72));
#5070 = LINE('',#5071,#5072);
#5071 = CARTESIAN_POINT('',(26.32,9.75,11.72));
#5072 = VECTOR('',#5073,1.);
#5073 = DIRECTION('',(0.,1.,0.));
#5074 = ORIENTED_EDGE('',*,*,#5075,.F.);
#5075 = EDGE_CURVE('',#5076,#5066,#5078,.T.);
#5076 = VERTEX_POINT('',#5077);
#5077 = CARTESIAN_POINT('',(26.32,12.,12.58));
#5078 = LINE('',#5079,#5080);
#5079 = CARTESIAN_POINT('',(26.32,12.,11.275));
#5080 = VECTOR('',#5081,1.);
#5081 = DIRECTION('',(0.,0.,-1.));
#5082 = ORIENTED_EDGE('',*,*,#5083,.F.);
#5083 = EDGE_CURVE('',#5084,#5076,#5086,.T.);
#5084 = VERTEX_POINT('',#5085);
#5085 = CARTESIAN_POINT('',(26.32,17.,12.58));
#5086 = LINE('',#5087,#5088);
#5087 = CARTESIAN_POINT('',(26.32,9.75,12.58));
#5088 = VECTOR('',#5089,1.);
#5089 = DIRECTION('',(0.,-1.,0.));
#5090 = ORIENTED_EDGE('',*,*,#5091,.T.);
#5091 = EDGE_CURVE('',#5084,#5068,#5092,.T.);
#5092 = LINE('',#5093,#5094);
#5093 = CARTESIAN_POINT('',(26.32,17.,11.275));
#5094 = VECTOR('',#5095,1.);
#5095 = DIRECTION('',(0.,0.,-1.));
#5096 = PLANE('',#5097);
#5097 = AXIS2_PLACEMENT_3D('',#5098,#5099,#5100);
#5098 = CARTESIAN_POINT('',(26.32,7.5,10.4));
#5099 = DIRECTION('',(1.,0.,0.));
#5100 = DIRECTION('',(0.,0.,1.));
#5101 = ADVANCED_FACE('',(#5102),#5108,.T.);
#5102 = FACE_BOUND('',#5103,.F.);
#5103 = EDGE_LOOP('',(#5104,#5105,#5106,#5107));
#5104 = ORIENTED_EDGE('',*,*,#4198,.F.);
#5105 = ORIENTED_EDGE('',*,*,#5022,.T.);
#5106 = ORIENTED_EDGE('',*,*,#4510,.T.);
#5107 = ORIENTED_EDGE('',*,*,#4949,.F.);
#5108 = CYLINDRICAL_SURFACE('',#5109,2.82);
#5109 = AXIS2_PLACEMENT_3D('',#5110,#5111,#5112);
#5110 = CARTESIAN_POINT('',(23.5,38.5,10.4));
#5111 = DIRECTION('',(-0.,-0.,-1.));
#5112 = DIRECTION('',(1.,0.,0.));
#5113 = ADVANCED_FACE('',(#5114),#5125,.T.);
#5114 = FACE_BOUND('',#5115,.F.);
#5115 = EDGE_LOOP('',(#5116,#5117,#5118,#5119));
#5116 = ORIENTED_EDGE('',*,*,#4167,.F.);
#5117 = ORIENTED_EDGE('',*,*,#4825,.T.);
#5118 = ORIENTED_EDGE('',*,*,#4627,.T.);
#5119 = ORIENTED_EDGE('',*,*,#5120,.F.);
#5120 = EDGE_CURVE('',#4160,#4469,#5121,.T.);
#5121 = LINE('',#5122,#5123);
#5122 = CARTESIAN_POINT('',(-5.32,38.5,10.4));
#5123 = VECTOR('',#5124,1.);
#5124 = DIRECTION('',(0.,0.,1.));
#5125 = CYLINDRICAL_SURFACE('',#5126,2.82);
#5126 = AXIS2_PLACEMENT_3D('',#5127,#5128,#5129);
#5127 = CARTESIAN_POINT('',(-2.5,38.5,10.4));
#5128 = DIRECTION('',(-0.,-0.,-1.));
#5129 = DIRECTION('',(1.,0.,0.));
#5130 = ADVANCED_FACE('',(#5131,#5137,#5171),#5205,.F.);
#5131 = FACE_BOUND('',#5132,.F.);
#5132 = EDGE_LOOP('',(#5133,#5134,#5135,#5136));
#5133 = ORIENTED_EDGE('',*,*,#4971,.F.);
#5134 = ORIENTED_EDGE('',*,*,#4159,.T.);
#5135 = ORIENTED_EDGE('',*,*,#5120,.T.);
#5136 = ORIENTED_EDGE('',*,*,#4466,.F.);
#5137 = FACE_BOUND('',#5138,.F.);
#5138 = EDGE_LOOP('',(#5139,#5149,#5157,#5165));
#5139 = ORIENTED_EDGE('',*,*,#5140,.F.);
#5140 = EDGE_CURVE('',#5141,#5143,#5145,.T.);
#5141 = VERTEX_POINT('',#5142);
#5142 = CARTESIAN_POINT('',(-5.32,36.,11.72));
#5143 = VERTEX_POINT('',#5144);
#5144 = CARTESIAN_POINT('',(-5.32,36.,12.58));
#5145 = LINE('',#5146,#5147);
#5146 = CARTESIAN_POINT('',(-5.32,36.,11.275));
#5147 = VECTOR('',#5148,1.);
#5148 = DIRECTION('',(0.,0.,1.));
#5149 = ORIENTED_EDGE('',*,*,#5150,.T.);
#5150 = EDGE_CURVE('',#5141,#5151,#5153,.T.);
#5151 = VERTEX_POINT('',#5152);
#5152 = CARTESIAN_POINT('',(-5.32,31.,11.72));
#5153 = LINE('',#5154,#5155);
#5154 = CARTESIAN_POINT('',(-5.32,19.25,11.72));
#5155 = VECTOR('',#5156,1.);
#5156 = DIRECTION('',(0.,-1.,0.));
#5157 = ORIENTED_EDGE('',*,*,#5158,.T.);
#5158 = EDGE_CURVE('',#5151,#5159,#5161,.T.);
#5159 = VERTEX_POINT('',#5160);
#5160 = CARTESIAN_POINT('',(-5.32,31.,12.58));
#5161 = LINE('',#5162,#5163);
#5162 = CARTESIAN_POINT('',(-5.32,31.,11.275));
#5163 = VECTOR('',#5164,1.);
#5164 = DIRECTION('',(0.,0.,1.));
#5165 = ORIENTED_EDGE('',*,*,#5166,.T.);
#5166 = EDGE_CURVE('',#5159,#5143,#5167,.T.);
#5167 = LINE('',#5168,#5169);
#5168 = CARTESIAN_POINT('',(-5.32,19.25,12.58));
#5169 = VECTOR('',#5170,1.);
#5170 = DIRECTION('',(0.,1.,0.));
#5171 = FACE_BOUND('',#5172,.F.);
#5172 = EDGE_LOOP('',(#5173,#5183,#5191,#5199));
#5173 = ORIENTED_EDGE('',*,*,#5174,.F.);
#5174 = EDGE_CURVE('',#5175,#5177,#5179,.T.);
#5175 = VERTEX_POINT('',#5176);
#5176 = CARTESIAN_POINT('',(-5.32,17.,11.72));
#5177 = VERTEX_POINT('',#5178);
#5178 = CARTESIAN_POINT('',(-5.32,17.,12.58));
#5179 = LINE('',#5180,#5181);
#5180 = CARTESIAN_POINT('',(-5.32,17.,11.275));
#5181 = VECTOR('',#5182,1.);
#5182 = DIRECTION('',(0.,0.,1.));
#5183 = ORIENTED_EDGE('',*,*,#5184,.T.);
#5184 = EDGE_CURVE('',#5175,#5185,#5187,.T.);
#5185 = VERTEX_POINT('',#5186);
#5186 = CARTESIAN_POINT('',(-5.32,12.,11.72));
#5187 = LINE('',#5188,#5189);
#5188 = CARTESIAN_POINT('',(-5.32,9.75,11.72));
#5189 = VECTOR('',#5190,1.);
#5190 = DIRECTION('',(0.,-1.,0.));
#5191 = ORIENTED_EDGE('',*,*,#5192,.T.);
#5192 = EDGE_CURVE('',#5185,#5193,#5195,.T.);
#5193 = VERTEX_POINT('',#5194);
#5194 = CARTESIAN_POINT('',(-5.32,12.,12.58));
#5195 = LINE('',#5196,#5197);
#5196 = CARTESIAN_POINT('',(-5.32,12.,11.275));
#5197 = VECTOR('',#5198,1.);
#5198 = DIRECTION('',(0.,0.,1.));
#5199 = ORIENTED_EDGE('',*,*,#5200,.T.);
#5200 = EDGE_CURVE('',#5193,#5177,#5201,.T.);
#5201 = LINE('',#5202,#5203);
#5202 = CARTESIAN_POINT('',(-5.32,9.75,12.58));
#5203 = VECTOR('',#5204,1.);
#5204 = DIRECTION('',(0.,1.,0.));
#5205 = PLANE('',#5206);
#5206 = AXIS2_PLACEMENT_3D('',#5207,#5208,#5209);
#5207 = CARTESIAN_POINT('',(-5.32,7.5,10.4));
#5208 = DIRECTION('',(1.,0.,0.));
#5209 = DIRECTION('',(0.,0.,1.));
#5210 = ADVANCED_FACE('',(#5211),#5227,.F.);
#5211 = FACE_BOUND('',#5212,.T.);
#5212 = EDGE_LOOP('',(#5213,#5219,#5220,#5226));
#5213 = ORIENTED_EDGE('',*,*,#5214,.F.);
#5214 = EDGE_CURVE('',#4233,#4561,#5215,.T.);
#5215 = LINE('',#5216,#5217);
#5216 = CARTESIAN_POINT('',(-2.5,5.88,10.39));
#5217 = VECTOR('',#5218,1.);
#5218 = DIRECTION('',(0.,0.,1.));
#5219 = ORIENTED_EDGE('',*,*,#4232,.T.);
#5220 = ORIENTED_EDGE('',*,*,#5221,.T.);
#5221 = EDGE_CURVE('',#4235,#4569,#5222,.T.);
#5222 = LINE('',#5223,#5224);
#5223 = CARTESIAN_POINT('',(-4.12,7.5,10.39));
#5224 = VECTOR('',#5225,1.);
#5225 = DIRECTION('',(0.,0.,1.));
#5226 = ORIENTED_EDGE('',*,*,#4568,.F.);
#5227 = CYLINDRICAL_SURFACE('',#5228,1.62);
#5228 = AXIS2_PLACEMENT_3D('',#5229,#5230,#5231);
#5229 = CARTESIAN_POINT('',(-2.5,7.5,10.39));
#5230 = DIRECTION('',(-0.,-0.,-1.));
#5231 = DIRECTION('',(1.,0.,0.));
#5232 = ADVANCED_FACE('',(#5233),#5244,.T.);
#5233 = FACE_BOUND('',#5234,.T.);
#5234 = EDGE_LOOP('',(#5235,#5236,#5237,#5243));
#5235 = ORIENTED_EDGE('',*,*,#5221,.F.);
#5236 = ORIENTED_EDGE('',*,*,#4313,.F.);
#5237 = ORIENTED_EDGE('',*,*,#5238,.T.);
#5238 = EDGE_CURVE('',#4305,#4578,#5239,.T.);
#5239 = LINE('',#5240,#5241);
#5240 = CARTESIAN_POINT('',(-4.12,38.5,10.39));
#5241 = VECTOR('',#5242,1.);
#5242 = DIRECTION('',(0.,0.,1.));
#5243 = ORIENTED_EDGE('',*,*,#4577,.F.);
#5244 = PLANE('',#5245);
#5245 = AXIS2_PLACEMENT_3D('',#5246,#5247,#5248);
#5246 = CARTESIAN_POINT('',(-4.12,7.5,10.39));
#5247 = DIRECTION('',(1.,0.,0.));
#5248 = DIRECTION('',(0.,0.,1.));
#5249 = ADVANCED_FACE('',(#5250),#5256,.F.);
#5250 = FACE_BOUND('',#5251,.T.);
#5251 = EDGE_LOOP('',(#5252,#5253,#5254,#5255));
#5252 = ORIENTED_EDGE('',*,*,#4304,.T.);
#5253 = ORIENTED_EDGE('',*,*,#4783,.T.);
#5254 = ORIENTED_EDGE('',*,*,#4585,.F.);
#5255 = ORIENTED_EDGE('',*,*,#5238,.F.);
#5256 = CYLINDRICAL_SURFACE('',#5257,1.62);
#5257 = AXIS2_PLACEMENT_3D('',#5258,#5259,#5260);
#5258 = CARTESIAN_POINT('',(-2.5,38.5,10.39));
#5259 = DIRECTION('',(-0.,-0.,-1.));
#5260 = DIRECTION('',(1.,0.,0.));
#5261 = ADVANCED_FACE('',(#5262),#5273,.F.);
#5262 = FACE_BOUND('',#5263,.T.);
#5263 = EDGE_LOOP('',(#5264,#5265,#5266,#5272));
#5264 = ORIENTED_EDGE('',*,*,#4327,.F.);
#5265 = ORIENTED_EDGE('',*,*,#4251,.T.);
#5266 = ORIENTED_EDGE('',*,*,#5267,.T.);
#5267 = EDGE_CURVE('',#4244,#4552,#5268,.T.);
#5268 = LINE('',#5269,#5270);
#5269 = CARTESIAN_POINT('',(23.5,5.88,10.39));
#5270 = VECTOR('',#5271,1.);
#5271 = DIRECTION('',(0.,0.,1.));
#5272 = ORIENTED_EDGE('',*,*,#4551,.F.);
#5273 = CYLINDRICAL_SURFACE('',#5274,1.62);
#5274 = AXIS2_PLACEMENT_3D('',#5275,#5276,#5277);
#5275 = CARTESIAN_POINT('',(23.5,7.5,10.39));
#5276 = DIRECTION('',(-0.,-0.,-1.));
#5277 = DIRECTION('',(1.,0.,0.));
#5278 = ADVANCED_FACE('',(#5279),#5285,.T.);
#5279 = FACE_BOUND('',#5280,.T.);
#5280 = EDGE_LOOP('',(#5281,#5282,#5283,#5284));
#5281 = ORIENTED_EDGE('',*,*,#4243,.F.);
#5282 = ORIENTED_EDGE('',*,*,#5214,.T.);
#5283 = ORIENTED_EDGE('',*,*,#4560,.F.);
#5284 = ORIENTED_EDGE('',*,*,#5267,.F.);
#5285 = PLANE('',#5286);
#5286 = AXIS2_PLACEMENT_3D('',#5287,#5288,#5289);
#5287 = CARTESIAN_POINT('',(-2.5,5.88,10.39));
#5288 = DIRECTION('',(0.,1.,0.));
#5289 = DIRECTION('',(0.,0.,1.));
#5290 = ADVANCED_FACE('',(#5291),#5297,.T.);
#5291 = FACE_BOUND('',#5292,.T.);
#5292 = EDGE_LOOP('',(#5293,#5294,#5295,#5296));
#5293 = ORIENTED_EDGE('',*,*,#4713,.T.);
#5294 = ORIENTED_EDGE('',*,*,#4857,.T.);
#5295 = ORIENTED_EDGE('',*,*,#4832,.F.);
#5296 = ORIENTED_EDGE('',*,*,#4611,.F.);
#5297 = PLANE('',#5298);
#5298 = AXIS2_PLACEMENT_3D('',#5299,#5300,#5301);
#5299 = CARTESIAN_POINT('',(5.2,39.3,12.4));
#5300 = DIRECTION('',(1.,0.,0.));
#5301 = DIRECTION('',(0.,0.,1.));
#5302 = ADVANCED_FACE('',(#5303),#5309,.F.);
#5303 = FACE_BOUND('',#5304,.F.);
#5304 = EDGE_LOOP('',(#5305,#5306,#5307,#5308));
#5305 = ORIENTED_EDGE('',*,*,#4761,.T.);
#5306 = ORIENTED_EDGE('',*,*,#4887,.T.);
#5307 = ORIENTED_EDGE('',*,*,#4942,.F.);
#5308 = ORIENTED_EDGE('',*,*,#4527,.F.);
#5309 = PLANE('',#5310);
#5310 = AXIS2_PLACEMENT_3D('',#5311,#5312,#5313);
#5311 = CARTESIAN_POINT('',(23.2,39.3,12.4));
#5312 = DIRECTION('',(1.,0.,0.));
#5313 = DIRECTION('',(0.,0.,1.));
#5314 = ADVANCED_FACE('',(#5315),#5340,.F.);
#5315 = FACE_BOUND('',#5316,.F.);
#5316 = EDGE_LOOP('',(#5317,#5318,#5326,#5334));
#5317 = ORIENTED_EDGE('',*,*,#4636,.T.);
#5318 = ORIENTED_EDGE('',*,*,#5319,.T.);
#5319 = EDGE_CURVE('',#4639,#5320,#5322,.T.);
#5320 = VERTEX_POINT('',#5321);
#5321 = CARTESIAN_POINT('',(25.25,9.2,13.5));
#5322 = LINE('',#5323,#5324);
#5323 = CARTESIAN_POINT('',(25.25,9.2,7.9));
#5324 = VECTOR('',#5325,1.);
#5325 = DIRECTION('',(0.,0.,1.));
#5326 = ORIENTED_EDGE('',*,*,#5327,.T.);
#5327 = EDGE_CURVE('',#5320,#5328,#5330,.T.);
#5328 = VERTEX_POINT('',#5329);
#5329 = CARTESIAN_POINT('',(26.3,9.2,13.5));
#5330 = LINE('',#5331,#5332);
#5331 = CARTESIAN_POINT('',(25.25,9.2,13.5));
#5332 = VECTOR('',#5333,1.);
#5333 = DIRECTION('',(1.,0.,0.));
#5334 = ORIENTED_EDGE('',*,*,#5335,.F.);
#5335 = EDGE_CURVE('',#4637,#5328,#5336,.T.);
#5336 = LINE('',#5337,#5338);
#5337 = CARTESIAN_POINT('',(26.3,9.2,7.9));
#5338 = VECTOR('',#5339,1.);
#5339 = DIRECTION('',(0.,0.,1.));
#5340 = PLANE('',#5341);
#5341 = AXIS2_PLACEMENT_3D('',#5342,#5343,#5344);
#5342 = CARTESIAN_POINT('',(25.25,9.2,7.9));
#5343 = DIRECTION('',(0.,1.,0.));
#5344 = DIRECTION('',(0.,0.,1.));
#5345 = ADVANCED_FACE('',(#5346),#5364,.T.);
#5346 = FACE_BOUND('',#5347,.T.);
#5347 = EDGE_LOOP('',(#5348,#5349,#5350,#5358));
#5348 = ORIENTED_EDGE('',*,*,#5335,.F.);
#5349 = ORIENTED_EDGE('',*,*,#4662,.T.);
#5350 = ORIENTED_EDGE('',*,*,#5351,.T.);
#5351 = EDGE_CURVE('',#4655,#5352,#5354,.T.);
#5352 = VERTEX_POINT('',#5353);
#5353 = CARTESIAN_POINT('',(26.3,11.2,13.5));
#5354 = LINE('',#5355,#5356);
#5355 = CARTESIAN_POINT('',(26.3,11.2,7.9));
#5356 = VECTOR('',#5357,1.);
#5357 = DIRECTION('',(0.,0.,1.));
#5358 = ORIENTED_EDGE('',*,*,#5359,.F.);
#5359 = EDGE_CURVE('',#5328,#5352,#5360,.T.);
#5360 = LINE('',#5361,#5362);
#5361 = CARTESIAN_POINT('',(26.3,9.2,13.5));
#5362 = VECTOR('',#5363,1.);
#5363 = DIRECTION('',(0.,1.,0.));
#5364 = PLANE('',#5365);
#5365 = AXIS2_PLACEMENT_3D('',#5366,#5367,#5368);
#5366 = CARTESIAN_POINT('',(26.3,9.2,7.9));
#5367 = DIRECTION('',(1.,0.,0.));
#5368 = DIRECTION('',(0.,0.,1.));
#5369 = ADVANCED_FACE('',(#5370),#5388,.F.);
#5370 = FACE_BOUND('',#5371,.F.);
#5371 = EDGE_LOOP('',(#5372,#5373,#5374,#5382));
#5372 = ORIENTED_EDGE('',*,*,#5319,.F.);
#5373 = ORIENTED_EDGE('',*,*,#4646,.T.);
#5374 = ORIENTED_EDGE('',*,*,#5375,.T.);
#5375 = EDGE_CURVE('',#4647,#5376,#5378,.T.);
#5376 = VERTEX_POINT('',#5377);
#5377 = CARTESIAN_POINT('',(25.25,11.2,13.5));
#5378 = LINE('',#5379,#5380);
#5379 = CARTESIAN_POINT('',(25.25,11.2,7.9));
#5380 = VECTOR('',#5381,1.);
#5381 = DIRECTION('',(0.,0.,1.));
#5382 = ORIENTED_EDGE('',*,*,#5383,.F.);
#5383 = EDGE_CURVE('',#5320,#5376,#5384,.T.);
#5384 = LINE('',#5385,#5386);
#5385 = CARTESIAN_POINT('',(25.25,9.2,13.5));
#5386 = VECTOR('',#5387,1.);
#5387 = DIRECTION('',(0.,1.,0.));
#5388 = PLANE('',#5389);
#5389 = AXIS2_PLACEMENT_3D('',#5390,#5391,#5392);
#5390 = CARTESIAN_POINT('',(25.25,9.2,7.9));
#5391 = DIRECTION('',(1.,0.,0.));
#5392 = DIRECTION('',(0.,0.,1.));
#5393 = ADVANCED_FACE('',(#5394),#5405,.T.);
#5394 = FACE_BOUND('',#5395,.T.);
#5395 = EDGE_LOOP('',(#5396,#5397,#5398,#5404));
#5396 = ORIENTED_EDGE('',*,*,#4654,.T.);
#5397 = ORIENTED_EDGE('',*,*,#5375,.T.);
#5398 = ORIENTED_EDGE('',*,*,#5399,.T.);
#5399 = EDGE_CURVE('',#5376,#5352,#5400,.T.);
#5400 = LINE('',#5401,#5402);
#5401 = CARTESIAN_POINT('',(25.25,11.2,13.5));
#5402 = VECTOR('',#5403,1.);
#5403 = DIRECTION('',(1.,0.,0.));
#5404 = ORIENTED_EDGE('',*,*,#5351,.F.);
#5405 = PLANE('',#5406);
#5406 = AXIS2_PLACEMENT_3D('',#5407,#5408,#5409);
#5407 = CARTESIAN_POINT('',(25.25,11.2,7.9));
#5408 = DIRECTION('',(0.,1.,0.));
#5409 = DIRECTION('',(0.,0.,1.));
#5410 = ADVANCED_FACE('',(#5411),#5436,.F.);
#5411 = FACE_BOUND('',#5412,.F.);
#5412 = EDGE_LOOP('',(#5413,#5414,#5422,#5430));
#5413 = ORIENTED_EDGE('',*,*,#4670,.T.);
#5414 = ORIENTED_EDGE('',*,*,#5415,.T.);
#5415 = EDGE_CURVE('',#4673,#5416,#5418,.T.);
#5416 = VERTEX_POINT('',#5417);
#5417 = CARTESIAN_POINT('',(25.25,36.5,13.5));
#5418 = LINE('',#5419,#5420);
#5419 = CARTESIAN_POINT('',(25.25,36.5,7.9));
#5420 = VECTOR('',#5421,1.);
#5421 = DIRECTION('',(0.,0.,1.));
#5422 = ORIENTED_EDGE('',*,*,#5423,.T.);
#5423 = EDGE_CURVE('',#5416,#5424,#5426,.T.);
#5424 = VERTEX_POINT('',#5425);
#5425 = CARTESIAN_POINT('',(26.3,36.5,13.5));
#5426 = LINE('',#5427,#5428);
#5427 = CARTESIAN_POINT('',(25.25,36.5,13.5));
#5428 = VECTOR('',#5429,1.);
#5429 = DIRECTION('',(1.,0.,0.));
#5430 = ORIENTED_EDGE('',*,*,#5431,.F.);
#5431 = EDGE_CURVE('',#4671,#5424,#5432,.T.);
#5432 = LINE('',#5433,#5434);
#5433 = CARTESIAN_POINT('',(26.3,36.5,7.9));
#5434 = VECTOR('',#5435,1.);
#5435 = DIRECTION('',(0.,0.,1.));
#5436 = PLANE('',#5437);
#5437 = AXIS2_PLACEMENT_3D('',#5438,#5439,#5440);
#5438 = CARTESIAN_POINT('',(25.25,36.5,7.9));
#5439 = DIRECTION('',(0.,1.,0.));
#5440 = DIRECTION('',(0.,0.,1.));
#5441 = ADVANCED_FACE('',(#5442),#5460,.T.);
#5442 = FACE_BOUND('',#5443,.T.);
#5443 = EDGE_LOOP('',(#5444,#5445,#5446,#5454));
#5444 = ORIENTED_EDGE('',*,*,#5431,.F.);
#5445 = ORIENTED_EDGE('',*,*,#4696,.T.);
#5446 = ORIENTED_EDGE('',*,*,#5447,.T.);
#5447 = EDGE_CURVE('',#4689,#5448,#5450,.T.);
#5448 = VERTEX_POINT('',#5449);
#5449 = CARTESIAN_POINT('',(26.3,38.5,13.5));
#5450 = LINE('',#5451,#5452);
#5451 = CARTESIAN_POINT('',(26.3,38.5,7.9));
#5452 = VECTOR('',#5453,1.);
#5453 = DIRECTION('',(0.,0.,1.));
#5454 = ORIENTED_EDGE('',*,*,#5455,.F.);
#5455 = EDGE_CURVE('',#5424,#5448,#5456,.T.);
#5456 = LINE('',#5457,#5458);
#5457 = CARTESIAN_POINT('',(26.3,36.5,13.5));
#5458 = VECTOR('',#5459,1.);
#5459 = DIRECTION('',(0.,1.,0.));
#5460 = PLANE('',#5461);
#5461 = AXIS2_PLACEMENT_3D('',#5462,#5463,#5464);
#5462 = CARTESIAN_POINT('',(26.3,36.5,7.9));
#5463 = DIRECTION('',(1.,0.,0.));
#5464 = DIRECTION('',(0.,0.,1.));
#5465 = ADVANCED_FACE('',(#5466),#5484,.F.);
#5466 = FACE_BOUND('',#5467,.F.);
#5467 = EDGE_LOOP('',(#5468,#5469,#5470,#5478));
#5468 = ORIENTED_EDGE('',*,*,#5415,.F.);
#5469 = ORIENTED_EDGE('',*,*,#4680,.T.);
#5470 = ORIENTED_EDGE('',*,*,#5471,.T.);
#5471 = EDGE_CURVE('',#4681,#5472,#5474,.T.);
#5472 = VERTEX_POINT('',#5473);
#5473 = CARTESIAN_POINT('',(25.25,38.5,13.5));
#5474 = LINE('',#5475,#5476);
#5475 = CARTESIAN_POINT('',(25.25,38.5,7.9));
#5476 = VECTOR('',#5477,1.);
#5477 = DIRECTION('',(0.,0.,1.));
#5478 = ORIENTED_EDGE('',*,*,#5479,.F.);
#5479 = EDGE_CURVE('',#5416,#5472,#5480,.T.);
#5480 = LINE('',#5481,#5482);
#5481 = CARTESIAN_POINT('',(25.25,36.5,13.5));
#5482 = VECTOR('',#5483,1.);
#5483 = DIRECTION('',(0.,1.,0.));
#5484 = PLANE('',#5485);
#5485 = AXIS2_PLACEMENT_3D('',#5486,#5487,#5488);
#5486 = CARTESIAN_POINT('',(25.25,36.5,7.9));
#5487 = DIRECTION('',(1.,0.,0.));
#5488 = DIRECTION('',(0.,0.,1.));
#5489 = ADVANCED_FACE('',(#5490),#5501,.T.);
#5490 = FACE_BOUND('',#5491,.T.);
#5491 = EDGE_LOOP('',(#5492,#5493,#5494,#5500));
#5492 = ORIENTED_EDGE('',*,*,#4688,.T.);
#5493 = ORIENTED_EDGE('',*,*,#5471,.T.);
#5494 = ORIENTED_EDGE('',*,*,#5495,.T.);
#5495 = EDGE_CURVE('',#5472,#5448,#5496,.T.);
#5496 = LINE('',#5497,#5498);
#5497 = CARTESIAN_POINT('',(25.25,38.5,13.5));
#5498 = VECTOR('',#5499,1.);
#5499 = DIRECTION('',(1.,0.,0.));
#5500 = ORIENTED_EDGE('',*,*,#5447,.F.);
#5501 = PLANE('',#5502);
#5502 = AXIS2_PLACEMENT_3D('',#5503,#5504,#5505);
#5503 = CARTESIAN_POINT('',(25.25,38.5,7.9));
#5504 = DIRECTION('',(0.,1.,0.));
#5505 = DIRECTION('',(0.,0.,1.));
#5506 = ADVANCED_FACE('',(#5507),#5525,.T.);
#5507 = FACE_BOUND('',#5508,.T.);
#5508 = EDGE_LOOP('',(#5509,#5510,#5518,#5524));
#5509 = ORIENTED_EDGE('',*,*,#4880,.F.);
#5510 = ORIENTED_EDGE('',*,*,#5511,.F.);
#5511 = EDGE_CURVE('',#5512,#4873,#5514,.T.);
#5512 = VERTEX_POINT('',#5513);
#5513 = CARTESIAN_POINT('',(21.8,39.4,11.6));
#5514 = LINE('',#5515,#5516);
#5515 = CARTESIAN_POINT('',(21.8,39.4,11.6));
#5516 = VECTOR('',#5517,1.);
#5517 = DIRECTION('',(0.,0.,1.));
#5518 = ORIENTED_EDGE('',*,*,#5519,.T.);
#5519 = EDGE_CURVE('',#5512,#4738,#5520,.T.);
#5520 = LINE('',#5521,#5522);
#5521 = CARTESIAN_POINT('',(21.8,39.4,11.6));
#5522 = VECTOR('',#5523,1.);
#5523 = DIRECTION('',(0.,1.,0.));
#5524 = ORIENTED_EDGE('',*,*,#4745,.F.);
#5525 = PLANE('',#5526);
#5526 = AXIS2_PLACEMENT_3D('',#5527,#5528,#5529);
#5527 = CARTESIAN_POINT('',(21.8,39.4,11.6));
#5528 = DIRECTION('',(1.,0.,0.));
#5529 = DIRECTION('',(0.,0.,1.));
#5530 = ADVANCED_FACE('',(#5531),#5549,.F.);
#5531 = FACE_BOUND('',#5532,.F.);
#5532 = EDGE_LOOP('',(#5533,#5534,#5542,#5548));
#5533 = ORIENTED_EDGE('',*,*,#4737,.F.);
#5534 = ORIENTED_EDGE('',*,*,#5535,.F.);
#5535 = EDGE_CURVE('',#5536,#4730,#5538,.T.);
#5536 = VERTEX_POINT('',#5537);
#5537 = CARTESIAN_POINT('',(6.6,39.4,11.6));
#5538 = LINE('',#5539,#5540);
#5539 = CARTESIAN_POINT('',(6.6,39.4,11.6));
#5540 = VECTOR('',#5541,1.);
#5541 = DIRECTION('',(0.,1.,0.));
#5542 = ORIENTED_EDGE('',*,*,#5543,.T.);
#5543 = EDGE_CURVE('',#5536,#5512,#5544,.T.);
#5544 = LINE('',#5545,#5546);
#5545 = CARTESIAN_POINT('',(6.6,39.4,11.6));
#5546 = VECTOR('',#5547,1.);
#5547 = DIRECTION('',(1.,0.,0.));
#5548 = ORIENTED_EDGE('',*,*,#5519,.T.);
#5549 = PLANE('',#5550);
#5550 = AXIS2_PLACEMENT_3D('',#5551,#5552,#5553);
#5551 = CARTESIAN_POINT('',(6.6,39.4,11.6));
#5552 = DIRECTION('',(0.,0.,1.));
#5553 = DIRECTION('',(1.,0.,0.));
#5554 = ADVANCED_FACE('',(#5555),#5566,.F.);
#5555 = FACE_BOUND('',#5556,.F.);
#5556 = EDGE_LOOP('',(#5557,#5558,#5564,#5565));
#5557 = ORIENTED_EDGE('',*,*,#4864,.F.);
#5558 = ORIENTED_EDGE('',*,*,#5559,.F.);
#5559 = EDGE_CURVE('',#5536,#4865,#5560,.T.);
#5560 = LINE('',#5561,#5562);
#5561 = CARTESIAN_POINT('',(6.6,39.4,11.6));
#5562 = VECTOR('',#5563,1.);
#5563 = DIRECTION('',(0.,0.,1.));
#5564 = ORIENTED_EDGE('',*,*,#5535,.T.);
#5565 = ORIENTED_EDGE('',*,*,#4729,.F.);
#5566 = PLANE('',#5567);
#5567 = AXIS2_PLACEMENT_3D('',#5568,#5569,#5570);
#5568 = CARTESIAN_POINT('',(6.6,39.4,11.6));
#5569 = DIRECTION('',(1.,0.,0.));
#5570 = DIRECTION('',(0.,0.,1.));
#5571 = ADVANCED_FACE('',(#5572),#5578,.F.);
#5572 = FACE_BOUND('',#5573,.F.);
#5573 = EDGE_LOOP('',(#5574,#5575,#5576,#5577));
#5574 = ORIENTED_EDGE('',*,*,#5543,.F.);
#5575 = ORIENTED_EDGE('',*,*,#5559,.T.);
#5576 = ORIENTED_EDGE('',*,*,#4872,.T.);
#5577 = ORIENTED_EDGE('',*,*,#5511,.F.);
#5578 = PLANE('',#5579);
#5579 = AXIS2_PLACEMENT_3D('',#5580,#5581,#5582);
#5580 = CARTESIAN_POINT('',(6.6,39.4,11.6));
#5581 = DIRECTION('',(0.,1.,0.));
#5582 = DIRECTION('',(0.,0.,1.));
#5583 = ADVANCED_FACE('',(#5584),#5609,.T.);
#5584 = FACE_BOUND('',#5585,.T.);
#5585 = EDGE_LOOP('',(#5586,#5594,#5595,#5603));
#5586 = ORIENTED_EDGE('',*,*,#5587,.F.);
#5587 = EDGE_CURVE('',#5032,#5588,#5590,.T.);
#5588 = VERTEX_POINT('',#5589);
#5589 = CARTESIAN_POINT('',(26.62,31.,12.02));
#5590 = LINE('',#5591,#5592);
#5591 = CARTESIAN_POINT('',(26.3,31.,11.7));
#5592 = VECTOR('',#5593,1.);
#5593 = DIRECTION('',(0.707106781187,0.,0.707106781187));
#5594 = ORIENTED_EDGE('',*,*,#5031,.T.);
#5595 = ORIENTED_EDGE('',*,*,#5596,.T.);
#5596 = EDGE_CURVE('',#5034,#5597,#5599,.T.);
#5597 = VERTEX_POINT('',#5598);
#5598 = CARTESIAN_POINT('',(26.62,36.,12.02));
#5599 = LINE('',#5600,#5601);
#5600 = CARTESIAN_POINT('',(26.3,36.,11.7));
#5601 = VECTOR('',#5602,1.);
#5602 = DIRECTION('',(0.707106781187,0.,0.707106781187));
#5603 = ORIENTED_EDGE('',*,*,#5604,.F.);
#5604 = EDGE_CURVE('',#5588,#5597,#5605,.T.);
#5605 = LINE('',#5606,#5607);
#5606 = CARTESIAN_POINT('',(26.62,31.,12.02));
#5607 = VECTOR('',#5608,1.);
#5608 = DIRECTION('',(0.,1.,0.));
#5609 = PLANE('',#5610);
#5610 = AXIS2_PLACEMENT_3D('',#5611,#5612,#5613);
#5611 = CARTESIAN_POINT('',(26.3,31.,11.7));
#5612 = DIRECTION('',(0.707106781187,0.,-0.707106781187));
#5613 = DIRECTION('',(0.707106781187,0.,0.707106781187));
#5614 = ADVANCED_FACE('',(#5615),#5633,.F.);
#5615 = FACE_BOUND('',#5616,.F.);
#5616 = EDGE_LOOP('',(#5617,#5618,#5619,#5627));
#5617 = ORIENTED_EDGE('',*,*,#5057,.T.);
#5618 = ORIENTED_EDGE('',*,*,#5596,.T.);
#5619 = ORIENTED_EDGE('',*,*,#5620,.T.);
#5620 = EDGE_CURVE('',#5597,#5621,#5623,.T.);
#5621 = VERTEX_POINT('',#5622);
#5622 = CARTESIAN_POINT('',(26.62,36.,12.28));
#5623 = LINE('',#5624,#5625);
#5624 = CARTESIAN_POINT('',(26.62,36.,12.02));
#5625 = VECTOR('',#5626,1.);
#5626 = DIRECTION('',(0.,0.,1.));
#5627 = ORIENTED_EDGE('',*,*,#5628,.T.);
#5628 = EDGE_CURVE('',#5621,#5050,#5629,.T.);
#5629 = LINE('',#5630,#5631);
#5630 = CARTESIAN_POINT('',(26.62,36.,12.28));
#5631 = VECTOR('',#5632,1.);
#5632 = DIRECTION('',(-0.707106781187,0.,0.707106781187));
#5633 = PLANE('',#5634);
#5634 = AXIS2_PLACEMENT_3D('',#5635,#5636,#5637);
#5635 = CARTESIAN_POINT('',(26.410413943814,36.,12.15));
#5636 = DIRECTION('',(-0.,-1.,-0.));
#5637 = DIRECTION('',(0.,0.,-1.));
#5638 = ADVANCED_FACE('',(#5639),#5657,.T.);
#5639 = FACE_BOUND('',#5640,.T.);
#5640 = EDGE_LOOP('',(#5641,#5649,#5655,#5656));
#5641 = ORIENTED_EDGE('',*,*,#5642,.F.);
#5642 = EDGE_CURVE('',#5643,#5042,#5645,.T.);
#5643 = VERTEX_POINT('',#5644);
#5644 = CARTESIAN_POINT('',(26.62,31.,12.28));
#5645 = LINE('',#5646,#5647);
#5646 = CARTESIAN_POINT('',(26.62,31.,12.28));
#5647 = VECTOR('',#5648,1.);
#5648 = DIRECTION('',(-0.707106781187,0.,0.707106781187));
#5649 = ORIENTED_EDGE('',*,*,#5650,.T.);
#5650 = EDGE_CURVE('',#5643,#5621,#5651,.T.);
#5651 = LINE('',#5652,#5653);
#5652 = CARTESIAN_POINT('',(26.62,31.,12.28));
#5653 = VECTOR('',#5654,1.);
#5654 = DIRECTION('',(0.,1.,0.));
#5655 = ORIENTED_EDGE('',*,*,#5628,.T.);
#5656 = ORIENTED_EDGE('',*,*,#5049,.T.);
#5657 = PLANE('',#5658);
#5658 = AXIS2_PLACEMENT_3D('',#5659,#5660,#5661);
#5659 = CARTESIAN_POINT('',(26.62,31.,12.28));
#5660 = DIRECTION('',(0.707106781187,0.,0.707106781187));
#5661 = DIRECTION('',(-0.707106781187,0.,0.707106781187));
#5662 = ADVANCED_FACE('',(#5663),#5674,.T.);
#5663 = FACE_BOUND('',#5664,.T.);
#5664 = EDGE_LOOP('',(#5665,#5666,#5667,#5673));
#5665 = ORIENTED_EDGE('',*,*,#5041,.T.);
#5666 = ORIENTED_EDGE('',*,*,#5587,.T.);
#5667 = ORIENTED_EDGE('',*,*,#5668,.T.);
#5668 = EDGE_CURVE('',#5588,#5643,#5669,.T.);
#5669 = LINE('',#5670,#5671);
#5670 = CARTESIAN_POINT('',(26.62,31.,12.02));
#5671 = VECTOR('',#5672,1.);
#5672 = DIRECTION('',(0.,0.,1.));
#5673 = ORIENTED_EDGE('',*,*,#5642,.T.);
#5674 = PLANE('',#5675);
#5675 = AXIS2_PLACEMENT_3D('',#5676,#5677,#5678);
#5676 = CARTESIAN_POINT('',(26.410413943814,31.,12.15));
#5677 = DIRECTION('',(-0.,-1.,-0.));
#5678 = DIRECTION('',(0.,0.,-1.));
#5679 = ADVANCED_FACE('',(#5680),#5705,.T.);
#5680 = FACE_BOUND('',#5681,.T.);
#5681 = EDGE_LOOP('',(#5682,#5690,#5691,#5699));
#5682 = ORIENTED_EDGE('',*,*,#5683,.F.);
#5683 = EDGE_CURVE('',#5066,#5684,#5686,.T.);
#5684 = VERTEX_POINT('',#5685);
#5685 = CARTESIAN_POINT('',(26.62,12.,12.02));
#5686 = LINE('',#5687,#5688);
#5687 = CARTESIAN_POINT('',(26.3,12.,11.7));
#5688 = VECTOR('',#5689,1.);
#5689 = DIRECTION('',(0.707106781187,0.,0.707106781187));
#5690 = ORIENTED_EDGE('',*,*,#5065,.T.);
#5691 = ORIENTED_EDGE('',*,*,#5692,.T.);
#5692 = EDGE_CURVE('',#5068,#5693,#5695,.T.);
#5693 = VERTEX_POINT('',#5694);
#5694 = CARTESIAN_POINT('',(26.62,17.,12.02));
#5695 = LINE('',#5696,#5697);
#5696 = CARTESIAN_POINT('',(26.3,17.,11.7));
#5697 = VECTOR('',#5698,1.);
#5698 = DIRECTION('',(0.707106781187,0.,0.707106781187));
#5699 = ORIENTED_EDGE('',*,*,#5700,.F.);
#5700 = EDGE_CURVE('',#5684,#5693,#5701,.T.);
#5701 = LINE('',#5702,#5703);
#5702 = CARTESIAN_POINT('',(26.62,12.,12.02));
#5703 = VECTOR('',#5704,1.);
#5704 = DIRECTION('',(0.,1.,0.));
#5705 = PLANE('',#5706);
#5706 = AXIS2_PLACEMENT_3D('',#5707,#5708,#5709);
#5707 = CARTESIAN_POINT('',(26.3,12.,11.7));
#5708 = DIRECTION('',(0.707106781187,0.,-0.707106781187));
#5709 = DIRECTION('',(0.707106781187,0.,0.707106781187));
#5710 = ADVANCED_FACE('',(#5711),#5729,.F.);
#5711 = FACE_BOUND('',#5712,.F.);
#5712 = EDGE_LOOP('',(#5713,#5714,#5715,#5723));
#5713 = ORIENTED_EDGE('',*,*,#5091,.T.);
#5714 = ORIENTED_EDGE('',*,*,#5692,.T.);
#5715 = ORIENTED_EDGE('',*,*,#5716,.T.);
#5716 = EDGE_CURVE('',#5693,#5717,#5719,.T.);
#5717 = VERTEX_POINT('',#5718);
#5718 = CARTESIAN_POINT('',(26.62,17.,12.28));
#5719 = LINE('',#5720,#5721);
#5720 = CARTESIAN_POINT('',(26.62,17.,12.02));
#5721 = VECTOR('',#5722,1.);
#5722 = DIRECTION('',(0.,0.,1.));
#5723 = ORIENTED_EDGE('',*,*,#5724,.T.);
#5724 = EDGE_CURVE('',#5717,#5084,#5725,.T.);
#5725 = LINE('',#5726,#5727);
#5726 = CARTESIAN_POINT('',(26.62,17.,12.28));
#5727 = VECTOR('',#5728,1.);
#5728 = DIRECTION('',(-0.707106781187,0.,0.707106781187));
#5729 = PLANE('',#5730);
#5730 = AXIS2_PLACEMENT_3D('',#5731,#5732,#5733);
#5731 = CARTESIAN_POINT('',(26.410413943814,17.,12.15));
#5732 = DIRECTION('',(-0.,-1.,-0.));
#5733 = DIRECTION('',(0.,0.,-1.));
#5734 = ADVANCED_FACE('',(#5735),#5753,.T.);
#5735 = FACE_BOUND('',#5736,.T.);
#5736 = EDGE_LOOP('',(#5737,#5745,#5751,#5752));
#5737 = ORIENTED_EDGE('',*,*,#5738,.F.);
#5738 = EDGE_CURVE('',#5739,#5076,#5741,.T.);
#5739 = VERTEX_POINT('',#5740);
#5740 = CARTESIAN_POINT('',(26.62,12.,12.28));
#5741 = LINE('',#5742,#5743);
#5742 = CARTESIAN_POINT('',(26.62,12.,12.28));
#5743 = VECTOR('',#5744,1.);
#5744 = DIRECTION('',(-0.707106781187,0.,0.707106781187));
#5745 = ORIENTED_EDGE('',*,*,#5746,.T.);
#5746 = EDGE_CURVE('',#5739,#5717,#5747,.T.);
#5747 = LINE('',#5748,#5749);
#5748 = CARTESIAN_POINT('',(26.62,12.,12.28));
#5749 = VECTOR('',#5750,1.);
#5750 = DIRECTION('',(0.,1.,0.));
#5751 = ORIENTED_EDGE('',*,*,#5724,.T.);
#5752 = ORIENTED_EDGE('',*,*,#5083,.T.);
#5753 = PLANE('',#5754);
#5754 = AXIS2_PLACEMENT_3D('',#5755,#5756,#5757);
#5755 = CARTESIAN_POINT('',(26.62,12.,12.28));
#5756 = DIRECTION('',(0.707106781187,0.,0.707106781187));
#5757 = DIRECTION('',(-0.707106781187,0.,0.707106781187));
#5758 = ADVANCED_FACE('',(#5759),#5770,.T.);
#5759 = FACE_BOUND('',#5760,.T.);
#5760 = EDGE_LOOP('',(#5761,#5762,#5763,#5769));
#5761 = ORIENTED_EDGE('',*,*,#5075,.T.);
#5762 = ORIENTED_EDGE('',*,*,#5683,.T.);
#5763 = ORIENTED_EDGE('',*,*,#5764,.T.);
#5764 = EDGE_CURVE('',#5684,#5739,#5765,.T.);
#5765 = LINE('',#5766,#5767);
#5766 = CARTESIAN_POINT('',(26.62,12.,12.02));
#5767 = VECTOR('',#5768,1.);
#5768 = DIRECTION('',(0.,0.,1.));
#5769 = ORIENTED_EDGE('',*,*,#5738,.T.);
#5770 = PLANE('',#5771);
#5771 = AXIS2_PLACEMENT_3D('',#5772,#5773,#5774);
#5772 = CARTESIAN_POINT('',(26.410413943814,12.,12.15));
#5773 = DIRECTION('',(-0.,-1.,-0.));
#5774 = DIRECTION('',(0.,0.,-1.));
#5775 = ADVANCED_FACE('',(#5776),#5801,.T.);
#5776 = FACE_BOUND('',#5777,.T.);
#5777 = EDGE_LOOP('',(#5778,#5779,#5787,#5795));
#5778 = ORIENTED_EDGE('',*,*,#5140,.F.);
#5779 = ORIENTED_EDGE('',*,*,#5780,.T.);
#5780 = EDGE_CURVE('',#5141,#5781,#5783,.T.);
#5781 = VERTEX_POINT('',#5782);
#5782 = CARTESIAN_POINT('',(-5.62,36.,12.02));
#5783 = LINE('',#5784,#5785);
#5784 = CARTESIAN_POINT('',(-5.3,36.,11.7));
#5785 = VECTOR('',#5786,1.);
#5786 = DIRECTION('',(-0.707106781187,0.,0.707106781187));
#5787 = ORIENTED_EDGE('',*,*,#5788,.T.);
#5788 = EDGE_CURVE('',#5781,#5789,#5791,.T.);
#5789 = VERTEX_POINT('',#5790);
#5790 = CARTESIAN_POINT('',(-5.62,36.,12.28));
#5791 = LINE('',#5792,#5793);
#5792 = CARTESIAN_POINT('',(-5.62,36.,12.02));
#5793 = VECTOR('',#5794,1.);
#5794 = DIRECTION('',(0.,0.,1.));
#5795 = ORIENTED_EDGE('',*,*,#5796,.T.);
#5796 = EDGE_CURVE('',#5789,#5143,#5797,.T.);
#5797 = LINE('',#5798,#5799);
#5798 = CARTESIAN_POINT('',(-5.62,36.,12.28));
#5799 = VECTOR('',#5800,1.);
#5800 = DIRECTION('',(0.707106781187,0.,0.707106781187));
#5801 = PLANE('',#5802);
#5802 = AXIS2_PLACEMENT_3D('',#5803,#5804,#5805);
#5803 = CARTESIAN_POINT('',(-5.410413943814,36.,12.15));
#5804 = DIRECTION('',(0.,1.,0.));
#5805 = DIRECTION('',(0.,0.,1.));
#5806 = ADVANCED_FACE('',(#5807),#5825,.F.);
#5807 = FACE_BOUND('',#5808,.F.);
#5808 = EDGE_LOOP('',(#5809,#5817,#5823,#5824));
#5809 = ORIENTED_EDGE('',*,*,#5810,.F.);
#5810 = EDGE_CURVE('',#5811,#5159,#5813,.T.);
#5811 = VERTEX_POINT('',#5812);
#5812 = CARTESIAN_POINT('',(-5.62,31.,12.28));
#5813 = LINE('',#5814,#5815);
#5814 = CARTESIAN_POINT('',(-5.62,31.,12.28));
#5815 = VECTOR('',#5816,1.);
#5816 = DIRECTION('',(0.707106781187,0.,0.707106781187));
#5817 = ORIENTED_EDGE('',*,*,#5818,.T.);
#5818 = EDGE_CURVE('',#5811,#5789,#5819,.T.);
#5819 = LINE('',#5820,#5821);
#5820 = CARTESIAN_POINT('',(-5.62,31.,12.28));
#5821 = VECTOR('',#5822,1.);
#5822 = DIRECTION('',(0.,1.,0.));
#5823 = ORIENTED_EDGE('',*,*,#5796,.T.);
#5824 = ORIENTED_EDGE('',*,*,#5166,.F.);
#5825 = PLANE('',#5826);
#5826 = AXIS2_PLACEMENT_3D('',#5827,#5828,#5829);
#5827 = CARTESIAN_POINT('',(-5.62,31.,12.28));
#5828 = DIRECTION('',(0.707106781187,0.,-0.707106781187));
#5829 = DIRECTION('',(0.707106781187,0.,0.707106781187));
#5830 = ADVANCED_FACE('',(#5831),#5849,.F.);
#5831 = FACE_BOUND('',#5832,.F.);
#5832 = EDGE_LOOP('',(#5833,#5834,#5842,#5848));
#5833 = ORIENTED_EDGE('',*,*,#5158,.F.);
#5834 = ORIENTED_EDGE('',*,*,#5835,.T.);
#5835 = EDGE_CURVE('',#5151,#5836,#5838,.T.);
#5836 = VERTEX_POINT('',#5837);
#5837 = CARTESIAN_POINT('',(-5.62,31.,12.02));
#5838 = LINE('',#5839,#5840);
#5839 = CARTESIAN_POINT('',(-5.3,31.,11.7));
#5840 = VECTOR('',#5841,1.);
#5841 = DIRECTION('',(-0.707106781187,0.,0.707106781187));
#5842 = ORIENTED_EDGE('',*,*,#5843,.T.);
#5843 = EDGE_CURVE('',#5836,#5811,#5844,.T.);
#5844 = LINE('',#5845,#5846);
#5845 = CARTESIAN_POINT('',(-5.62,31.,12.02));
#5846 = VECTOR('',#5847,1.);
#5847 = DIRECTION('',(0.,0.,1.));
#5848 = ORIENTED_EDGE('',*,*,#5810,.T.);
#5849 = PLANE('',#5850);
#5850 = AXIS2_PLACEMENT_3D('',#5851,#5852,#5853);
#5851 = CARTESIAN_POINT('',(-5.410413943814,31.,12.15));
#5852 = DIRECTION('',(0.,1.,0.));
#5853 = DIRECTION('',(0.,0.,1.));
#5854 = ADVANCED_FACE('',(#5855),#5866,.F.);
#5855 = FACE_BOUND('',#5856,.F.);
#5856 = EDGE_LOOP('',(#5857,#5858,#5859,#5860));
#5857 = ORIENTED_EDGE('',*,*,#5835,.F.);
#5858 = ORIENTED_EDGE('',*,*,#5150,.F.);
#5859 = ORIENTED_EDGE('',*,*,#5780,.T.);
#5860 = ORIENTED_EDGE('',*,*,#5861,.F.);
#5861 = EDGE_CURVE('',#5836,#5781,#5862,.T.);
#5862 = LINE('',#5863,#5864);
#5863 = CARTESIAN_POINT('',(-5.62,31.,12.02));
#5864 = VECTOR('',#5865,1.);
#5865 = DIRECTION('',(0.,1.,0.));
#5866 = PLANE('',#5867);
#5867 = AXIS2_PLACEMENT_3D('',#5868,#5869,#5870);
#5868 = CARTESIAN_POINT('',(-5.3,31.,11.7));
#5869 = DIRECTION('',(0.707106781187,0.,0.707106781187));
#5870 = DIRECTION('',(-0.707106781187,0.,0.707106781187));
#5871 = ADVANCED_FACE('',(#5872),#5897,.T.);
#5872 = FACE_BOUND('',#5873,.T.);
#5873 = EDGE_LOOP('',(#5874,#5875,#5883,#5891));
#5874 = ORIENTED_EDGE('',*,*,#5174,.F.);
#5875 = ORIENTED_EDGE('',*,*,#5876,.T.);
#5876 = EDGE_CURVE('',#5175,#5877,#5879,.T.);
#5877 = VERTEX_POINT('',#5878);
#5878 = CARTESIAN_POINT('',(-5.62,17.,12.02));
#5879 = LINE('',#5880,#5881);
#5880 = CARTESIAN_POINT('',(-5.3,17.,11.7));
#5881 = VECTOR('',#5882,1.);
#5882 = DIRECTION('',(-0.707106781187,0.,0.707106781187));
#5883 = ORIENTED_EDGE('',*,*,#5884,.T.);
#5884 = EDGE_CURVE('',#5877,#5885,#5887,.T.);
#5885 = VERTEX_POINT('',#5886);
#5886 = CARTESIAN_POINT('',(-5.62,17.,12.28));
#5887 = LINE('',#5888,#5889);
#5888 = CARTESIAN_POINT('',(-5.62,17.,12.02));
#5889 = VECTOR('',#5890,1.);
#5890 = DIRECTION('',(0.,0.,1.));
#5891 = ORIENTED_EDGE('',*,*,#5892,.T.);
#5892 = EDGE_CURVE('',#5885,#5177,#5893,.T.);
#5893 = LINE('',#5894,#5895);
#5894 = CARTESIAN_POINT('',(-5.62,17.,12.28));
#5895 = VECTOR('',#5896,1.);
#5896 = DIRECTION('',(0.707106781187,0.,0.707106781187));
#5897 = PLANE('',#5898);
#5898 = AXIS2_PLACEMENT_3D('',#5899,#5900,#5901);
#5899 = CARTESIAN_POINT('',(-5.410413943814,17.,12.15));
#5900 = DIRECTION('',(0.,1.,0.));
#5901 = DIRECTION('',(0.,0.,1.));
#5902 = ADVANCED_FACE('',(#5903),#5921,.F.);
#5903 = FACE_BOUND('',#5904,.F.);
#5904 = EDGE_LOOP('',(#5905,#5913,#5919,#5920));
#5905 = ORIENTED_EDGE('',*,*,#5906,.F.);
#5906 = EDGE_CURVE('',#5907,#5193,#5909,.T.);
#5907 = VERTEX_POINT('',#5908);
#5908 = CARTESIAN_POINT('',(-5.62,12.,12.28));
#5909 = LINE('',#5910,#5911);
#5910 = CARTESIAN_POINT('',(-5.62,12.,12.28));
#5911 = VECTOR('',#5912,1.);
#5912 = DIRECTION('',(0.707106781187,0.,0.707106781187));
#5913 = ORIENTED_EDGE('',*,*,#5914,.T.);
#5914 = EDGE_CURVE('',#5907,#5885,#5915,.T.);
#5915 = LINE('',#5916,#5917);
#5916 = CARTESIAN_POINT('',(-5.62,12.,12.28));
#5917 = VECTOR('',#5918,1.);
#5918 = DIRECTION('',(0.,1.,0.));
#5919 = ORIENTED_EDGE('',*,*,#5892,.T.);
#5920 = ORIENTED_EDGE('',*,*,#5200,.F.);
#5921 = PLANE('',#5922);
#5922 = AXIS2_PLACEMENT_3D('',#5923,#5924,#5925);
#5923 = CARTESIAN_POINT('',(-5.62,12.,12.28));
#5924 = DIRECTION('',(0.707106781187,0.,-0.707106781187));
#5925 = DIRECTION('',(0.707106781187,0.,0.707106781187));
#5926 = ADVANCED_FACE('',(#5927),#5945,.F.);
#5927 = FACE_BOUND('',#5928,.F.);
#5928 = EDGE_LOOP('',(#5929,#5930,#5938,#5944));
#5929 = ORIENTED_EDGE('',*,*,#5192,.F.);
#5930 = ORIENTED_EDGE('',*,*,#5931,.T.);
#5931 = EDGE_CURVE('',#5185,#5932,#5934,.T.);
#5932 = VERTEX_POINT('',#5933);
#5933 = CARTESIAN_POINT('',(-5.62,12.,12.02));
#5934 = LINE('',#5935,#5936);
#5935 = CARTESIAN_POINT('',(-5.3,12.,11.7));
#5936 = VECTOR('',#5937,1.);
#5937 = DIRECTION('',(-0.707106781187,0.,0.707106781187));
#5938 = ORIENTED_EDGE('',*,*,#5939,.T.);
#5939 = EDGE_CURVE('',#5932,#5907,#5940,.T.);
#5940 = LINE('',#5941,#5942);
#5941 = CARTESIAN_POINT('',(-5.62,12.,12.02));
#5942 = VECTOR('',#5943,1.);
#5943 = DIRECTION('',(0.,0.,1.));
#5944 = ORIENTED_EDGE('',*,*,#5906,.T.);
#5945 = PLANE('',#5946);
#5946 = AXIS2_PLACEMENT_3D('',#5947,#5948,#5949);
#5947 = CARTESIAN_POINT('',(-5.410413943814,12.,12.15));
#5948 = DIRECTION('',(0.,1.,0.));
#5949 = DIRECTION('',(0.,0.,1.));
#5950 = ADVANCED_FACE('',(#5951),#5962,.F.);
#5951 = FACE_BOUND('',#5952,.F.);
#5952 = EDGE_LOOP('',(#5953,#5954,#5955,#5956));
#5953 = ORIENTED_EDGE('',*,*,#5931,.F.);
#5954 = ORIENTED_EDGE('',*,*,#5184,.F.);
#5955 = ORIENTED_EDGE('',*,*,#5876,.T.);
#5956 = ORIENTED_EDGE('',*,*,#5957,.F.);
#5957 = EDGE_CURVE('',#5932,#5877,#5958,.T.);
#5958 = LINE('',#5959,#5960);
#5959 = CARTESIAN_POINT('',(-5.62,12.,12.02));
#5960 = VECTOR('',#5961,1.);
#5961 = DIRECTION('',(0.,1.,0.));
#5962 = PLANE('',#5963);
#5963 = AXIS2_PLACEMENT_3D('',#5964,#5965,#5966);
#5964 = CARTESIAN_POINT('',(-5.3,12.,11.7));
#5965 = DIRECTION('',(0.707106781187,0.,0.707106781187));
#5966 = DIRECTION('',(-0.707106781187,0.,0.707106781187));
#5967 = ADVANCED_FACE('',(#5968),#5974,.T.);
#5968 = FACE_BOUND('',#5969,.T.);
#5969 = EDGE_LOOP('',(#5970,#5971,#5972,#5973));
#5970 = ORIENTED_EDGE('',*,*,#5383,.F.);
#5971 = ORIENTED_EDGE('',*,*,#5327,.T.);
#5972 = ORIENTED_EDGE('',*,*,#5359,.T.);
#5973 = ORIENTED_EDGE('',*,*,#5399,.F.);
#5974 = PLANE('',#5975);
#5975 = AXIS2_PLACEMENT_3D('',#5976,#5977,#5978);
#5976 = CARTESIAN_POINT('',(25.25,9.2,13.5));
#5977 = DIRECTION('',(0.,0.,1.));
#5978 = DIRECTION('',(1.,0.,0.));
#5979 = ADVANCED_FACE('',(#5980),#5986,.T.);
#5980 = FACE_BOUND('',#5981,.T.);
#5981 = EDGE_LOOP('',(#5982,#5983,#5984,#5985));
#5982 = ORIENTED_EDGE('',*,*,#5479,.F.);
#5983 = ORIENTED_EDGE('',*,*,#5423,.T.);
#5984 = ORIENTED_EDGE('',*,*,#5455,.T.);
#5985 = ORIENTED_EDGE('',*,*,#5495,.F.);
#5986 = PLANE('',#5987);
#5987 = AXIS2_PLACEMENT_3D('',#5988,#5989,#5990);
#5988 = CARTESIAN_POINT('',(25.25,36.5,13.5));
#5989 = DIRECTION('',(0.,0.,1.));
#5990 = DIRECTION('',(1.,0.,0.));
#5991 = ADVANCED_FACE('',(#5992),#5998,.T.);
#5992 = FACE_BOUND('',#5993,.T.);
#5993 = EDGE_LOOP('',(#5994,#5995,#5996,#5997));
#5994 = ORIENTED_EDGE('',*,*,#5604,.T.);
#5995 = ORIENTED_EDGE('',*,*,#5620,.T.);
#5996 = ORIENTED_EDGE('',*,*,#5650,.F.);
#5997 = ORIENTED_EDGE('',*,*,#5668,.F.);
#5998 = PLANE('',#5999);
#5999 = AXIS2_PLACEMENT_3D('',#6000,#6001,#6002);
#6000 = CARTESIAN_POINT('',(26.62,31.,12.02));
#6001 = DIRECTION('',(1.,0.,0.));
#6002 = DIRECTION('',(0.,0.,1.));
#6003 = ADVANCED_FACE('',(#6004),#6010,.T.);
#6004 = FACE_BOUND('',#6005,.T.);
#6005 = EDGE_LOOP('',(#6006,#6007,#6008,#6009));
#6006 = ORIENTED_EDGE('',*,*,#5700,.T.);
#6007 = ORIENTED_EDGE('',*,*,#5716,.T.);
#6008 = ORIENTED_EDGE('',*,*,#5746,.F.);
#6009 = ORIENTED_EDGE('',*,*,#5764,.F.);
#6010 = PLANE('',#6011);
#6011 = AXIS2_PLACEMENT_3D('',#6012,#6013,#6014);
#6012 = CARTESIAN_POINT('',(26.62,12.,12.02));
#6013 = DIRECTION('',(1.,0.,0.));
#6014 = DIRECTION('',(0.,0.,1.));
#6015 = ADVANCED_FACE('',(#6016),#6022,.F.);
#6016 = FACE_BOUND('',#6017,.F.);
#6017 = EDGE_LOOP('',(#6018,#6019,#6020,#6021));
#6018 = ORIENTED_EDGE('',*,*,#5861,.T.);
#6019 = ORIENTED_EDGE('',*,*,#5788,.T.);
#6020 = ORIENTED_EDGE('',*,*,#5818,.F.);
#6021 = ORIENTED_EDGE('',*,*,#5843,.F.);
#6022 = PLANE('',#6023);
#6023 = AXIS2_PLACEMENT_3D('',#6024,#6025,#6026);
#6024 = CARTESIAN_POINT('',(-5.62,31.,12.02));
#6025 = DIRECTION('',(1.,0.,0.));
#6026 = DIRECTION('',(0.,0.,1.));
#6027 = ADVANCED_FACE('',(#6028),#6034,.F.);
#6028 = FACE_BOUND('',#6029,.F.);
#6029 = EDGE_LOOP('',(#6030,#6031,#6032,#6033));
#6030 = ORIENTED_EDGE('',*,*,#5957,.T.);
#6031 = ORIENTED_EDGE('',*,*,#5884,.T.);
#6032 = ORIENTED_EDGE('',*,*,#5914,.F.);
#6033 = ORIENTED_EDGE('',*,*,#5939,.F.);
#6034 = PLANE('',#6035);
#6035 = AXIS2_PLACEMENT_3D('',#6036,#6037,#6038);
#6036 = CARTESIAN_POINT('',(-5.62,12.,12.02));
#6037 = DIRECTION('',(1.,0.,0.));
#6038 = DIRECTION('',(0.,0.,1.));
#6039 = MANIFOLD_SOLID_BREP('',#6040);
#6040 = CLOSED_SHELL('',(#6041,#6113,#6144,#6413,#6437,#6461,#6485,#6509
    ,#6533,#6550,#6587,#6664,#6689,#6713,#6737,#6761,#6786,#6803,#6896,
    #6920,#6944,#6968,#6992,#7009,#7026,#7059,#7084,#7140,#7158,#7191,
    #7215,#7239,#7256,#7281,#7306,#7331,#7425,#7532,#7544,#7556,#7568,
    #7580,#7620,#7660,#7702,#7735,#7766,#7791,#7816,#7840,#7896,#7914,
    #7932,#7963,#7988,#8021,#8061,#8086,#8110,#8135,#8159,#8177,#8284,
    #8326,#8442,#8476,#8493,#8524,#8566,#8590,#8697,#8746,#8795,#8826,
    #8851,#8870,#8896,#8921,#8945,#8970,#8994,#9012,#9036,#9062,#9079,
    #9091,#9108,#9125,#9137,#9161,#9186,#9210,#9235,#9259,#9284,#9308,
    #9333,#9350,#9443,#9467,#9553,#9570,#9587,#9604,#9621,#9638,#9655,
    #9672,#9684));
#6041 = ADVANCED_FACE('',(#6042),#6108,.F.);
#6042 = FACE_BOUND('',#6043,.F.);
#6043 = EDGE_LOOP('',(#6044,#6054,#6062,#6070,#6078,#6086,#6094,#6102));
#6044 = ORIENTED_EDGE('',*,*,#6045,.F.);
#6045 = EDGE_CURVE('',#6046,#6048,#6050,.T.);
#6046 = VERTEX_POINT('',#6047);
#6047 = CARTESIAN_POINT('',(23.98,16.5,13.85));
#6048 = VERTEX_POINT('',#6049);
#6049 = CARTESIAN_POINT('',(23.98,16.5,18.2));
#6050 = LINE('',#6051,#6052);
#6051 = CARTESIAN_POINT('',(23.98,16.5,13.85));
#6052 = VECTOR('',#6053,1.);
#6053 = DIRECTION('',(0.,0.,1.));
#6054 = ORIENTED_EDGE('',*,*,#6055,.T.);
#6055 = EDGE_CURVE('',#6046,#6056,#6058,.T.);
#6056 = VERTEX_POINT('',#6057);
#6057 = CARTESIAN_POINT('',(23.98,17.2,13.85));
#6058 = LINE('',#6059,#6060);
#6059 = CARTESIAN_POINT('',(23.98,16.5,13.85));
#6060 = VECTOR('',#6061,1.);
#6061 = DIRECTION('',(0.,1.,0.));
#6062 = ORIENTED_EDGE('',*,*,#6063,.T.);
#6063 = EDGE_CURVE('',#6056,#6064,#6066,.T.);
#6064 = VERTEX_POINT('',#6065);
#6065 = CARTESIAN_POINT('',(23.98,17.2,17.4));
#6066 = LINE('',#6067,#6068);
#6067 = CARTESIAN_POINT('',(23.98,17.2,13.475));
#6068 = VECTOR('',#6069,1.);
#6069 = DIRECTION('',(0.,0.,1.));
#6070 = ORIENTED_EDGE('',*,*,#6071,.F.);
#6071 = EDGE_CURVE('',#6072,#6064,#6074,.T.);
#6072 = VERTEX_POINT('',#6073);
#6073 = CARTESIAN_POINT('',(23.98,27.2,17.4));
#6074 = LINE('',#6075,#6076);
#6075 = CARTESIAN_POINT('',(23.98,16.85,17.4));
#6076 = VECTOR('',#6077,1.);
#6077 = DIRECTION('',(0.,-1.,0.));
#6078 = ORIENTED_EDGE('',*,*,#6079,.F.);
#6079 = EDGE_CURVE('',#6080,#6072,#6082,.T.);
#6080 = VERTEX_POINT('',#6081);
#6081 = CARTESIAN_POINT('',(23.98,27.2,13.85));
#6082 = LINE('',#6083,#6084);
#6083 = CARTESIAN_POINT('',(23.98,27.2,13.475));
#6084 = VECTOR('',#6085,1.);
#6085 = DIRECTION('',(0.,0.,1.));
#6086 = ORIENTED_EDGE('',*,*,#6087,.T.);
#6087 = EDGE_CURVE('',#6080,#6088,#6090,.T.);
#6088 = VERTEX_POINT('',#6089);
#6089 = CARTESIAN_POINT('',(23.98,28.2,13.85));
#6090 = LINE('',#6091,#6092);
#6091 = CARTESIAN_POINT('',(23.98,16.5,13.85));
#6092 = VECTOR('',#6093,1.);
#6093 = DIRECTION('',(0.,1.,0.));
#6094 = ORIENTED_EDGE('',*,*,#6095,.T.);
#6095 = EDGE_CURVE('',#6088,#6096,#6098,.T.);
#6096 = VERTEX_POINT('',#6097);
#6097 = CARTESIAN_POINT('',(23.98,28.2,18.2));
#6098 = LINE('',#6099,#6100);
#6099 = CARTESIAN_POINT('',(23.98,28.2,13.85));
#6100 = VECTOR('',#6101,1.);
#6101 = DIRECTION('',(0.,0.,1.));
#6102 = ORIENTED_EDGE('',*,*,#6103,.F.);
#6103 = EDGE_CURVE('',#6048,#6096,#6104,.T.);
#6104 = LINE('',#6105,#6106);
#6105 = CARTESIAN_POINT('',(23.98,19.75,18.2));
#6106 = VECTOR('',#6107,1.);
#6107 = DIRECTION('',(0.,1.,0.));
#6108 = PLANE('',#6109);
#6109 = AXIS2_PLACEMENT_3D('',#6110,#6111,#6112);
#6110 = CARTESIAN_POINT('',(23.98,16.5,13.85));
#6111 = DIRECTION('',(1.,0.,0.));
#6112 = DIRECTION('',(0.,0.,1.));
#6113 = ADVANCED_FACE('',(#6114),#6139,.F.);
#6114 = FACE_BOUND('',#6115,.F.);
#6115 = EDGE_LOOP('',(#6116,#6126,#6132,#6133));
#6116 = ORIENTED_EDGE('',*,*,#6117,.F.);
#6117 = EDGE_CURVE('',#6118,#6120,#6122,.T.);
#6118 = VERTEX_POINT('',#6119);
#6119 = CARTESIAN_POINT('',(24.78,16.5,13.85));
#6120 = VERTEX_POINT('',#6121);
#6121 = CARTESIAN_POINT('',(24.78,16.5,18.2));
#6122 = LINE('',#6123,#6124);
#6123 = CARTESIAN_POINT('',(24.78,16.5,13.85));
#6124 = VECTOR('',#6125,1.);
#6125 = DIRECTION('',(0.,0.,1.));
#6126 = ORIENTED_EDGE('',*,*,#6127,.F.);
#6127 = EDGE_CURVE('',#6046,#6118,#6128,.T.);
#6128 = LINE('',#6129,#6130);
#6129 = CARTESIAN_POINT('',(23.98,16.5,13.85));
#6130 = VECTOR('',#6131,1.);
#6131 = DIRECTION('',(1.,0.,0.));
#6132 = ORIENTED_EDGE('',*,*,#6045,.T.);
#6133 = ORIENTED_EDGE('',*,*,#6134,.F.);
#6134 = EDGE_CURVE('',#6120,#6048,#6135,.T.);
#6135 = LINE('',#6136,#6137);
#6136 = CARTESIAN_POINT('',(17.24,16.5,18.2));
#6137 = VECTOR('',#6138,1.);
#6138 = DIRECTION('',(-1.,0.,0.));
#6139 = PLANE('',#6140);
#6140 = AXIS2_PLACEMENT_3D('',#6141,#6142,#6143);
#6141 = CARTESIAN_POINT('',(23.98,16.5,13.85));
#6142 = DIRECTION('',(0.,1.,0.));
#6143 = DIRECTION('',(0.,0.,1.));
#6144 = ADVANCED_FACE('',(#6145,#6375,#6386,#6397),#6408,.F.);
#6145 = FACE_BOUND('',#6146,.F.);
#6146 = EDGE_LOOP('',(#6147,#6157,#6166,#6174,#6183,#6191,#6199,#6207,
    #6215,#6223,#6229,#6230,#6231,#6239,#6247,#6255,#6263,#6271,#6279,
    #6287,#6296,#6304,#6313,#6321,#6329,#6337,#6345,#6353,#6361,#6369));
#6147 = ORIENTED_EDGE('',*,*,#6148,.F.);
#6148 = EDGE_CURVE('',#6149,#6151,#6153,.T.);
#6149 = VERTEX_POINT('',#6150);
#6150 = CARTESIAN_POINT('',(-5.5,7.5,18.2));
#6151 = VERTEX_POINT('',#6152);
#6152 = CARTESIAN_POINT('',(-5.5,9.1,18.2));
#6153 = LINE('',#6154,#6155);
#6154 = CARTESIAN_POINT('',(-5.5,7.5,18.2));
#6155 = VECTOR('',#6156,1.);
#6156 = DIRECTION('',(0.,1.,0.));
#6157 = ORIENTED_EDGE('',*,*,#6158,.T.);
#6158 = EDGE_CURVE('',#6149,#6159,#6161,.T.);
#6159 = VERTEX_POINT('',#6160);
#6160 = CARTESIAN_POINT('',(-2.5,4.5,18.2));
#6161 = CIRCLE('',#6162,3.);
#6162 = AXIS2_PLACEMENT_3D('',#6163,#6164,#6165);
#6163 = CARTESIAN_POINT('',(-2.5,7.5,18.2));
#6164 = DIRECTION('',(0.,0.,1.));
#6165 = DIRECTION('',(1.,0.,0.));
#6166 = ORIENTED_EDGE('',*,*,#6167,.T.);
#6167 = EDGE_CURVE('',#6159,#6168,#6170,.T.);
#6168 = VERTEX_POINT('',#6169);
#6169 = CARTESIAN_POINT('',(23.5,4.5,18.2));
#6170 = LINE('',#6171,#6172);
#6171 = CARTESIAN_POINT('',(-2.5,4.5,18.2));
#6172 = VECTOR('',#6173,1.);
#6173 = DIRECTION('',(1.,0.,0.));
#6174 = ORIENTED_EDGE('',*,*,#6175,.T.);
#6175 = EDGE_CURVE('',#6168,#6176,#6178,.T.);
#6176 = VERTEX_POINT('',#6177);
#6177 = CARTESIAN_POINT('',(26.5,7.5,18.2));
#6178 = CIRCLE('',#6179,3.);
#6179 = AXIS2_PLACEMENT_3D('',#6180,#6181,#6182);
#6180 = CARTESIAN_POINT('',(23.5,7.5,18.2));
#6181 = DIRECTION('',(0.,0.,1.));
#6182 = DIRECTION('',(1.,0.,0.));
#6183 = ORIENTED_EDGE('',*,*,#6184,.T.);
#6184 = EDGE_CURVE('',#6176,#6185,#6187,.T.);
#6185 = VERTEX_POINT('',#6186);
#6186 = CARTESIAN_POINT('',(26.5,9.1,18.2));
#6187 = LINE('',#6188,#6189);
#6188 = CARTESIAN_POINT('',(26.5,7.5,18.2));
#6189 = VECTOR('',#6190,1.);
#6190 = DIRECTION('',(0.,1.,0.));
#6191 = ORIENTED_EDGE('',*,*,#6192,.F.);
#6192 = EDGE_CURVE('',#6193,#6185,#6195,.T.);
#6193 = VERTEX_POINT('',#6194);
#6194 = CARTESIAN_POINT('',(24.3,9.1,18.2));
#6195 = LINE('',#6196,#6197);
#6196 = CARTESIAN_POINT('',(24.3,9.1,18.2));
#6197 = VECTOR('',#6198,1.);
#6198 = DIRECTION('',(1.,0.,0.));
#6199 = ORIENTED_EDGE('',*,*,#6200,.T.);
#6200 = EDGE_CURVE('',#6193,#6201,#6203,.T.);
#6201 = VERTEX_POINT('',#6202);
#6202 = CARTESIAN_POINT('',(24.3,10.3,18.2));
#6203 = LINE('',#6204,#6205);
#6204 = CARTESIAN_POINT('',(24.3,9.1,18.2));
#6205 = VECTOR('',#6206,1.);
#6206 = DIRECTION('',(0.,1.,0.));
#6207 = ORIENTED_EDGE('',*,*,#6208,.T.);
#6208 = EDGE_CURVE('',#6201,#6209,#6211,.T.);
#6209 = VERTEX_POINT('',#6210);
#6210 = CARTESIAN_POINT('',(26.5,10.3,18.2));
#6211 = LINE('',#6212,#6213);
#6212 = CARTESIAN_POINT('',(24.3,10.3,18.2));
#6213 = VECTOR('',#6214,1.);
#6214 = DIRECTION('',(1.,0.,0.));
#6215 = ORIENTED_EDGE('',*,*,#6216,.T.);
#6216 = EDGE_CURVE('',#6209,#6217,#6219,.T.);
#6217 = VERTEX_POINT('',#6218);
#6218 = CARTESIAN_POINT('',(26.5,16.5,18.2));
#6219 = LINE('',#6220,#6221);
#6220 = CARTESIAN_POINT('',(26.5,7.5,18.2));
#6221 = VECTOR('',#6222,1.);
#6222 = DIRECTION('',(0.,1.,0.));
#6223 = ORIENTED_EDGE('',*,*,#6224,.T.);
#6224 = EDGE_CURVE('',#6217,#6120,#6225,.T.);
#6225 = LINE('',#6226,#6227);
#6226 = CARTESIAN_POINT('',(17.64,16.5,18.2));
#6227 = VECTOR('',#6228,1.);
#6228 = DIRECTION('',(-1.,0.,0.));
#6229 = ORIENTED_EDGE('',*,*,#6134,.T.);
#6230 = ORIENTED_EDGE('',*,*,#6103,.T.);
#6231 = ORIENTED_EDGE('',*,*,#6232,.F.);
#6232 = EDGE_CURVE('',#6233,#6096,#6235,.T.);
#6233 = VERTEX_POINT('',#6234);
#6234 = CARTESIAN_POINT('',(24.78,28.2,18.2));
#6235 = LINE('',#6236,#6237);
#6236 = CARTESIAN_POINT('',(17.24,28.2,18.2));
#6237 = VECTOR('',#6238,1.);
#6238 = DIRECTION('',(-1.,0.,0.));
#6239 = ORIENTED_EDGE('',*,*,#6240,.F.);
#6240 = EDGE_CURVE('',#6241,#6233,#6243,.T.);
#6241 = VERTEX_POINT('',#6242);
#6242 = CARTESIAN_POINT('',(26.5,28.2,18.2));
#6243 = LINE('',#6244,#6245);
#6244 = CARTESIAN_POINT('',(17.64,28.2,18.2));
#6245 = VECTOR('',#6246,1.);
#6246 = DIRECTION('',(-1.,0.,0.));
#6247 = ORIENTED_EDGE('',*,*,#6248,.T.);
#6248 = EDGE_CURVE('',#6241,#6249,#6251,.T.);
#6249 = VERTEX_POINT('',#6250);
#6250 = CARTESIAN_POINT('',(26.5,37.,18.2));
#6251 = LINE('',#6252,#6253);
#6252 = CARTESIAN_POINT('',(26.5,7.5,18.2));
#6253 = VECTOR('',#6254,1.);
#6254 = DIRECTION('',(0.,1.,0.));
#6255 = ORIENTED_EDGE('',*,*,#6256,.F.);
#6256 = EDGE_CURVE('',#6257,#6249,#6259,.T.);
#6257 = VERTEX_POINT('',#6258);
#6258 = CARTESIAN_POINT('',(24.3,37.,18.2));
#6259 = LINE('',#6260,#6261);
#6260 = CARTESIAN_POINT('',(24.3,37.,18.2));
#6261 = VECTOR('',#6262,1.);
#6262 = DIRECTION('',(1.,0.,0.));
#6263 = ORIENTED_EDGE('',*,*,#6264,.T.);
#6264 = EDGE_CURVE('',#6257,#6265,#6267,.T.);
#6265 = VERTEX_POINT('',#6266);
#6266 = CARTESIAN_POINT('',(24.3,38.2,18.2));
#6267 = LINE('',#6268,#6269);
#6268 = CARTESIAN_POINT('',(24.3,37.,18.2));
#6269 = VECTOR('',#6270,1.);
#6270 = DIRECTION('',(0.,1.,0.));
#6271 = ORIENTED_EDGE('',*,*,#6272,.T.);
#6272 = EDGE_CURVE('',#6265,#6273,#6275,.T.);
#6273 = VERTEX_POINT('',#6274);
#6274 = CARTESIAN_POINT('',(26.5,38.2,18.2));
#6275 = LINE('',#6276,#6277);
#6276 = CARTESIAN_POINT('',(24.3,38.2,18.2));
#6277 = VECTOR('',#6278,1.);
#6278 = DIRECTION('',(1.,0.,0.));
#6279 = ORIENTED_EDGE('',*,*,#6280,.T.);
#6280 = EDGE_CURVE('',#6273,#6281,#6283,.T.);
#6281 = VERTEX_POINT('',#6282);
#6282 = CARTESIAN_POINT('',(26.5,38.5,18.2));
#6283 = LINE('',#6284,#6285);
#6284 = CARTESIAN_POINT('',(26.5,7.5,18.2));
#6285 = VECTOR('',#6286,1.);
#6286 = DIRECTION('',(0.,1.,0.));
#6287 = ORIENTED_EDGE('',*,*,#6288,.T.);
#6288 = EDGE_CURVE('',#6281,#6289,#6291,.T.);
#6289 = VERTEX_POINT('',#6290);
#6290 = CARTESIAN_POINT('',(23.5,41.5,18.2));
#6291 = CIRCLE('',#6292,3.);
#6292 = AXIS2_PLACEMENT_3D('',#6293,#6294,#6295);
#6293 = CARTESIAN_POINT('',(23.5,38.5,18.2));
#6294 = DIRECTION('',(0.,0.,1.));
#6295 = DIRECTION('',(1.,0.,0.));
#6296 = ORIENTED_EDGE('',*,*,#6297,.F.);
#6297 = EDGE_CURVE('',#6298,#6289,#6300,.T.);
#6298 = VERTEX_POINT('',#6299);
#6299 = CARTESIAN_POINT('',(-2.5,41.5,18.2));
#6300 = LINE('',#6301,#6302);
#6301 = CARTESIAN_POINT('',(-2.5,41.5,18.2));
#6302 = VECTOR('',#6303,1.);
#6303 = DIRECTION('',(1.,0.,0.));
#6304 = ORIENTED_EDGE('',*,*,#6305,.T.);
#6305 = EDGE_CURVE('',#6298,#6306,#6308,.T.);
#6306 = VERTEX_POINT('',#6307);
#6307 = CARTESIAN_POINT('',(-5.5,38.5,18.2));
#6308 = CIRCLE('',#6309,3.);
#6309 = AXIS2_PLACEMENT_3D('',#6310,#6311,#6312);
#6310 = CARTESIAN_POINT('',(-2.5,38.5,18.2));
#6311 = DIRECTION('',(0.,0.,1.));
#6312 = DIRECTION('',(1.,0.,0.));
#6313 = ORIENTED_EDGE('',*,*,#6314,.F.);
#6314 = EDGE_CURVE('',#6315,#6306,#6317,.T.);
#6315 = VERTEX_POINT('',#6316);
#6316 = CARTESIAN_POINT('',(-5.5,38.2,18.2));
#6317 = LINE('',#6318,#6319);
#6318 = CARTESIAN_POINT('',(-5.5,7.5,18.2));
#6319 = VECTOR('',#6320,1.);
#6320 = DIRECTION('',(0.,1.,0.));
#6321 = ORIENTED_EDGE('',*,*,#6322,.T.);
#6322 = EDGE_CURVE('',#6315,#6323,#6325,.T.);
#6323 = VERTEX_POINT('',#6324);
#6324 = CARTESIAN_POINT('',(0.7,38.2,18.2));
#6325 = LINE('',#6326,#6327);
#6326 = CARTESIAN_POINT('',(-5.6,38.2,18.2));
#6327 = VECTOR('',#6328,1.);
#6328 = DIRECTION('',(1.,0.,0.));
#6329 = ORIENTED_EDGE('',*,*,#6330,.F.);
#6330 = EDGE_CURVE('',#6331,#6323,#6333,.T.);
#6331 = VERTEX_POINT('',#6332);
#6332 = CARTESIAN_POINT('',(0.7,37.,18.2));
#6333 = LINE('',#6334,#6335);
#6334 = CARTESIAN_POINT('',(0.7,37.,18.2));
#6335 = VECTOR('',#6336,1.);
#6336 = DIRECTION('',(0.,1.,0.));
#6337 = ORIENTED_EDGE('',*,*,#6338,.F.);
#6338 = EDGE_CURVE('',#6339,#6331,#6341,.T.);
#6339 = VERTEX_POINT('',#6340);
#6340 = CARTESIAN_POINT('',(-5.5,37.,18.2));
#6341 = LINE('',#6342,#6343);
#6342 = CARTESIAN_POINT('',(-5.6,37.,18.2));
#6343 = VECTOR('',#6344,1.);
#6344 = DIRECTION('',(1.,0.,0.));
#6345 = ORIENTED_EDGE('',*,*,#6346,.F.);
#6346 = EDGE_CURVE('',#6347,#6339,#6349,.T.);
#6347 = VERTEX_POINT('',#6348);
#6348 = CARTESIAN_POINT('',(-5.5,10.3,18.2));
#6349 = LINE('',#6350,#6351);
#6350 = CARTESIAN_POINT('',(-5.5,7.5,18.2));
#6351 = VECTOR('',#6352,1.);
#6352 = DIRECTION('',(0.,1.,0.));
#6353 = ORIENTED_EDGE('',*,*,#6354,.T.);
#6354 = EDGE_CURVE('',#6347,#6355,#6357,.T.);
#6355 = VERTEX_POINT('',#6356);
#6356 = CARTESIAN_POINT('',(0.7,10.3,18.2));
#6357 = LINE('',#6358,#6359);
#6358 = CARTESIAN_POINT('',(-5.6,10.3,18.2));
#6359 = VECTOR('',#6360,1.);
#6360 = DIRECTION('',(1.,0.,0.));
#6361 = ORIENTED_EDGE('',*,*,#6362,.F.);
#6362 = EDGE_CURVE('',#6363,#6355,#6365,.T.);
#6363 = VERTEX_POINT('',#6364);
#6364 = CARTESIAN_POINT('',(0.7,9.1,18.2));
#6365 = LINE('',#6366,#6367);
#6366 = CARTESIAN_POINT('',(0.7,9.1,18.2));
#6367 = VECTOR('',#6368,1.);
#6368 = DIRECTION('',(0.,1.,0.));
#6369 = ORIENTED_EDGE('',*,*,#6370,.F.);
#6370 = EDGE_CURVE('',#6151,#6363,#6371,.T.);
#6371 = LINE('',#6372,#6373);
#6372 = CARTESIAN_POINT('',(-5.6,9.1,18.2));
#6373 = VECTOR('',#6374,1.);
#6374 = DIRECTION('',(1.,0.,0.));
#6375 = FACE_BOUND('',#6376,.F.);
#6376 = EDGE_LOOP('',(#6377));
#6377 = ORIENTED_EDGE('',*,*,#6378,.T.);
#6378 = EDGE_CURVE('',#6379,#6379,#6381,.T.);
#6379 = VERTEX_POINT('',#6380);
#6380 = CARTESIAN_POINT('',(18.75,11.9,18.2));
#6381 = CIRCLE('',#6382,1.9);
#6382 = AXIS2_PLACEMENT_3D('',#6383,#6384,#6385);
#6383 = CARTESIAN_POINT('',(16.85,11.9,18.2));
#6384 = DIRECTION('',(0.,0.,-1.));
#6385 = DIRECTION('',(1.,0.,0.));
#6386 = FACE_BOUND('',#6387,.F.);
#6387 = EDGE_LOOP('',(#6388));
#6388 = ORIENTED_EDGE('',*,*,#6389,.T.);
#6389 = EDGE_CURVE('',#6390,#6390,#6392,.T.);
#6390 = VERTEX_POINT('',#6391);
#6391 = CARTESIAN_POINT('',(22.7,11.,18.2));
#6392 = CIRCLE('',#6393,1.45);
#6393 = AXIS2_PLACEMENT_3D('',#6394,#6395,#6396);
#6394 = CARTESIAN_POINT('',(21.25,11.,18.2));
#6395 = DIRECTION('',(0.,0.,-1.));
#6396 = DIRECTION('',(1.,0.,0.));
#6397 = FACE_BOUND('',#6398,.F.);
#6398 = EDGE_LOOP('',(#6399));
#6399 = ORIENTED_EDGE('',*,*,#6400,.T.);
#6400 = EDGE_CURVE('',#6401,#6401,#6403,.T.);
#6401 = VERTEX_POINT('',#6402);
#6402 = CARTESIAN_POINT('',(22.7,14.75,18.2));
#6403 = CIRCLE('',#6404,1.45);
#6404 = AXIS2_PLACEMENT_3D('',#6405,#6406,#6407);
#6405 = CARTESIAN_POINT('',(21.25,14.75,18.2));
#6406 = DIRECTION('',(0.,0.,-1.));
#6407 = DIRECTION('',(1.,0.,0.));
#6408 = PLANE('',#6409);
#6409 = AXIS2_PLACEMENT_3D('',#6410,#6411,#6412);
#6410 = CARTESIAN_POINT('',(10.5,23.,18.2));
#6411 = DIRECTION('',(0.,0.,1.));
#6412 = DIRECTION('',(1.,0.,0.));
#6413 = ADVANCED_FACE('',(#6414),#6432,.T.);
#6414 = FACE_BOUND('',#6415,.T.);
#6415 = EDGE_LOOP('',(#6416,#6424,#6430,#6431));
#6416 = ORIENTED_EDGE('',*,*,#6417,.F.);
#6417 = EDGE_CURVE('',#6418,#6233,#6420,.T.);
#6418 = VERTEX_POINT('',#6419);
#6419 = CARTESIAN_POINT('',(24.78,28.2,13.85));
#6420 = LINE('',#6421,#6422);
#6421 = CARTESIAN_POINT('',(24.78,28.2,13.85));
#6422 = VECTOR('',#6423,1.);
#6423 = DIRECTION('',(0.,0.,1.));
#6424 = ORIENTED_EDGE('',*,*,#6425,.F.);
#6425 = EDGE_CURVE('',#6088,#6418,#6426,.T.);
#6426 = LINE('',#6427,#6428);
#6427 = CARTESIAN_POINT('',(23.98,28.2,13.85));
#6428 = VECTOR('',#6429,1.);
#6429 = DIRECTION('',(1.,0.,0.));
#6430 = ORIENTED_EDGE('',*,*,#6095,.T.);
#6431 = ORIENTED_EDGE('',*,*,#6232,.F.);
#6432 = PLANE('',#6433);
#6433 = AXIS2_PLACEMENT_3D('',#6434,#6435,#6436);
#6434 = CARTESIAN_POINT('',(23.98,28.2,13.85));
#6435 = DIRECTION('',(0.,1.,0.));
#6436 = DIRECTION('',(0.,0.,1.));
#6437 = ADVANCED_FACE('',(#6438),#6456,.F.);
#6438 = FACE_BOUND('',#6439,.F.);
#6439 = EDGE_LOOP('',(#6440,#6441,#6449,#6455));
#6440 = ORIENTED_EDGE('',*,*,#6087,.F.);
#6441 = ORIENTED_EDGE('',*,*,#6442,.F.);
#6442 = EDGE_CURVE('',#6443,#6080,#6445,.T.);
#6443 = VERTEX_POINT('',#6444);
#6444 = CARTESIAN_POINT('',(24.78,27.2,13.85));
#6445 = LINE('',#6446,#6447);
#6446 = CARTESIAN_POINT('',(23.64,27.2,13.85));
#6447 = VECTOR('',#6448,1.);
#6448 = DIRECTION('',(-1.,0.,0.));
#6449 = ORIENTED_EDGE('',*,*,#6450,.T.);
#6450 = EDGE_CURVE('',#6443,#6418,#6451,.T.);
#6451 = LINE('',#6452,#6453);
#6452 = CARTESIAN_POINT('',(24.78,16.5,13.85));
#6453 = VECTOR('',#6454,1.);
#6454 = DIRECTION('',(0.,1.,0.));
#6455 = ORIENTED_EDGE('',*,*,#6425,.F.);
#6456 = PLANE('',#6457);
#6457 = AXIS2_PLACEMENT_3D('',#6458,#6459,#6460);
#6458 = CARTESIAN_POINT('',(23.98,16.5,13.85));
#6459 = DIRECTION('',(0.,0.,1.));
#6460 = DIRECTION('',(1.,0.,0.));
#6461 = ADVANCED_FACE('',(#6462),#6480,.F.);
#6462 = FACE_BOUND('',#6463,.F.);
#6463 = EDGE_LOOP('',(#6464,#6465,#6473,#6479));
#6464 = ORIENTED_EDGE('',*,*,#6079,.T.);
#6465 = ORIENTED_EDGE('',*,*,#6466,.T.);
#6466 = EDGE_CURVE('',#6072,#6467,#6469,.T.);
#6467 = VERTEX_POINT('',#6468);
#6468 = CARTESIAN_POINT('',(24.78,27.2,17.4));
#6469 = LINE('',#6470,#6471);
#6470 = CARTESIAN_POINT('',(23.3,27.2,17.4));
#6471 = VECTOR('',#6472,1.);
#6472 = DIRECTION('',(1.,0.,0.));
#6473 = ORIENTED_EDGE('',*,*,#6474,.F.);
#6474 = EDGE_CURVE('',#6443,#6467,#6475,.T.);
#6475 = LINE('',#6476,#6477);
#6476 = CARTESIAN_POINT('',(24.78,27.2,14.7625));
#6477 = VECTOR('',#6478,1.);
#6478 = DIRECTION('',(0.,0.,1.));
#6479 = ORIENTED_EDGE('',*,*,#6442,.T.);
#6480 = PLANE('',#6481);
#6481 = AXIS2_PLACEMENT_3D('',#6482,#6483,#6484);
#6482 = CARTESIAN_POINT('',(23.3,27.2,13.1));
#6483 = DIRECTION('',(0.,1.,0.));
#6484 = DIRECTION('',(0.,0.,1.));
#6485 = ADVANCED_FACE('',(#6486),#6504,.F.);
#6486 = FACE_BOUND('',#6487,.F.);
#6487 = EDGE_LOOP('',(#6488,#6489,#6490,#6498));
#6488 = ORIENTED_EDGE('',*,*,#6466,.F.);
#6489 = ORIENTED_EDGE('',*,*,#6071,.T.);
#6490 = ORIENTED_EDGE('',*,*,#6491,.T.);
#6491 = EDGE_CURVE('',#6064,#6492,#6494,.T.);
#6492 = VERTEX_POINT('',#6493);
#6493 = CARTESIAN_POINT('',(24.78,17.2,17.4));
#6494 = LINE('',#6495,#6496);
#6495 = CARTESIAN_POINT('',(23.3,17.2,17.4));
#6496 = VECTOR('',#6497,1.);
#6497 = DIRECTION('',(1.,0.,0.));
#6498 = ORIENTED_EDGE('',*,*,#6499,.F.);
#6499 = EDGE_CURVE('',#6467,#6492,#6500,.T.);
#6500 = LINE('',#6501,#6502);
#6501 = CARTESIAN_POINT('',(24.78,19.775,17.4));
#6502 = VECTOR('',#6503,1.);
#6503 = DIRECTION('',(0.,-1.,0.));
#6504 = PLANE('',#6505);
#6505 = AXIS2_PLACEMENT_3D('',#6506,#6507,#6508);
#6506 = CARTESIAN_POINT('',(23.3,17.2,17.4));
#6507 = DIRECTION('',(0.,0.,1.));
#6508 = DIRECTION('',(1.,0.,0.));
#6509 = ADVANCED_FACE('',(#6510),#6528,.T.);
#6510 = FACE_BOUND('',#6511,.T.);
#6511 = EDGE_LOOP('',(#6512,#6513,#6514,#6522));
#6512 = ORIENTED_EDGE('',*,*,#6063,.T.);
#6513 = ORIENTED_EDGE('',*,*,#6491,.T.);
#6514 = ORIENTED_EDGE('',*,*,#6515,.F.);
#6515 = EDGE_CURVE('',#6516,#6492,#6518,.T.);
#6516 = VERTEX_POINT('',#6517);
#6517 = CARTESIAN_POINT('',(24.78,17.2,13.85));
#6518 = LINE('',#6519,#6520);
#6519 = CARTESIAN_POINT('',(24.78,17.2,14.7625));
#6520 = VECTOR('',#6521,1.);
#6521 = DIRECTION('',(0.,0.,1.));
#6522 = ORIENTED_EDGE('',*,*,#6523,.T.);
#6523 = EDGE_CURVE('',#6516,#6056,#6524,.T.);
#6524 = LINE('',#6525,#6526);
#6525 = CARTESIAN_POINT('',(23.64,17.2,13.85));
#6526 = VECTOR('',#6527,1.);
#6527 = DIRECTION('',(-1.,0.,0.));
#6528 = PLANE('',#6529);
#6529 = AXIS2_PLACEMENT_3D('',#6530,#6531,#6532);
#6530 = CARTESIAN_POINT('',(23.3,17.2,13.1));
#6531 = DIRECTION('',(0.,1.,0.));
#6532 = DIRECTION('',(0.,0.,1.));
#6533 = ADVANCED_FACE('',(#6534),#6545,.F.);
#6534 = FACE_BOUND('',#6535,.F.);
#6535 = EDGE_LOOP('',(#6536,#6537,#6538,#6544));
#6536 = ORIENTED_EDGE('',*,*,#6055,.F.);
#6537 = ORIENTED_EDGE('',*,*,#6127,.T.);
#6538 = ORIENTED_EDGE('',*,*,#6539,.T.);
#6539 = EDGE_CURVE('',#6118,#6516,#6540,.T.);
#6540 = LINE('',#6541,#6542);
#6541 = CARTESIAN_POINT('',(24.78,16.5,13.85));
#6542 = VECTOR('',#6543,1.);
#6543 = DIRECTION('',(0.,1.,0.));
#6544 = ORIENTED_EDGE('',*,*,#6523,.T.);
#6545 = PLANE('',#6546);
#6546 = AXIS2_PLACEMENT_3D('',#6547,#6548,#6549);
#6547 = CARTESIAN_POINT('',(23.98,16.5,13.85));
#6548 = DIRECTION('',(0.,0.,1.));
#6549 = DIRECTION('',(1.,0.,0.));
#6550 = ADVANCED_FACE('',(#6551),#6582,.T.);
#6551 = FACE_BOUND('',#6552,.T.);
#6552 = EDGE_LOOP('',(#6553,#6554,#6555,#6556,#6557,#6558,#6559,#6560,
    #6568,#6576));
#6553 = ORIENTED_EDGE('',*,*,#6117,.F.);
#6554 = ORIENTED_EDGE('',*,*,#6539,.T.);
#6555 = ORIENTED_EDGE('',*,*,#6515,.T.);
#6556 = ORIENTED_EDGE('',*,*,#6499,.F.);
#6557 = ORIENTED_EDGE('',*,*,#6474,.F.);
#6558 = ORIENTED_EDGE('',*,*,#6450,.T.);
#6559 = ORIENTED_EDGE('',*,*,#6417,.T.);
#6560 = ORIENTED_EDGE('',*,*,#6561,.T.);
#6561 = EDGE_CURVE('',#6233,#6562,#6564,.T.);
#6562 = VERTEX_POINT('',#6563);
#6563 = CARTESIAN_POINT('',(24.78,28.2,19.));
#6564 = LINE('',#6565,#6566);
#6565 = CARTESIAN_POINT('',(24.78,28.2,13.1));
#6566 = VECTOR('',#6567,1.);
#6567 = DIRECTION('',(0.,0.,1.));
#6568 = ORIENTED_EDGE('',*,*,#6569,.F.);
#6569 = EDGE_CURVE('',#6570,#6562,#6572,.T.);
#6570 = VERTEX_POINT('',#6571);
#6571 = CARTESIAN_POINT('',(24.78,16.5,19.));
#6572 = LINE('',#6573,#6574);
#6573 = CARTESIAN_POINT('',(24.78,19.75,19.));
#6574 = VECTOR('',#6575,1.);
#6575 = DIRECTION('',(0.,1.,0.));
#6576 = ORIENTED_EDGE('',*,*,#6577,.F.);
#6577 = EDGE_CURVE('',#6120,#6570,#6578,.T.);
#6578 = LINE('',#6579,#6580);
#6579 = CARTESIAN_POINT('',(24.78,16.5,13.1));
#6580 = VECTOR('',#6581,1.);
#6581 = DIRECTION('',(0.,0.,1.));
#6582 = PLANE('',#6583);
#6583 = AXIS2_PLACEMENT_3D('',#6584,#6585,#6586);
#6584 = CARTESIAN_POINT('',(24.78,22.35,16.425));
#6585 = DIRECTION('',(1.,0.,0.));
#6586 = DIRECTION('',(0.,0.,1.));
#6587 = ADVANCED_FACE('',(#6588),#6659,.T.);
#6588 = FACE_BOUND('',#6589,.T.);
#6589 = EDGE_LOOP('',(#6590,#6600,#6606,#6607,#6615,#6623,#6629,#6630,
    #6638,#6646,#6652,#6653));
#6590 = ORIENTED_EDGE('',*,*,#6591,.F.);
#6591 = EDGE_CURVE('',#6592,#6594,#6596,.T.);
#6592 = VERTEX_POINT('',#6593);
#6593 = CARTESIAN_POINT('',(-5.5,38.5,12.72));
#6594 = VERTEX_POINT('',#6595);
#6595 = CARTESIAN_POINT('',(-5.5,7.5,12.72));
#6596 = LINE('',#6597,#6598);
#6597 = CARTESIAN_POINT('',(-5.5,15.25,12.72));
#6598 = VECTOR('',#6599,1.);
#6599 = DIRECTION('',(0.,-1.,0.));
#6600 = ORIENTED_EDGE('',*,*,#6601,.T.);
#6601 = EDGE_CURVE('',#6592,#6306,#6602,.T.);
#6602 = LINE('',#6603,#6604);
#6603 = CARTESIAN_POINT('',(-5.5,38.5,10.4));
#6604 = VECTOR('',#6605,1.);
#6605 = DIRECTION('',(0.,0.,1.));
#6606 = ORIENTED_EDGE('',*,*,#6314,.F.);
#6607 = ORIENTED_EDGE('',*,*,#6608,.F.);
#6608 = EDGE_CURVE('',#6609,#6315,#6611,.T.);
#6609 = VERTEX_POINT('',#6610);
#6610 = CARTESIAN_POINT('',(-5.5,38.2,13.85));
#6611 = LINE('',#6612,#6613);
#6612 = CARTESIAN_POINT('',(-5.5,38.2,12.125));
#6613 = VECTOR('',#6614,1.);
#6614 = DIRECTION('',(0.,0.,1.));
#6615 = ORIENTED_EDGE('',*,*,#6616,.T.);
#6616 = EDGE_CURVE('',#6609,#6617,#6619,.T.);
#6617 = VERTEX_POINT('',#6618);
#6618 = CARTESIAN_POINT('',(-5.5,37.,13.85));
#6619 = LINE('',#6620,#6621);
#6620 = CARTESIAN_POINT('',(-5.5,22.25,13.85));
#6621 = VECTOR('',#6622,1.);
#6622 = DIRECTION('',(0.,-1.,0.));
#6623 = ORIENTED_EDGE('',*,*,#6624,.T.);
#6624 = EDGE_CURVE('',#6617,#6339,#6625,.T.);
#6625 = LINE('',#6626,#6627);
#6626 = CARTESIAN_POINT('',(-5.5,37.,12.125));
#6627 = VECTOR('',#6628,1.);
#6628 = DIRECTION('',(0.,0.,1.));
#6629 = ORIENTED_EDGE('',*,*,#6346,.F.);
#6630 = ORIENTED_EDGE('',*,*,#6631,.F.);
#6631 = EDGE_CURVE('',#6632,#6347,#6634,.T.);
#6632 = VERTEX_POINT('',#6633);
#6633 = CARTESIAN_POINT('',(-5.5,10.3,13.85));
#6634 = LINE('',#6635,#6636);
#6635 = CARTESIAN_POINT('',(-5.5,10.3,12.125));
#6636 = VECTOR('',#6637,1.);
#6637 = DIRECTION('',(0.,0.,1.));
#6638 = ORIENTED_EDGE('',*,*,#6639,.T.);
#6639 = EDGE_CURVE('',#6632,#6640,#6642,.T.);
#6640 = VERTEX_POINT('',#6641);
#6641 = CARTESIAN_POINT('',(-5.5,9.1,13.85));
#6642 = LINE('',#6643,#6644);
#6643 = CARTESIAN_POINT('',(-5.5,8.3,13.85));
#6644 = VECTOR('',#6645,1.);
#6645 = DIRECTION('',(0.,-1.,0.));
#6646 = ORIENTED_EDGE('',*,*,#6647,.T.);
#6647 = EDGE_CURVE('',#6640,#6151,#6648,.T.);
#6648 = LINE('',#6649,#6650);
#6649 = CARTESIAN_POINT('',(-5.5,9.1,12.125));
#6650 = VECTOR('',#6651,1.);
#6651 = DIRECTION('',(0.,0.,1.));
#6652 = ORIENTED_EDGE('',*,*,#6148,.F.);
#6653 = ORIENTED_EDGE('',*,*,#6654,.F.);
#6654 = EDGE_CURVE('',#6594,#6149,#6655,.T.);
#6655 = LINE('',#6656,#6657);
#6656 = CARTESIAN_POINT('',(-5.5,7.5,10.4));
#6657 = VECTOR('',#6658,1.);
#6658 = DIRECTION('',(0.,0.,1.));
#6659 = PLANE('',#6660);
#6660 = AXIS2_PLACEMENT_3D('',#6661,#6662,#6663);
#6661 = CARTESIAN_POINT('',(-5.5,7.5,10.4));
#6662 = DIRECTION('',(1.,0.,0.));
#6663 = DIRECTION('',(0.,0.,1.));
#6664 = ADVANCED_FACE('',(#6665),#6684,.F.);
#6665 = FACE_BOUND('',#6666,.T.);
#6666 = EDGE_LOOP('',(#6667,#6676,#6677,#6678));
#6667 = ORIENTED_EDGE('',*,*,#6668,.T.);
#6668 = EDGE_CURVE('',#6669,#6594,#6671,.T.);
#6669 = VERTEX_POINT('',#6670);
#6670 = CARTESIAN_POINT('',(-2.5,4.5,12.72));
#6671 = CIRCLE('',#6672,3.);
#6672 = AXIS2_PLACEMENT_3D('',#6673,#6674,#6675);
#6673 = CARTESIAN_POINT('',(-2.5,7.5,12.72));
#6674 = DIRECTION('',(0.,0.,-1.));
#6675 = DIRECTION('',(1.,0.,0.));
#6676 = ORIENTED_EDGE('',*,*,#6654,.T.);
#6677 = ORIENTED_EDGE('',*,*,#6158,.T.);
#6678 = ORIENTED_EDGE('',*,*,#6679,.F.);
#6679 = EDGE_CURVE('',#6669,#6159,#6680,.T.);
#6680 = LINE('',#6681,#6682);
#6681 = CARTESIAN_POINT('',(-2.5,4.5,10.4));
#6682 = VECTOR('',#6683,1.);
#6683 = DIRECTION('',(0.,0.,1.));
#6684 = CYLINDRICAL_SURFACE('',#6685,3.);
#6685 = AXIS2_PLACEMENT_3D('',#6686,#6687,#6688);
#6686 = CARTESIAN_POINT('',(-2.5,7.5,10.4));
#6687 = DIRECTION('',(-0.,-0.,-1.));
#6688 = DIRECTION('',(1.,0.,0.));
#6689 = ADVANCED_FACE('',(#6690),#6708,.F.);
#6690 = FACE_BOUND('',#6691,.F.);
#6691 = EDGE_LOOP('',(#6692,#6700,#6701,#6702));
#6692 = ORIENTED_EDGE('',*,*,#6693,.F.);
#6693 = EDGE_CURVE('',#6640,#6694,#6696,.T.);
#6694 = VERTEX_POINT('',#6695);
#6695 = CARTESIAN_POINT('',(0.7,9.1,13.85));
#6696 = LINE('',#6697,#6698);
#6697 = CARTESIAN_POINT('',(-5.6,9.1,13.85));
#6698 = VECTOR('',#6699,1.);
#6699 = DIRECTION('',(1.,0.,0.));
#6700 = ORIENTED_EDGE('',*,*,#6647,.T.);
#6701 = ORIENTED_EDGE('',*,*,#6370,.T.);
#6702 = ORIENTED_EDGE('',*,*,#6703,.F.);
#6703 = EDGE_CURVE('',#6694,#6363,#6704,.T.);
#6704 = LINE('',#6705,#6706);
#6705 = CARTESIAN_POINT('',(0.7,9.1,13.85));
#6706 = VECTOR('',#6707,1.);
#6707 = DIRECTION('',(0.,0.,1.));
#6708 = PLANE('',#6709);
#6709 = AXIS2_PLACEMENT_3D('',#6710,#6711,#6712);
#6710 = CARTESIAN_POINT('',(-5.6,9.1,13.85));
#6711 = DIRECTION('',(0.,1.,0.));
#6712 = DIRECTION('',(0.,0.,1.));
#6713 = ADVANCED_FACE('',(#6714),#6732,.T.);
#6714 = FACE_BOUND('',#6715,.T.);
#6715 = EDGE_LOOP('',(#6716,#6724,#6725,#6726));
#6716 = ORIENTED_EDGE('',*,*,#6717,.F.);
#6717 = EDGE_CURVE('',#6669,#6718,#6720,.T.);
#6718 = VERTEX_POINT('',#6719);
#6719 = CARTESIAN_POINT('',(23.5,4.5,12.72));
#6720 = LINE('',#6721,#6722);
#6721 = CARTESIAN_POINT('',(4.,4.5,12.72));
#6722 = VECTOR('',#6723,1.);
#6723 = DIRECTION('',(1.,0.,0.));
#6724 = ORIENTED_EDGE('',*,*,#6679,.T.);
#6725 = ORIENTED_EDGE('',*,*,#6167,.T.);
#6726 = ORIENTED_EDGE('',*,*,#6727,.F.);
#6727 = EDGE_CURVE('',#6718,#6168,#6728,.T.);
#6728 = LINE('',#6729,#6730);
#6729 = CARTESIAN_POINT('',(23.5,4.5,10.4));
#6730 = VECTOR('',#6731,1.);
#6731 = DIRECTION('',(0.,0.,1.));
#6732 = PLANE('',#6733);
#6733 = AXIS2_PLACEMENT_3D('',#6734,#6735,#6736);
#6734 = CARTESIAN_POINT('',(-2.5,4.5,10.4));
#6735 = DIRECTION('',(0.,1.,0.));
#6736 = DIRECTION('',(0.,0.,1.));
#6737 = ADVANCED_FACE('',(#6738),#6756,.T.);
#6738 = FACE_BOUND('',#6739,.T.);
#6739 = EDGE_LOOP('',(#6740,#6741,#6749,#6755));
#6740 = ORIENTED_EDGE('',*,*,#6703,.F.);
#6741 = ORIENTED_EDGE('',*,*,#6742,.T.);
#6742 = EDGE_CURVE('',#6694,#6743,#6745,.T.);
#6743 = VERTEX_POINT('',#6744);
#6744 = CARTESIAN_POINT('',(0.7,10.3,13.85));
#6745 = LINE('',#6746,#6747);
#6746 = CARTESIAN_POINT('',(0.7,9.1,13.85));
#6747 = VECTOR('',#6748,1.);
#6748 = DIRECTION('',(0.,1.,0.));
#6749 = ORIENTED_EDGE('',*,*,#6750,.T.);
#6750 = EDGE_CURVE('',#6743,#6355,#6751,.T.);
#6751 = LINE('',#6752,#6753);
#6752 = CARTESIAN_POINT('',(0.7,10.3,13.85));
#6753 = VECTOR('',#6754,1.);
#6754 = DIRECTION('',(0.,0.,1.));
#6755 = ORIENTED_EDGE('',*,*,#6362,.F.);
#6756 = PLANE('',#6757);
#6757 = AXIS2_PLACEMENT_3D('',#6758,#6759,#6760);
#6758 = CARTESIAN_POINT('',(0.7,9.1,13.85));
#6759 = DIRECTION('',(1.,0.,0.));
#6760 = DIRECTION('',(0.,0.,1.));
#6761 = ADVANCED_FACE('',(#6762),#6781,.F.);
#6762 = FACE_BOUND('',#6763,.T.);
#6763 = EDGE_LOOP('',(#6764,#6765,#6766,#6774));
#6764 = ORIENTED_EDGE('',*,*,#6727,.T.);
#6765 = ORIENTED_EDGE('',*,*,#6175,.T.);
#6766 = ORIENTED_EDGE('',*,*,#6767,.F.);
#6767 = EDGE_CURVE('',#6768,#6176,#6770,.T.);
#6768 = VERTEX_POINT('',#6769);
#6769 = CARTESIAN_POINT('',(26.5,7.5,12.72));
#6770 = LINE('',#6771,#6772);
#6771 = CARTESIAN_POINT('',(26.5,7.5,10.4));
#6772 = VECTOR('',#6773,1.);
#6773 = DIRECTION('',(0.,0.,1.));
#6774 = ORIENTED_EDGE('',*,*,#6775,.T.);
#6775 = EDGE_CURVE('',#6768,#6718,#6776,.T.);
#6776 = CIRCLE('',#6777,3.);
#6777 = AXIS2_PLACEMENT_3D('',#6778,#6779,#6780);
#6778 = CARTESIAN_POINT('',(23.5,7.5,12.72));
#6779 = DIRECTION('',(0.,0.,-1.));
#6780 = DIRECTION('',(1.,0.,0.));
#6781 = CYLINDRICAL_SURFACE('',#6782,3.);
#6782 = AXIS2_PLACEMENT_3D('',#6783,#6784,#6785);
#6783 = CARTESIAN_POINT('',(23.5,7.5,10.4));
#6784 = DIRECTION('',(-0.,-0.,-1.));
#6785 = DIRECTION('',(1.,0.,0.));
#6786 = ADVANCED_FACE('',(#6787),#6798,.T.);
#6787 = FACE_BOUND('',#6788,.T.);
#6788 = EDGE_LOOP('',(#6789,#6795,#6796,#6797));
#6789 = ORIENTED_EDGE('',*,*,#6790,.F.);
#6790 = EDGE_CURVE('',#6632,#6743,#6791,.T.);
#6791 = LINE('',#6792,#6793);
#6792 = CARTESIAN_POINT('',(-5.6,10.3,13.85));
#6793 = VECTOR('',#6794,1.);
#6794 = DIRECTION('',(1.,0.,0.));
#6795 = ORIENTED_EDGE('',*,*,#6631,.T.);
#6796 = ORIENTED_EDGE('',*,*,#6354,.T.);
#6797 = ORIENTED_EDGE('',*,*,#6750,.F.);
#6798 = PLANE('',#6799);
#6799 = AXIS2_PLACEMENT_3D('',#6800,#6801,#6802);
#6800 = CARTESIAN_POINT('',(-5.6,10.3,13.85));
#6801 = DIRECTION('',(0.,1.,0.));
#6802 = DIRECTION('',(0.,0.,1.));
#6803 = ADVANCED_FACE('',(#6804),#6891,.F.);
#6804 = FACE_BOUND('',#6805,.F.);
#6805 = EDGE_LOOP('',(#6806,#6807,#6815,#6821,#6822,#6830,#6838,#6844,
    #6845,#6853,#6861,#6867,#6868,#6876,#6884,#6890));
#6806 = ORIENTED_EDGE('',*,*,#6767,.F.);
#6807 = ORIENTED_EDGE('',*,*,#6808,.F.);
#6808 = EDGE_CURVE('',#6809,#6768,#6811,.T.);
#6809 = VERTEX_POINT('',#6810);
#6810 = CARTESIAN_POINT('',(26.5,38.5,12.72));
#6811 = LINE('',#6812,#6813);
#6812 = CARTESIAN_POINT('',(26.5,15.25,12.72));
#6813 = VECTOR('',#6814,1.);
#6814 = DIRECTION('',(0.,-1.,0.));
#6815 = ORIENTED_EDGE('',*,*,#6816,.T.);
#6816 = EDGE_CURVE('',#6809,#6281,#6817,.T.);
#6817 = LINE('',#6818,#6819);
#6818 = CARTESIAN_POINT('',(26.5,38.5,10.4));
#6819 = VECTOR('',#6820,1.);
#6820 = DIRECTION('',(0.,0.,1.));
#6821 = ORIENTED_EDGE('',*,*,#6280,.F.);
#6822 = ORIENTED_EDGE('',*,*,#6823,.F.);
#6823 = EDGE_CURVE('',#6824,#6273,#6826,.T.);
#6824 = VERTEX_POINT('',#6825);
#6825 = CARTESIAN_POINT('',(26.5,38.2,13.85));
#6826 = LINE('',#6827,#6828);
#6827 = CARTESIAN_POINT('',(26.5,38.2,12.125));
#6828 = VECTOR('',#6829,1.);
#6829 = DIRECTION('',(0.,0.,1.));
#6830 = ORIENTED_EDGE('',*,*,#6831,.T.);
#6831 = EDGE_CURVE('',#6824,#6832,#6834,.T.);
#6832 = VERTEX_POINT('',#6833);
#6833 = CARTESIAN_POINT('',(26.5,37.,13.85));
#6834 = LINE('',#6835,#6836);
#6835 = CARTESIAN_POINT('',(26.5,22.25,13.85));
#6836 = VECTOR('',#6837,1.);
#6837 = DIRECTION('',(0.,-1.,0.));
#6838 = ORIENTED_EDGE('',*,*,#6839,.T.);
#6839 = EDGE_CURVE('',#6832,#6249,#6840,.T.);
#6840 = LINE('',#6841,#6842);
#6841 = CARTESIAN_POINT('',(26.5,37.,12.125));
#6842 = VECTOR('',#6843,1.);
#6843 = DIRECTION('',(0.,0.,1.));
#6844 = ORIENTED_EDGE('',*,*,#6248,.F.);
#6845 = ORIENTED_EDGE('',*,*,#6846,.F.);
#6846 = EDGE_CURVE('',#6847,#6241,#6849,.T.);
#6847 = VERTEX_POINT('',#6848);
#6848 = CARTESIAN_POINT('',(26.5,28.2,13.1));
#6849 = LINE('',#6850,#6851);
#6850 = CARTESIAN_POINT('',(26.5,28.2,11.75));
#6851 = VECTOR('',#6852,1.);
#6852 = DIRECTION('',(0.,0.,1.));
#6853 = ORIENTED_EDGE('',*,*,#6854,.T.);
#6854 = EDGE_CURVE('',#6847,#6855,#6857,.T.);
#6855 = VERTEX_POINT('',#6856);
#6856 = CARTESIAN_POINT('',(26.5,16.5,13.1));
#6857 = LINE('',#6858,#6859);
#6858 = CARTESIAN_POINT('',(26.5,12.,13.1));
#6859 = VECTOR('',#6860,1.);
#6860 = DIRECTION('',(0.,-1.,0.));
#6861 = ORIENTED_EDGE('',*,*,#6862,.T.);
#6862 = EDGE_CURVE('',#6855,#6217,#6863,.T.);
#6863 = LINE('',#6864,#6865);
#6864 = CARTESIAN_POINT('',(26.5,16.5,11.75));
#6865 = VECTOR('',#6866,1.);
#6866 = DIRECTION('',(0.,0.,1.));
#6867 = ORIENTED_EDGE('',*,*,#6216,.F.);
#6868 = ORIENTED_EDGE('',*,*,#6869,.F.);
#6869 = EDGE_CURVE('',#6870,#6209,#6872,.T.);
#6870 = VERTEX_POINT('',#6871);
#6871 = CARTESIAN_POINT('',(26.5,10.3,13.85));
#6872 = LINE('',#6873,#6874);
#6873 = CARTESIAN_POINT('',(26.5,10.3,12.125));
#6874 = VECTOR('',#6875,1.);
#6875 = DIRECTION('',(0.,0.,1.));
#6876 = ORIENTED_EDGE('',*,*,#6877,.T.);
#6877 = EDGE_CURVE('',#6870,#6878,#6880,.T.);
#6878 = VERTEX_POINT('',#6879);
#6879 = CARTESIAN_POINT('',(26.5,9.1,13.85));
#6880 = LINE('',#6881,#6882);
#6881 = CARTESIAN_POINT('',(26.5,8.3,13.85));
#6882 = VECTOR('',#6883,1.);
#6883 = DIRECTION('',(0.,-1.,0.));
#6884 = ORIENTED_EDGE('',*,*,#6885,.T.);
#6885 = EDGE_CURVE('',#6878,#6185,#6886,.T.);
#6886 = LINE('',#6887,#6888);
#6887 = CARTESIAN_POINT('',(26.5,9.1,12.125));
#6888 = VECTOR('',#6889,1.);
#6889 = DIRECTION('',(0.,0.,1.));
#6890 = ORIENTED_EDGE('',*,*,#6184,.F.);
#6891 = PLANE('',#6892);
#6892 = AXIS2_PLACEMENT_3D('',#6893,#6894,#6895);
#6893 = CARTESIAN_POINT('',(26.5,7.5,10.4));
#6894 = DIRECTION('',(1.,0.,0.));
#6895 = DIRECTION('',(0.,0.,1.));
#6896 = ADVANCED_FACE('',(#6897),#6915,.F.);
#6897 = FACE_BOUND('',#6898,.F.);
#6898 = EDGE_LOOP('',(#6899,#6907,#6913,#6914));
#6899 = ORIENTED_EDGE('',*,*,#6900,.F.);
#6900 = EDGE_CURVE('',#6901,#6878,#6903,.T.);
#6901 = VERTEX_POINT('',#6902);
#6902 = CARTESIAN_POINT('',(24.3,9.1,13.85));
#6903 = LINE('',#6904,#6905);
#6904 = CARTESIAN_POINT('',(24.3,9.1,13.85));
#6905 = VECTOR('',#6906,1.);
#6906 = DIRECTION('',(1.,0.,0.));
#6907 = ORIENTED_EDGE('',*,*,#6908,.T.);
#6908 = EDGE_CURVE('',#6901,#6193,#6909,.T.);
#6909 = LINE('',#6910,#6911);
#6910 = CARTESIAN_POINT('',(24.3,9.1,13.85));
#6911 = VECTOR('',#6912,1.);
#6912 = DIRECTION('',(0.,0.,1.));
#6913 = ORIENTED_EDGE('',*,*,#6192,.T.);
#6914 = ORIENTED_EDGE('',*,*,#6885,.F.);
#6915 = PLANE('',#6916);
#6916 = AXIS2_PLACEMENT_3D('',#6917,#6918,#6919);
#6917 = CARTESIAN_POINT('',(24.3,9.1,13.85));
#6918 = DIRECTION('',(0.,1.,0.));
#6919 = DIRECTION('',(0.,0.,1.));
#6920 = ADVANCED_FACE('',(#6921),#6939,.F.);
#6921 = FACE_BOUND('',#6922,.F.);
#6922 = EDGE_LOOP('',(#6923,#6931,#6932,#6933));
#6923 = ORIENTED_EDGE('',*,*,#6924,.F.);
#6924 = EDGE_CURVE('',#6617,#6925,#6927,.T.);
#6925 = VERTEX_POINT('',#6926);
#6926 = CARTESIAN_POINT('',(0.7,37.,13.85));
#6927 = LINE('',#6928,#6929);
#6928 = CARTESIAN_POINT('',(-5.6,37.,13.85));
#6929 = VECTOR('',#6930,1.);
#6930 = DIRECTION('',(1.,0.,0.));
#6931 = ORIENTED_EDGE('',*,*,#6624,.T.);
#6932 = ORIENTED_EDGE('',*,*,#6338,.T.);
#6933 = ORIENTED_EDGE('',*,*,#6934,.F.);
#6934 = EDGE_CURVE('',#6925,#6331,#6935,.T.);
#6935 = LINE('',#6936,#6937);
#6936 = CARTESIAN_POINT('',(0.7,37.,13.85));
#6937 = VECTOR('',#6938,1.);
#6938 = DIRECTION('',(0.,0.,1.));
#6939 = PLANE('',#6940);
#6940 = AXIS2_PLACEMENT_3D('',#6941,#6942,#6943);
#6941 = CARTESIAN_POINT('',(-5.6,37.,13.85));
#6942 = DIRECTION('',(0.,1.,0.));
#6943 = DIRECTION('',(0.,0.,1.));
#6944 = ADVANCED_FACE('',(#6945),#6963,.F.);
#6945 = FACE_BOUND('',#6946,.F.);
#6946 = EDGE_LOOP('',(#6947,#6948,#6956,#6962));
#6947 = ORIENTED_EDGE('',*,*,#6908,.F.);
#6948 = ORIENTED_EDGE('',*,*,#6949,.T.);
#6949 = EDGE_CURVE('',#6901,#6950,#6952,.T.);
#6950 = VERTEX_POINT('',#6951);
#6951 = CARTESIAN_POINT('',(24.3,10.3,13.85));
#6952 = LINE('',#6953,#6954);
#6953 = CARTESIAN_POINT('',(24.3,9.1,13.85));
#6954 = VECTOR('',#6955,1.);
#6955 = DIRECTION('',(0.,1.,0.));
#6956 = ORIENTED_EDGE('',*,*,#6957,.T.);
#6957 = EDGE_CURVE('',#6950,#6201,#6958,.T.);
#6958 = LINE('',#6959,#6960);
#6959 = CARTESIAN_POINT('',(24.3,10.3,13.85));
#6960 = VECTOR('',#6961,1.);
#6961 = DIRECTION('',(0.,0.,1.));
#6962 = ORIENTED_EDGE('',*,*,#6200,.F.);
#6963 = PLANE('',#6964);
#6964 = AXIS2_PLACEMENT_3D('',#6965,#6966,#6967);
#6965 = CARTESIAN_POINT('',(24.3,9.1,13.85));
#6966 = DIRECTION('',(1.,0.,0.));
#6967 = DIRECTION('',(0.,0.,1.));
#6968 = ADVANCED_FACE('',(#6969),#6987,.T.);
#6969 = FACE_BOUND('',#6970,.T.);
#6970 = EDGE_LOOP('',(#6971,#6972,#6980,#6986));
#6971 = ORIENTED_EDGE('',*,*,#6934,.F.);
#6972 = ORIENTED_EDGE('',*,*,#6973,.T.);
#6973 = EDGE_CURVE('',#6925,#6974,#6976,.T.);
#6974 = VERTEX_POINT('',#6975);
#6975 = CARTESIAN_POINT('',(0.7,38.2,13.85));
#6976 = LINE('',#6977,#6978);
#6977 = CARTESIAN_POINT('',(0.7,37.,13.85));
#6978 = VECTOR('',#6979,1.);
#6979 = DIRECTION('',(0.,1.,0.));
#6980 = ORIENTED_EDGE('',*,*,#6981,.T.);
#6981 = EDGE_CURVE('',#6974,#6323,#6982,.T.);
#6982 = LINE('',#6983,#6984);
#6983 = CARTESIAN_POINT('',(0.7,38.2,13.85));
#6984 = VECTOR('',#6985,1.);
#6985 = DIRECTION('',(0.,0.,1.));
#6986 = ORIENTED_EDGE('',*,*,#6330,.F.);
#6987 = PLANE('',#6988);
#6988 = AXIS2_PLACEMENT_3D('',#6989,#6990,#6991);
#6989 = CARTESIAN_POINT('',(0.7,37.,13.85));
#6990 = DIRECTION('',(1.,0.,0.));
#6991 = DIRECTION('',(0.,0.,1.));
#6992 = ADVANCED_FACE('',(#6993),#7004,.T.);
#6993 = FACE_BOUND('',#6994,.T.);
#6994 = EDGE_LOOP('',(#6995,#7001,#7002,#7003));
#6995 = ORIENTED_EDGE('',*,*,#6996,.F.);
#6996 = EDGE_CURVE('',#6950,#6870,#6997,.T.);
#6997 = LINE('',#6998,#6999);
#6998 = CARTESIAN_POINT('',(24.3,10.3,13.85));
#6999 = VECTOR('',#7000,1.);
#7000 = DIRECTION('',(1.,0.,0.));
#7001 = ORIENTED_EDGE('',*,*,#6957,.T.);
#7002 = ORIENTED_EDGE('',*,*,#6208,.T.);
#7003 = ORIENTED_EDGE('',*,*,#6869,.F.);
#7004 = PLANE('',#7005);
#7005 = AXIS2_PLACEMENT_3D('',#7006,#7007,#7008);
#7006 = CARTESIAN_POINT('',(24.3,10.3,13.85));
#7007 = DIRECTION('',(0.,1.,0.));
#7008 = DIRECTION('',(0.,0.,1.));
#7009 = ADVANCED_FACE('',(#7010),#7021,.T.);
#7010 = FACE_BOUND('',#7011,.T.);
#7011 = EDGE_LOOP('',(#7012,#7018,#7019,#7020));
#7012 = ORIENTED_EDGE('',*,*,#7013,.F.);
#7013 = EDGE_CURVE('',#6609,#6974,#7014,.T.);
#7014 = LINE('',#7015,#7016);
#7015 = CARTESIAN_POINT('',(-5.6,38.2,13.85));
#7016 = VECTOR('',#7017,1.);
#7017 = DIRECTION('',(1.,0.,0.));
#7018 = ORIENTED_EDGE('',*,*,#6608,.T.);
#7019 = ORIENTED_EDGE('',*,*,#6322,.T.);
#7020 = ORIENTED_EDGE('',*,*,#6981,.F.);
#7021 = PLANE('',#7022);
#7022 = AXIS2_PLACEMENT_3D('',#7023,#7024,#7025);
#7023 = CARTESIAN_POINT('',(-5.6,38.2,13.85));
#7024 = DIRECTION('',(0.,1.,0.));
#7025 = DIRECTION('',(0.,0.,1.));
#7026 = ADVANCED_FACE('',(#7027),#7054,.T.);
#7027 = FACE_BOUND('',#7028,.T.);
#7028 = EDGE_LOOP('',(#7029,#7037,#7038,#7039,#7040,#7048));
#7029 = ORIENTED_EDGE('',*,*,#7030,.F.);
#7030 = EDGE_CURVE('',#6855,#7031,#7033,.T.);
#7031 = VERTEX_POINT('',#7032);
#7032 = CARTESIAN_POINT('',(27.3,16.5,13.1));
#7033 = LINE('',#7034,#7035);
#7034 = CARTESIAN_POINT('',(24.78,16.5,13.1));
#7035 = VECTOR('',#7036,1.);
#7036 = DIRECTION('',(1.,0.,0.));
#7037 = ORIENTED_EDGE('',*,*,#6862,.T.);
#7038 = ORIENTED_EDGE('',*,*,#6224,.T.);
#7039 = ORIENTED_EDGE('',*,*,#6577,.T.);
#7040 = ORIENTED_EDGE('',*,*,#7041,.F.);
#7041 = EDGE_CURVE('',#7042,#6570,#7044,.T.);
#7042 = VERTEX_POINT('',#7043);
#7043 = CARTESIAN_POINT('',(27.3,16.5,19.));
#7044 = LINE('',#7045,#7046);
#7045 = CARTESIAN_POINT('',(17.64,16.5,19.));
#7046 = VECTOR('',#7047,1.);
#7047 = DIRECTION('',(-1.,0.,0.));
#7048 = ORIENTED_EDGE('',*,*,#7049,.F.);
#7049 = EDGE_CURVE('',#7031,#7042,#7050,.T.);
#7050 = LINE('',#7051,#7052);
#7051 = CARTESIAN_POINT('',(27.3,16.5,11.8));
#7052 = VECTOR('',#7053,1.);
#7053 = DIRECTION('',(0.,0.,1.));
#7054 = PLANE('',#7055);
#7055 = AXIS2_PLACEMENT_3D('',#7056,#7057,#7058);
#7056 = CARTESIAN_POINT('',(24.78,16.5,13.1));
#7057 = DIRECTION('',(0.,1.,0.));
#7058 = DIRECTION('',(0.,0.,1.));
#7059 = ADVANCED_FACE('',(#7060),#7079,.F.);
#7060 = FACE_BOUND('',#7061,.T.);
#7061 = EDGE_LOOP('',(#7062,#7071,#7077,#7078));
#7062 = ORIENTED_EDGE('',*,*,#7063,.T.);
#7063 = EDGE_CURVE('',#6592,#7064,#7066,.T.);
#7064 = VERTEX_POINT('',#7065);
#7065 = CARTESIAN_POINT('',(-2.5,41.5,12.72));
#7066 = CIRCLE('',#7067,3.);
#7067 = AXIS2_PLACEMENT_3D('',#7068,#7069,#7070);
#7068 = CARTESIAN_POINT('',(-2.5,38.5,12.72));
#7069 = DIRECTION('',(0.,0.,-1.));
#7070 = DIRECTION('',(1.,0.,0.));
#7071 = ORIENTED_EDGE('',*,*,#7072,.T.);
#7072 = EDGE_CURVE('',#7064,#6298,#7073,.T.);
#7073 = LINE('',#7074,#7075);
#7074 = CARTESIAN_POINT('',(-2.5,41.5,10.4));
#7075 = VECTOR('',#7076,1.);
#7076 = DIRECTION('',(0.,0.,1.));
#7077 = ORIENTED_EDGE('',*,*,#6305,.T.);
#7078 = ORIENTED_EDGE('',*,*,#6601,.F.);
#7079 = CYLINDRICAL_SURFACE('',#7080,3.);
#7080 = AXIS2_PLACEMENT_3D('',#7081,#7082,#7083);
#7081 = CARTESIAN_POINT('',(-2.5,38.5,10.4));
#7082 = DIRECTION('',(-0.,-0.,-1.));
#7083 = DIRECTION('',(1.,0.,0.));
#7084 = ADVANCED_FACE('',(#7085),#7135,.F.);
#7085 = FACE_BOUND('',#7086,.F.);
#7086 = EDGE_LOOP('',(#7087,#7095,#7096,#7097,#7105,#7113,#7121,#7129));
#7087 = ORIENTED_EDGE('',*,*,#7088,.F.);
#7088 = EDGE_CURVE('',#7064,#7089,#7091,.T.);
#7089 = VERTEX_POINT('',#7090);
#7090 = CARTESIAN_POINT('',(5.8,41.5,12.72));
#7091 = LINE('',#7092,#7093);
#7092 = CARTESIAN_POINT('',(4.,41.5,12.72));
#7093 = VECTOR('',#7094,1.);
#7094 = DIRECTION('',(1.,0.,0.));
#7095 = ORIENTED_EDGE('',*,*,#7072,.T.);
#7096 = ORIENTED_EDGE('',*,*,#6297,.T.);
#7097 = ORIENTED_EDGE('',*,*,#7098,.F.);
#7098 = EDGE_CURVE('',#7099,#6289,#7101,.T.);
#7099 = VERTEX_POINT('',#7100);
#7100 = CARTESIAN_POINT('',(23.5,41.5,12.72));
#7101 = LINE('',#7102,#7103);
#7102 = CARTESIAN_POINT('',(23.5,41.5,10.4));
#7103 = VECTOR('',#7104,1.);
#7104 = DIRECTION('',(0.,0.,1.));
#7105 = ORIENTED_EDGE('',*,*,#7106,.F.);
#7106 = EDGE_CURVE('',#7107,#7099,#7109,.T.);
#7107 = VERTEX_POINT('',#7108);
#7108 = CARTESIAN_POINT('',(22.6,41.5,12.72));
#7109 = LINE('',#7110,#7111);
#7110 = CARTESIAN_POINT('',(4.,41.5,12.72));
#7111 = VECTOR('',#7112,1.);
#7112 = DIRECTION('',(1.,0.,0.));
#7113 = ORIENTED_EDGE('',*,*,#7114,.F.);
#7114 = EDGE_CURVE('',#7115,#7107,#7117,.T.);
#7115 = VERTEX_POINT('',#7116);
#7116 = CARTESIAN_POINT('',(22.6,41.5,17.6));
#7117 = LINE('',#7118,#7119);
#7118 = CARTESIAN_POINT('',(22.6,41.5,11.5));
#7119 = VECTOR('',#7120,1.);
#7120 = DIRECTION('',(0.,0.,-1.));
#7121 = ORIENTED_EDGE('',*,*,#7122,.F.);
#7122 = EDGE_CURVE('',#7123,#7115,#7125,.T.);
#7123 = VERTEX_POINT('',#7124);
#7124 = CARTESIAN_POINT('',(5.8,41.5,17.6));
#7125 = LINE('',#7126,#7127);
#7126 = CARTESIAN_POINT('',(5.85,41.5,17.6));
#7127 = VECTOR('',#7128,1.);
#7128 = DIRECTION('',(1.,0.,0.));
#7129 = ORIENTED_EDGE('',*,*,#7130,.T.);
#7130 = EDGE_CURVE('',#7123,#7089,#7131,.T.);
#7131 = LINE('',#7132,#7133);
#7132 = CARTESIAN_POINT('',(5.8,41.5,11.5));
#7133 = VECTOR('',#7134,1.);
#7134 = DIRECTION('',(0.,0.,-1.));
#7135 = PLANE('',#7136);
#7136 = AXIS2_PLACEMENT_3D('',#7137,#7138,#7139);
#7137 = CARTESIAN_POINT('',(-2.5,41.5,10.4));
#7138 = DIRECTION('',(0.,1.,0.));
#7139 = DIRECTION('',(0.,0.,1.));
#7140 = ADVANCED_FACE('',(#7141),#7153,.F.);
#7141 = FACE_BOUND('',#7142,.T.);
#7142 = EDGE_LOOP('',(#7143,#7150,#7151,#7152));
#7143 = ORIENTED_EDGE('',*,*,#7144,.T.);
#7144 = EDGE_CURVE('',#7099,#6809,#7145,.T.);
#7145 = CIRCLE('',#7146,3.);
#7146 = AXIS2_PLACEMENT_3D('',#7147,#7148,#7149);
#7147 = CARTESIAN_POINT('',(23.5,38.5,12.72));
#7148 = DIRECTION('',(0.,0.,-1.));
#7149 = DIRECTION('',(1.,0.,0.));
#7150 = ORIENTED_EDGE('',*,*,#6816,.T.);
#7151 = ORIENTED_EDGE('',*,*,#6288,.T.);
#7152 = ORIENTED_EDGE('',*,*,#7098,.F.);
#7153 = CYLINDRICAL_SURFACE('',#7154,3.);
#7154 = AXIS2_PLACEMENT_3D('',#7155,#7156,#7157);
#7155 = CARTESIAN_POINT('',(23.5,38.5,10.4));
#7156 = DIRECTION('',(-0.,-0.,-1.));
#7157 = DIRECTION('',(1.,0.,0.));
#7158 = ADVANCED_FACE('',(#7159),#7186,.F.);
#7159 = FACE_BOUND('',#7160,.F.);
#7160 = EDGE_LOOP('',(#7161,#7169,#7170,#7171,#7172,#7180));
#7161 = ORIENTED_EDGE('',*,*,#7162,.F.);
#7162 = EDGE_CURVE('',#6847,#7163,#7165,.T.);
#7163 = VERTEX_POINT('',#7164);
#7164 = CARTESIAN_POINT('',(27.3,28.2,13.1));
#7165 = LINE('',#7166,#7167);
#7166 = CARTESIAN_POINT('',(24.78,28.2,13.1));
#7167 = VECTOR('',#7168,1.);
#7168 = DIRECTION('',(1.,0.,0.));
#7169 = ORIENTED_EDGE('',*,*,#6846,.T.);
#7170 = ORIENTED_EDGE('',*,*,#6240,.T.);
#7171 = ORIENTED_EDGE('',*,*,#6561,.T.);
#7172 = ORIENTED_EDGE('',*,*,#7173,.F.);
#7173 = EDGE_CURVE('',#7174,#6562,#7176,.T.);
#7174 = VERTEX_POINT('',#7175);
#7175 = CARTESIAN_POINT('',(27.3,28.2,19.));
#7176 = LINE('',#7177,#7178);
#7177 = CARTESIAN_POINT('',(17.64,28.2,19.));
#7178 = VECTOR('',#7179,1.);
#7179 = DIRECTION('',(-1.,0.,0.));
#7180 = ORIENTED_EDGE('',*,*,#7181,.F.);
#7181 = EDGE_CURVE('',#7163,#7174,#7182,.T.);
#7182 = LINE('',#7183,#7184);
#7183 = CARTESIAN_POINT('',(27.3,28.2,11.8));
#7184 = VECTOR('',#7185,1.);
#7185 = DIRECTION('',(0.,0.,1.));
#7186 = PLANE('',#7187);
#7187 = AXIS2_PLACEMENT_3D('',#7188,#7189,#7190);
#7188 = CARTESIAN_POINT('',(24.78,28.2,13.1));
#7189 = DIRECTION('',(0.,1.,0.));
#7190 = DIRECTION('',(0.,0.,1.));
#7191 = ADVANCED_FACE('',(#7192),#7210,.T.);
#7192 = FACE_BOUND('',#7193,.T.);
#7193 = EDGE_LOOP('',(#7194,#7202,#7208,#7209));
#7194 = ORIENTED_EDGE('',*,*,#7195,.F.);
#7195 = EDGE_CURVE('',#7196,#6824,#7198,.T.);
#7196 = VERTEX_POINT('',#7197);
#7197 = CARTESIAN_POINT('',(24.3,38.2,13.85));
#7198 = LINE('',#7199,#7200);
#7199 = CARTESIAN_POINT('',(24.3,38.2,13.85));
#7200 = VECTOR('',#7201,1.);
#7201 = DIRECTION('',(1.,0.,0.));
#7202 = ORIENTED_EDGE('',*,*,#7203,.T.);
#7203 = EDGE_CURVE('',#7196,#6265,#7204,.T.);
#7204 = LINE('',#7205,#7206);
#7205 = CARTESIAN_POINT('',(24.3,38.2,13.85));
#7206 = VECTOR('',#7207,1.);
#7207 = DIRECTION('',(0.,0.,1.));
#7208 = ORIENTED_EDGE('',*,*,#6272,.T.);
#7209 = ORIENTED_EDGE('',*,*,#6823,.F.);
#7210 = PLANE('',#7211);
#7211 = AXIS2_PLACEMENT_3D('',#7212,#7213,#7214);
#7212 = CARTESIAN_POINT('',(24.3,38.2,13.85));
#7213 = DIRECTION('',(0.,1.,0.));
#7214 = DIRECTION('',(0.,0.,1.));
#7215 = ADVANCED_FACE('',(#7216),#7234,.F.);
#7216 = FACE_BOUND('',#7217,.F.);
#7217 = EDGE_LOOP('',(#7218,#7226,#7232,#7233));
#7218 = ORIENTED_EDGE('',*,*,#7219,.F.);
#7219 = EDGE_CURVE('',#7220,#6257,#7222,.T.);
#7220 = VERTEX_POINT('',#7221);
#7221 = CARTESIAN_POINT('',(24.3,37.,13.85));
#7222 = LINE('',#7223,#7224);
#7223 = CARTESIAN_POINT('',(24.3,37.,13.85));
#7224 = VECTOR('',#7225,1.);
#7225 = DIRECTION('',(0.,0.,1.));
#7226 = ORIENTED_EDGE('',*,*,#7227,.T.);
#7227 = EDGE_CURVE('',#7220,#7196,#7228,.T.);
#7228 = LINE('',#7229,#7230);
#7229 = CARTESIAN_POINT('',(24.3,37.,13.85));
#7230 = VECTOR('',#7231,1.);
#7231 = DIRECTION('',(0.,1.,0.));
#7232 = ORIENTED_EDGE('',*,*,#7203,.T.);
#7233 = ORIENTED_EDGE('',*,*,#6264,.F.);
#7234 = PLANE('',#7235);
#7235 = AXIS2_PLACEMENT_3D('',#7236,#7237,#7238);
#7236 = CARTESIAN_POINT('',(24.3,37.,13.85));
#7237 = DIRECTION('',(1.,0.,0.));
#7238 = DIRECTION('',(0.,0.,1.));
#7239 = ADVANCED_FACE('',(#7240),#7251,.F.);
#7240 = FACE_BOUND('',#7241,.F.);
#7241 = EDGE_LOOP('',(#7242,#7248,#7249,#7250));
#7242 = ORIENTED_EDGE('',*,*,#7243,.F.);
#7243 = EDGE_CURVE('',#7220,#6832,#7244,.T.);
#7244 = LINE('',#7245,#7246);
#7245 = CARTESIAN_POINT('',(24.3,37.,13.85));
#7246 = VECTOR('',#7247,1.);
#7247 = DIRECTION('',(1.,0.,0.));
#7248 = ORIENTED_EDGE('',*,*,#7219,.T.);
#7249 = ORIENTED_EDGE('',*,*,#6256,.T.);
#7250 = ORIENTED_EDGE('',*,*,#6839,.F.);
#7251 = PLANE('',#7252);
#7252 = AXIS2_PLACEMENT_3D('',#7253,#7254,#7255);
#7253 = CARTESIAN_POINT('',(24.3,37.,13.85));
#7254 = DIRECTION('',(0.,1.,0.));
#7255 = DIRECTION('',(0.,0.,1.));
#7256 = ADVANCED_FACE('',(#7257),#7276,.F.);
#7257 = FACE_BOUND('',#7258,.T.);
#7258 = EDGE_LOOP('',(#7259,#7260,#7268,#7275));
#7259 = ORIENTED_EDGE('',*,*,#6378,.T.);
#7260 = ORIENTED_EDGE('',*,*,#7261,.T.);
#7261 = EDGE_CURVE('',#6379,#7262,#7264,.T.);
#7262 = VERTEX_POINT('',#7263);
#7263 = CARTESIAN_POINT('',(18.75,11.9,19.));
#7264 = LINE('',#7265,#7266);
#7265 = CARTESIAN_POINT('',(18.75,11.9,15.8));
#7266 = VECTOR('',#7267,1.);
#7267 = DIRECTION('',(0.,0.,1.));
#7268 = ORIENTED_EDGE('',*,*,#7269,.F.);
#7269 = EDGE_CURVE('',#7262,#7262,#7270,.T.);
#7270 = CIRCLE('',#7271,1.9);
#7271 = AXIS2_PLACEMENT_3D('',#7272,#7273,#7274);
#7272 = CARTESIAN_POINT('',(16.85,11.9,19.));
#7273 = DIRECTION('',(0.,0.,-1.));
#7274 = DIRECTION('',(1.,0.,0.));
#7275 = ORIENTED_EDGE('',*,*,#7261,.F.);
#7276 = CYLINDRICAL_SURFACE('',#7277,1.9);
#7277 = AXIS2_PLACEMENT_3D('',#7278,#7279,#7280);
#7278 = CARTESIAN_POINT('',(16.85,11.9,15.8));
#7279 = DIRECTION('',(-0.,-0.,-1.));
#7280 = DIRECTION('',(1.,0.,0.));
#7281 = ADVANCED_FACE('',(#7282),#7301,.F.);
#7282 = FACE_BOUND('',#7283,.T.);
#7283 = EDGE_LOOP('',(#7284,#7285,#7293,#7300));
#7284 = ORIENTED_EDGE('',*,*,#6389,.T.);
#7285 = ORIENTED_EDGE('',*,*,#7286,.T.);
#7286 = EDGE_CURVE('',#6390,#7287,#7289,.T.);
#7287 = VERTEX_POINT('',#7288);
#7288 = CARTESIAN_POINT('',(22.7,11.,19.));
#7289 = LINE('',#7290,#7291);
#7290 = CARTESIAN_POINT('',(22.7,11.,15.8));
#7291 = VECTOR('',#7292,1.);
#7292 = DIRECTION('',(0.,0.,1.));
#7293 = ORIENTED_EDGE('',*,*,#7294,.F.);
#7294 = EDGE_CURVE('',#7287,#7287,#7295,.T.);
#7295 = CIRCLE('',#7296,1.45);
#7296 = AXIS2_PLACEMENT_3D('',#7297,#7298,#7299);
#7297 = CARTESIAN_POINT('',(21.25,11.,19.));
#7298 = DIRECTION('',(0.,0.,-1.));
#7299 = DIRECTION('',(1.,0.,0.));
#7300 = ORIENTED_EDGE('',*,*,#7286,.F.);
#7301 = CYLINDRICAL_SURFACE('',#7302,1.45);
#7302 = AXIS2_PLACEMENT_3D('',#7303,#7304,#7305);
#7303 = CARTESIAN_POINT('',(21.25,11.,15.8));
#7304 = DIRECTION('',(-0.,-0.,-1.));
#7305 = DIRECTION('',(1.,0.,0.));
#7306 = ADVANCED_FACE('',(#7307),#7326,.F.);
#7307 = FACE_BOUND('',#7308,.T.);
#7308 = EDGE_LOOP('',(#7309,#7310,#7318,#7325));
#7309 = ORIENTED_EDGE('',*,*,#6400,.T.);
#7310 = ORIENTED_EDGE('',*,*,#7311,.T.);
#7311 = EDGE_CURVE('',#6401,#7312,#7314,.T.);
#7312 = VERTEX_POINT('',#7313);
#7313 = CARTESIAN_POINT('',(22.7,14.75,19.));
#7314 = LINE('',#7315,#7316);
#7315 = CARTESIAN_POINT('',(22.7,14.75,15.8));
#7316 = VECTOR('',#7317,1.);
#7317 = DIRECTION('',(0.,0.,1.));
#7318 = ORIENTED_EDGE('',*,*,#7319,.F.);
#7319 = EDGE_CURVE('',#7312,#7312,#7320,.T.);
#7320 = CIRCLE('',#7321,1.45);
#7321 = AXIS2_PLACEMENT_3D('',#7322,#7323,#7324);
#7322 = CARTESIAN_POINT('',(21.25,14.75,19.));
#7323 = DIRECTION('',(0.,0.,-1.));
#7324 = DIRECTION('',(1.,0.,0.));
#7325 = ORIENTED_EDGE('',*,*,#7311,.F.);
#7326 = CYLINDRICAL_SURFACE('',#7327,1.45);
#7327 = AXIS2_PLACEMENT_3D('',#7328,#7329,#7330);
#7328 = CARTESIAN_POINT('',(21.25,14.75,15.8));
#7329 = DIRECTION('',(-0.,-0.,-1.));
#7330 = DIRECTION('',(1.,0.,0.));
#7331 = ADVANCED_FACE('',(#7332,#7411,#7414,#7417),#7420,.T.);
#7332 = FACE_BOUND('',#7333,.T.);
#7333 = EDGE_LOOP('',(#7334,#7344,#7353,#7361,#7370,#7376,#7377,#7378,
    #7379,#7387,#7396,#7404));
#7334 = ORIENTED_EDGE('',*,*,#7335,.F.);
#7335 = EDGE_CURVE('',#7336,#7338,#7340,.T.);
#7336 = VERTEX_POINT('',#7337);
#7337 = CARTESIAN_POINT('',(-6.3,7.5,19.));
#7338 = VERTEX_POINT('',#7339);
#7339 = CARTESIAN_POINT('',(-6.3,38.5,19.));
#7340 = LINE('',#7341,#7342);
#7341 = CARTESIAN_POINT('',(-6.3,7.5,19.));
#7342 = VECTOR('',#7343,1.);
#7343 = DIRECTION('',(0.,1.,0.));
#7344 = ORIENTED_EDGE('',*,*,#7345,.T.);
#7345 = EDGE_CURVE('',#7336,#7346,#7348,.T.);
#7346 = VERTEX_POINT('',#7347);
#7347 = CARTESIAN_POINT('',(-2.5,3.7,19.));
#7348 = CIRCLE('',#7349,3.8);
#7349 = AXIS2_PLACEMENT_3D('',#7350,#7351,#7352);
#7350 = CARTESIAN_POINT('',(-2.5,7.5,19.));
#7351 = DIRECTION('',(0.,0.,1.));
#7352 = DIRECTION('',(1.,0.,0.));
#7353 = ORIENTED_EDGE('',*,*,#7354,.T.);
#7354 = EDGE_CURVE('',#7346,#7355,#7357,.T.);
#7355 = VERTEX_POINT('',#7356);
#7356 = CARTESIAN_POINT('',(23.5,3.7,19.));
#7357 = LINE('',#7358,#7359);
#7358 = CARTESIAN_POINT('',(-2.5,3.7,19.));
#7359 = VECTOR('',#7360,1.);
#7360 = DIRECTION('',(1.,0.,0.));
#7361 = ORIENTED_EDGE('',*,*,#7362,.T.);
#7362 = EDGE_CURVE('',#7355,#7363,#7365,.T.);
#7363 = VERTEX_POINT('',#7364);
#7364 = CARTESIAN_POINT('',(27.3,7.5,19.));
#7365 = CIRCLE('',#7366,3.8);
#7366 = AXIS2_PLACEMENT_3D('',#7367,#7368,#7369);
#7367 = CARTESIAN_POINT('',(23.5,7.5,19.));
#7368 = DIRECTION('',(0.,0.,1.));
#7369 = DIRECTION('',(1.,0.,0.));
#7370 = ORIENTED_EDGE('',*,*,#7371,.T.);
#7371 = EDGE_CURVE('',#7363,#7042,#7372,.T.);
#7372 = LINE('',#7373,#7374);
#7373 = CARTESIAN_POINT('',(27.3,7.5,19.));
#7374 = VECTOR('',#7375,1.);
#7375 = DIRECTION('',(0.,1.,0.));
#7376 = ORIENTED_EDGE('',*,*,#7041,.T.);
#7377 = ORIENTED_EDGE('',*,*,#6569,.T.);
#7378 = ORIENTED_EDGE('',*,*,#7173,.F.);
#7379 = ORIENTED_EDGE('',*,*,#7380,.T.);
#7380 = EDGE_CURVE('',#7174,#7381,#7383,.T.);
#7381 = VERTEX_POINT('',#7382);
#7382 = CARTESIAN_POINT('',(27.3,38.5,19.));
#7383 = LINE('',#7384,#7385);
#7384 = CARTESIAN_POINT('',(27.3,7.5,19.));
#7385 = VECTOR('',#7386,1.);
#7386 = DIRECTION('',(0.,1.,0.));
#7387 = ORIENTED_EDGE('',*,*,#7388,.T.);
#7388 = EDGE_CURVE('',#7381,#7389,#7391,.T.);
#7389 = VERTEX_POINT('',#7390);
#7390 = CARTESIAN_POINT('',(23.5,42.3,19.));
#7391 = CIRCLE('',#7392,3.8);
#7392 = AXIS2_PLACEMENT_3D('',#7393,#7394,#7395);
#7393 = CARTESIAN_POINT('',(23.5,38.5,19.));
#7394 = DIRECTION('',(0.,0.,1.));
#7395 = DIRECTION('',(1.,0.,0.));
#7396 = ORIENTED_EDGE('',*,*,#7397,.F.);
#7397 = EDGE_CURVE('',#7398,#7389,#7400,.T.);
#7398 = VERTEX_POINT('',#7399);
#7399 = CARTESIAN_POINT('',(-2.5,42.3,19.));
#7400 = LINE('',#7401,#7402);
#7401 = CARTESIAN_POINT('',(-2.5,42.3,19.));
#7402 = VECTOR('',#7403,1.);
#7403 = DIRECTION('',(1.,0.,0.));
#7404 = ORIENTED_EDGE('',*,*,#7405,.T.);
#7405 = EDGE_CURVE('',#7398,#7338,#7406,.T.);
#7406 = CIRCLE('',#7407,3.8);
#7407 = AXIS2_PLACEMENT_3D('',#7408,#7409,#7410);
#7408 = CARTESIAN_POINT('',(-2.5,38.5,19.));
#7409 = DIRECTION('',(0.,0.,1.));
#7410 = DIRECTION('',(1.,0.,0.));
#7411 = FACE_BOUND('',#7412,.T.);
#7412 = EDGE_LOOP('',(#7413));
#7413 = ORIENTED_EDGE('',*,*,#7269,.T.);
#7414 = FACE_BOUND('',#7415,.T.);
#7415 = EDGE_LOOP('',(#7416));
#7416 = ORIENTED_EDGE('',*,*,#7294,.T.);
#7417 = FACE_BOUND('',#7418,.T.);
#7418 = EDGE_LOOP('',(#7419));
#7419 = ORIENTED_EDGE('',*,*,#7319,.T.);
#7420 = PLANE('',#7421);
#7421 = AXIS2_PLACEMENT_3D('',#7422,#7423,#7424);
#7422 = CARTESIAN_POINT('',(10.842373309391,22.977033782136,19.));
#7423 = DIRECTION('',(0.,0.,1.));
#7424 = DIRECTION('',(1.,0.,0.));
#7425 = ADVANCED_FACE('',(#7426),#7527,.F.);
#7426 = FACE_BOUND('',#7427,.F.);
#7427 = EDGE_LOOP('',(#7428,#7438,#7447,#7455,#7464,#7472,#7481,#7489,
    #7495,#7496,#7497,#7498,#7499,#7500,#7501,#7502,#7503,#7504,#7512,
    #7520));
#7428 = ORIENTED_EDGE('',*,*,#7429,.F.);
#7429 = EDGE_CURVE('',#7430,#7432,#7434,.T.);
#7430 = VERTEX_POINT('',#7431);
#7431 = CARTESIAN_POINT('',(-5.74,7.5,12.72));
#7432 = VERTEX_POINT('',#7433);
#7433 = CARTESIAN_POINT('',(-5.74,38.5,12.72));
#7434 = LINE('',#7435,#7436);
#7435 = CARTESIAN_POINT('',(-5.74,7.5,12.72));
#7436 = VECTOR('',#7437,1.);
#7437 = DIRECTION('',(0.,1.,0.));
#7438 = ORIENTED_EDGE('',*,*,#7439,.T.);
#7439 = EDGE_CURVE('',#7430,#7440,#7442,.T.);
#7440 = VERTEX_POINT('',#7441);
#7441 = CARTESIAN_POINT('',(-2.5,4.26,12.72));
#7442 = CIRCLE('',#7443,3.24);
#7443 = AXIS2_PLACEMENT_3D('',#7444,#7445,#7446);
#7444 = CARTESIAN_POINT('',(-2.5,7.5,12.72));
#7445 = DIRECTION('',(0.,0.,1.));
#7446 = DIRECTION('',(1.,0.,0.));
#7447 = ORIENTED_EDGE('',*,*,#7448,.T.);
#7448 = EDGE_CURVE('',#7440,#7449,#7451,.T.);
#7449 = VERTEX_POINT('',#7450);
#7450 = CARTESIAN_POINT('',(23.5,4.26,12.72));
#7451 = LINE('',#7452,#7453);
#7452 = CARTESIAN_POINT('',(-2.5,4.26,12.72));
#7453 = VECTOR('',#7454,1.);
#7454 = DIRECTION('',(1.,0.,0.));
#7455 = ORIENTED_EDGE('',*,*,#7456,.T.);
#7456 = EDGE_CURVE('',#7449,#7457,#7459,.T.);
#7457 = VERTEX_POINT('',#7458);
#7458 = CARTESIAN_POINT('',(26.74,7.5,12.72));
#7459 = CIRCLE('',#7460,3.24);
#7460 = AXIS2_PLACEMENT_3D('',#7461,#7462,#7463);
#7461 = CARTESIAN_POINT('',(23.5,7.5,12.72));
#7462 = DIRECTION('',(0.,0.,1.));
#7463 = DIRECTION('',(1.,0.,0.));
#7464 = ORIENTED_EDGE('',*,*,#7465,.T.);
#7465 = EDGE_CURVE('',#7457,#7466,#7468,.T.);
#7466 = VERTEX_POINT('',#7467);
#7467 = CARTESIAN_POINT('',(26.74,38.5,12.72));
#7468 = LINE('',#7469,#7470);
#7469 = CARTESIAN_POINT('',(26.74,7.5,12.72));
#7470 = VECTOR('',#7471,1.);
#7471 = DIRECTION('',(0.,1.,0.));
#7472 = ORIENTED_EDGE('',*,*,#7473,.T.);
#7473 = EDGE_CURVE('',#7466,#7474,#7476,.T.);
#7474 = VERTEX_POINT('',#7475);
#7475 = CARTESIAN_POINT('',(23.5,41.74,12.72));
#7476 = CIRCLE('',#7477,3.24);
#7477 = AXIS2_PLACEMENT_3D('',#7478,#7479,#7480);
#7478 = CARTESIAN_POINT('',(23.5,38.5,12.72));
#7479 = DIRECTION('',(0.,0.,1.));
#7480 = DIRECTION('',(1.,0.,0.));
#7481 = ORIENTED_EDGE('',*,*,#7482,.F.);
#7482 = EDGE_CURVE('',#7483,#7474,#7485,.T.);
#7483 = VERTEX_POINT('',#7484);
#7484 = CARTESIAN_POINT('',(22.6,41.74,12.72));
#7485 = LINE('',#7486,#7487);
#7486 = CARTESIAN_POINT('',(-2.5,41.74,12.72));
#7487 = VECTOR('',#7488,1.);
#7488 = DIRECTION('',(1.,0.,0.));
#7489 = ORIENTED_EDGE('',*,*,#7490,.F.);
#7490 = EDGE_CURVE('',#7107,#7483,#7491,.T.);
#7491 = LINE('',#7492,#7493);
#7492 = CARTESIAN_POINT('',(22.6,31.7,12.72));
#7493 = VECTOR('',#7494,1.);
#7494 = DIRECTION('',(0.,1.,0.));
#7495 = ORIENTED_EDGE('',*,*,#7106,.T.);
#7496 = ORIENTED_EDGE('',*,*,#7144,.T.);
#7497 = ORIENTED_EDGE('',*,*,#6808,.T.);
#7498 = ORIENTED_EDGE('',*,*,#6775,.T.);
#7499 = ORIENTED_EDGE('',*,*,#6717,.F.);
#7500 = ORIENTED_EDGE('',*,*,#6668,.T.);
#7501 = ORIENTED_EDGE('',*,*,#6591,.F.);
#7502 = ORIENTED_EDGE('',*,*,#7063,.T.);
#7503 = ORIENTED_EDGE('',*,*,#7088,.T.);
#7504 = ORIENTED_EDGE('',*,*,#7505,.T.);
#7505 = EDGE_CURVE('',#7089,#7506,#7508,.T.);
#7506 = VERTEX_POINT('',#7507);
#7507 = CARTESIAN_POINT('',(5.8,41.74,12.72));
#7508 = LINE('',#7509,#7510);
#7509 = CARTESIAN_POINT('',(5.8,31.7,12.72));
#7510 = VECTOR('',#7511,1.);
#7511 = DIRECTION('',(0.,1.,0.));
#7512 = ORIENTED_EDGE('',*,*,#7513,.F.);
#7513 = EDGE_CURVE('',#7514,#7506,#7516,.T.);
#7514 = VERTEX_POINT('',#7515);
#7515 = CARTESIAN_POINT('',(-2.5,41.74,12.72));
#7516 = LINE('',#7517,#7518);
#7517 = CARTESIAN_POINT('',(-2.5,41.74,12.72));
#7518 = VECTOR('',#7519,1.);
#7519 = DIRECTION('',(1.,0.,0.));
#7520 = ORIENTED_EDGE('',*,*,#7521,.T.);
#7521 = EDGE_CURVE('',#7514,#7432,#7522,.T.);
#7522 = CIRCLE('',#7523,3.24);
#7523 = AXIS2_PLACEMENT_3D('',#7524,#7525,#7526);
#7524 = CARTESIAN_POINT('',(-2.5,38.5,12.72));
#7525 = DIRECTION('',(0.,0.,1.));
#7526 = DIRECTION('',(1.,0.,0.));
#7527 = PLANE('',#7528);
#7528 = AXIS2_PLACEMENT_3D('',#7529,#7530,#7531);
#7529 = CARTESIAN_POINT('',(10.5,23.,12.72));
#7530 = DIRECTION('',(0.,0.,1.));
#7531 = DIRECTION('',(1.,0.,0.));
#7532 = ADVANCED_FACE('',(#7533),#7539,.F.);
#7533 = FACE_BOUND('',#7534,.F.);
#7534 = EDGE_LOOP('',(#7535,#7536,#7537,#7538));
#7535 = ORIENTED_EDGE('',*,*,#6790,.F.);
#7536 = ORIENTED_EDGE('',*,*,#6639,.T.);
#7537 = ORIENTED_EDGE('',*,*,#6693,.T.);
#7538 = ORIENTED_EDGE('',*,*,#6742,.T.);
#7539 = PLANE('',#7540);
#7540 = AXIS2_PLACEMENT_3D('',#7541,#7542,#7543);
#7541 = CARTESIAN_POINT('',(-5.6,9.1,13.85));
#7542 = DIRECTION('',(0.,0.,1.));
#7543 = DIRECTION('',(1.,0.,0.));
#7544 = ADVANCED_FACE('',(#7545),#7551,.F.);
#7545 = FACE_BOUND('',#7546,.F.);
#7546 = EDGE_LOOP('',(#7547,#7548,#7549,#7550));
#7547 = ORIENTED_EDGE('',*,*,#7013,.F.);
#7548 = ORIENTED_EDGE('',*,*,#6616,.T.);
#7549 = ORIENTED_EDGE('',*,*,#6924,.T.);
#7550 = ORIENTED_EDGE('',*,*,#6973,.T.);
#7551 = PLANE('',#7552);
#7552 = AXIS2_PLACEMENT_3D('',#7553,#7554,#7555);
#7553 = CARTESIAN_POINT('',(-5.6,37.,13.85));
#7554 = DIRECTION('',(0.,0.,1.));
#7555 = DIRECTION('',(1.,0.,0.));
#7556 = ADVANCED_FACE('',(#7557),#7563,.F.);
#7557 = FACE_BOUND('',#7558,.F.);
#7558 = EDGE_LOOP('',(#7559,#7560,#7561,#7562));
#7559 = ORIENTED_EDGE('',*,*,#6996,.F.);
#7560 = ORIENTED_EDGE('',*,*,#6949,.F.);
#7561 = ORIENTED_EDGE('',*,*,#6900,.T.);
#7562 = ORIENTED_EDGE('',*,*,#6877,.F.);
#7563 = PLANE('',#7564);
#7564 = AXIS2_PLACEMENT_3D('',#7565,#7566,#7567);
#7565 = CARTESIAN_POINT('',(24.3,9.1,13.85));
#7566 = DIRECTION('',(0.,0.,1.));
#7567 = DIRECTION('',(1.,0.,0.));
#7568 = ADVANCED_FACE('',(#7569),#7575,.F.);
#7569 = FACE_BOUND('',#7570,.F.);
#7570 = EDGE_LOOP('',(#7571,#7572,#7573,#7574));
#7571 = ORIENTED_EDGE('',*,*,#7195,.F.);
#7572 = ORIENTED_EDGE('',*,*,#7227,.F.);
#7573 = ORIENTED_EDGE('',*,*,#7243,.T.);
#7574 = ORIENTED_EDGE('',*,*,#6831,.F.);
#7575 = PLANE('',#7576);
#7576 = AXIS2_PLACEMENT_3D('',#7577,#7578,#7579);
#7577 = CARTESIAN_POINT('',(24.3,37.,13.85));
#7578 = DIRECTION('',(0.,0.,1.));
#7579 = DIRECTION('',(1.,0.,0.));
#7580 = ADVANCED_FACE('',(#7581),#7615,.T.);
#7581 = FACE_BOUND('',#7582,.T.);
#7582 = EDGE_LOOP('',(#7583,#7591,#7599,#7605,#7606,#7607,#7613,#7614));
#7583 = ORIENTED_EDGE('',*,*,#7584,.F.);
#7584 = EDGE_CURVE('',#7585,#7363,#7587,.T.);
#7585 = VERTEX_POINT('',#7586);
#7586 = CARTESIAN_POINT('',(27.3,7.5,12.8));
#7587 = LINE('',#7588,#7589);
#7588 = CARTESIAN_POINT('',(27.3,7.5,10.5));
#7589 = VECTOR('',#7590,1.);
#7590 = DIRECTION('',(0.,0.,1.));
#7591 = ORIENTED_EDGE('',*,*,#7592,.F.);
#7592 = EDGE_CURVE('',#7593,#7585,#7595,.T.);
#7593 = VERTEX_POINT('',#7594);
#7594 = CARTESIAN_POINT('',(27.3,38.5,12.8));
#7595 = LINE('',#7596,#7597);
#7596 = CARTESIAN_POINT('',(27.3,15.25,12.8));
#7597 = VECTOR('',#7598,1.);
#7598 = DIRECTION('',(0.,-1.,0.));
#7599 = ORIENTED_EDGE('',*,*,#7600,.T.);
#7600 = EDGE_CURVE('',#7593,#7381,#7601,.T.);
#7601 = LINE('',#7602,#7603);
#7602 = CARTESIAN_POINT('',(27.3,38.5,10.5));
#7603 = VECTOR('',#7604,1.);
#7604 = DIRECTION('',(0.,0.,1.));
#7605 = ORIENTED_EDGE('',*,*,#7380,.F.);
#7606 = ORIENTED_EDGE('',*,*,#7181,.F.);
#7607 = ORIENTED_EDGE('',*,*,#7608,.T.);
#7608 = EDGE_CURVE('',#7163,#7031,#7609,.T.);
#7609 = LINE('',#7610,#7611);
#7610 = CARTESIAN_POINT('',(27.3,12.,13.1));
#7611 = VECTOR('',#7612,1.);
#7612 = DIRECTION('',(0.,-1.,0.));
#7613 = ORIENTED_EDGE('',*,*,#7049,.T.);
#7614 = ORIENTED_EDGE('',*,*,#7371,.F.);
#7615 = PLANE('',#7616);
#7616 = AXIS2_PLACEMENT_3D('',#7617,#7618,#7619);
#7617 = CARTESIAN_POINT('',(27.3,7.5,10.5));
#7618 = DIRECTION('',(1.,0.,0.));
#7619 = DIRECTION('',(0.,0.,1.));
#7620 = ADVANCED_FACE('',(#7621),#7655,.F.);
#7621 = FACE_BOUND('',#7622,.F.);
#7622 = EDGE_LOOP('',(#7623,#7633,#7641,#7647,#7648,#7649));
#7623 = ORIENTED_EDGE('',*,*,#7624,.F.);
#7624 = EDGE_CURVE('',#7625,#7627,#7629,.T.);
#7625 = VERTEX_POINT('',#7626);
#7626 = CARTESIAN_POINT('',(5.8,40.4,12.6));
#7627 = VERTEX_POINT('',#7628);
#7628 = CARTESIAN_POINT('',(5.8,40.4,17.6));
#7629 = LINE('',#7630,#7631);
#7630 = CARTESIAN_POINT('',(5.8,40.4,12.6));
#7631 = VECTOR('',#7632,1.);
#7632 = DIRECTION('',(0.,0.,1.));
#7633 = ORIENTED_EDGE('',*,*,#7634,.T.);
#7634 = EDGE_CURVE('',#7625,#7635,#7637,.T.);
#7635 = VERTEX_POINT('',#7636);
#7636 = CARTESIAN_POINT('',(5.8,41.74,12.6));
#7637 = LINE('',#7638,#7639);
#7638 = CARTESIAN_POINT('',(5.8,40.4,12.6));
#7639 = VECTOR('',#7640,1.);
#7640 = DIRECTION('',(0.,1.,0.));
#7641 = ORIENTED_EDGE('',*,*,#7642,.F.);
#7642 = EDGE_CURVE('',#7506,#7635,#7643,.T.);
#7643 = LINE('',#7644,#7645);
#7644 = CARTESIAN_POINT('',(5.8,41.74,12.09));
#7645 = VECTOR('',#7646,1.);
#7646 = DIRECTION('',(0.,0.,-1.));
#7647 = ORIENTED_EDGE('',*,*,#7505,.F.);
#7648 = ORIENTED_EDGE('',*,*,#7130,.F.);
#7649 = ORIENTED_EDGE('',*,*,#7650,.F.);
#7650 = EDGE_CURVE('',#7627,#7123,#7651,.T.);
#7651 = LINE('',#7652,#7653);
#7652 = CARTESIAN_POINT('',(5.8,40.4,17.6));
#7653 = VECTOR('',#7654,1.);
#7654 = DIRECTION('',(0.,1.,0.));
#7655 = PLANE('',#7656);
#7656 = AXIS2_PLACEMENT_3D('',#7657,#7658,#7659);
#7657 = CARTESIAN_POINT('',(5.8,40.4,12.6));
#7658 = DIRECTION('',(1.,0.,0.));
#7659 = DIRECTION('',(0.,0.,1.));
#7660 = ADVANCED_FACE('',(#7661),#7697,.T.);
#7661 = FACE_BOUND('',#7662,.T.);
#7662 = EDGE_LOOP('',(#7663,#7664,#7673,#7681,#7690,#7696));
#7663 = ORIENTED_EDGE('',*,*,#7650,.F.);
#7664 = ORIENTED_EDGE('',*,*,#7665,.T.);
#7665 = EDGE_CURVE('',#7627,#7666,#7668,.T.);
#7666 = VERTEX_POINT('',#7667);
#7667 = CARTESIAN_POINT('',(6.8,39.4,17.6));
#7668 = CIRCLE('',#7669,1.);
#7669 = AXIS2_PLACEMENT_3D('',#7670,#7671,#7672);
#7670 = CARTESIAN_POINT('',(6.8,40.4,17.6));
#7671 = DIRECTION('',(0.,0.,1.));
#7672 = DIRECTION('',(1.,0.,0.));
#7673 = ORIENTED_EDGE('',*,*,#7674,.T.);
#7674 = EDGE_CURVE('',#7666,#7675,#7677,.T.);
#7675 = VERTEX_POINT('',#7676);
#7676 = CARTESIAN_POINT('',(21.6,39.4,17.6));
#7677 = LINE('',#7678,#7679);
#7678 = CARTESIAN_POINT('',(6.8,39.4,17.6));
#7679 = VECTOR('',#7680,1.);
#7680 = DIRECTION('',(1.,0.,0.));
#7681 = ORIENTED_EDGE('',*,*,#7682,.T.);
#7682 = EDGE_CURVE('',#7675,#7683,#7685,.T.);
#7683 = VERTEX_POINT('',#7684);
#7684 = CARTESIAN_POINT('',(22.6,40.4,17.6));
#7685 = CIRCLE('',#7686,1.);
#7686 = AXIS2_PLACEMENT_3D('',#7687,#7688,#7689);
#7687 = CARTESIAN_POINT('',(21.6,40.4,17.6));
#7688 = DIRECTION('',(0.,0.,1.));
#7689 = DIRECTION('',(1.,0.,0.));
#7690 = ORIENTED_EDGE('',*,*,#7691,.T.);
#7691 = EDGE_CURVE('',#7683,#7115,#7692,.T.);
#7692 = LINE('',#7693,#7694);
#7693 = CARTESIAN_POINT('',(22.6,40.4,17.6));
#7694 = VECTOR('',#7695,1.);
#7695 = DIRECTION('',(0.,1.,0.));
#7696 = ORIENTED_EDGE('',*,*,#7122,.F.);
#7697 = PLANE('',#7698);
#7698 = AXIS2_PLACEMENT_3D('',#7699,#7700,#7701);
#7699 = CARTESIAN_POINT('',(14.2,42.8,17.6));
#7700 = DIRECTION('',(0.,0.,1.));
#7701 = DIRECTION('',(1.,0.,0.));
#7702 = ADVANCED_FACE('',(#7703),#7730,.T.);
#7703 = FACE_BOUND('',#7704,.T.);
#7704 = EDGE_LOOP('',(#7705,#7713,#7721,#7727,#7728,#7729));
#7705 = ORIENTED_EDGE('',*,*,#7706,.F.);
#7706 = EDGE_CURVE('',#7707,#7683,#7709,.T.);
#7707 = VERTEX_POINT('',#7708);
#7708 = CARTESIAN_POINT('',(22.6,40.4,12.6));
#7709 = LINE('',#7710,#7711);
#7710 = CARTESIAN_POINT('',(22.6,40.4,12.6));
#7711 = VECTOR('',#7712,1.);
#7712 = DIRECTION('',(0.,0.,1.));
#7713 = ORIENTED_EDGE('',*,*,#7714,.T.);
#7714 = EDGE_CURVE('',#7707,#7715,#7717,.T.);
#7715 = VERTEX_POINT('',#7716);
#7716 = CARTESIAN_POINT('',(22.6,41.74,12.6));
#7717 = LINE('',#7718,#7719);
#7718 = CARTESIAN_POINT('',(22.6,40.4,12.6));
#7719 = VECTOR('',#7720,1.);
#7720 = DIRECTION('',(0.,1.,0.));
#7721 = ORIENTED_EDGE('',*,*,#7722,.F.);
#7722 = EDGE_CURVE('',#7483,#7715,#7723,.T.);
#7723 = LINE('',#7724,#7725);
#7724 = CARTESIAN_POINT('',(22.6,41.74,12.09));
#7725 = VECTOR('',#7726,1.);
#7726 = DIRECTION('',(0.,0.,-1.));
#7727 = ORIENTED_EDGE('',*,*,#7490,.F.);
#7728 = ORIENTED_EDGE('',*,*,#7114,.F.);
#7729 = ORIENTED_EDGE('',*,*,#7691,.F.);
#7730 = PLANE('',#7731);
#7731 = AXIS2_PLACEMENT_3D('',#7732,#7733,#7734);
#7732 = CARTESIAN_POINT('',(22.6,40.4,12.6));
#7733 = DIRECTION('',(1.,0.,0.));
#7734 = DIRECTION('',(0.,0.,1.));
#7735 = ADVANCED_FACE('',(#7736),#7761,.F.);
#7736 = FACE_BOUND('',#7737,.F.);
#7737 = EDGE_LOOP('',(#7738,#7746,#7754,#7760));
#7738 = ORIENTED_EDGE('',*,*,#7739,.F.);
#7739 = EDGE_CURVE('',#7740,#7336,#7742,.T.);
#7740 = VERTEX_POINT('',#7741);
#7741 = CARTESIAN_POINT('',(-6.3,7.5,12.8));
#7742 = LINE('',#7743,#7744);
#7743 = CARTESIAN_POINT('',(-6.3,7.5,10.5));
#7744 = VECTOR('',#7745,1.);
#7745 = DIRECTION('',(0.,0.,1.));
#7746 = ORIENTED_EDGE('',*,*,#7747,.F.);
#7747 = EDGE_CURVE('',#7748,#7740,#7750,.T.);
#7748 = VERTEX_POINT('',#7749);
#7749 = CARTESIAN_POINT('',(-6.3,38.5,12.8));
#7750 = LINE('',#7751,#7752);
#7751 = CARTESIAN_POINT('',(-6.3,15.25,12.8));
#7752 = VECTOR('',#7753,1.);
#7753 = DIRECTION('',(0.,-1.,0.));
#7754 = ORIENTED_EDGE('',*,*,#7755,.T.);
#7755 = EDGE_CURVE('',#7748,#7338,#7756,.T.);
#7756 = LINE('',#7757,#7758);
#7757 = CARTESIAN_POINT('',(-6.3,38.5,10.5));
#7758 = VECTOR('',#7759,1.);
#7759 = DIRECTION('',(0.,0.,1.));
#7760 = ORIENTED_EDGE('',*,*,#7335,.F.);
#7761 = PLANE('',#7762);
#7762 = AXIS2_PLACEMENT_3D('',#7763,#7764,#7765);
#7763 = CARTESIAN_POINT('',(-6.3,7.5,10.5));
#7764 = DIRECTION('',(1.,0.,0.));
#7765 = DIRECTION('',(0.,0.,1.));
#7766 = ADVANCED_FACE('',(#7767),#7786,.T.);
#7767 = FACE_BOUND('',#7768,.F.);
#7768 = EDGE_LOOP('',(#7769,#7777,#7784,#7785));
#7769 = ORIENTED_EDGE('',*,*,#7770,.F.);
#7770 = EDGE_CURVE('',#7771,#7346,#7773,.T.);
#7771 = VERTEX_POINT('',#7772);
#7772 = CARTESIAN_POINT('',(-2.5,3.7,12.8));
#7773 = LINE('',#7774,#7775);
#7774 = CARTESIAN_POINT('',(-2.5,3.7,10.5));
#7775 = VECTOR('',#7776,1.);
#7776 = DIRECTION('',(0.,0.,1.));
#7777 = ORIENTED_EDGE('',*,*,#7778,.T.);
#7778 = EDGE_CURVE('',#7771,#7740,#7779,.T.);
#7779 = CIRCLE('',#7780,3.8);
#7780 = AXIS2_PLACEMENT_3D('',#7781,#7782,#7783);
#7781 = CARTESIAN_POINT('',(-2.5,7.5,12.8));
#7782 = DIRECTION('',(0.,0.,-1.));
#7783 = DIRECTION('',(1.,0.,0.));
#7784 = ORIENTED_EDGE('',*,*,#7739,.T.);
#7785 = ORIENTED_EDGE('',*,*,#7345,.T.);
#7786 = CYLINDRICAL_SURFACE('',#7787,3.8);
#7787 = AXIS2_PLACEMENT_3D('',#7788,#7789,#7790);
#7788 = CARTESIAN_POINT('',(-2.5,7.5,10.5));
#7789 = DIRECTION('',(-0.,-0.,-1.));
#7790 = DIRECTION('',(1.,0.,0.));
#7791 = ADVANCED_FACE('',(#7792),#7811,.T.);
#7792 = FACE_BOUND('',#7793,.F.);
#7793 = EDGE_LOOP('',(#7794,#7803,#7809,#7810));
#7794 = ORIENTED_EDGE('',*,*,#7795,.T.);
#7795 = EDGE_CURVE('',#7748,#7796,#7798,.T.);
#7796 = VERTEX_POINT('',#7797);
#7797 = CARTESIAN_POINT('',(-2.5,42.3,12.8));
#7798 = CIRCLE('',#7799,3.8);
#7799 = AXIS2_PLACEMENT_3D('',#7800,#7801,#7802);
#7800 = CARTESIAN_POINT('',(-2.5,38.5,12.8));
#7801 = DIRECTION('',(0.,0.,-1.));
#7802 = DIRECTION('',(1.,0.,0.));
#7803 = ORIENTED_EDGE('',*,*,#7804,.T.);
#7804 = EDGE_CURVE('',#7796,#7398,#7805,.T.);
#7805 = LINE('',#7806,#7807);
#7806 = CARTESIAN_POINT('',(-2.5,42.3,10.5));
#7807 = VECTOR('',#7808,1.);
#7808 = DIRECTION('',(0.,0.,1.));
#7809 = ORIENTED_EDGE('',*,*,#7405,.T.);
#7810 = ORIENTED_EDGE('',*,*,#7755,.F.);
#7811 = CYLINDRICAL_SURFACE('',#7812,3.8);
#7812 = AXIS2_PLACEMENT_3D('',#7813,#7814,#7815);
#7813 = CARTESIAN_POINT('',(-2.5,38.5,10.5));
#7814 = DIRECTION('',(-0.,-0.,-1.));
#7815 = DIRECTION('',(1.,0.,0.));
#7816 = ADVANCED_FACE('',(#7817),#7835,.F.);
#7817 = FACE_BOUND('',#7818,.F.);
#7818 = EDGE_LOOP('',(#7819,#7827,#7828,#7829));
#7819 = ORIENTED_EDGE('',*,*,#7820,.F.);
#7820 = EDGE_CURVE('',#7771,#7821,#7823,.T.);
#7821 = VERTEX_POINT('',#7822);
#7822 = CARTESIAN_POINT('',(23.5,3.7,12.8));
#7823 = LINE('',#7824,#7825);
#7824 = CARTESIAN_POINT('',(4.,3.7,12.8));
#7825 = VECTOR('',#7826,1.);
#7826 = DIRECTION('',(1.,0.,0.));
#7827 = ORIENTED_EDGE('',*,*,#7770,.T.);
#7828 = ORIENTED_EDGE('',*,*,#7354,.T.);
#7829 = ORIENTED_EDGE('',*,*,#7830,.F.);
#7830 = EDGE_CURVE('',#7821,#7355,#7831,.T.);
#7831 = LINE('',#7832,#7833);
#7832 = CARTESIAN_POINT('',(23.5,3.7,10.5));
#7833 = VECTOR('',#7834,1.);
#7834 = DIRECTION('',(0.,0.,1.));
#7835 = PLANE('',#7836);
#7836 = AXIS2_PLACEMENT_3D('',#7837,#7838,#7839);
#7837 = CARTESIAN_POINT('',(-2.5,3.7,10.5));
#7838 = DIRECTION('',(0.,1.,0.));
#7839 = DIRECTION('',(0.,0.,1.));
#7840 = ADVANCED_FACE('',(#7841),#7891,.T.);
#7841 = FACE_BOUND('',#7842,.T.);
#7842 = EDGE_LOOP('',(#7843,#7851,#7852,#7853,#7861,#7869,#7877,#7885));
#7843 = ORIENTED_EDGE('',*,*,#7844,.F.);
#7844 = EDGE_CURVE('',#7796,#7845,#7847,.T.);
#7845 = VERTEX_POINT('',#7846);
#7846 = CARTESIAN_POINT('',(5.8,42.3,12.8));
#7847 = LINE('',#7848,#7849);
#7848 = CARTESIAN_POINT('',(4.,42.3,12.8));
#7849 = VECTOR('',#7850,1.);
#7850 = DIRECTION('',(1.,0.,0.));
#7851 = ORIENTED_EDGE('',*,*,#7804,.T.);
#7852 = ORIENTED_EDGE('',*,*,#7397,.T.);
#7853 = ORIENTED_EDGE('',*,*,#7854,.F.);
#7854 = EDGE_CURVE('',#7855,#7389,#7857,.T.);
#7855 = VERTEX_POINT('',#7856);
#7856 = CARTESIAN_POINT('',(23.5,42.3,12.8));
#7857 = LINE('',#7858,#7859);
#7858 = CARTESIAN_POINT('',(23.5,42.3,10.5));
#7859 = VECTOR('',#7860,1.);
#7860 = DIRECTION('',(0.,0.,1.));
#7861 = ORIENTED_EDGE('',*,*,#7862,.F.);
#7862 = EDGE_CURVE('',#7863,#7855,#7865,.T.);
#7863 = VERTEX_POINT('',#7864);
#7864 = CARTESIAN_POINT('',(22.6,42.3,12.8));
#7865 = LINE('',#7866,#7867);
#7866 = CARTESIAN_POINT('',(4.,42.3,12.8));
#7867 = VECTOR('',#7868,1.);
#7868 = DIRECTION('',(1.,0.,0.));
#7869 = ORIENTED_EDGE('',*,*,#7870,.F.);
#7870 = EDGE_CURVE('',#7871,#7863,#7873,.T.);
#7871 = VERTEX_POINT('',#7872);
#7872 = CARTESIAN_POINT('',(22.6,42.3,17.6));
#7873 = LINE('',#7874,#7875);
#7874 = CARTESIAN_POINT('',(22.6,42.3,11.55));
#7875 = VECTOR('',#7876,1.);
#7876 = DIRECTION('',(0.,0.,-1.));
#7877 = ORIENTED_EDGE('',*,*,#7878,.F.);
#7878 = EDGE_CURVE('',#7879,#7871,#7881,.T.);
#7879 = VERTEX_POINT('',#7880);
#7880 = CARTESIAN_POINT('',(5.8,42.3,17.6));
#7881 = LINE('',#7882,#7883);
#7882 = CARTESIAN_POINT('',(5.85,42.3,17.6));
#7883 = VECTOR('',#7884,1.);
#7884 = DIRECTION('',(1.,0.,0.));
#7885 = ORIENTED_EDGE('',*,*,#7886,.T.);
#7886 = EDGE_CURVE('',#7879,#7845,#7887,.T.);
#7887 = LINE('',#7888,#7889);
#7888 = CARTESIAN_POINT('',(5.8,42.3,11.55));
#7889 = VECTOR('',#7890,1.);
#7890 = DIRECTION('',(0.,0.,-1.));
#7891 = PLANE('',#7892);
#7892 = AXIS2_PLACEMENT_3D('',#7893,#7894,#7895);
#7893 = CARTESIAN_POINT('',(-2.5,42.3,10.5));
#7894 = DIRECTION('',(0.,1.,0.));
#7895 = DIRECTION('',(0.,0.,1.));
#7896 = ADVANCED_FACE('',(#7897),#7909,.T.);
#7897 = FACE_BOUND('',#7898,.F.);
#7898 = EDGE_LOOP('',(#7899,#7900,#7901,#7908));
#7899 = ORIENTED_EDGE('',*,*,#7362,.T.);
#7900 = ORIENTED_EDGE('',*,*,#7584,.F.);
#7901 = ORIENTED_EDGE('',*,*,#7902,.T.);
#7902 = EDGE_CURVE('',#7585,#7821,#7903,.T.);
#7903 = CIRCLE('',#7904,3.8);
#7904 = AXIS2_PLACEMENT_3D('',#7905,#7906,#7907);
#7905 = CARTESIAN_POINT('',(23.5,7.5,12.8));
#7906 = DIRECTION('',(0.,0.,-1.));
#7907 = DIRECTION('',(1.,0.,0.));
#7908 = ORIENTED_EDGE('',*,*,#7830,.T.);
#7909 = CYLINDRICAL_SURFACE('',#7910,3.8);
#7910 = AXIS2_PLACEMENT_3D('',#7911,#7912,#7913);
#7911 = CARTESIAN_POINT('',(23.5,7.5,10.5));
#7912 = DIRECTION('',(-0.,-0.,-1.));
#7913 = DIRECTION('',(1.,0.,0.));
#7914 = ADVANCED_FACE('',(#7915),#7927,.T.);
#7915 = FACE_BOUND('',#7916,.F.);
#7916 = EDGE_LOOP('',(#7917,#7924,#7925,#7926));
#7917 = ORIENTED_EDGE('',*,*,#7918,.T.);
#7918 = EDGE_CURVE('',#7855,#7593,#7919,.T.);
#7919 = CIRCLE('',#7920,3.8);
#7920 = AXIS2_PLACEMENT_3D('',#7921,#7922,#7923);
#7921 = CARTESIAN_POINT('',(23.5,38.5,12.8));
#7922 = DIRECTION('',(0.,0.,-1.));
#7923 = DIRECTION('',(1.,0.,0.));
#7924 = ORIENTED_EDGE('',*,*,#7600,.T.);
#7925 = ORIENTED_EDGE('',*,*,#7388,.T.);
#7926 = ORIENTED_EDGE('',*,*,#7854,.F.);
#7927 = CYLINDRICAL_SURFACE('',#7928,3.8);
#7928 = AXIS2_PLACEMENT_3D('',#7929,#7930,#7931);
#7929 = CARTESIAN_POINT('',(23.5,38.5,10.5));
#7930 = DIRECTION('',(-0.,-0.,-1.));
#7931 = DIRECTION('',(1.,0.,0.));
#7932 = ADVANCED_FACE('',(#7933),#7958,.T.);
#7933 = FACE_BOUND('',#7934,.T.);
#7934 = EDGE_LOOP('',(#7935,#7943,#7951,#7957));
#7935 = ORIENTED_EDGE('',*,*,#7936,.F.);
#7936 = EDGE_CURVE('',#7937,#7430,#7939,.T.);
#7937 = VERTEX_POINT('',#7938);
#7938 = CARTESIAN_POINT('',(-5.74,7.5,11.58));
#7939 = LINE('',#7940,#7941);
#7940 = CARTESIAN_POINT('',(-5.74,7.5,11.58));
#7941 = VECTOR('',#7942,1.);
#7942 = DIRECTION('',(0.,0.,1.));
#7943 = ORIENTED_EDGE('',*,*,#7944,.T.);
#7944 = EDGE_CURVE('',#7937,#7945,#7947,.T.);
#7945 = VERTEX_POINT('',#7946);
#7946 = CARTESIAN_POINT('',(-5.74,38.5,11.58));
#7947 = LINE('',#7948,#7949);
#7948 = CARTESIAN_POINT('',(-5.74,7.5,11.58));
#7949 = VECTOR('',#7950,1.);
#7950 = DIRECTION('',(0.,1.,0.));
#7951 = ORIENTED_EDGE('',*,*,#7952,.T.);
#7952 = EDGE_CURVE('',#7945,#7432,#7953,.T.);
#7953 = LINE('',#7954,#7955);
#7954 = CARTESIAN_POINT('',(-5.74,38.5,11.58));
#7955 = VECTOR('',#7956,1.);
#7956 = DIRECTION('',(0.,0.,1.));
#7957 = ORIENTED_EDGE('',*,*,#7429,.F.);
#7958 = PLANE('',#7959);
#7959 = AXIS2_PLACEMENT_3D('',#7960,#7961,#7962);
#7960 = CARTESIAN_POINT('',(-5.74,7.5,11.58));
#7961 = DIRECTION('',(1.,0.,0.));
#7962 = DIRECTION('',(0.,0.,1.));
#7963 = ADVANCED_FACE('',(#7964),#7983,.F.);
#7964 = FACE_BOUND('',#7965,.T.);
#7965 = EDGE_LOOP('',(#7966,#7975,#7981,#7982));
#7966 = ORIENTED_EDGE('',*,*,#7967,.F.);
#7967 = EDGE_CURVE('',#7968,#7945,#7970,.T.);
#7968 = VERTEX_POINT('',#7969);
#7969 = CARTESIAN_POINT('',(-2.5,41.74,11.58));
#7970 = CIRCLE('',#7971,3.24);
#7971 = AXIS2_PLACEMENT_3D('',#7972,#7973,#7974);
#7972 = CARTESIAN_POINT('',(-2.5,38.5,11.58));
#7973 = DIRECTION('',(0.,0.,1.));
#7974 = DIRECTION('',(1.,0.,0.));
#7975 = ORIENTED_EDGE('',*,*,#7976,.T.);
#7976 = EDGE_CURVE('',#7968,#7514,#7977,.T.);
#7977 = LINE('',#7978,#7979);
#7978 = CARTESIAN_POINT('',(-2.5,41.74,11.58));
#7979 = VECTOR('',#7980,1.);
#7980 = DIRECTION('',(0.,0.,1.));
#7981 = ORIENTED_EDGE('',*,*,#7521,.T.);
#7982 = ORIENTED_EDGE('',*,*,#7952,.F.);
#7983 = CYLINDRICAL_SURFACE('',#7984,3.24);
#7984 = AXIS2_PLACEMENT_3D('',#7985,#7986,#7987);
#7985 = CARTESIAN_POINT('',(-2.5,38.5,11.58));
#7986 = DIRECTION('',(-0.,-0.,-1.));
#7987 = DIRECTION('',(1.,0.,0.));
#7988 = ADVANCED_FACE('',(#7989),#8016,.F.);
#7989 = FACE_BOUND('',#7990,.F.);
#7990 = EDGE_LOOP('',(#7991,#7999,#8000,#8001,#8002,#8010));
#7991 = ORIENTED_EDGE('',*,*,#7992,.F.);
#7992 = EDGE_CURVE('',#7968,#7993,#7995,.T.);
#7993 = VERTEX_POINT('',#7994);
#7994 = CARTESIAN_POINT('',(6.4,41.74,11.58));
#7995 = LINE('',#7996,#7997);
#7996 = CARTESIAN_POINT('',(-2.5,41.74,11.58));
#7997 = VECTOR('',#7998,1.);
#7998 = DIRECTION('',(1.,0.,0.));
#7999 = ORIENTED_EDGE('',*,*,#7976,.T.);
#8000 = ORIENTED_EDGE('',*,*,#7513,.T.);
#8001 = ORIENTED_EDGE('',*,*,#7642,.T.);
#8002 = ORIENTED_EDGE('',*,*,#8003,.F.);
#8003 = EDGE_CURVE('',#8004,#7635,#8006,.T.);
#8004 = VERTEX_POINT('',#8005);
#8005 = CARTESIAN_POINT('',(6.4,41.74,12.6));
#8006 = LINE('',#8007,#8008);
#8007 = CARTESIAN_POINT('',(5.85,41.74,12.6));
#8008 = VECTOR('',#8009,1.);
#8009 = DIRECTION('',(-1.,0.,0.));
#8010 = ORIENTED_EDGE('',*,*,#8011,.T.);
#8011 = EDGE_CURVE('',#8004,#7993,#8012,.T.);
#8012 = LINE('',#8013,#8014);
#8013 = CARTESIAN_POINT('',(6.4,41.74,10.99));
#8014 = VECTOR('',#8015,1.);
#8015 = DIRECTION('',(0.,0.,-1.));
#8016 = PLANE('',#8017);
#8017 = AXIS2_PLACEMENT_3D('',#8018,#8019,#8020);
#8018 = CARTESIAN_POINT('',(-2.5,41.74,11.58));
#8019 = DIRECTION('',(0.,1.,0.));
#8020 = DIRECTION('',(0.,0.,1.));
#8021 = ADVANCED_FACE('',(#8022),#8056,.F.);
#8022 = FACE_BOUND('',#8023,.F.);
#8023 = EDGE_LOOP('',(#8024,#8034,#8042,#8048,#8049,#8050));
#8024 = ORIENTED_EDGE('',*,*,#8025,.F.);
#8025 = EDGE_CURVE('',#8026,#8028,#8030,.T.);
#8026 = VERTEX_POINT('',#8027);
#8027 = CARTESIAN_POINT('',(22.,41.74,11.58));
#8028 = VERTEX_POINT('',#8029);
#8029 = CARTESIAN_POINT('',(23.5,41.74,11.58));
#8030 = LINE('',#8031,#8032);
#8031 = CARTESIAN_POINT('',(-2.5,41.74,11.58));
#8032 = VECTOR('',#8033,1.);
#8033 = DIRECTION('',(1.,0.,0.));
#8034 = ORIENTED_EDGE('',*,*,#8035,.F.);
#8035 = EDGE_CURVE('',#8036,#8026,#8038,.T.);
#8036 = VERTEX_POINT('',#8037);
#8037 = CARTESIAN_POINT('',(22.,41.74,12.6));
#8038 = LINE('',#8039,#8040);
#8039 = CARTESIAN_POINT('',(22.,41.74,10.99));
#8040 = VECTOR('',#8041,1.);
#8041 = DIRECTION('',(0.,0.,-1.));
#8042 = ORIENTED_EDGE('',*,*,#8043,.F.);
#8043 = EDGE_CURVE('',#7715,#8036,#8044,.T.);
#8044 = LINE('',#8045,#8046);
#8045 = CARTESIAN_POINT('',(5.85,41.74,12.6));
#8046 = VECTOR('',#8047,1.);
#8047 = DIRECTION('',(-1.,0.,0.));
#8048 = ORIENTED_EDGE('',*,*,#7722,.F.);
#8049 = ORIENTED_EDGE('',*,*,#7482,.T.);
#8050 = ORIENTED_EDGE('',*,*,#8051,.F.);
#8051 = EDGE_CURVE('',#8028,#7474,#8052,.T.);
#8052 = LINE('',#8053,#8054);
#8053 = CARTESIAN_POINT('',(23.5,41.74,11.58));
#8054 = VECTOR('',#8055,1.);
#8055 = DIRECTION('',(0.,0.,1.));
#8056 = PLANE('',#8057);
#8057 = AXIS2_PLACEMENT_3D('',#8058,#8059,#8060);
#8058 = CARTESIAN_POINT('',(-2.5,41.74,11.58));
#8059 = DIRECTION('',(0.,1.,0.));
#8060 = DIRECTION('',(0.,0.,1.));
#8061 = ADVANCED_FACE('',(#8062),#8081,.F.);
#8062 = FACE_BOUND('',#8063,.T.);
#8063 = EDGE_LOOP('',(#8064,#8073,#8079,#8080));
#8064 = ORIENTED_EDGE('',*,*,#8065,.F.);
#8065 = EDGE_CURVE('',#8066,#8028,#8068,.T.);
#8066 = VERTEX_POINT('',#8067);
#8067 = CARTESIAN_POINT('',(26.74,38.5,11.58));
#8068 = CIRCLE('',#8069,3.24);
#8069 = AXIS2_PLACEMENT_3D('',#8070,#8071,#8072);
#8070 = CARTESIAN_POINT('',(23.5,38.5,11.58));
#8071 = DIRECTION('',(0.,0.,1.));
#8072 = DIRECTION('',(1.,0.,0.));
#8073 = ORIENTED_EDGE('',*,*,#8074,.T.);
#8074 = EDGE_CURVE('',#8066,#7466,#8075,.T.);
#8075 = LINE('',#8076,#8077);
#8076 = CARTESIAN_POINT('',(26.74,38.5,11.58));
#8077 = VECTOR('',#8078,1.);
#8078 = DIRECTION('',(0.,0.,1.));
#8079 = ORIENTED_EDGE('',*,*,#7473,.T.);
#8080 = ORIENTED_EDGE('',*,*,#8051,.F.);
#8081 = CYLINDRICAL_SURFACE('',#8082,3.24);
#8082 = AXIS2_PLACEMENT_3D('',#8083,#8084,#8085);
#8083 = CARTESIAN_POINT('',(23.5,38.5,11.58));
#8084 = DIRECTION('',(-0.,-0.,-1.));
#8085 = DIRECTION('',(1.,0.,0.));
#8086 = ADVANCED_FACE('',(#8087),#8105,.F.);
#8087 = FACE_BOUND('',#8088,.F.);
#8088 = EDGE_LOOP('',(#8089,#8097,#8103,#8104));
#8089 = ORIENTED_EDGE('',*,*,#8090,.F.);
#8090 = EDGE_CURVE('',#8091,#7457,#8093,.T.);
#8091 = VERTEX_POINT('',#8092);
#8092 = CARTESIAN_POINT('',(26.74,7.5,11.58));
#8093 = LINE('',#8094,#8095);
#8094 = CARTESIAN_POINT('',(26.74,7.5,11.58));
#8095 = VECTOR('',#8096,1.);
#8096 = DIRECTION('',(0.,0.,1.));
#8097 = ORIENTED_EDGE('',*,*,#8098,.T.);
#8098 = EDGE_CURVE('',#8091,#8066,#8099,.T.);
#8099 = LINE('',#8100,#8101);
#8100 = CARTESIAN_POINT('',(26.74,7.5,11.58));
#8101 = VECTOR('',#8102,1.);
#8102 = DIRECTION('',(0.,1.,0.));
#8103 = ORIENTED_EDGE('',*,*,#8074,.T.);
#8104 = ORIENTED_EDGE('',*,*,#7465,.F.);
#8105 = PLANE('',#8106);
#8106 = AXIS2_PLACEMENT_3D('',#8107,#8108,#8109);
#8107 = CARTESIAN_POINT('',(26.74,7.5,11.58));
#8108 = DIRECTION('',(1.,0.,0.));
#8109 = DIRECTION('',(0.,0.,1.));
#8110 = ADVANCED_FACE('',(#8111),#8130,.F.);
#8111 = FACE_BOUND('',#8112,.T.);
#8112 = EDGE_LOOP('',(#8113,#8114,#8123,#8129));
#8113 = ORIENTED_EDGE('',*,*,#8090,.F.);
#8114 = ORIENTED_EDGE('',*,*,#8115,.F.);
#8115 = EDGE_CURVE('',#8116,#8091,#8118,.T.);
#8116 = VERTEX_POINT('',#8117);
#8117 = CARTESIAN_POINT('',(23.5,4.26,11.58));
#8118 = CIRCLE('',#8119,3.24);
#8119 = AXIS2_PLACEMENT_3D('',#8120,#8121,#8122);
#8120 = CARTESIAN_POINT('',(23.5,7.5,11.58));
#8121 = DIRECTION('',(0.,0.,1.));
#8122 = DIRECTION('',(1.,0.,0.));
#8123 = ORIENTED_EDGE('',*,*,#8124,.T.);
#8124 = EDGE_CURVE('',#8116,#7449,#8125,.T.);
#8125 = LINE('',#8126,#8127);
#8126 = CARTESIAN_POINT('',(23.5,4.26,11.58));
#8127 = VECTOR('',#8128,1.);
#8128 = DIRECTION('',(0.,0.,1.));
#8129 = ORIENTED_EDGE('',*,*,#7456,.T.);
#8130 = CYLINDRICAL_SURFACE('',#8131,3.24);
#8131 = AXIS2_PLACEMENT_3D('',#8132,#8133,#8134);
#8132 = CARTESIAN_POINT('',(23.5,7.5,11.58));
#8133 = DIRECTION('',(-0.,-0.,-1.));
#8134 = DIRECTION('',(1.,0.,0.));
#8135 = ADVANCED_FACE('',(#8136),#8154,.T.);
#8136 = FACE_BOUND('',#8137,.T.);
#8137 = EDGE_LOOP('',(#8138,#8146,#8152,#8153));
#8138 = ORIENTED_EDGE('',*,*,#8139,.F.);
#8139 = EDGE_CURVE('',#8140,#8116,#8142,.T.);
#8140 = VERTEX_POINT('',#8141);
#8141 = CARTESIAN_POINT('',(-2.5,4.26,11.58));
#8142 = LINE('',#8143,#8144);
#8143 = CARTESIAN_POINT('',(-2.5,4.26,11.58));
#8144 = VECTOR('',#8145,1.);
#8145 = DIRECTION('',(1.,0.,0.));
#8146 = ORIENTED_EDGE('',*,*,#8147,.T.);
#8147 = EDGE_CURVE('',#8140,#7440,#8148,.T.);
#8148 = LINE('',#8149,#8150);
#8149 = CARTESIAN_POINT('',(-2.5,4.26,11.58));
#8150 = VECTOR('',#8151,1.);
#8151 = DIRECTION('',(0.,0.,1.));
#8152 = ORIENTED_EDGE('',*,*,#7448,.T.);
#8153 = ORIENTED_EDGE('',*,*,#8124,.F.);
#8154 = PLANE('',#8155);
#8155 = AXIS2_PLACEMENT_3D('',#8156,#8157,#8158);
#8156 = CARTESIAN_POINT('',(-2.5,4.26,11.58));
#8157 = DIRECTION('',(0.,1.,0.));
#8158 = DIRECTION('',(0.,0.,1.));
#8159 = ADVANCED_FACE('',(#8160),#8172,.F.);
#8160 = FACE_BOUND('',#8161,.T.);
#8161 = EDGE_LOOP('',(#8162,#8163,#8170,#8171));
#8162 = ORIENTED_EDGE('',*,*,#8147,.F.);
#8163 = ORIENTED_EDGE('',*,*,#8164,.F.);
#8164 = EDGE_CURVE('',#7937,#8140,#8165,.T.);
#8165 = CIRCLE('',#8166,3.24);
#8166 = AXIS2_PLACEMENT_3D('',#8167,#8168,#8169);
#8167 = CARTESIAN_POINT('',(-2.5,7.5,11.58));
#8168 = DIRECTION('',(0.,0.,1.));
#8169 = DIRECTION('',(1.,0.,0.));
#8170 = ORIENTED_EDGE('',*,*,#7936,.T.);
#8171 = ORIENTED_EDGE('',*,*,#7439,.T.);
#8172 = CYLINDRICAL_SURFACE('',#8173,3.24);
#8173 = AXIS2_PLACEMENT_3D('',#8174,#8175,#8176);
#8174 = CARTESIAN_POINT('',(-2.5,7.5,11.58));
#8175 = DIRECTION('',(-0.,-0.,-1.));
#8176 = DIRECTION('',(1.,0.,0.));
#8177 = ADVANCED_FACE('',(#8178),#8279,.T.);
#8178 = FACE_BOUND('',#8179,.T.);
#8179 = EDGE_LOOP('',(#8180,#8190,#8199,#8207,#8216,#8224,#8233,#8241,
    #8247,#8248,#8249,#8250,#8251,#8252,#8253,#8254,#8255,#8256,#8264,
    #8272));
#8180 = ORIENTED_EDGE('',*,*,#8181,.F.);
#8181 = EDGE_CURVE('',#8182,#8184,#8186,.T.);
#8182 = VERTEX_POINT('',#8183);
#8183 = CARTESIAN_POINT('',(-6.65,7.5,12.8));
#8184 = VERTEX_POINT('',#8185);
#8185 = CARTESIAN_POINT('',(-6.65,38.5,12.8));
#8186 = LINE('',#8187,#8188);
#8187 = CARTESIAN_POINT('',(-6.65,7.5,12.8));
#8188 = VECTOR('',#8189,1.);
#8189 = DIRECTION('',(0.,1.,0.));
#8190 = ORIENTED_EDGE('',*,*,#8191,.T.);
#8191 = EDGE_CURVE('',#8182,#8192,#8194,.T.);
#8192 = VERTEX_POINT('',#8193);
#8193 = CARTESIAN_POINT('',(-2.5,3.35,12.8));
#8194 = CIRCLE('',#8195,4.15);
#8195 = AXIS2_PLACEMENT_3D('',#8196,#8197,#8198);
#8196 = CARTESIAN_POINT('',(-2.5,7.5,12.8));
#8197 = DIRECTION('',(0.,0.,1.));
#8198 = DIRECTION('',(1.,0.,0.));
#8199 = ORIENTED_EDGE('',*,*,#8200,.T.);
#8200 = EDGE_CURVE('',#8192,#8201,#8203,.T.);
#8201 = VERTEX_POINT('',#8202);
#8202 = CARTESIAN_POINT('',(23.5,3.35,12.8));
#8203 = LINE('',#8204,#8205);
#8204 = CARTESIAN_POINT('',(-2.5,3.35,12.8));
#8205 = VECTOR('',#8206,1.);
#8206 = DIRECTION('',(1.,0.,0.));
#8207 = ORIENTED_EDGE('',*,*,#8208,.T.);
#8208 = EDGE_CURVE('',#8201,#8209,#8211,.T.);
#8209 = VERTEX_POINT('',#8210);
#8210 = CARTESIAN_POINT('',(27.65,7.5,12.8));
#8211 = CIRCLE('',#8212,4.15);
#8212 = AXIS2_PLACEMENT_3D('',#8213,#8214,#8215);
#8213 = CARTESIAN_POINT('',(23.5,7.5,12.8));
#8214 = DIRECTION('',(0.,0.,1.));
#8215 = DIRECTION('',(1.,0.,0.));
#8216 = ORIENTED_EDGE('',*,*,#8217,.T.);
#8217 = EDGE_CURVE('',#8209,#8218,#8220,.T.);
#8218 = VERTEX_POINT('',#8219);
#8219 = CARTESIAN_POINT('',(27.65,38.5,12.8));
#8220 = LINE('',#8221,#8222);
#8221 = CARTESIAN_POINT('',(27.65,7.5,12.8));
#8222 = VECTOR('',#8223,1.);
#8223 = DIRECTION('',(0.,1.,0.));
#8224 = ORIENTED_EDGE('',*,*,#8225,.T.);
#8225 = EDGE_CURVE('',#8218,#8226,#8228,.T.);
#8226 = VERTEX_POINT('',#8227);
#8227 = CARTESIAN_POINT('',(23.5,42.65,12.8));
#8228 = CIRCLE('',#8229,4.15);
#8229 = AXIS2_PLACEMENT_3D('',#8230,#8231,#8232);
#8230 = CARTESIAN_POINT('',(23.5,38.5,12.8));
#8231 = DIRECTION('',(0.,0.,1.));
#8232 = DIRECTION('',(1.,0.,0.));
#8233 = ORIENTED_EDGE('',*,*,#8234,.F.);
#8234 = EDGE_CURVE('',#8235,#8226,#8237,.T.);
#8235 = VERTEX_POINT('',#8236);
#8236 = CARTESIAN_POINT('',(22.6,42.65,12.8));
#8237 = LINE('',#8238,#8239);
#8238 = CARTESIAN_POINT('',(-2.5,42.65,12.8));
#8239 = VECTOR('',#8240,1.);
#8240 = DIRECTION('',(1.,0.,0.));
#8241 = ORIENTED_EDGE('',*,*,#8242,.F.);
#8242 = EDGE_CURVE('',#7863,#8235,#8243,.T.);
#8243 = LINE('',#8244,#8245);
#8244 = CARTESIAN_POINT('',(22.6,31.7,12.8));
#8245 = VECTOR('',#8246,1.);
#8246 = DIRECTION('',(0.,1.,0.));
#8247 = ORIENTED_EDGE('',*,*,#7862,.T.);
#8248 = ORIENTED_EDGE('',*,*,#7918,.T.);
#8249 = ORIENTED_EDGE('',*,*,#7592,.T.);
#8250 = ORIENTED_EDGE('',*,*,#7902,.T.);
#8251 = ORIENTED_EDGE('',*,*,#7820,.F.);
#8252 = ORIENTED_EDGE('',*,*,#7778,.T.);
#8253 = ORIENTED_EDGE('',*,*,#7747,.F.);
#8254 = ORIENTED_EDGE('',*,*,#7795,.T.);
#8255 = ORIENTED_EDGE('',*,*,#7844,.T.);
#8256 = ORIENTED_EDGE('',*,*,#8257,.T.);
#8257 = EDGE_CURVE('',#7845,#8258,#8260,.T.);
#8258 = VERTEX_POINT('',#8259);
#8259 = CARTESIAN_POINT('',(5.8,42.65,12.8));
#8260 = LINE('',#8261,#8262);
#8261 = CARTESIAN_POINT('',(5.8,31.7,12.8));
#8262 = VECTOR('',#8263,1.);
#8263 = DIRECTION('',(0.,1.,0.));
#8264 = ORIENTED_EDGE('',*,*,#8265,.F.);
#8265 = EDGE_CURVE('',#8266,#8258,#8268,.T.);
#8266 = VERTEX_POINT('',#8267);
#8267 = CARTESIAN_POINT('',(-2.5,42.65,12.8));
#8268 = LINE('',#8269,#8270);
#8269 = CARTESIAN_POINT('',(-2.5,42.65,12.8));
#8270 = VECTOR('',#8271,1.);
#8271 = DIRECTION('',(1.,0.,0.));
#8272 = ORIENTED_EDGE('',*,*,#8273,.T.);
#8273 = EDGE_CURVE('',#8266,#8184,#8274,.T.);
#8274 = CIRCLE('',#8275,4.15);
#8275 = AXIS2_PLACEMENT_3D('',#8276,#8277,#8278);
#8276 = CARTESIAN_POINT('',(-2.5,38.5,12.8));
#8277 = DIRECTION('',(0.,0.,1.));
#8278 = DIRECTION('',(1.,0.,0.));
#8279 = PLANE('',#8280);
#8280 = AXIS2_PLACEMENT_3D('',#8281,#8282,#8283);
#8281 = CARTESIAN_POINT('',(10.5,23.,12.8));
#8282 = DIRECTION('',(0.,0.,1.));
#8283 = DIRECTION('',(1.,0.,0.));
#8284 = ADVANCED_FACE('',(#8285),#8321,.T.);
#8285 = FACE_BOUND('',#8286,.F.);
#8286 = EDGE_LOOP('',(#8287,#8295,#8304,#8312,#8319,#8320));
#8287 = ORIENTED_EDGE('',*,*,#8288,.F.);
#8288 = EDGE_CURVE('',#8289,#7666,#8291,.T.);
#8289 = VERTEX_POINT('',#8290);
#8290 = CARTESIAN_POINT('',(6.8,39.4,16.8));
#8291 = LINE('',#8292,#8293);
#8292 = CARTESIAN_POINT('',(6.8,39.4,12.6));
#8293 = VECTOR('',#8294,1.);
#8294 = DIRECTION('',(0.,0.,1.));
#8295 = ORIENTED_EDGE('',*,*,#8296,.T.);
#8296 = EDGE_CURVE('',#8289,#8297,#8299,.T.);
#8297 = VERTEX_POINT('',#8298);
#8298 = CARTESIAN_POINT('',(6.6,39.420204102887,16.8));
#8299 = CIRCLE('',#8300,1.);
#8300 = AXIS2_PLACEMENT_3D('',#8301,#8302,#8303);
#8301 = CARTESIAN_POINT('',(6.8,40.4,16.8));
#8302 = DIRECTION('',(0.,0.,-1.));
#8303 = DIRECTION('',(1.,0.,0.));
#8304 = ORIENTED_EDGE('',*,*,#8305,.T.);
#8305 = EDGE_CURVE('',#8297,#8306,#8308,.T.);
#8306 = VERTEX_POINT('',#8307);
#8307 = CARTESIAN_POINT('',(6.6,39.420204102887,12.6));
#8308 = LINE('',#8309,#8310);
#8309 = CARTESIAN_POINT('',(6.6,39.420204102887,12.6));
#8310 = VECTOR('',#8311,1.);
#8311 = DIRECTION('',(-0.,-0.,-1.));
#8312 = ORIENTED_EDGE('',*,*,#8313,.F.);
#8313 = EDGE_CURVE('',#7625,#8306,#8314,.T.);
#8314 = CIRCLE('',#8315,1.);
#8315 = AXIS2_PLACEMENT_3D('',#8316,#8317,#8318);
#8316 = CARTESIAN_POINT('',(6.8,40.4,12.6));
#8317 = DIRECTION('',(0.,0.,1.));
#8318 = DIRECTION('',(1.,0.,0.));
#8319 = ORIENTED_EDGE('',*,*,#7624,.T.);
#8320 = ORIENTED_EDGE('',*,*,#7665,.T.);
#8321 = CYLINDRICAL_SURFACE('',#8322,1.);
#8322 = AXIS2_PLACEMENT_3D('',#8323,#8324,#8325);
#8323 = CARTESIAN_POINT('',(6.8,40.4,12.6));
#8324 = DIRECTION('',(-0.,-0.,-1.));
#8325 = DIRECTION('',(1.,0.,0.));
#8326 = ADVANCED_FACE('',(#8327),#8437,.T.);
#8327 = FACE_BOUND('',#8328,.T.);
#8328 = EDGE_LOOP('',(#8329,#8330,#8331,#8332,#8340,#8348,#8356,#8365,
    #8373,#8382,#8390,#8398,#8404,#8405,#8406,#8415,#8423,#8431));
#8329 = ORIENTED_EDGE('',*,*,#8313,.F.);
#8330 = ORIENTED_EDGE('',*,*,#7634,.T.);
#8331 = ORIENTED_EDGE('',*,*,#8003,.F.);
#8332 = ORIENTED_EDGE('',*,*,#8333,.T.);
#8333 = EDGE_CURVE('',#8004,#8334,#8336,.T.);
#8334 = VERTEX_POINT('',#8335);
#8335 = CARTESIAN_POINT('',(6.4,42.65,12.6));
#8336 = LINE('',#8337,#8338);
#8337 = CARTESIAN_POINT('',(6.4,41.05,12.6));
#8338 = VECTOR('',#8339,1.);
#8339 = DIRECTION('',(0.,1.,0.));
#8340 = ORIENTED_EDGE('',*,*,#8341,.T.);
#8341 = EDGE_CURVE('',#8334,#8342,#8344,.T.);
#8342 = VERTEX_POINT('',#8343);
#8343 = CARTESIAN_POINT('',(5.8,42.65,12.6));
#8344 = LINE('',#8345,#8346);
#8345 = CARTESIAN_POINT('',(5.85,42.65,12.6));
#8346 = VECTOR('',#8347,1.);
#8347 = DIRECTION('',(-1.,0.,0.));
#8348 = ORIENTED_EDGE('',*,*,#8349,.T.);
#8349 = EDGE_CURVE('',#8342,#8350,#8352,.T.);
#8350 = VERTEX_POINT('',#8351);
#8351 = CARTESIAN_POINT('',(5.8,45.2,12.6));
#8352 = LINE('',#8353,#8354);
#8353 = CARTESIAN_POINT('',(5.8,40.4,12.6));
#8354 = VECTOR('',#8355,1.);
#8355 = DIRECTION('',(0.,1.,0.));
#8356 = ORIENTED_EDGE('',*,*,#8357,.F.);
#8357 = EDGE_CURVE('',#8358,#8350,#8360,.T.);
#8358 = VERTEX_POINT('',#8359);
#8359 = CARTESIAN_POINT('',(6.8,46.2,12.6));
#8360 = CIRCLE('',#8361,1.);
#8361 = AXIS2_PLACEMENT_3D('',#8362,#8363,#8364);
#8362 = CARTESIAN_POINT('',(6.8,45.2,12.6));
#8363 = DIRECTION('',(0.,0.,1.));
#8364 = DIRECTION('',(1.,0.,0.));
#8365 = ORIENTED_EDGE('',*,*,#8366,.T.);
#8366 = EDGE_CURVE('',#8358,#8367,#8369,.T.);
#8367 = VERTEX_POINT('',#8368);
#8368 = CARTESIAN_POINT('',(21.6,46.2,12.6));
#8369 = LINE('',#8370,#8371);
#8370 = CARTESIAN_POINT('',(6.8,46.2,12.6));
#8371 = VECTOR('',#8372,1.);
#8372 = DIRECTION('',(1.,0.,0.));
#8373 = ORIENTED_EDGE('',*,*,#8374,.F.);
#8374 = EDGE_CURVE('',#8375,#8367,#8377,.T.);
#8375 = VERTEX_POINT('',#8376);
#8376 = CARTESIAN_POINT('',(22.6,45.2,12.6));
#8377 = CIRCLE('',#8378,1.);
#8378 = AXIS2_PLACEMENT_3D('',#8379,#8380,#8381);
#8379 = CARTESIAN_POINT('',(21.6,45.2,12.6));
#8380 = DIRECTION('',(0.,0.,1.));
#8381 = DIRECTION('',(1.,0.,0.));
#8382 = ORIENTED_EDGE('',*,*,#8383,.F.);
#8383 = EDGE_CURVE('',#8384,#8375,#8386,.T.);
#8384 = VERTEX_POINT('',#8385);
#8385 = CARTESIAN_POINT('',(22.6,42.65,12.6));
#8386 = LINE('',#8387,#8388);
#8387 = CARTESIAN_POINT('',(22.6,40.4,12.6));
#8388 = VECTOR('',#8389,1.);
#8389 = DIRECTION('',(0.,1.,0.));
#8390 = ORIENTED_EDGE('',*,*,#8391,.T.);
#8391 = EDGE_CURVE('',#8384,#8392,#8394,.T.);
#8392 = VERTEX_POINT('',#8393);
#8393 = CARTESIAN_POINT('',(22.,42.65,12.6));
#8394 = LINE('',#8395,#8396);
#8395 = CARTESIAN_POINT('',(5.85,42.65,12.6));
#8396 = VECTOR('',#8397,1.);
#8397 = DIRECTION('',(-1.,0.,0.));
#8398 = ORIENTED_EDGE('',*,*,#8399,.F.);
#8399 = EDGE_CURVE('',#8036,#8392,#8400,.T.);
#8400 = LINE('',#8401,#8402);
#8401 = CARTESIAN_POINT('',(22.,41.05,12.6));
#8402 = VECTOR('',#8403,1.);
#8403 = DIRECTION('',(0.,1.,0.));
#8404 = ORIENTED_EDGE('',*,*,#8043,.F.);
#8405 = ORIENTED_EDGE('',*,*,#7714,.F.);
#8406 = ORIENTED_EDGE('',*,*,#8407,.F.);
#8407 = EDGE_CURVE('',#8408,#7707,#8410,.T.);
#8408 = VERTEX_POINT('',#8409);
#8409 = CARTESIAN_POINT('',(21.8,39.420204102887,12.6));
#8410 = CIRCLE('',#8411,1.);
#8411 = AXIS2_PLACEMENT_3D('',#8412,#8413,#8414);
#8412 = CARTESIAN_POINT('',(21.6,40.4,12.6));
#8413 = DIRECTION('',(0.,0.,1.));
#8414 = DIRECTION('',(1.,0.,0.));
#8415 = ORIENTED_EDGE('',*,*,#8416,.F.);
#8416 = EDGE_CURVE('',#8417,#8408,#8419,.T.);
#8417 = VERTEX_POINT('',#8418);
#8418 = CARTESIAN_POINT('',(21.8,45.4,12.6));
#8419 = LINE('',#8420,#8421);
#8420 = CARTESIAN_POINT('',(21.8,41.05,12.6));
#8421 = VECTOR('',#8422,1.);
#8422 = DIRECTION('',(0.,-1.,0.));
#8423 = ORIENTED_EDGE('',*,*,#8424,.F.);
#8424 = EDGE_CURVE('',#8425,#8417,#8427,.T.);
#8425 = VERTEX_POINT('',#8426);
#8426 = CARTESIAN_POINT('',(6.6,45.4,12.6));
#8427 = LINE('',#8428,#8429);
#8428 = CARTESIAN_POINT('',(10.4,45.4,12.6));
#8429 = VECTOR('',#8430,1.);
#8430 = DIRECTION('',(1.,0.,0.));
#8431 = ORIENTED_EDGE('',*,*,#8432,.T.);
#8432 = EDGE_CURVE('',#8425,#8306,#8433,.T.);
#8433 = LINE('',#8434,#8435);
#8434 = CARTESIAN_POINT('',(6.6,41.05,12.6));
#8435 = VECTOR('',#8436,1.);
#8436 = DIRECTION('',(0.,-1.,0.));
#8437 = PLANE('',#8438);
#8438 = AXIS2_PLACEMENT_3D('',#8439,#8440,#8441);
#8439 = CARTESIAN_POINT('',(14.2,42.8,12.6));
#8440 = DIRECTION('',(-0.,-0.,-1.));
#8441 = DIRECTION('',(-1.,0.,0.));
#8442 = ADVANCED_FACE('',(#8443),#8471,.T.);
#8443 = FACE_BOUND('',#8444,.F.);
#8444 = EDGE_LOOP('',(#8445,#8446,#8447,#8455,#8464,#8470));
#8445 = ORIENTED_EDGE('',*,*,#7706,.F.);
#8446 = ORIENTED_EDGE('',*,*,#8407,.F.);
#8447 = ORIENTED_EDGE('',*,*,#8448,.F.);
#8448 = EDGE_CURVE('',#8449,#8408,#8451,.T.);
#8449 = VERTEX_POINT('',#8450);
#8450 = CARTESIAN_POINT('',(21.8,39.420204102886,16.8));
#8451 = LINE('',#8452,#8453);
#8452 = CARTESIAN_POINT('',(21.8,39.420204102887,12.6));
#8453 = VECTOR('',#8454,1.);
#8454 = DIRECTION('',(-0.,-0.,-1.));
#8455 = ORIENTED_EDGE('',*,*,#8456,.T.);
#8456 = EDGE_CURVE('',#8449,#8457,#8459,.T.);
#8457 = VERTEX_POINT('',#8458);
#8458 = CARTESIAN_POINT('',(21.6,39.4,16.8));
#8459 = CIRCLE('',#8460,1.);
#8460 = AXIS2_PLACEMENT_3D('',#8461,#8462,#8463);
#8461 = CARTESIAN_POINT('',(21.6,40.4,16.8));
#8462 = DIRECTION('',(0.,0.,-1.));
#8463 = DIRECTION('',(1.,0.,0.));
#8464 = ORIENTED_EDGE('',*,*,#8465,.T.);
#8465 = EDGE_CURVE('',#8457,#7675,#8466,.T.);
#8466 = LINE('',#8467,#8468);
#8467 = CARTESIAN_POINT('',(21.6,39.4,12.6));
#8468 = VECTOR('',#8469,1.);
#8469 = DIRECTION('',(0.,0.,1.));
#8470 = ORIENTED_EDGE('',*,*,#7682,.T.);
#8471 = CYLINDRICAL_SURFACE('',#8472,1.);
#8472 = AXIS2_PLACEMENT_3D('',#8473,#8474,#8475);
#8473 = CARTESIAN_POINT('',(21.6,40.4,12.6));
#8474 = DIRECTION('',(-0.,-0.,-1.));
#8475 = DIRECTION('',(1.,0.,0.));
#8476 = ADVANCED_FACE('',(#8477),#8488,.F.);
#8477 = FACE_BOUND('',#8478,.F.);
#8478 = EDGE_LOOP('',(#8479,#8485,#8486,#8487));
#8479 = ORIENTED_EDGE('',*,*,#8480,.F.);
#8480 = EDGE_CURVE('',#8289,#8457,#8481,.T.);
#8481 = LINE('',#8482,#8483);
#8482 = CARTESIAN_POINT('',(6.7,39.4,16.8));
#8483 = VECTOR('',#8484,1.);
#8484 = DIRECTION('',(1.,0.,0.));
#8485 = ORIENTED_EDGE('',*,*,#8288,.T.);
#8486 = ORIENTED_EDGE('',*,*,#7674,.T.);
#8487 = ORIENTED_EDGE('',*,*,#8465,.F.);
#8488 = PLANE('',#8489);
#8489 = AXIS2_PLACEMENT_3D('',#8490,#8491,#8492);
#8490 = CARTESIAN_POINT('',(6.8,39.4,12.6));
#8491 = DIRECTION('',(0.,1.,0.));
#8492 = DIRECTION('',(0.,0.,1.));
#8493 = ADVANCED_FACE('',(#8494),#8519,.F.);
#8494 = FACE_BOUND('',#8495,.F.);
#8495 = EDGE_LOOP('',(#8496,#8502,#8503,#8511,#8517,#8518));
#8496 = ORIENTED_EDGE('',*,*,#8497,.T.);
#8497 = EDGE_CURVE('',#8258,#8342,#8498,.T.);
#8498 = LINE('',#8499,#8500);
#8499 = CARTESIAN_POINT('',(5.8,42.65,12.05));
#8500 = VECTOR('',#8501,1.);
#8501 = DIRECTION('',(0.,0.,-1.));
#8502 = ORIENTED_EDGE('',*,*,#8349,.T.);
#8503 = ORIENTED_EDGE('',*,*,#8504,.T.);
#8504 = EDGE_CURVE('',#8350,#8505,#8507,.T.);
#8505 = VERTEX_POINT('',#8506);
#8506 = CARTESIAN_POINT('',(5.8,45.2,17.6));
#8507 = LINE('',#8508,#8509);
#8508 = CARTESIAN_POINT('',(5.8,45.2,12.6));
#8509 = VECTOR('',#8510,1.);
#8510 = DIRECTION('',(0.,0.,1.));
#8511 = ORIENTED_EDGE('',*,*,#8512,.F.);
#8512 = EDGE_CURVE('',#7879,#8505,#8513,.T.);
#8513 = LINE('',#8514,#8515);
#8514 = CARTESIAN_POINT('',(5.8,40.4,17.6));
#8515 = VECTOR('',#8516,1.);
#8516 = DIRECTION('',(0.,1.,0.));
#8517 = ORIENTED_EDGE('',*,*,#7886,.T.);
#8518 = ORIENTED_EDGE('',*,*,#8257,.T.);
#8519 = PLANE('',#8520);
#8520 = AXIS2_PLACEMENT_3D('',#8521,#8522,#8523);
#8521 = CARTESIAN_POINT('',(5.8,40.4,12.6));
#8522 = DIRECTION('',(1.,0.,0.));
#8523 = DIRECTION('',(0.,0.,1.));
#8524 = ADVANCED_FACE('',(#8525),#8561,.T.);
#8525 = FACE_BOUND('',#8526,.T.);
#8526 = EDGE_LOOP('',(#8527,#8528,#8529,#8537,#8546,#8554));
#8527 = ORIENTED_EDGE('',*,*,#8512,.F.);
#8528 = ORIENTED_EDGE('',*,*,#7878,.T.);
#8529 = ORIENTED_EDGE('',*,*,#8530,.T.);
#8530 = EDGE_CURVE('',#7871,#8531,#8533,.T.);
#8531 = VERTEX_POINT('',#8532);
#8532 = CARTESIAN_POINT('',(22.6,45.2,17.6));
#8533 = LINE('',#8534,#8535);
#8534 = CARTESIAN_POINT('',(22.6,40.4,17.6));
#8535 = VECTOR('',#8536,1.);
#8536 = DIRECTION('',(0.,1.,0.));
#8537 = ORIENTED_EDGE('',*,*,#8538,.T.);
#8538 = EDGE_CURVE('',#8531,#8539,#8541,.T.);
#8539 = VERTEX_POINT('',#8540);
#8540 = CARTESIAN_POINT('',(21.6,46.2,17.6));
#8541 = CIRCLE('',#8542,1.);
#8542 = AXIS2_PLACEMENT_3D('',#8543,#8544,#8545);
#8543 = CARTESIAN_POINT('',(21.6,45.2,17.6));
#8544 = DIRECTION('',(0.,0.,1.));
#8545 = DIRECTION('',(1.,0.,0.));
#8546 = ORIENTED_EDGE('',*,*,#8547,.F.);
#8547 = EDGE_CURVE('',#8548,#8539,#8550,.T.);
#8548 = VERTEX_POINT('',#8549);
#8549 = CARTESIAN_POINT('',(6.8,46.2,17.6));
#8550 = LINE('',#8551,#8552);
#8551 = CARTESIAN_POINT('',(6.8,46.2,17.6));
#8552 = VECTOR('',#8553,1.);
#8553 = DIRECTION('',(1.,0.,0.));
#8554 = ORIENTED_EDGE('',*,*,#8555,.T.);
#8555 = EDGE_CURVE('',#8548,#8505,#8556,.T.);
#8556 = CIRCLE('',#8557,1.);
#8557 = AXIS2_PLACEMENT_3D('',#8558,#8559,#8560);
#8558 = CARTESIAN_POINT('',(6.8,45.2,17.6));
#8559 = DIRECTION('',(0.,0.,1.));
#8560 = DIRECTION('',(1.,0.,0.));
#8561 = PLANE('',#8562);
#8562 = AXIS2_PLACEMENT_3D('',#8563,#8564,#8565);
#8563 = CARTESIAN_POINT('',(14.2,42.8,17.6));
#8564 = DIRECTION('',(0.,0.,1.));
#8565 = DIRECTION('',(1.,0.,0.));
#8566 = ADVANCED_FACE('',(#8567),#8585,.T.);
#8567 = FACE_BOUND('',#8568,.T.);
#8568 = EDGE_LOOP('',(#8569,#8575,#8576,#8582,#8583,#8584));
#8569 = ORIENTED_EDGE('',*,*,#8570,.T.);
#8570 = EDGE_CURVE('',#8235,#8384,#8571,.T.);
#8571 = LINE('',#8572,#8573);
#8572 = CARTESIAN_POINT('',(22.6,42.65,12.05));
#8573 = VECTOR('',#8574,1.);
#8574 = DIRECTION('',(0.,0.,-1.));
#8575 = ORIENTED_EDGE('',*,*,#8383,.T.);
#8576 = ORIENTED_EDGE('',*,*,#8577,.T.);
#8577 = EDGE_CURVE('',#8375,#8531,#8578,.T.);
#8578 = LINE('',#8579,#8580);
#8579 = CARTESIAN_POINT('',(22.6,45.2,12.6));
#8580 = VECTOR('',#8581,1.);
#8581 = DIRECTION('',(0.,0.,1.));
#8582 = ORIENTED_EDGE('',*,*,#8530,.F.);
#8583 = ORIENTED_EDGE('',*,*,#7870,.T.);
#8584 = ORIENTED_EDGE('',*,*,#8242,.T.);
#8585 = PLANE('',#8586);
#8586 = AXIS2_PLACEMENT_3D('',#8587,#8588,#8589);
#8587 = CARTESIAN_POINT('',(22.6,40.4,12.6));
#8588 = DIRECTION('',(1.,0.,0.));
#8589 = DIRECTION('',(0.,0.,1.));
#8590 = ADVANCED_FACE('',(#8591),#8692,.F.);
#8591 = FACE_BOUND('',#8592,.F.);
#8592 = EDGE_LOOP('',(#8593,#8594,#8595,#8596,#8597,#8605,#8613,#8622,
    #8630,#8639,#8647,#8656,#8664,#8673,#8681,#8687,#8688,#8689,#8690,
    #8691));
#8593 = ORIENTED_EDGE('',*,*,#8164,.F.);
#8594 = ORIENTED_EDGE('',*,*,#7944,.T.);
#8595 = ORIENTED_EDGE('',*,*,#7967,.F.);
#8596 = ORIENTED_EDGE('',*,*,#7992,.T.);
#8597 = ORIENTED_EDGE('',*,*,#8598,.T.);
#8598 = EDGE_CURVE('',#7993,#8599,#8601,.T.);
#8599 = VERTEX_POINT('',#8600);
#8600 = CARTESIAN_POINT('',(6.4,41.5,11.58));
#8601 = LINE('',#8602,#8603);
#8602 = CARTESIAN_POINT('',(6.4,31.15,11.58));
#8603 = VECTOR('',#8604,1.);
#8604 = DIRECTION('',(0.,-1.,0.));
#8605 = ORIENTED_EDGE('',*,*,#8606,.T.);
#8606 = EDGE_CURVE('',#8599,#8607,#8609,.T.);
#8607 = VERTEX_POINT('',#8608);
#8608 = CARTESIAN_POINT('',(-2.5,41.5,11.58));
#8609 = LINE('',#8610,#8611);
#8610 = CARTESIAN_POINT('',(4.,41.5,11.58));
#8611 = VECTOR('',#8612,1.);
#8612 = DIRECTION('',(-1.,0.,0.));
#8613 = ORIENTED_EDGE('',*,*,#8614,.F.);
#8614 = EDGE_CURVE('',#8615,#8607,#8617,.T.);
#8615 = VERTEX_POINT('',#8616);
#8616 = CARTESIAN_POINT('',(-5.5,38.5,11.58));
#8617 = CIRCLE('',#8618,3.);
#8618 = AXIS2_PLACEMENT_3D('',#8619,#8620,#8621);
#8619 = CARTESIAN_POINT('',(-2.5,38.5,11.58));
#8620 = DIRECTION('',(0.,0.,-1.));
#8621 = DIRECTION('',(1.,0.,0.));
#8622 = ORIENTED_EDGE('',*,*,#8623,.F.);
#8623 = EDGE_CURVE('',#8624,#8615,#8626,.T.);
#8624 = VERTEX_POINT('',#8625);
#8625 = CARTESIAN_POINT('',(-5.5,7.5,11.58));
#8626 = LINE('',#8627,#8628);
#8627 = CARTESIAN_POINT('',(-5.5,15.25,11.58));
#8628 = VECTOR('',#8629,1.);
#8629 = DIRECTION('',(0.,1.,0.));
#8630 = ORIENTED_EDGE('',*,*,#8631,.F.);
#8631 = EDGE_CURVE('',#8632,#8624,#8634,.T.);
#8632 = VERTEX_POINT('',#8633);
#8633 = CARTESIAN_POINT('',(-2.5,4.5,11.58));
#8634 = CIRCLE('',#8635,3.);
#8635 = AXIS2_PLACEMENT_3D('',#8636,#8637,#8638);
#8636 = CARTESIAN_POINT('',(-2.5,7.5,11.58));
#8637 = DIRECTION('',(0.,0.,-1.));
#8638 = DIRECTION('',(1.,0.,0.));
#8639 = ORIENTED_EDGE('',*,*,#8640,.F.);
#8640 = EDGE_CURVE('',#8641,#8632,#8643,.T.);
#8641 = VERTEX_POINT('',#8642);
#8642 = CARTESIAN_POINT('',(23.5,4.5,11.58));
#8643 = LINE('',#8644,#8645);
#8644 = CARTESIAN_POINT('',(4.,4.5,11.58));
#8645 = VECTOR('',#8646,1.);
#8646 = DIRECTION('',(-1.,0.,0.));
#8647 = ORIENTED_EDGE('',*,*,#8648,.F.);
#8648 = EDGE_CURVE('',#8649,#8641,#8651,.T.);
#8649 = VERTEX_POINT('',#8650);
#8650 = CARTESIAN_POINT('',(26.5,7.5,11.58));
#8651 = CIRCLE('',#8652,3.);
#8652 = AXIS2_PLACEMENT_3D('',#8653,#8654,#8655);
#8653 = CARTESIAN_POINT('',(23.5,7.5,11.58));
#8654 = DIRECTION('',(0.,0.,-1.));
#8655 = DIRECTION('',(1.,0.,0.));
#8656 = ORIENTED_EDGE('',*,*,#8657,.T.);
#8657 = EDGE_CURVE('',#8649,#8658,#8660,.T.);
#8658 = VERTEX_POINT('',#8659);
#8659 = CARTESIAN_POINT('',(26.5,38.5,11.58));
#8660 = LINE('',#8661,#8662);
#8661 = CARTESIAN_POINT('',(26.5,15.25,11.58));
#8662 = VECTOR('',#8663,1.);
#8663 = DIRECTION('',(0.,1.,0.));
#8664 = ORIENTED_EDGE('',*,*,#8665,.F.);
#8665 = EDGE_CURVE('',#8666,#8658,#8668,.T.);
#8666 = VERTEX_POINT('',#8667);
#8667 = CARTESIAN_POINT('',(23.5,41.5,11.58));
#8668 = CIRCLE('',#8669,3.);
#8669 = AXIS2_PLACEMENT_3D('',#8670,#8671,#8672);
#8670 = CARTESIAN_POINT('',(23.5,38.5,11.58));
#8671 = DIRECTION('',(0.,0.,-1.));
#8672 = DIRECTION('',(1.,0.,0.));
#8673 = ORIENTED_EDGE('',*,*,#8674,.T.);
#8674 = EDGE_CURVE('',#8666,#8675,#8677,.T.);
#8675 = VERTEX_POINT('',#8676);
#8676 = CARTESIAN_POINT('',(22.,41.5,11.58));
#8677 = LINE('',#8678,#8679);
#8678 = CARTESIAN_POINT('',(4.,41.5,11.58));
#8679 = VECTOR('',#8680,1.);
#8680 = DIRECTION('',(-1.,0.,0.));
#8681 = ORIENTED_EDGE('',*,*,#8682,.F.);
#8682 = EDGE_CURVE('',#8026,#8675,#8683,.T.);
#8683 = LINE('',#8684,#8685);
#8684 = CARTESIAN_POINT('',(22.,31.15,11.58));
#8685 = VECTOR('',#8686,1.);
#8686 = DIRECTION('',(0.,-1.,0.));
#8687 = ORIENTED_EDGE('',*,*,#8025,.T.);
#8688 = ORIENTED_EDGE('',*,*,#8065,.F.);
#8689 = ORIENTED_EDGE('',*,*,#8098,.F.);
#8690 = ORIENTED_EDGE('',*,*,#8115,.F.);
#8691 = ORIENTED_EDGE('',*,*,#8139,.F.);
#8692 = PLANE('',#8693);
#8693 = AXIS2_PLACEMENT_3D('',#8694,#8695,#8696);
#8694 = CARTESIAN_POINT('',(10.5,23.,11.58));
#8695 = DIRECTION('',(-0.,-0.,-1.));
#8696 = DIRECTION('',(-1.,0.,0.));
#8697 = ADVANCED_FACE('',(#8698),#8741,.T.);
#8698 = FACE_BOUND('',#8699,.T.);
#8699 = EDGE_LOOP('',(#8700,#8701,#8702,#8703,#8711,#8719,#8727,#8735));
#8700 = ORIENTED_EDGE('',*,*,#8333,.F.);
#8701 = ORIENTED_EDGE('',*,*,#8011,.T.);
#8702 = ORIENTED_EDGE('',*,*,#8598,.T.);
#8703 = ORIENTED_EDGE('',*,*,#8704,.T.);
#8704 = EDGE_CURVE('',#8599,#8705,#8707,.T.);
#8705 = VERTEX_POINT('',#8706);
#8706 = CARTESIAN_POINT('',(6.4,41.5,10.5));
#8707 = LINE('',#8708,#8709);
#8708 = CARTESIAN_POINT('',(6.4,41.5,10.4));
#8709 = VECTOR('',#8710,1.);
#8710 = DIRECTION('',(0.,0.,-1.));
#8711 = ORIENTED_EDGE('',*,*,#8712,.F.);
#8712 = EDGE_CURVE('',#8713,#8705,#8715,.T.);
#8713 = VERTEX_POINT('',#8714);
#8714 = CARTESIAN_POINT('',(6.4,42.3,10.5));
#8715 = LINE('',#8716,#8717);
#8716 = CARTESIAN_POINT('',(6.4,31.15,10.5));
#8717 = VECTOR('',#8718,1.);
#8718 = DIRECTION('',(0.,-1.,0.));
#8719 = ORIENTED_EDGE('',*,*,#8720,.F.);
#8720 = EDGE_CURVE('',#8721,#8713,#8723,.T.);
#8721 = VERTEX_POINT('',#8722);
#8722 = CARTESIAN_POINT('',(6.4,42.3,11.5));
#8723 = LINE('',#8724,#8725);
#8724 = CARTESIAN_POINT('',(6.4,42.3,10.45));
#8725 = VECTOR('',#8726,1.);
#8726 = DIRECTION('',(0.,0.,-1.));
#8727 = ORIENTED_EDGE('',*,*,#8728,.F.);
#8728 = EDGE_CURVE('',#8729,#8721,#8731,.T.);
#8729 = VERTEX_POINT('',#8730);
#8730 = CARTESIAN_POINT('',(6.4,42.65,11.5));
#8731 = LINE('',#8732,#8733);
#8732 = CARTESIAN_POINT('',(6.4,31.15,11.5));
#8733 = VECTOR('',#8734,1.);
#8734 = DIRECTION('',(0.,-1.,0.));
#8735 = ORIENTED_EDGE('',*,*,#8736,.F.);
#8736 = EDGE_CURVE('',#8334,#8729,#8737,.T.);
#8737 = LINE('',#8738,#8739);
#8738 = CARTESIAN_POINT('',(6.4,42.65,10.95));
#8739 = VECTOR('',#8740,1.);
#8740 = DIRECTION('',(0.,0.,-1.));
#8741 = PLANE('',#8742);
#8742 = AXIS2_PLACEMENT_3D('',#8743,#8744,#8745);
#8743 = CARTESIAN_POINT('',(6.4,39.3,10.4));
#8744 = DIRECTION('',(1.,0.,0.));
#8745 = DIRECTION('',(0.,0.,1.));
#8746 = ADVANCED_FACE('',(#8747),#8790,.F.);
#8747 = FACE_BOUND('',#8748,.F.);
#8748 = EDGE_LOOP('',(#8749,#8750,#8751,#8752,#8760,#8768,#8776,#8784));
#8749 = ORIENTED_EDGE('',*,*,#8399,.F.);
#8750 = ORIENTED_EDGE('',*,*,#8035,.T.);
#8751 = ORIENTED_EDGE('',*,*,#8682,.T.);
#8752 = ORIENTED_EDGE('',*,*,#8753,.T.);
#8753 = EDGE_CURVE('',#8675,#8754,#8756,.T.);
#8754 = VERTEX_POINT('',#8755);
#8755 = CARTESIAN_POINT('',(22.,41.5,10.5));
#8756 = LINE('',#8757,#8758);
#8757 = CARTESIAN_POINT('',(22.,41.5,10.4));
#8758 = VECTOR('',#8759,1.);
#8759 = DIRECTION('',(0.,0.,-1.));
#8760 = ORIENTED_EDGE('',*,*,#8761,.F.);
#8761 = EDGE_CURVE('',#8762,#8754,#8764,.T.);
#8762 = VERTEX_POINT('',#8763);
#8763 = CARTESIAN_POINT('',(22.,42.3,10.5));
#8764 = LINE('',#8765,#8766);
#8765 = CARTESIAN_POINT('',(22.,31.15,10.5));
#8766 = VECTOR('',#8767,1.);
#8767 = DIRECTION('',(0.,-1.,0.));
#8768 = ORIENTED_EDGE('',*,*,#8769,.F.);
#8769 = EDGE_CURVE('',#8770,#8762,#8772,.T.);
#8770 = VERTEX_POINT('',#8771);
#8771 = CARTESIAN_POINT('',(22.,42.3,11.5));
#8772 = LINE('',#8773,#8774);
#8773 = CARTESIAN_POINT('',(22.,42.3,10.45));
#8774 = VECTOR('',#8775,1.);
#8775 = DIRECTION('',(0.,0.,-1.));
#8776 = ORIENTED_EDGE('',*,*,#8777,.F.);
#8777 = EDGE_CURVE('',#8778,#8770,#8780,.T.);
#8778 = VERTEX_POINT('',#8779);
#8779 = CARTESIAN_POINT('',(22.,42.65,11.5));
#8780 = LINE('',#8781,#8782);
#8781 = CARTESIAN_POINT('',(22.,31.15,11.5));
#8782 = VECTOR('',#8783,1.);
#8783 = DIRECTION('',(0.,-1.,0.));
#8784 = ORIENTED_EDGE('',*,*,#8785,.F.);
#8785 = EDGE_CURVE('',#8392,#8778,#8786,.T.);
#8786 = LINE('',#8787,#8788);
#8787 = CARTESIAN_POINT('',(22.,42.65,10.95));
#8788 = VECTOR('',#8789,1.);
#8789 = DIRECTION('',(0.,0.,-1.));
#8790 = PLANE('',#8791);
#8791 = AXIS2_PLACEMENT_3D('',#8792,#8793,#8794);
#8792 = CARTESIAN_POINT('',(22.,39.3,10.4));
#8793 = DIRECTION('',(1.,0.,0.));
#8794 = DIRECTION('',(0.,0.,1.));
#8795 = ADVANCED_FACE('',(#8796),#8821,.F.);
#8796 = FACE_BOUND('',#8797,.F.);
#8797 = EDGE_LOOP('',(#8798,#8806,#8814,#8820));
#8798 = ORIENTED_EDGE('',*,*,#8799,.F.);
#8799 = EDGE_CURVE('',#8800,#8182,#8802,.T.);
#8800 = VERTEX_POINT('',#8801);
#8801 = CARTESIAN_POINT('',(-6.65,7.5,11.5));
#8802 = LINE('',#8803,#8804);
#8803 = CARTESIAN_POINT('',(-6.65,7.5,11.5));
#8804 = VECTOR('',#8805,1.);
#8805 = DIRECTION('',(0.,0.,1.));
#8806 = ORIENTED_EDGE('',*,*,#8807,.T.);
#8807 = EDGE_CURVE('',#8800,#8808,#8810,.T.);
#8808 = VERTEX_POINT('',#8809);
#8809 = CARTESIAN_POINT('',(-6.65,38.5,11.5));
#8810 = LINE('',#8811,#8812);
#8811 = CARTESIAN_POINT('',(-6.65,7.5,11.5));
#8812 = VECTOR('',#8813,1.);
#8813 = DIRECTION('',(0.,1.,0.));
#8814 = ORIENTED_EDGE('',*,*,#8815,.T.);
#8815 = EDGE_CURVE('',#8808,#8184,#8816,.T.);
#8816 = LINE('',#8817,#8818);
#8817 = CARTESIAN_POINT('',(-6.65,38.5,11.5));
#8818 = VECTOR('',#8819,1.);
#8819 = DIRECTION('',(0.,0.,1.));
#8820 = ORIENTED_EDGE('',*,*,#8181,.F.);
#8821 = PLANE('',#8822);
#8822 = AXIS2_PLACEMENT_3D('',#8823,#8824,#8825);
#8823 = CARTESIAN_POINT('',(-6.65,7.5,11.5));
#8824 = DIRECTION('',(1.,0.,0.));
#8825 = DIRECTION('',(0.,0.,1.));
#8826 = ADVANCED_FACE('',(#8827),#8846,.T.);
#8827 = FACE_BOUND('',#8828,.F.);
#8828 = EDGE_LOOP('',(#8829,#8838,#8844,#8845));
#8829 = ORIENTED_EDGE('',*,*,#8830,.F.);
#8830 = EDGE_CURVE('',#8831,#8808,#8833,.T.);
#8831 = VERTEX_POINT('',#8832);
#8832 = CARTESIAN_POINT('',(-2.5,42.65,11.5));
#8833 = CIRCLE('',#8834,4.15);
#8834 = AXIS2_PLACEMENT_3D('',#8835,#8836,#8837);
#8835 = CARTESIAN_POINT('',(-2.5,38.5,11.5));
#8836 = DIRECTION('',(0.,0.,1.));
#8837 = DIRECTION('',(1.,0.,0.));
#8838 = ORIENTED_EDGE('',*,*,#8839,.T.);
#8839 = EDGE_CURVE('',#8831,#8266,#8840,.T.);
#8840 = LINE('',#8841,#8842);
#8841 = CARTESIAN_POINT('',(-2.5,42.65,11.5));
#8842 = VECTOR('',#8843,1.);
#8843 = DIRECTION('',(0.,0.,1.));
#8844 = ORIENTED_EDGE('',*,*,#8273,.T.);
#8845 = ORIENTED_EDGE('',*,*,#8815,.F.);
#8846 = CYLINDRICAL_SURFACE('',#8847,4.15);
#8847 = AXIS2_PLACEMENT_3D('',#8848,#8849,#8850);
#8848 = CARTESIAN_POINT('',(-2.5,38.5,11.5));
#8849 = DIRECTION('',(-0.,-0.,-1.));
#8850 = DIRECTION('',(1.,0.,0.));
#8851 = ADVANCED_FACE('',(#8852),#8865,.T.);
#8852 = FACE_BOUND('',#8853,.T.);
#8853 = EDGE_LOOP('',(#8854,#8860,#8861,#8862,#8863,#8864));
#8854 = ORIENTED_EDGE('',*,*,#8855,.F.);
#8855 = EDGE_CURVE('',#8831,#8729,#8856,.T.);
#8856 = LINE('',#8857,#8858);
#8857 = CARTESIAN_POINT('',(-2.5,42.65,11.5));
#8858 = VECTOR('',#8859,1.);
#8859 = DIRECTION('',(1.,0.,0.));
#8860 = ORIENTED_EDGE('',*,*,#8839,.T.);
#8861 = ORIENTED_EDGE('',*,*,#8265,.T.);
#8862 = ORIENTED_EDGE('',*,*,#8497,.T.);
#8863 = ORIENTED_EDGE('',*,*,#8341,.F.);
#8864 = ORIENTED_EDGE('',*,*,#8736,.T.);
#8865 = PLANE('',#8866);
#8866 = AXIS2_PLACEMENT_3D('',#8867,#8868,#8869);
#8867 = CARTESIAN_POINT('',(-2.5,42.65,11.5));
#8868 = DIRECTION('',(0.,1.,0.));
#8869 = DIRECTION('',(0.,0.,1.));
#8870 = ADVANCED_FACE('',(#8871),#8891,.T.);
#8871 = FACE_BOUND('',#8872,.T.);
#8872 = EDGE_LOOP('',(#8873,#8881,#8882,#8883,#8884,#8885));
#8873 = ORIENTED_EDGE('',*,*,#8874,.F.);
#8874 = EDGE_CURVE('',#8778,#8875,#8877,.T.);
#8875 = VERTEX_POINT('',#8876);
#8876 = CARTESIAN_POINT('',(23.5,42.65,11.5));
#8877 = LINE('',#8878,#8879);
#8878 = CARTESIAN_POINT('',(-2.5,42.65,11.5));
#8879 = VECTOR('',#8880,1.);
#8880 = DIRECTION('',(1.,0.,0.));
#8881 = ORIENTED_EDGE('',*,*,#8785,.F.);
#8882 = ORIENTED_EDGE('',*,*,#8391,.F.);
#8883 = ORIENTED_EDGE('',*,*,#8570,.F.);
#8884 = ORIENTED_EDGE('',*,*,#8234,.T.);
#8885 = ORIENTED_EDGE('',*,*,#8886,.F.);
#8886 = EDGE_CURVE('',#8875,#8226,#8887,.T.);
#8887 = LINE('',#8888,#8889);
#8888 = CARTESIAN_POINT('',(23.5,42.65,11.5));
#8889 = VECTOR('',#8890,1.);
#8890 = DIRECTION('',(0.,0.,1.));
#8891 = PLANE('',#8892);
#8892 = AXIS2_PLACEMENT_3D('',#8893,#8894,#8895);
#8893 = CARTESIAN_POINT('',(-2.5,42.65,11.5));
#8894 = DIRECTION('',(0.,1.,0.));
#8895 = DIRECTION('',(0.,0.,1.));
#8896 = ADVANCED_FACE('',(#8897),#8916,.T.);
#8897 = FACE_BOUND('',#8898,.F.);
#8898 = EDGE_LOOP('',(#8899,#8908,#8914,#8915));
#8899 = ORIENTED_EDGE('',*,*,#8900,.F.);
#8900 = EDGE_CURVE('',#8901,#8875,#8903,.T.);
#8901 = VERTEX_POINT('',#8902);
#8902 = CARTESIAN_POINT('',(27.65,38.5,11.5));
#8903 = CIRCLE('',#8904,4.15);
#8904 = AXIS2_PLACEMENT_3D('',#8905,#8906,#8907);
#8905 = CARTESIAN_POINT('',(23.5,38.5,11.5));
#8906 = DIRECTION('',(0.,0.,1.));
#8907 = DIRECTION('',(1.,0.,0.));
#8908 = ORIENTED_EDGE('',*,*,#8909,.T.);
#8909 = EDGE_CURVE('',#8901,#8218,#8910,.T.);
#8910 = LINE('',#8911,#8912);
#8911 = CARTESIAN_POINT('',(27.65,38.5,11.5));
#8912 = VECTOR('',#8913,1.);
#8913 = DIRECTION('',(0.,0.,1.));
#8914 = ORIENTED_EDGE('',*,*,#8225,.T.);
#8915 = ORIENTED_EDGE('',*,*,#8886,.F.);
#8916 = CYLINDRICAL_SURFACE('',#8917,4.15);
#8917 = AXIS2_PLACEMENT_3D('',#8918,#8919,#8920);
#8918 = CARTESIAN_POINT('',(23.5,38.5,11.5));
#8919 = DIRECTION('',(-0.,-0.,-1.));
#8920 = DIRECTION('',(1.,0.,0.));
#8921 = ADVANCED_FACE('',(#8922),#8940,.T.);
#8922 = FACE_BOUND('',#8923,.T.);
#8923 = EDGE_LOOP('',(#8924,#8932,#8938,#8939));
#8924 = ORIENTED_EDGE('',*,*,#8925,.F.);
#8925 = EDGE_CURVE('',#8926,#8209,#8928,.T.);
#8926 = VERTEX_POINT('',#8927);
#8927 = CARTESIAN_POINT('',(27.65,7.5,11.5));
#8928 = LINE('',#8929,#8930);
#8929 = CARTESIAN_POINT('',(27.65,7.5,11.5));
#8930 = VECTOR('',#8931,1.);
#8931 = DIRECTION('',(0.,0.,1.));
#8932 = ORIENTED_EDGE('',*,*,#8933,.T.);
#8933 = EDGE_CURVE('',#8926,#8901,#8934,.T.);
#8934 = LINE('',#8935,#8936);
#8935 = CARTESIAN_POINT('',(27.65,7.5,11.5));
#8936 = VECTOR('',#8937,1.);
#8937 = DIRECTION('',(0.,1.,0.));
#8938 = ORIENTED_EDGE('',*,*,#8909,.T.);
#8939 = ORIENTED_EDGE('',*,*,#8217,.F.);
#8940 = PLANE('',#8941);
#8941 = AXIS2_PLACEMENT_3D('',#8942,#8943,#8944);
#8942 = CARTESIAN_POINT('',(27.65,7.5,11.5));
#8943 = DIRECTION('',(1.,0.,0.));
#8944 = DIRECTION('',(0.,0.,1.));
#8945 = ADVANCED_FACE('',(#8946),#8965,.T.);
#8946 = FACE_BOUND('',#8947,.F.);
#8947 = EDGE_LOOP('',(#8948,#8949,#8958,#8964));
#8948 = ORIENTED_EDGE('',*,*,#8925,.F.);
#8949 = ORIENTED_EDGE('',*,*,#8950,.F.);
#8950 = EDGE_CURVE('',#8951,#8926,#8953,.T.);
#8951 = VERTEX_POINT('',#8952);
#8952 = CARTESIAN_POINT('',(23.5,3.35,11.5));
#8953 = CIRCLE('',#8954,4.15);
#8954 = AXIS2_PLACEMENT_3D('',#8955,#8956,#8957);
#8955 = CARTESIAN_POINT('',(23.5,7.5,11.5));
#8956 = DIRECTION('',(0.,0.,1.));
#8957 = DIRECTION('',(1.,0.,0.));
#8958 = ORIENTED_EDGE('',*,*,#8959,.T.);
#8959 = EDGE_CURVE('',#8951,#8201,#8960,.T.);
#8960 = LINE('',#8961,#8962);
#8961 = CARTESIAN_POINT('',(23.5,3.35,11.5));
#8962 = VECTOR('',#8963,1.);
#8963 = DIRECTION('',(0.,0.,1.));
#8964 = ORIENTED_EDGE('',*,*,#8208,.T.);
#8965 = CYLINDRICAL_SURFACE('',#8966,4.15);
#8966 = AXIS2_PLACEMENT_3D('',#8967,#8968,#8969);
#8967 = CARTESIAN_POINT('',(23.5,7.5,11.5));
#8968 = DIRECTION('',(-0.,-0.,-1.));
#8969 = DIRECTION('',(1.,0.,0.));
#8970 = ADVANCED_FACE('',(#8971),#8989,.F.);
#8971 = FACE_BOUND('',#8972,.F.);
#8972 = EDGE_LOOP('',(#8973,#8981,#8987,#8988));
#8973 = ORIENTED_EDGE('',*,*,#8974,.F.);
#8974 = EDGE_CURVE('',#8975,#8951,#8977,.T.);
#8975 = VERTEX_POINT('',#8976);
#8976 = CARTESIAN_POINT('',(-2.5,3.35,11.5));
#8977 = LINE('',#8978,#8979);
#8978 = CARTESIAN_POINT('',(-2.5,3.35,11.5));
#8979 = VECTOR('',#8980,1.);
#8980 = DIRECTION('',(1.,0.,0.));
#8981 = ORIENTED_EDGE('',*,*,#8982,.T.);
#8982 = EDGE_CURVE('',#8975,#8192,#8983,.T.);
#8983 = LINE('',#8984,#8985);
#8984 = CARTESIAN_POINT('',(-2.5,3.35,11.5));
#8985 = VECTOR('',#8986,1.);
#8986 = DIRECTION('',(0.,0.,1.));
#8987 = ORIENTED_EDGE('',*,*,#8200,.T.);
#8988 = ORIENTED_EDGE('',*,*,#8959,.F.);
#8989 = PLANE('',#8990);
#8990 = AXIS2_PLACEMENT_3D('',#8991,#8992,#8993);
#8991 = CARTESIAN_POINT('',(-2.5,3.35,11.5));
#8992 = DIRECTION('',(0.,1.,0.));
#8993 = DIRECTION('',(0.,0.,1.));
#8994 = ADVANCED_FACE('',(#8995),#9007,.T.);
#8995 = FACE_BOUND('',#8996,.F.);
#8996 = EDGE_LOOP('',(#8997,#8998,#9005,#9006));
#8997 = ORIENTED_EDGE('',*,*,#8982,.F.);
#8998 = ORIENTED_EDGE('',*,*,#8999,.F.);
#8999 = EDGE_CURVE('',#8800,#8975,#9000,.T.);
#9000 = CIRCLE('',#9001,4.15);
#9001 = AXIS2_PLACEMENT_3D('',#9002,#9003,#9004);
#9002 = CARTESIAN_POINT('',(-2.5,7.5,11.5));
#9003 = DIRECTION('',(0.,0.,1.));
#9004 = DIRECTION('',(1.,0.,0.));
#9005 = ORIENTED_EDGE('',*,*,#8799,.T.);
#9006 = ORIENTED_EDGE('',*,*,#8191,.T.);
#9007 = CYLINDRICAL_SURFACE('',#9008,4.15);
#9008 = AXIS2_PLACEMENT_3D('',#9009,#9010,#9011);
#9009 = CARTESIAN_POINT('',(-2.5,7.5,11.5));
#9010 = DIRECTION('',(-0.,-0.,-1.));
#9011 = DIRECTION('',(1.,0.,0.));
#9012 = ADVANCED_FACE('',(#9013),#9031,.T.);
#9013 = FACE_BOUND('',#9014,.T.);
#9014 = EDGE_LOOP('',(#9015,#9023,#9024,#9025));
#9015 = ORIENTED_EDGE('',*,*,#9016,.F.);
#9016 = EDGE_CURVE('',#8297,#9017,#9019,.T.);
#9017 = VERTEX_POINT('',#9018);
#9018 = CARTESIAN_POINT('',(6.6,45.4,16.8));
#9019 = LINE('',#9020,#9021);
#9020 = CARTESIAN_POINT('',(6.6,39.3,16.8));
#9021 = VECTOR('',#9022,1.);
#9022 = DIRECTION('',(0.,1.,0.));
#9023 = ORIENTED_EDGE('',*,*,#8305,.T.);
#9024 = ORIENTED_EDGE('',*,*,#8432,.F.);
#9025 = ORIENTED_EDGE('',*,*,#9026,.T.);
#9026 = EDGE_CURVE('',#8425,#9017,#9027,.T.);
#9027 = LINE('',#9028,#9029);
#9028 = CARTESIAN_POINT('',(6.6,45.4,12.5));
#9029 = VECTOR('',#9030,1.);
#9030 = DIRECTION('',(0.,0.,1.));
#9031 = PLANE('',#9032);
#9032 = AXIS2_PLACEMENT_3D('',#9033,#9034,#9035);
#9033 = CARTESIAN_POINT('',(6.6,39.3,12.5));
#9034 = DIRECTION('',(1.,0.,0.));
#9035 = DIRECTION('',(0.,0.,1.));
#9036 = ADVANCED_FACE('',(#9037),#9057,.F.);
#9037 = FACE_BOUND('',#9038,.T.);
#9038 = EDGE_LOOP('',(#9039,#9040,#9048,#9054,#9055,#9056));
#9039 = ORIENTED_EDGE('',*,*,#9016,.T.);
#9040 = ORIENTED_EDGE('',*,*,#9041,.T.);
#9041 = EDGE_CURVE('',#9017,#9042,#9044,.T.);
#9042 = VERTEX_POINT('',#9043);
#9043 = CARTESIAN_POINT('',(21.8,45.4,16.8));
#9044 = LINE('',#9045,#9046);
#9045 = CARTESIAN_POINT('',(6.6,45.4,16.8));
#9046 = VECTOR('',#9047,1.);
#9047 = DIRECTION('',(1.,0.,0.));
#9048 = ORIENTED_EDGE('',*,*,#9049,.F.);
#9049 = EDGE_CURVE('',#8449,#9042,#9050,.T.);
#9050 = LINE('',#9051,#9052);
#9051 = CARTESIAN_POINT('',(21.8,39.3,16.8));
#9052 = VECTOR('',#9053,1.);
#9053 = DIRECTION('',(0.,1.,0.));
#9054 = ORIENTED_EDGE('',*,*,#8456,.T.);
#9055 = ORIENTED_EDGE('',*,*,#8480,.F.);
#9056 = ORIENTED_EDGE('',*,*,#8296,.T.);
#9057 = PLANE('',#9058);
#9058 = AXIS2_PLACEMENT_3D('',#9059,#9060,#9061);
#9059 = CARTESIAN_POINT('',(6.6,39.3,16.8));
#9060 = DIRECTION('',(0.,0.,1.));
#9061 = DIRECTION('',(1.,0.,0.));
#9062 = ADVANCED_FACE('',(#9063),#9074,.F.);
#9063 = FACE_BOUND('',#9064,.F.);
#9064 = EDGE_LOOP('',(#9065,#9071,#9072,#9073));
#9065 = ORIENTED_EDGE('',*,*,#9066,.F.);
#9066 = EDGE_CURVE('',#8417,#9042,#9067,.T.);
#9067 = LINE('',#9068,#9069);
#9068 = CARTESIAN_POINT('',(21.8,45.4,12.5));
#9069 = VECTOR('',#9070,1.);
#9070 = DIRECTION('',(0.,0.,1.));
#9071 = ORIENTED_EDGE('',*,*,#8424,.F.);
#9072 = ORIENTED_EDGE('',*,*,#9026,.T.);
#9073 = ORIENTED_EDGE('',*,*,#9041,.T.);
#9074 = PLANE('',#9075);
#9075 = AXIS2_PLACEMENT_3D('',#9076,#9077,#9078);
#9076 = CARTESIAN_POINT('',(6.6,45.4,12.5));
#9077 = DIRECTION('',(0.,1.,0.));
#9078 = DIRECTION('',(0.,0.,1.));
#9079 = ADVANCED_FACE('',(#9080),#9086,.F.);
#9080 = FACE_BOUND('',#9081,.F.);
#9081 = EDGE_LOOP('',(#9082,#9083,#9084,#9085));
#9082 = ORIENTED_EDGE('',*,*,#9049,.F.);
#9083 = ORIENTED_EDGE('',*,*,#8448,.T.);
#9084 = ORIENTED_EDGE('',*,*,#8416,.F.);
#9085 = ORIENTED_EDGE('',*,*,#9066,.T.);
#9086 = PLANE('',#9087);
#9087 = AXIS2_PLACEMENT_3D('',#9088,#9089,#9090);
#9088 = CARTESIAN_POINT('',(21.8,39.3,12.5));
#9089 = DIRECTION('',(1.,0.,0.));
#9090 = DIRECTION('',(0.,0.,1.));
#9091 = ADVANCED_FACE('',(#9092),#9103,.T.);
#9092 = FACE_BOUND('',#9093,.F.);
#9093 = EDGE_LOOP('',(#9094,#9095,#9096,#9097));
#9094 = ORIENTED_EDGE('',*,*,#8374,.F.);
#9095 = ORIENTED_EDGE('',*,*,#8577,.T.);
#9096 = ORIENTED_EDGE('',*,*,#8538,.T.);
#9097 = ORIENTED_EDGE('',*,*,#9098,.F.);
#9098 = EDGE_CURVE('',#8367,#8539,#9099,.T.);
#9099 = LINE('',#9100,#9101);
#9100 = CARTESIAN_POINT('',(21.6,46.2,12.6));
#9101 = VECTOR('',#9102,1.);
#9102 = DIRECTION('',(0.,0.,1.));
#9103 = CYLINDRICAL_SURFACE('',#9104,1.);
#9104 = AXIS2_PLACEMENT_3D('',#9105,#9106,#9107);
#9105 = CARTESIAN_POINT('',(21.6,45.2,12.6));
#9106 = DIRECTION('',(-0.,-0.,-1.));
#9107 = DIRECTION('',(1.,0.,0.));
#9108 = ADVANCED_FACE('',(#9109),#9120,.T.);
#9109 = FACE_BOUND('',#9110,.T.);
#9110 = EDGE_LOOP('',(#9111,#9112,#9118,#9119));
#9111 = ORIENTED_EDGE('',*,*,#8366,.F.);
#9112 = ORIENTED_EDGE('',*,*,#9113,.T.);
#9113 = EDGE_CURVE('',#8358,#8548,#9114,.T.);
#9114 = LINE('',#9115,#9116);
#9115 = CARTESIAN_POINT('',(6.8,46.2,12.6));
#9116 = VECTOR('',#9117,1.);
#9117 = DIRECTION('',(0.,0.,1.));
#9118 = ORIENTED_EDGE('',*,*,#8547,.T.);
#9119 = ORIENTED_EDGE('',*,*,#9098,.F.);
#9120 = PLANE('',#9121);
#9121 = AXIS2_PLACEMENT_3D('',#9122,#9123,#9124);
#9122 = CARTESIAN_POINT('',(6.8,46.2,12.6));
#9123 = DIRECTION('',(0.,1.,0.));
#9124 = DIRECTION('',(0.,0.,1.));
#9125 = ADVANCED_FACE('',(#9126),#9132,.T.);
#9126 = FACE_BOUND('',#9127,.F.);
#9127 = EDGE_LOOP('',(#9128,#9129,#9130,#9131));
#9128 = ORIENTED_EDGE('',*,*,#8357,.F.);
#9129 = ORIENTED_EDGE('',*,*,#9113,.T.);
#9130 = ORIENTED_EDGE('',*,*,#8555,.T.);
#9131 = ORIENTED_EDGE('',*,*,#8504,.F.);
#9132 = CYLINDRICAL_SURFACE('',#9133,1.);
#9133 = AXIS2_PLACEMENT_3D('',#9134,#9135,#9136);
#9134 = CARTESIAN_POINT('',(6.8,45.2,12.6));
#9135 = DIRECTION('',(-0.,-0.,-1.));
#9136 = DIRECTION('',(1.,0.,0.));
#9137 = ADVANCED_FACE('',(#9138),#9156,.F.);
#9138 = FACE_BOUND('',#9139,.F.);
#9139 = EDGE_LOOP('',(#9140,#9148,#9149,#9150));
#9140 = ORIENTED_EDGE('',*,*,#9141,.F.);
#9141 = EDGE_CURVE('',#8754,#9142,#9144,.T.);
#9142 = VERTEX_POINT('',#9143);
#9143 = CARTESIAN_POINT('',(23.5,41.5,10.5));
#9144 = LINE('',#9145,#9146);
#9145 = CARTESIAN_POINT('',(4.,41.5,10.5));
#9146 = VECTOR('',#9147,1.);
#9147 = DIRECTION('',(1.,0.,0.));
#9148 = ORIENTED_EDGE('',*,*,#8753,.F.);
#9149 = ORIENTED_EDGE('',*,*,#8674,.F.);
#9150 = ORIENTED_EDGE('',*,*,#9151,.F.);
#9151 = EDGE_CURVE('',#9142,#8666,#9152,.T.);
#9152 = LINE('',#9153,#9154);
#9153 = CARTESIAN_POINT('',(23.5,41.5,10.4));
#9154 = VECTOR('',#9155,1.);
#9155 = DIRECTION('',(0.,0.,1.));
#9156 = PLANE('',#9157);
#9157 = AXIS2_PLACEMENT_3D('',#9158,#9159,#9160);
#9158 = CARTESIAN_POINT('',(-2.5,41.5,10.4));
#9159 = DIRECTION('',(0.,1.,0.));
#9160 = DIRECTION('',(0.,0.,1.));
#9161 = ADVANCED_FACE('',(#9162),#9181,.F.);
#9162 = FACE_BOUND('',#9163,.T.);
#9163 = EDGE_LOOP('',(#9164,#9173,#9179,#9180));
#9164 = ORIENTED_EDGE('',*,*,#9165,.T.);
#9165 = EDGE_CURVE('',#9142,#9166,#9168,.T.);
#9166 = VERTEX_POINT('',#9167);
#9167 = CARTESIAN_POINT('',(26.5,38.5,10.5));
#9168 = CIRCLE('',#9169,3.);
#9169 = AXIS2_PLACEMENT_3D('',#9170,#9171,#9172);
#9170 = CARTESIAN_POINT('',(23.5,38.5,10.5));
#9171 = DIRECTION('',(0.,0.,-1.));
#9172 = DIRECTION('',(1.,0.,0.));
#9173 = ORIENTED_EDGE('',*,*,#9174,.T.);
#9174 = EDGE_CURVE('',#9166,#8658,#9175,.T.);
#9175 = LINE('',#9176,#9177);
#9176 = CARTESIAN_POINT('',(26.5,38.5,10.4));
#9177 = VECTOR('',#9178,1.);
#9178 = DIRECTION('',(0.,0.,1.));
#9179 = ORIENTED_EDGE('',*,*,#8665,.F.);
#9180 = ORIENTED_EDGE('',*,*,#9151,.F.);
#9181 = CYLINDRICAL_SURFACE('',#9182,3.);
#9182 = AXIS2_PLACEMENT_3D('',#9183,#9184,#9185);
#9183 = CARTESIAN_POINT('',(23.5,38.5,10.4));
#9184 = DIRECTION('',(-0.,-0.,-1.));
#9185 = DIRECTION('',(1.,0.,0.));
#9186 = ADVANCED_FACE('',(#9187),#9205,.F.);
#9187 = FACE_BOUND('',#9188,.F.);
#9188 = EDGE_LOOP('',(#9189,#9197,#9203,#9204));
#9189 = ORIENTED_EDGE('',*,*,#9190,.F.);
#9190 = EDGE_CURVE('',#9191,#8649,#9193,.T.);
#9191 = VERTEX_POINT('',#9192);
#9192 = CARTESIAN_POINT('',(26.5,7.5,10.5));
#9193 = LINE('',#9194,#9195);
#9194 = CARTESIAN_POINT('',(26.5,7.5,10.4));
#9195 = VECTOR('',#9196,1.);
#9196 = DIRECTION('',(0.,0.,1.));
#9197 = ORIENTED_EDGE('',*,*,#9198,.F.);
#9198 = EDGE_CURVE('',#9166,#9191,#9199,.T.);
#9199 = LINE('',#9200,#9201);
#9200 = CARTESIAN_POINT('',(26.5,15.25,10.5));
#9201 = VECTOR('',#9202,1.);
#9202 = DIRECTION('',(0.,-1.,0.));
#9203 = ORIENTED_EDGE('',*,*,#9174,.T.);
#9204 = ORIENTED_EDGE('',*,*,#8657,.F.);
#9205 = PLANE('',#9206);
#9206 = AXIS2_PLACEMENT_3D('',#9207,#9208,#9209);
#9207 = CARTESIAN_POINT('',(26.5,7.5,10.4));
#9208 = DIRECTION('',(1.,0.,0.));
#9209 = DIRECTION('',(0.,0.,1.));
#9210 = ADVANCED_FACE('',(#9211),#9230,.F.);
#9211 = FACE_BOUND('',#9212,.T.);
#9212 = EDGE_LOOP('',(#9213,#9221,#9222,#9223));
#9213 = ORIENTED_EDGE('',*,*,#9214,.T.);
#9214 = EDGE_CURVE('',#9215,#8641,#9217,.T.);
#9215 = VERTEX_POINT('',#9216);
#9216 = CARTESIAN_POINT('',(23.5,4.5,10.5));
#9217 = LINE('',#9218,#9219);
#9218 = CARTESIAN_POINT('',(23.5,4.5,10.4));
#9219 = VECTOR('',#9220,1.);
#9220 = DIRECTION('',(0.,0.,1.));
#9221 = ORIENTED_EDGE('',*,*,#8648,.F.);
#9222 = ORIENTED_EDGE('',*,*,#9190,.F.);
#9223 = ORIENTED_EDGE('',*,*,#9224,.T.);
#9224 = EDGE_CURVE('',#9191,#9215,#9225,.T.);
#9225 = CIRCLE('',#9226,3.);
#9226 = AXIS2_PLACEMENT_3D('',#9227,#9228,#9229);
#9227 = CARTESIAN_POINT('',(23.5,7.5,10.5));
#9228 = DIRECTION('',(0.,0.,-1.));
#9229 = DIRECTION('',(1.,0.,0.));
#9230 = CYLINDRICAL_SURFACE('',#9231,3.);
#9231 = AXIS2_PLACEMENT_3D('',#9232,#9233,#9234);
#9232 = CARTESIAN_POINT('',(23.5,7.5,10.4));
#9233 = DIRECTION('',(-0.,-0.,-1.));
#9234 = DIRECTION('',(1.,0.,0.));
#9235 = ADVANCED_FACE('',(#9236),#9254,.T.);
#9236 = FACE_BOUND('',#9237,.T.);
#9237 = EDGE_LOOP('',(#9238,#9246,#9252,#9253));
#9238 = ORIENTED_EDGE('',*,*,#9239,.F.);
#9239 = EDGE_CURVE('',#9240,#9215,#9242,.T.);
#9240 = VERTEX_POINT('',#9241);
#9241 = CARTESIAN_POINT('',(-2.5,4.5,10.5));
#9242 = LINE('',#9243,#9244);
#9243 = CARTESIAN_POINT('',(4.,4.5,10.5));
#9244 = VECTOR('',#9245,1.);
#9245 = DIRECTION('',(1.,0.,0.));
#9246 = ORIENTED_EDGE('',*,*,#9247,.T.);
#9247 = EDGE_CURVE('',#9240,#8632,#9248,.T.);
#9248 = LINE('',#9249,#9250);
#9249 = CARTESIAN_POINT('',(-2.5,4.5,10.4));
#9250 = VECTOR('',#9251,1.);
#9251 = DIRECTION('',(0.,0.,1.));
#9252 = ORIENTED_EDGE('',*,*,#8640,.F.);
#9253 = ORIENTED_EDGE('',*,*,#9214,.F.);
#9254 = PLANE('',#9255);
#9255 = AXIS2_PLACEMENT_3D('',#9256,#9257,#9258);
#9256 = CARTESIAN_POINT('',(-2.5,4.5,10.4));
#9257 = DIRECTION('',(0.,1.,0.));
#9258 = DIRECTION('',(0.,0.,1.));
#9259 = ADVANCED_FACE('',(#9260),#9279,.F.);
#9260 = FACE_BOUND('',#9261,.T.);
#9261 = EDGE_LOOP('',(#9262,#9271,#9277,#9278));
#9262 = ORIENTED_EDGE('',*,*,#9263,.T.);
#9263 = EDGE_CURVE('',#9240,#9264,#9266,.T.);
#9264 = VERTEX_POINT('',#9265);
#9265 = CARTESIAN_POINT('',(-5.5,7.5,10.5));
#9266 = CIRCLE('',#9267,3.);
#9267 = AXIS2_PLACEMENT_3D('',#9268,#9269,#9270);
#9268 = CARTESIAN_POINT('',(-2.5,7.5,10.5));
#9269 = DIRECTION('',(0.,0.,-1.));
#9270 = DIRECTION('',(1.,0.,0.));
#9271 = ORIENTED_EDGE('',*,*,#9272,.T.);
#9272 = EDGE_CURVE('',#9264,#8624,#9273,.T.);
#9273 = LINE('',#9274,#9275);
#9274 = CARTESIAN_POINT('',(-5.5,7.5,10.4));
#9275 = VECTOR('',#9276,1.);
#9276 = DIRECTION('',(0.,0.,1.));
#9277 = ORIENTED_EDGE('',*,*,#8631,.F.);
#9278 = ORIENTED_EDGE('',*,*,#9247,.F.);
#9279 = CYLINDRICAL_SURFACE('',#9280,3.);
#9280 = AXIS2_PLACEMENT_3D('',#9281,#9282,#9283);
#9281 = CARTESIAN_POINT('',(-2.5,7.5,10.4));
#9282 = DIRECTION('',(-0.,-0.,-1.));
#9283 = DIRECTION('',(1.,0.,0.));
#9284 = ADVANCED_FACE('',(#9285),#9303,.T.);
#9285 = FACE_BOUND('',#9286,.T.);
#9286 = EDGE_LOOP('',(#9287,#9295,#9301,#9302));
#9287 = ORIENTED_EDGE('',*,*,#9288,.F.);
#9288 = EDGE_CURVE('',#9289,#9264,#9291,.T.);
#9289 = VERTEX_POINT('',#9290);
#9290 = CARTESIAN_POINT('',(-5.5,38.5,10.5));
#9291 = LINE('',#9292,#9293);
#9292 = CARTESIAN_POINT('',(-5.5,15.25,10.5));
#9293 = VECTOR('',#9294,1.);
#9294 = DIRECTION('',(0.,-1.,0.));
#9295 = ORIENTED_EDGE('',*,*,#9296,.T.);
#9296 = EDGE_CURVE('',#9289,#8615,#9297,.T.);
#9297 = LINE('',#9298,#9299);
#9298 = CARTESIAN_POINT('',(-5.5,38.5,10.4));
#9299 = VECTOR('',#9300,1.);
#9300 = DIRECTION('',(0.,0.,1.));
#9301 = ORIENTED_EDGE('',*,*,#8623,.F.);
#9302 = ORIENTED_EDGE('',*,*,#9272,.F.);
#9303 = PLANE('',#9304);
#9304 = AXIS2_PLACEMENT_3D('',#9305,#9306,#9307);
#9305 = CARTESIAN_POINT('',(-5.5,7.5,10.4));
#9306 = DIRECTION('',(1.,0.,0.));
#9307 = DIRECTION('',(0.,0.,1.));
#9308 = ADVANCED_FACE('',(#9309),#9328,.F.);
#9309 = FACE_BOUND('',#9310,.T.);
#9310 = EDGE_LOOP('',(#9311,#9320,#9326,#9327));
#9311 = ORIENTED_EDGE('',*,*,#9312,.T.);
#9312 = EDGE_CURVE('',#9289,#9313,#9315,.T.);
#9313 = VERTEX_POINT('',#9314);
#9314 = CARTESIAN_POINT('',(-2.5,41.5,10.5));
#9315 = CIRCLE('',#9316,3.);
#9316 = AXIS2_PLACEMENT_3D('',#9317,#9318,#9319);
#9317 = CARTESIAN_POINT('',(-2.5,38.5,10.5));
#9318 = DIRECTION('',(0.,0.,-1.));
#9319 = DIRECTION('',(1.,0.,0.));
#9320 = ORIENTED_EDGE('',*,*,#9321,.T.);
#9321 = EDGE_CURVE('',#9313,#8607,#9322,.T.);
#9322 = LINE('',#9323,#9324);
#9323 = CARTESIAN_POINT('',(-2.5,41.5,10.4));
#9324 = VECTOR('',#9325,1.);
#9325 = DIRECTION('',(0.,0.,1.));
#9326 = ORIENTED_EDGE('',*,*,#8614,.F.);
#9327 = ORIENTED_EDGE('',*,*,#9296,.F.);
#9328 = CYLINDRICAL_SURFACE('',#9329,3.);
#9329 = AXIS2_PLACEMENT_3D('',#9330,#9331,#9332);
#9330 = CARTESIAN_POINT('',(-2.5,38.5,10.4));
#9331 = DIRECTION('',(-0.,-0.,-1.));
#9332 = DIRECTION('',(1.,0.,0.));
#9333 = ADVANCED_FACE('',(#9334),#9345,.F.);
#9334 = FACE_BOUND('',#9335,.F.);
#9335 = EDGE_LOOP('',(#9336,#9342,#9343,#9344));
#9336 = ORIENTED_EDGE('',*,*,#9337,.F.);
#9337 = EDGE_CURVE('',#9313,#8705,#9338,.T.);
#9338 = LINE('',#9339,#9340);
#9339 = CARTESIAN_POINT('',(4.,41.5,10.5));
#9340 = VECTOR('',#9341,1.);
#9341 = DIRECTION('',(1.,0.,0.));
#9342 = ORIENTED_EDGE('',*,*,#9321,.T.);
#9343 = ORIENTED_EDGE('',*,*,#8606,.F.);
#9344 = ORIENTED_EDGE('',*,*,#8704,.T.);
#9345 = PLANE('',#9346);
#9346 = AXIS2_PLACEMENT_3D('',#9347,#9348,#9349);
#9347 = CARTESIAN_POINT('',(-2.5,41.5,10.4));
#9348 = DIRECTION('',(0.,1.,0.));
#9349 = DIRECTION('',(0.,0.,1.));
#9350 = ADVANCED_FACE('',(#9351),#9438,.T.);
#9351 = FACE_BOUND('',#9352,.T.);
#9352 = EDGE_LOOP('',(#9353,#9354,#9355,#9356,#9357,#9358,#9366,#9375,
    #9383,#9392,#9400,#9409,#9417,#9426,#9432,#9433,#9434,#9435,#9436,
    #9437));
#9353 = ORIENTED_EDGE('',*,*,#8999,.F.);
#9354 = ORIENTED_EDGE('',*,*,#8807,.T.);
#9355 = ORIENTED_EDGE('',*,*,#8830,.F.);
#9356 = ORIENTED_EDGE('',*,*,#8855,.T.);
#9357 = ORIENTED_EDGE('',*,*,#8728,.T.);
#9358 = ORIENTED_EDGE('',*,*,#9359,.T.);
#9359 = EDGE_CURVE('',#8721,#9360,#9362,.T.);
#9360 = VERTEX_POINT('',#9361);
#9361 = CARTESIAN_POINT('',(-2.5,42.3,11.5));
#9362 = LINE('',#9363,#9364);
#9363 = CARTESIAN_POINT('',(4.,42.3,11.5));
#9364 = VECTOR('',#9365,1.);
#9365 = DIRECTION('',(-1.,0.,0.));
#9366 = ORIENTED_EDGE('',*,*,#9367,.F.);
#9367 = EDGE_CURVE('',#9368,#9360,#9370,.T.);
#9368 = VERTEX_POINT('',#9369);
#9369 = CARTESIAN_POINT('',(-6.3,38.5,11.5));
#9370 = CIRCLE('',#9371,3.8);
#9371 = AXIS2_PLACEMENT_3D('',#9372,#9373,#9374);
#9372 = CARTESIAN_POINT('',(-2.5,38.5,11.5));
#9373 = DIRECTION('',(0.,0.,-1.));
#9374 = DIRECTION('',(1.,0.,0.));
#9375 = ORIENTED_EDGE('',*,*,#9376,.F.);
#9376 = EDGE_CURVE('',#9377,#9368,#9379,.T.);
#9377 = VERTEX_POINT('',#9378);
#9378 = CARTESIAN_POINT('',(-6.3,7.5,11.5));
#9379 = LINE('',#9380,#9381);
#9380 = CARTESIAN_POINT('',(-6.3,15.25,11.5));
#9381 = VECTOR('',#9382,1.);
#9382 = DIRECTION('',(0.,1.,0.));
#9383 = ORIENTED_EDGE('',*,*,#9384,.F.);
#9384 = EDGE_CURVE('',#9385,#9377,#9387,.T.);
#9385 = VERTEX_POINT('',#9386);
#9386 = CARTESIAN_POINT('',(-2.5,3.7,11.5));
#9387 = CIRCLE('',#9388,3.8);
#9388 = AXIS2_PLACEMENT_3D('',#9389,#9390,#9391);
#9389 = CARTESIAN_POINT('',(-2.5,7.5,11.5));
#9390 = DIRECTION('',(0.,0.,-1.));
#9391 = DIRECTION('',(1.,0.,0.));
#9392 = ORIENTED_EDGE('',*,*,#9393,.F.);
#9393 = EDGE_CURVE('',#9394,#9385,#9396,.T.);
#9394 = VERTEX_POINT('',#9395);
#9395 = CARTESIAN_POINT('',(23.5,3.7,11.5));
#9396 = LINE('',#9397,#9398);
#9397 = CARTESIAN_POINT('',(4.,3.7,11.5));
#9398 = VECTOR('',#9399,1.);
#9399 = DIRECTION('',(-1.,0.,0.));
#9400 = ORIENTED_EDGE('',*,*,#9401,.F.);
#9401 = EDGE_CURVE('',#9402,#9394,#9404,.T.);
#9402 = VERTEX_POINT('',#9403);
#9403 = CARTESIAN_POINT('',(27.3,7.5,11.5));
#9404 = CIRCLE('',#9405,3.8);
#9405 = AXIS2_PLACEMENT_3D('',#9406,#9407,#9408);
#9406 = CARTESIAN_POINT('',(23.5,7.5,11.5));
#9407 = DIRECTION('',(0.,0.,-1.));
#9408 = DIRECTION('',(1.,0.,0.));
#9409 = ORIENTED_EDGE('',*,*,#9410,.T.);
#9410 = EDGE_CURVE('',#9402,#9411,#9413,.T.);
#9411 = VERTEX_POINT('',#9412);
#9412 = CARTESIAN_POINT('',(27.3,38.5,11.5));
#9413 = LINE('',#9414,#9415);
#9414 = CARTESIAN_POINT('',(27.3,15.25,11.5));
#9415 = VECTOR('',#9416,1.);
#9416 = DIRECTION('',(0.,1.,0.));
#9417 = ORIENTED_EDGE('',*,*,#9418,.F.);
#9418 = EDGE_CURVE('',#9419,#9411,#9421,.T.);
#9419 = VERTEX_POINT('',#9420);
#9420 = CARTESIAN_POINT('',(23.5,42.3,11.5));
#9421 = CIRCLE('',#9422,3.8);
#9422 = AXIS2_PLACEMENT_3D('',#9423,#9424,#9425);
#9423 = CARTESIAN_POINT('',(23.5,38.5,11.5));
#9424 = DIRECTION('',(0.,0.,-1.));
#9425 = DIRECTION('',(1.,0.,0.));
#9426 = ORIENTED_EDGE('',*,*,#9427,.T.);
#9427 = EDGE_CURVE('',#9419,#8770,#9428,.T.);
#9428 = LINE('',#9429,#9430);
#9429 = CARTESIAN_POINT('',(4.,42.3,11.5));
#9430 = VECTOR('',#9431,1.);
#9431 = DIRECTION('',(-1.,0.,0.));
#9432 = ORIENTED_EDGE('',*,*,#8777,.F.);
#9433 = ORIENTED_EDGE('',*,*,#8874,.T.);
#9434 = ORIENTED_EDGE('',*,*,#8900,.F.);
#9435 = ORIENTED_EDGE('',*,*,#8933,.F.);
#9436 = ORIENTED_EDGE('',*,*,#8950,.F.);
#9437 = ORIENTED_EDGE('',*,*,#8974,.F.);
#9438 = PLANE('',#9439);
#9439 = AXIS2_PLACEMENT_3D('',#9440,#9441,#9442);
#9440 = CARTESIAN_POINT('',(10.5,23.,11.5));
#9441 = DIRECTION('',(-0.,-0.,-1.));
#9442 = DIRECTION('',(-1.,0.,0.));
#9443 = ADVANCED_FACE('',(#9444),#9462,.T.);
#9444 = FACE_BOUND('',#9445,.T.);
#9445 = EDGE_LOOP('',(#9446,#9454,#9460,#9461));
#9446 = ORIENTED_EDGE('',*,*,#9447,.F.);
#9447 = EDGE_CURVE('',#9448,#8713,#9450,.T.);
#9448 = VERTEX_POINT('',#9449);
#9449 = CARTESIAN_POINT('',(-2.5,42.3,10.5));
#9450 = LINE('',#9451,#9452);
#9451 = CARTESIAN_POINT('',(-2.5,42.3,10.5));
#9452 = VECTOR('',#9453,1.);
#9453 = DIRECTION('',(1.,0.,0.));
#9454 = ORIENTED_EDGE('',*,*,#9455,.T.);
#9455 = EDGE_CURVE('',#9448,#9360,#9456,.T.);
#9456 = LINE('',#9457,#9458);
#9457 = CARTESIAN_POINT('',(-2.5,42.3,10.5));
#9458 = VECTOR('',#9459,1.);
#9459 = DIRECTION('',(0.,0.,1.));
#9460 = ORIENTED_EDGE('',*,*,#9359,.F.);
#9461 = ORIENTED_EDGE('',*,*,#8720,.T.);
#9462 = PLANE('',#9463);
#9463 = AXIS2_PLACEMENT_3D('',#9464,#9465,#9466);
#9464 = CARTESIAN_POINT('',(-2.5,42.3,10.5));
#9465 = DIRECTION('',(0.,1.,0.));
#9466 = DIRECTION('',(0.,0.,1.));
#9467 = ADVANCED_FACE('',(#9468),#9548,.T.);
#9468 = FACE_BOUND('',#9469,.T.);
#9469 = EDGE_LOOP('',(#9470,#9481,#9489,#9496,#9497,#9498,#9499,#9500,
    #9501,#9502,#9503,#9504,#9505,#9506,#9507,#9508,#9516,#9525,#9533,
    #9542));
#9470 = ORIENTED_EDGE('',*,*,#9471,.F.);
#9471 = EDGE_CURVE('',#9472,#9474,#9476,.T.);
#9472 = VERTEX_POINT('',#9473);
#9473 = CARTESIAN_POINT('',(-6.3,7.5,10.5));
#9474 = VERTEX_POINT('',#9475);
#9475 = CARTESIAN_POINT('',(-2.5,3.7,10.5));
#9476 = CIRCLE('',#9477,3.8);
#9477 = AXIS2_PLACEMENT_3D('',#9478,#9479,#9480);
#9478 = CARTESIAN_POINT('',(-2.5,7.5,10.5));
#9479 = DIRECTION('',(0.,0.,1.));
#9480 = DIRECTION('',(1.,0.,0.));
#9481 = ORIENTED_EDGE('',*,*,#9482,.T.);
#9482 = EDGE_CURVE('',#9472,#9483,#9485,.T.);
#9483 = VERTEX_POINT('',#9484);
#9484 = CARTESIAN_POINT('',(-6.3,38.5,10.5));
#9485 = LINE('',#9486,#9487);
#9486 = CARTESIAN_POINT('',(-6.3,7.5,10.5));
#9487 = VECTOR('',#9488,1.);
#9488 = DIRECTION('',(0.,1.,0.));
#9489 = ORIENTED_EDGE('',*,*,#9490,.F.);
#9490 = EDGE_CURVE('',#9448,#9483,#9491,.T.);
#9491 = CIRCLE('',#9492,3.8);
#9492 = AXIS2_PLACEMENT_3D('',#9493,#9494,#9495);
#9493 = CARTESIAN_POINT('',(-2.5,38.5,10.5));
#9494 = DIRECTION('',(0.,0.,1.));
#9495 = DIRECTION('',(1.,0.,0.));
#9496 = ORIENTED_EDGE('',*,*,#9447,.T.);
#9497 = ORIENTED_EDGE('',*,*,#8712,.T.);
#9498 = ORIENTED_EDGE('',*,*,#9337,.F.);
#9499 = ORIENTED_EDGE('',*,*,#9312,.F.);
#9500 = ORIENTED_EDGE('',*,*,#9288,.T.);
#9501 = ORIENTED_EDGE('',*,*,#9263,.F.);
#9502 = ORIENTED_EDGE('',*,*,#9239,.T.);
#9503 = ORIENTED_EDGE('',*,*,#9224,.F.);
#9504 = ORIENTED_EDGE('',*,*,#9198,.F.);
#9505 = ORIENTED_EDGE('',*,*,#9165,.F.);
#9506 = ORIENTED_EDGE('',*,*,#9141,.F.);
#9507 = ORIENTED_EDGE('',*,*,#8761,.F.);
#9508 = ORIENTED_EDGE('',*,*,#9509,.T.);
#9509 = EDGE_CURVE('',#8762,#9510,#9512,.T.);
#9510 = VERTEX_POINT('',#9511);
#9511 = CARTESIAN_POINT('',(23.5,42.3,10.5));
#9512 = LINE('',#9513,#9514);
#9513 = CARTESIAN_POINT('',(-2.5,42.3,10.5));
#9514 = VECTOR('',#9515,1.);
#9515 = DIRECTION('',(1.,0.,0.));
#9516 = ORIENTED_EDGE('',*,*,#9517,.F.);
#9517 = EDGE_CURVE('',#9518,#9510,#9520,.T.);
#9518 = VERTEX_POINT('',#9519);
#9519 = CARTESIAN_POINT('',(27.3,38.5,10.5));
#9520 = CIRCLE('',#9521,3.8);
#9521 = AXIS2_PLACEMENT_3D('',#9522,#9523,#9524);
#9522 = CARTESIAN_POINT('',(23.5,38.5,10.5));
#9523 = DIRECTION('',(0.,0.,1.));
#9524 = DIRECTION('',(1.,0.,0.));
#9525 = ORIENTED_EDGE('',*,*,#9526,.F.);
#9526 = EDGE_CURVE('',#9527,#9518,#9529,.T.);
#9527 = VERTEX_POINT('',#9528);
#9528 = CARTESIAN_POINT('',(27.3,7.5,10.5));
#9529 = LINE('',#9530,#9531);
#9530 = CARTESIAN_POINT('',(27.3,7.5,10.5));
#9531 = VECTOR('',#9532,1.);
#9532 = DIRECTION('',(0.,1.,0.));
#9533 = ORIENTED_EDGE('',*,*,#9534,.F.);
#9534 = EDGE_CURVE('',#9535,#9527,#9537,.T.);
#9535 = VERTEX_POINT('',#9536);
#9536 = CARTESIAN_POINT('',(23.5,3.7,10.5));
#9537 = CIRCLE('',#9538,3.8);
#9538 = AXIS2_PLACEMENT_3D('',#9539,#9540,#9541);
#9539 = CARTESIAN_POINT('',(23.5,7.5,10.5));
#9540 = DIRECTION('',(0.,0.,1.));
#9541 = DIRECTION('',(1.,0.,0.));
#9542 = ORIENTED_EDGE('',*,*,#9543,.F.);
#9543 = EDGE_CURVE('',#9474,#9535,#9544,.T.);
#9544 = LINE('',#9545,#9546);
#9545 = CARTESIAN_POINT('',(-2.5,3.7,10.5));
#9546 = VECTOR('',#9547,1.);
#9547 = DIRECTION('',(1.,0.,0.));
#9548 = PLANE('',#9549);
#9549 = AXIS2_PLACEMENT_3D('',#9550,#9551,#9552);
#9550 = CARTESIAN_POINT('',(10.5,23.,10.5));
#9551 = DIRECTION('',(-0.,-0.,-1.));
#9552 = DIRECTION('',(-1.,0.,0.));
#9553 = ADVANCED_FACE('',(#9554),#9565,.T.);
#9554 = FACE_BOUND('',#9555,.T.);
#9555 = EDGE_LOOP('',(#9556,#9557,#9558,#9559));
#9556 = ORIENTED_EDGE('',*,*,#9509,.F.);
#9557 = ORIENTED_EDGE('',*,*,#8769,.F.);
#9558 = ORIENTED_EDGE('',*,*,#9427,.F.);
#9559 = ORIENTED_EDGE('',*,*,#9560,.F.);
#9560 = EDGE_CURVE('',#9510,#9419,#9561,.T.);
#9561 = LINE('',#9562,#9563);
#9562 = CARTESIAN_POINT('',(23.5,42.3,10.5));
#9563 = VECTOR('',#9564,1.);
#9564 = DIRECTION('',(0.,0.,1.));
#9565 = PLANE('',#9566);
#9566 = AXIS2_PLACEMENT_3D('',#9567,#9568,#9569);
#9567 = CARTESIAN_POINT('',(-2.5,42.3,10.5));
#9568 = DIRECTION('',(0.,1.,0.));
#9569 = DIRECTION('',(0.,0.,1.));
#9570 = ADVANCED_FACE('',(#9571),#9582,.T.);
#9571 = FACE_BOUND('',#9572,.F.);
#9572 = EDGE_LOOP('',(#9573,#9574,#9580,#9581));
#9573 = ORIENTED_EDGE('',*,*,#9517,.F.);
#9574 = ORIENTED_EDGE('',*,*,#9575,.T.);
#9575 = EDGE_CURVE('',#9518,#9411,#9576,.T.);
#9576 = LINE('',#9577,#9578);
#9577 = CARTESIAN_POINT('',(27.3,38.5,10.5));
#9578 = VECTOR('',#9579,1.);
#9579 = DIRECTION('',(0.,0.,1.));
#9580 = ORIENTED_EDGE('',*,*,#9418,.F.);
#9581 = ORIENTED_EDGE('',*,*,#9560,.F.);
#9582 = CYLINDRICAL_SURFACE('',#9583,3.8);
#9583 = AXIS2_PLACEMENT_3D('',#9584,#9585,#9586);
#9584 = CARTESIAN_POINT('',(23.5,38.5,10.5));
#9585 = DIRECTION('',(-0.,-0.,-1.));
#9586 = DIRECTION('',(1.,0.,0.));
#9587 = ADVANCED_FACE('',(#9588),#9599,.T.);
#9588 = FACE_BOUND('',#9589,.T.);
#9589 = EDGE_LOOP('',(#9590,#9596,#9597,#9598));
#9590 = ORIENTED_EDGE('',*,*,#9591,.F.);
#9591 = EDGE_CURVE('',#9527,#9402,#9592,.T.);
#9592 = LINE('',#9593,#9594);
#9593 = CARTESIAN_POINT('',(27.3,7.5,10.5));
#9594 = VECTOR('',#9595,1.);
#9595 = DIRECTION('',(0.,0.,1.));
#9596 = ORIENTED_EDGE('',*,*,#9526,.T.);
#9597 = ORIENTED_EDGE('',*,*,#9575,.T.);
#9598 = ORIENTED_EDGE('',*,*,#9410,.F.);
#9599 = PLANE('',#9600);
#9600 = AXIS2_PLACEMENT_3D('',#9601,#9602,#9603);
#9601 = CARTESIAN_POINT('',(27.3,7.5,10.5));
#9602 = DIRECTION('',(1.,0.,0.));
#9603 = DIRECTION('',(0.,0.,1.));
#9604 = ADVANCED_FACE('',(#9605),#9616,.T.);
#9605 = FACE_BOUND('',#9606,.F.);
#9606 = EDGE_LOOP('',(#9607,#9608,#9609,#9615));
#9607 = ORIENTED_EDGE('',*,*,#9591,.F.);
#9608 = ORIENTED_EDGE('',*,*,#9534,.F.);
#9609 = ORIENTED_EDGE('',*,*,#9610,.T.);
#9610 = EDGE_CURVE('',#9535,#9394,#9611,.T.);
#9611 = LINE('',#9612,#9613);
#9612 = CARTESIAN_POINT('',(23.5,3.7,10.5));
#9613 = VECTOR('',#9614,1.);
#9614 = DIRECTION('',(0.,0.,1.));
#9615 = ORIENTED_EDGE('',*,*,#9401,.F.);
#9616 = CYLINDRICAL_SURFACE('',#9617,3.8);
#9617 = AXIS2_PLACEMENT_3D('',#9618,#9619,#9620);
#9618 = CARTESIAN_POINT('',(23.5,7.5,10.5));
#9619 = DIRECTION('',(-0.,-0.,-1.));
#9620 = DIRECTION('',(1.,0.,0.));
#9621 = ADVANCED_FACE('',(#9622),#9633,.F.);
#9622 = FACE_BOUND('',#9623,.F.);
#9623 = EDGE_LOOP('',(#9624,#9625,#9631,#9632));
#9624 = ORIENTED_EDGE('',*,*,#9543,.F.);
#9625 = ORIENTED_EDGE('',*,*,#9626,.T.);
#9626 = EDGE_CURVE('',#9474,#9385,#9627,.T.);
#9627 = LINE('',#9628,#9629);
#9628 = CARTESIAN_POINT('',(-2.5,3.7,10.5));
#9629 = VECTOR('',#9630,1.);
#9630 = DIRECTION('',(0.,0.,1.));
#9631 = ORIENTED_EDGE('',*,*,#9393,.F.);
#9632 = ORIENTED_EDGE('',*,*,#9610,.F.);
#9633 = PLANE('',#9634);
#9634 = AXIS2_PLACEMENT_3D('',#9635,#9636,#9637);
#9635 = CARTESIAN_POINT('',(-2.5,3.7,10.5));
#9636 = DIRECTION('',(0.,1.,0.));
#9637 = DIRECTION('',(0.,0.,1.));
#9638 = ADVANCED_FACE('',(#9639),#9650,.T.);
#9639 = FACE_BOUND('',#9640,.F.);
#9640 = EDGE_LOOP('',(#9641,#9642,#9643,#9649));
#9641 = ORIENTED_EDGE('',*,*,#9626,.F.);
#9642 = ORIENTED_EDGE('',*,*,#9471,.F.);
#9643 = ORIENTED_EDGE('',*,*,#9644,.T.);
#9644 = EDGE_CURVE('',#9472,#9377,#9645,.T.);
#9645 = LINE('',#9646,#9647);
#9646 = CARTESIAN_POINT('',(-6.3,7.5,10.5));
#9647 = VECTOR('',#9648,1.);
#9648 = DIRECTION('',(0.,0.,1.));
#9649 = ORIENTED_EDGE('',*,*,#9384,.F.);
#9650 = CYLINDRICAL_SURFACE('',#9651,3.8);
#9651 = AXIS2_PLACEMENT_3D('',#9652,#9653,#9654);
#9652 = CARTESIAN_POINT('',(-2.5,7.5,10.5));
#9653 = DIRECTION('',(-0.,-0.,-1.));
#9654 = DIRECTION('',(1.,0.,0.));
#9655 = ADVANCED_FACE('',(#9656),#9667,.F.);
#9656 = FACE_BOUND('',#9657,.F.);
#9657 = EDGE_LOOP('',(#9658,#9659,#9660,#9666));
#9658 = ORIENTED_EDGE('',*,*,#9644,.F.);
#9659 = ORIENTED_EDGE('',*,*,#9482,.T.);
#9660 = ORIENTED_EDGE('',*,*,#9661,.T.);
#9661 = EDGE_CURVE('',#9483,#9368,#9662,.T.);
#9662 = LINE('',#9663,#9664);
#9663 = CARTESIAN_POINT('',(-6.3,38.5,10.5));
#9664 = VECTOR('',#9665,1.);
#9665 = DIRECTION('',(0.,0.,1.));
#9666 = ORIENTED_EDGE('',*,*,#9376,.F.);
#9667 = PLANE('',#9668);
#9668 = AXIS2_PLACEMENT_3D('',#9669,#9670,#9671);
#9669 = CARTESIAN_POINT('',(-6.3,7.5,10.5));
#9670 = DIRECTION('',(1.,0.,0.));
#9671 = DIRECTION('',(0.,0.,1.));
#9672 = ADVANCED_FACE('',(#9673),#9679,.T.);
#9673 = FACE_BOUND('',#9674,.F.);
#9674 = EDGE_LOOP('',(#9675,#9676,#9677,#9678));
#9675 = ORIENTED_EDGE('',*,*,#9490,.F.);
#9676 = ORIENTED_EDGE('',*,*,#9455,.T.);
#9677 = ORIENTED_EDGE('',*,*,#9367,.F.);
#9678 = ORIENTED_EDGE('',*,*,#9661,.F.);
#9679 = CYLINDRICAL_SURFACE('',#9680,3.8);
#9680 = AXIS2_PLACEMENT_3D('',#9681,#9682,#9683);
#9681 = CARTESIAN_POINT('',(-2.5,38.5,10.5));
#9682 = DIRECTION('',(-0.,-0.,-1.));
#9683 = DIRECTION('',(1.,0.,0.));
#9684 = ADVANCED_FACE('',(#9685),#9691,.T.);
#9685 = FACE_BOUND('',#9686,.T.);
#9686 = EDGE_LOOP('',(#9687,#9688,#9689,#9690));
#9687 = ORIENTED_EDGE('',*,*,#7162,.F.);
#9688 = ORIENTED_EDGE('',*,*,#6854,.T.);
#9689 = ORIENTED_EDGE('',*,*,#7030,.T.);
#9690 = ORIENTED_EDGE('',*,*,#7608,.F.);
#9691 = PLANE('',#9692);
#9692 = AXIS2_PLACEMENT_3D('',#9693,#9694,#9695);
#9693 = CARTESIAN_POINT('',(24.78,16.5,13.1));
#9694 = DIRECTION('',(0.,0.,1.));
#9695 = DIRECTION('',(1.,0.,0.));
#9696 = MANIFOLD_SOLID_BREP('',#9697);
#9697 = CLOSED_SHELL('',(#9698,#9774,#9806,#9830,#9855,#9879,#9904,#9928
    ,#9953,#9970,#10056,#10088,#10112,#10136,#10161,#10186,#10210,#10234
    ,#10252,#10338,#10369,#10394,#10418,#10443,#10467,#10492,#10516,
    #10534,#10620,#10652,#10676,#10700,#10725,#10750,#10774,#10798,
    #10816,#10902,#10934,#10958,#10982,#11007,#11032,#11056,#11080,
    #11098,#11184,#11216,#11240,#11265,#11289,#11314,#11338,#11363,
    #11380));
#9698 = ADVANCED_FACE('',(#9699),#9769,.F.);
#9699 = FACE_BOUND('',#9700,.F.);
#9700 = EDGE_LOOP('',(#9701,#9712,#9720,#9729,#9737,#9746,#9754,#9763));
#9701 = ORIENTED_EDGE('',*,*,#9702,.F.);
#9702 = EDGE_CURVE('',#9703,#9705,#9707,.T.);
#9703 = VERTEX_POINT('',#9704);
#9704 = CARTESIAN_POINT('',(-5.5,7.5,0.8));
#9705 = VERTEX_POINT('',#9706);
#9706 = CARTESIAN_POINT('',(-2.5,4.5,0.8));
#9707 = CIRCLE('',#9708,3.);
#9708 = AXIS2_PLACEMENT_3D('',#9709,#9710,#9711);
#9709 = CARTESIAN_POINT('',(-2.5,7.5,0.8));
#9710 = DIRECTION('',(0.,0.,1.));
#9711 = DIRECTION('',(1.,0.,0.));
#9712 = ORIENTED_EDGE('',*,*,#9713,.T.);
#9713 = EDGE_CURVE('',#9703,#9714,#9716,.T.);
#9714 = VERTEX_POINT('',#9715);
#9715 = CARTESIAN_POINT('',(-5.5,38.5,0.8));
#9716 = LINE('',#9717,#9718);
#9717 = CARTESIAN_POINT('',(-5.5,7.5,0.8));
#9718 = VECTOR('',#9719,1.);
#9719 = DIRECTION('',(0.,1.,0.));
#9720 = ORIENTED_EDGE('',*,*,#9721,.F.);
#9721 = EDGE_CURVE('',#9722,#9714,#9724,.T.);
#9722 = VERTEX_POINT('',#9723);
#9723 = CARTESIAN_POINT('',(-2.5,41.5,0.8));
#9724 = CIRCLE('',#9725,3.);
#9725 = AXIS2_PLACEMENT_3D('',#9726,#9727,#9728);
#9726 = CARTESIAN_POINT('',(-2.5,38.5,0.8));
#9727 = DIRECTION('',(0.,0.,1.));
#9728 = DIRECTION('',(1.,0.,0.));
#9729 = ORIENTED_EDGE('',*,*,#9730,.T.);
#9730 = EDGE_CURVE('',#9722,#9731,#9733,.T.);
#9731 = VERTEX_POINT('',#9732);
#9732 = CARTESIAN_POINT('',(23.5,41.5,0.8));
#9733 = LINE('',#9734,#9735);
#9734 = CARTESIAN_POINT('',(-2.5,41.5,0.8));
#9735 = VECTOR('',#9736,1.);
#9736 = DIRECTION('',(1.,0.,0.));
#9737 = ORIENTED_EDGE('',*,*,#9738,.F.);
#9738 = EDGE_CURVE('',#9739,#9731,#9741,.T.);
#9739 = VERTEX_POINT('',#9740);
#9740 = CARTESIAN_POINT('',(26.5,38.5,0.8));
#9741 = CIRCLE('',#9742,3.);
#9742 = AXIS2_PLACEMENT_3D('',#9743,#9744,#9745);
#9743 = CARTESIAN_POINT('',(23.5,38.5,0.8));
#9744 = DIRECTION('',(0.,0.,1.));
#9745 = DIRECTION('',(1.,0.,0.));
#9746 = ORIENTED_EDGE('',*,*,#9747,.F.);
#9747 = EDGE_CURVE('',#9748,#9739,#9750,.T.);
#9748 = VERTEX_POINT('',#9749);
#9749 = CARTESIAN_POINT('',(26.5,7.5,0.8));
#9750 = LINE('',#9751,#9752);
#9751 = CARTESIAN_POINT('',(26.5,7.5,0.8));
#9752 = VECTOR('',#9753,1.);
#9753 = DIRECTION('',(0.,1.,0.));
#9754 = ORIENTED_EDGE('',*,*,#9755,.F.);
#9755 = EDGE_CURVE('',#9756,#9748,#9758,.T.);
#9756 = VERTEX_POINT('',#9757);
#9757 = CARTESIAN_POINT('',(23.5,4.5,0.8));
#9758 = CIRCLE('',#9759,3.);
#9759 = AXIS2_PLACEMENT_3D('',#9760,#9761,#9762);
#9760 = CARTESIAN_POINT('',(23.5,7.5,0.8));
#9761 = DIRECTION('',(0.,0.,1.));
#9762 = DIRECTION('',(1.,0.,0.));
#9763 = ORIENTED_EDGE('',*,*,#9764,.F.);
#9764 = EDGE_CURVE('',#9705,#9756,#9765,.T.);
#9765 = LINE('',#9766,#9767);
#9766 = CARTESIAN_POINT('',(-2.5,4.5,0.8));
#9767 = VECTOR('',#9768,1.);
#9768 = DIRECTION('',(1.,0.,0.));
#9769 = PLANE('',#9770);
#9770 = AXIS2_PLACEMENT_3D('',#9771,#9772,#9773);
#9771 = CARTESIAN_POINT('',(10.5,23.,0.8));
#9772 = DIRECTION('',(-0.,-0.,-1.));
#9773 = DIRECTION('',(-1.,0.,0.));
#9774 = ADVANCED_FACE('',(#9775),#9801,.F.);
#9775 = FACE_BOUND('',#9776,.T.);
#9776 = EDGE_LOOP('',(#9777,#9778,#9786,#9795));
#9777 = ORIENTED_EDGE('',*,*,#9702,.F.);
#9778 = ORIENTED_EDGE('',*,*,#9779,.T.);
#9779 = EDGE_CURVE('',#9703,#9780,#9782,.T.);
#9780 = VERTEX_POINT('',#9781);
#9781 = CARTESIAN_POINT('',(-5.5,7.5,4.08));
#9782 = LINE('',#9783,#9784);
#9783 = CARTESIAN_POINT('',(-5.5,7.5,0.8));
#9784 = VECTOR('',#9785,1.);
#9785 = DIRECTION('',(0.,0.,1.));
#9786 = ORIENTED_EDGE('',*,*,#9787,.F.);
#9787 = EDGE_CURVE('',#9788,#9780,#9790,.T.);
#9788 = VERTEX_POINT('',#9789);
#9789 = CARTESIAN_POINT('',(-2.5,4.5,4.08));
#9790 = CIRCLE('',#9791,3.);
#9791 = AXIS2_PLACEMENT_3D('',#9792,#9793,#9794);
#9792 = CARTESIAN_POINT('',(-2.5,7.5,4.08));
#9793 = DIRECTION('',(0.,0.,-1.));
#9794 = DIRECTION('',(1.,0.,0.));
#9795 = ORIENTED_EDGE('',*,*,#9796,.F.);
#9796 = EDGE_CURVE('',#9705,#9788,#9797,.T.);
#9797 = LINE('',#9798,#9799);
#9798 = CARTESIAN_POINT('',(-2.5,4.5,0.8));
#9799 = VECTOR('',#9800,1.);
#9800 = DIRECTION('',(0.,0.,1.));
#9801 = CYLINDRICAL_SURFACE('',#9802,3.);
#9802 = AXIS2_PLACEMENT_3D('',#9803,#9804,#9805);
#9803 = CARTESIAN_POINT('',(-2.5,7.5,0.8));
#9804 = DIRECTION('',(-0.,-0.,-1.));
#9805 = DIRECTION('',(1.,0.,0.));
#9806 = ADVANCED_FACE('',(#9807),#9825,.T.);
#9807 = FACE_BOUND('',#9808,.T.);
#9808 = EDGE_LOOP('',(#9809,#9810,#9811,#9819));
#9809 = ORIENTED_EDGE('',*,*,#9779,.F.);
#9810 = ORIENTED_EDGE('',*,*,#9713,.T.);
#9811 = ORIENTED_EDGE('',*,*,#9812,.T.);
#9812 = EDGE_CURVE('',#9714,#9813,#9815,.T.);
#9813 = VERTEX_POINT('',#9814);
#9814 = CARTESIAN_POINT('',(-5.5,38.5,4.08));
#9815 = LINE('',#9816,#9817);
#9816 = CARTESIAN_POINT('',(-5.5,38.5,0.8));
#9817 = VECTOR('',#9818,1.);
#9818 = DIRECTION('',(0.,0.,1.));
#9819 = ORIENTED_EDGE('',*,*,#9820,.F.);
#9820 = EDGE_CURVE('',#9780,#9813,#9821,.T.);
#9821 = LINE('',#9822,#9823);
#9822 = CARTESIAN_POINT('',(-5.5,15.25,4.08));
#9823 = VECTOR('',#9824,1.);
#9824 = DIRECTION('',(0.,1.,0.));
#9825 = PLANE('',#9826);
#9826 = AXIS2_PLACEMENT_3D('',#9827,#9828,#9829);
#9827 = CARTESIAN_POINT('',(-5.5,7.5,0.8));
#9828 = DIRECTION('',(1.,0.,0.));
#9829 = DIRECTION('',(0.,0.,1.));
#9830 = ADVANCED_FACE('',(#9831),#9850,.F.);
#9831 = FACE_BOUND('',#9832,.T.);
#9832 = EDGE_LOOP('',(#9833,#9834,#9842,#9849));
#9833 = ORIENTED_EDGE('',*,*,#9721,.F.);
#9834 = ORIENTED_EDGE('',*,*,#9835,.T.);
#9835 = EDGE_CURVE('',#9722,#9836,#9838,.T.);
#9836 = VERTEX_POINT('',#9837);
#9837 = CARTESIAN_POINT('',(-2.5,41.5,4.08));
#9838 = LINE('',#9839,#9840);
#9839 = CARTESIAN_POINT('',(-2.5,41.5,0.8));
#9840 = VECTOR('',#9841,1.);
#9841 = DIRECTION('',(0.,0.,1.));
#9842 = ORIENTED_EDGE('',*,*,#9843,.F.);
#9843 = EDGE_CURVE('',#9813,#9836,#9844,.T.);
#9844 = CIRCLE('',#9845,3.);
#9845 = AXIS2_PLACEMENT_3D('',#9846,#9847,#9848);
#9846 = CARTESIAN_POINT('',(-2.5,38.5,4.08));
#9847 = DIRECTION('',(0.,0.,-1.));
#9848 = DIRECTION('',(1.,0.,0.));
#9849 = ORIENTED_EDGE('',*,*,#9812,.F.);
#9850 = CYLINDRICAL_SURFACE('',#9851,3.);
#9851 = AXIS2_PLACEMENT_3D('',#9852,#9853,#9854);
#9852 = CARTESIAN_POINT('',(-2.5,38.5,0.8));
#9853 = DIRECTION('',(-0.,-0.,-1.));
#9854 = DIRECTION('',(1.,0.,0.));
#9855 = ADVANCED_FACE('',(#9856),#9874,.F.);
#9856 = FACE_BOUND('',#9857,.F.);
#9857 = EDGE_LOOP('',(#9858,#9866,#9872,#9873));
#9858 = ORIENTED_EDGE('',*,*,#9859,.F.);
#9859 = EDGE_CURVE('',#9860,#9836,#9862,.T.);
#9860 = VERTEX_POINT('',#9861);
#9861 = CARTESIAN_POINT('',(23.5,41.5,4.08));
#9862 = LINE('',#9863,#9864);
#9863 = CARTESIAN_POINT('',(4.,41.5,4.08));
#9864 = VECTOR('',#9865,1.);
#9865 = DIRECTION('',(-1.,0.,0.));
#9866 = ORIENTED_EDGE('',*,*,#9867,.F.);
#9867 = EDGE_CURVE('',#9731,#9860,#9868,.T.);
#9868 = LINE('',#9869,#9870);
#9869 = CARTESIAN_POINT('',(23.5,41.5,0.8));
#9870 = VECTOR('',#9871,1.);
#9871 = DIRECTION('',(0.,0.,1.));
#9872 = ORIENTED_EDGE('',*,*,#9730,.F.);
#9873 = ORIENTED_EDGE('',*,*,#9835,.T.);
#9874 = PLANE('',#9875);
#9875 = AXIS2_PLACEMENT_3D('',#9876,#9877,#9878);
#9876 = CARTESIAN_POINT('',(-2.5,41.5,0.8));
#9877 = DIRECTION('',(0.,1.,0.));
#9878 = DIRECTION('',(0.,0.,1.));
#9879 = ADVANCED_FACE('',(#9880),#9899,.F.);
#9880 = FACE_BOUND('',#9881,.T.);
#9881 = EDGE_LOOP('',(#9882,#9883,#9891,#9898));
#9882 = ORIENTED_EDGE('',*,*,#9738,.F.);
#9883 = ORIENTED_EDGE('',*,*,#9884,.T.);
#9884 = EDGE_CURVE('',#9739,#9885,#9887,.T.);
#9885 = VERTEX_POINT('',#9886);
#9886 = CARTESIAN_POINT('',(26.5,38.5,4.08));
#9887 = LINE('',#9888,#9889);
#9888 = CARTESIAN_POINT('',(26.5,38.5,0.8));
#9889 = VECTOR('',#9890,1.);
#9890 = DIRECTION('',(0.,0.,1.));
#9891 = ORIENTED_EDGE('',*,*,#9892,.F.);
#9892 = EDGE_CURVE('',#9860,#9885,#9893,.T.);
#9893 = CIRCLE('',#9894,3.);
#9894 = AXIS2_PLACEMENT_3D('',#9895,#9896,#9897);
#9895 = CARTESIAN_POINT('',(23.5,38.5,4.08));
#9896 = DIRECTION('',(0.,0.,-1.));
#9897 = DIRECTION('',(1.,0.,0.));
#9898 = ORIENTED_EDGE('',*,*,#9867,.F.);
#9899 = CYLINDRICAL_SURFACE('',#9900,3.);
#9900 = AXIS2_PLACEMENT_3D('',#9901,#9902,#9903);
#9901 = CARTESIAN_POINT('',(23.5,38.5,0.8));
#9902 = DIRECTION('',(-0.,-0.,-1.));
#9903 = DIRECTION('',(1.,0.,0.));
#9904 = ADVANCED_FACE('',(#9905),#9923,.F.);
#9905 = FACE_BOUND('',#9906,.F.);
#9906 = EDGE_LOOP('',(#9907,#9915,#9921,#9922));
#9907 = ORIENTED_EDGE('',*,*,#9908,.F.);
#9908 = EDGE_CURVE('',#9909,#9885,#9911,.T.);
#9909 = VERTEX_POINT('',#9910);
#9910 = CARTESIAN_POINT('',(26.5,7.5,4.08));
#9911 = LINE('',#9912,#9913);
#9912 = CARTESIAN_POINT('',(26.5,15.25,4.08));
#9913 = VECTOR('',#9914,1.);
#9914 = DIRECTION('',(0.,1.,0.));
#9915 = ORIENTED_EDGE('',*,*,#9916,.F.);
#9916 = EDGE_CURVE('',#9748,#9909,#9917,.T.);
#9917 = LINE('',#9918,#9919);
#9918 = CARTESIAN_POINT('',(26.5,7.5,0.8));
#9919 = VECTOR('',#9920,1.);
#9920 = DIRECTION('',(0.,0.,1.));
#9921 = ORIENTED_EDGE('',*,*,#9747,.T.);
#9922 = ORIENTED_EDGE('',*,*,#9884,.T.);
#9923 = PLANE('',#9924);
#9924 = AXIS2_PLACEMENT_3D('',#9925,#9926,#9927);
#9925 = CARTESIAN_POINT('',(26.5,7.5,0.8));
#9926 = DIRECTION('',(1.,0.,0.));
#9927 = DIRECTION('',(0.,0.,1.));
#9928 = ADVANCED_FACE('',(#9929),#9948,.F.);
#9929 = FACE_BOUND('',#9930,.T.);
#9930 = EDGE_LOOP('',(#9931,#9932,#9940,#9947));
#9931 = ORIENTED_EDGE('',*,*,#9755,.F.);
#9932 = ORIENTED_EDGE('',*,*,#9933,.T.);
#9933 = EDGE_CURVE('',#9756,#9934,#9936,.T.);
#9934 = VERTEX_POINT('',#9935);
#9935 = CARTESIAN_POINT('',(23.5,4.5,4.08));
#9936 = LINE('',#9937,#9938);
#9937 = CARTESIAN_POINT('',(23.5,4.5,0.8));
#9938 = VECTOR('',#9939,1.);
#9939 = DIRECTION('',(0.,0.,1.));
#9940 = ORIENTED_EDGE('',*,*,#9941,.F.);
#9941 = EDGE_CURVE('',#9909,#9934,#9942,.T.);
#9942 = CIRCLE('',#9943,3.);
#9943 = AXIS2_PLACEMENT_3D('',#9944,#9945,#9946);
#9944 = CARTESIAN_POINT('',(23.5,7.5,4.08));
#9945 = DIRECTION('',(0.,0.,-1.));
#9946 = DIRECTION('',(1.,0.,0.));
#9947 = ORIENTED_EDGE('',*,*,#9916,.F.);
#9948 = CYLINDRICAL_SURFACE('',#9949,3.);
#9949 = AXIS2_PLACEMENT_3D('',#9950,#9951,#9952);
#9950 = CARTESIAN_POINT('',(23.5,7.5,0.8));
#9951 = DIRECTION('',(-0.,-0.,-1.));
#9952 = DIRECTION('',(1.,0.,0.));
#9953 = ADVANCED_FACE('',(#9954),#9965,.T.);
#9954 = FACE_BOUND('',#9955,.T.);
#9955 = EDGE_LOOP('',(#9956,#9957,#9958,#9959));
#9956 = ORIENTED_EDGE('',*,*,#9933,.F.);
#9957 = ORIENTED_EDGE('',*,*,#9764,.F.);
#9958 = ORIENTED_EDGE('',*,*,#9796,.T.);
#9959 = ORIENTED_EDGE('',*,*,#9960,.F.);
#9960 = EDGE_CURVE('',#9934,#9788,#9961,.T.);
#9961 = LINE('',#9962,#9963);
#9962 = CARTESIAN_POINT('',(4.,4.5,4.08));
#9963 = VECTOR('',#9964,1.);
#9964 = DIRECTION('',(-1.,0.,0.));
#9965 = PLANE('',#9966);
#9966 = AXIS2_PLACEMENT_3D('',#9967,#9968,#9969);
#9967 = CARTESIAN_POINT('',(-2.5,4.5,0.8));
#9968 = DIRECTION('',(0.,1.,0.));
#9969 = DIRECTION('',(0.,0.,1.));
#9970 = ADVANCED_FACE('',(#9971,#10041),#10051,.F.);
#9971 = FACE_BOUND('',#9972,.F.);
#9972 = EDGE_LOOP('',(#9973,#9984,#9992,#10001,#10009,#10018,#10026,
    #10035));
#9973 = ORIENTED_EDGE('',*,*,#9974,.F.);
#9974 = EDGE_CURVE('',#9975,#9977,#9979,.T.);
#9975 = VERTEX_POINT('',#9976);
#9976 = CARTESIAN_POINT('',(-5.74,7.5,4.08));
#9977 = VERTEX_POINT('',#9978);
#9978 = CARTESIAN_POINT('',(-2.5,4.26,4.08));
#9979 = CIRCLE('',#9980,3.24);
#9980 = AXIS2_PLACEMENT_3D('',#9981,#9982,#9983);
#9981 = CARTESIAN_POINT('',(-2.5,7.5,4.08));
#9982 = DIRECTION('',(0.,0.,1.));
#9983 = DIRECTION('',(1.,0.,0.));
#9984 = ORIENTED_EDGE('',*,*,#9985,.T.);
#9985 = EDGE_CURVE('',#9975,#9986,#9988,.T.);
#9986 = VERTEX_POINT('',#9987);
#9987 = CARTESIAN_POINT('',(-5.74,38.5,4.08));
#9988 = LINE('',#9989,#9990);
#9989 = CARTESIAN_POINT('',(-5.74,7.5,4.08));
#9990 = VECTOR('',#9991,1.);
#9991 = DIRECTION('',(0.,1.,0.));
#9992 = ORIENTED_EDGE('',*,*,#9993,.F.);
#9993 = EDGE_CURVE('',#9994,#9986,#9996,.T.);
#9994 = VERTEX_POINT('',#9995);
#9995 = CARTESIAN_POINT('',(-2.5,41.74,4.08));
#9996 = CIRCLE('',#9997,3.24);
#9997 = AXIS2_PLACEMENT_3D('',#9998,#9999,#10000);
#9998 = CARTESIAN_POINT('',(-2.5,38.5,4.08));
#9999 = DIRECTION('',(0.,0.,1.));
#10000 = DIRECTION('',(1.,0.,0.));
#10001 = ORIENTED_EDGE('',*,*,#10002,.T.);
#10002 = EDGE_CURVE('',#9994,#10003,#10005,.T.);
#10003 = VERTEX_POINT('',#10004);
#10004 = CARTESIAN_POINT('',(23.5,41.74,4.08));
#10005 = LINE('',#10006,#10007);
#10006 = CARTESIAN_POINT('',(-2.5,41.74,4.08));
#10007 = VECTOR('',#10008,1.);
#10008 = DIRECTION('',(1.,0.,0.));
#10009 = ORIENTED_EDGE('',*,*,#10010,.F.);
#10010 = EDGE_CURVE('',#10011,#10003,#10013,.T.);
#10011 = VERTEX_POINT('',#10012);
#10012 = CARTESIAN_POINT('',(26.74,38.5,4.08));
#10013 = CIRCLE('',#10014,3.24);
#10014 = AXIS2_PLACEMENT_3D('',#10015,#10016,#10017);
#10015 = CARTESIAN_POINT('',(23.5,38.5,4.08));
#10016 = DIRECTION('',(0.,0.,1.));
#10017 = DIRECTION('',(1.,0.,0.));
#10018 = ORIENTED_EDGE('',*,*,#10019,.F.);
#10019 = EDGE_CURVE('',#10020,#10011,#10022,.T.);
#10020 = VERTEX_POINT('',#10021);
#10021 = CARTESIAN_POINT('',(26.74,7.5,4.08));
#10022 = LINE('',#10023,#10024);
#10023 = CARTESIAN_POINT('',(26.74,7.5,4.08));
#10024 = VECTOR('',#10025,1.);
#10025 = DIRECTION('',(0.,1.,0.));
#10026 = ORIENTED_EDGE('',*,*,#10027,.F.);
#10027 = EDGE_CURVE('',#10028,#10020,#10030,.T.);
#10028 = VERTEX_POINT('',#10029);
#10029 = CARTESIAN_POINT('',(23.5,4.26,4.08));
#10030 = CIRCLE('',#10031,3.24);
#10031 = AXIS2_PLACEMENT_3D('',#10032,#10033,#10034);
#10032 = CARTESIAN_POINT('',(23.5,7.5,4.08));
#10033 = DIRECTION('',(0.,0.,1.));
#10034 = DIRECTION('',(1.,0.,0.));
#10035 = ORIENTED_EDGE('',*,*,#10036,.F.);
#10036 = EDGE_CURVE('',#9977,#10028,#10037,.T.);
#10037 = LINE('',#10038,#10039);
#10038 = CARTESIAN_POINT('',(-2.5,4.26,4.08));
#10039 = VECTOR('',#10040,1.);
#10040 = DIRECTION('',(1.,0.,0.));
#10041 = FACE_BOUND('',#10042,.F.);
#10042 = EDGE_LOOP('',(#10043,#10044,#10045,#10046,#10047,#10048,#10049,
    #10050));
#10043 = ORIENTED_EDGE('',*,*,#9960,.F.);
#10044 = ORIENTED_EDGE('',*,*,#9941,.F.);
#10045 = ORIENTED_EDGE('',*,*,#9908,.T.);
#10046 = ORIENTED_EDGE('',*,*,#9892,.F.);
#10047 = ORIENTED_EDGE('',*,*,#9859,.T.);
#10048 = ORIENTED_EDGE('',*,*,#9843,.F.);
#10049 = ORIENTED_EDGE('',*,*,#9820,.F.);
#10050 = ORIENTED_EDGE('',*,*,#9787,.F.);
#10051 = PLANE('',#10052);
#10052 = AXIS2_PLACEMENT_3D('',#10053,#10054,#10055);
#10053 = CARTESIAN_POINT('',(10.5,23.,4.08));
#10054 = DIRECTION('',(-0.,-0.,-1.));
#10055 = DIRECTION('',(-1.,0.,0.));
#10056 = ADVANCED_FACE('',(#10057),#10083,.F.);
#10057 = FACE_BOUND('',#10058,.T.);
#10058 = EDGE_LOOP('',(#10059,#10067,#10068,#10076));
#10059 = ORIENTED_EDGE('',*,*,#10060,.F.);
#10060 = EDGE_CURVE('',#9977,#10061,#10063,.T.);
#10061 = VERTEX_POINT('',#10062);
#10062 = CARTESIAN_POINT('',(-2.5,4.26,5.22));
#10063 = LINE('',#10064,#10065);
#10064 = CARTESIAN_POINT('',(-2.5,4.26,4.08));
#10065 = VECTOR('',#10066,1.);
#10066 = DIRECTION('',(0.,0.,1.));
#10067 = ORIENTED_EDGE('',*,*,#9974,.F.);
#10068 = ORIENTED_EDGE('',*,*,#10069,.T.);
#10069 = EDGE_CURVE('',#9975,#10070,#10072,.T.);
#10070 = VERTEX_POINT('',#10071);
#10071 = CARTESIAN_POINT('',(-5.74,7.5,5.22));
#10072 = LINE('',#10073,#10074);
#10073 = CARTESIAN_POINT('',(-5.74,7.5,4.08));
#10074 = VECTOR('',#10075,1.);
#10075 = DIRECTION('',(0.,0.,1.));
#10076 = ORIENTED_EDGE('',*,*,#10077,.T.);
#10077 = EDGE_CURVE('',#10070,#10061,#10078,.T.);
#10078 = CIRCLE('',#10079,3.24);
#10079 = AXIS2_PLACEMENT_3D('',#10080,#10081,#10082);
#10080 = CARTESIAN_POINT('',(-2.5,7.5,5.22));
#10081 = DIRECTION('',(0.,0.,1.));
#10082 = DIRECTION('',(1.,0.,0.));
#10083 = CYLINDRICAL_SURFACE('',#10084,3.24);
#10084 = AXIS2_PLACEMENT_3D('',#10085,#10086,#10087);
#10085 = CARTESIAN_POINT('',(-2.5,7.5,4.08));
#10086 = DIRECTION('',(-0.,-0.,-1.));
#10087 = DIRECTION('',(1.,0.,0.));
#10088 = ADVANCED_FACE('',(#10089),#10107,.T.);
#10089 = FACE_BOUND('',#10090,.T.);
#10090 = EDGE_LOOP('',(#10091,#10092,#10093,#10101));
#10091 = ORIENTED_EDGE('',*,*,#10069,.F.);
#10092 = ORIENTED_EDGE('',*,*,#9985,.T.);
#10093 = ORIENTED_EDGE('',*,*,#10094,.T.);
#10094 = EDGE_CURVE('',#9986,#10095,#10097,.T.);
#10095 = VERTEX_POINT('',#10096);
#10096 = CARTESIAN_POINT('',(-5.74,38.5,5.22));
#10097 = LINE('',#10098,#10099);
#10098 = CARTESIAN_POINT('',(-5.74,38.5,4.08));
#10099 = VECTOR('',#10100,1.);
#10100 = DIRECTION('',(0.,0.,1.));
#10101 = ORIENTED_EDGE('',*,*,#10102,.F.);
#10102 = EDGE_CURVE('',#10070,#10095,#10103,.T.);
#10103 = LINE('',#10104,#10105);
#10104 = CARTESIAN_POINT('',(-5.74,7.5,5.22));
#10105 = VECTOR('',#10106,1.);
#10106 = DIRECTION('',(0.,1.,0.));
#10107 = PLANE('',#10108);
#10108 = AXIS2_PLACEMENT_3D('',#10109,#10110,#10111);
#10109 = CARTESIAN_POINT('',(-5.74,7.5,4.08));
#10110 = DIRECTION('',(1.,0.,0.));
#10111 = DIRECTION('',(0.,0.,1.));
#10112 = ADVANCED_FACE('',(#10113),#10131,.T.);
#10113 = FACE_BOUND('',#10114,.T.);
#10114 = EDGE_LOOP('',(#10115,#10116,#10117,#10125));
#10115 = ORIENTED_EDGE('',*,*,#10036,.F.);
#10116 = ORIENTED_EDGE('',*,*,#10060,.T.);
#10117 = ORIENTED_EDGE('',*,*,#10118,.T.);
#10118 = EDGE_CURVE('',#10061,#10119,#10121,.T.);
#10119 = VERTEX_POINT('',#10120);
#10120 = CARTESIAN_POINT('',(23.5,4.26,5.22));
#10121 = LINE('',#10122,#10123);
#10122 = CARTESIAN_POINT('',(-2.5,4.26,5.22));
#10123 = VECTOR('',#10124,1.);
#10124 = DIRECTION('',(1.,0.,0.));
#10125 = ORIENTED_EDGE('',*,*,#10126,.F.);
#10126 = EDGE_CURVE('',#10028,#10119,#10127,.T.);
#10127 = LINE('',#10128,#10129);
#10128 = CARTESIAN_POINT('',(23.5,4.26,4.08));
#10129 = VECTOR('',#10130,1.);
#10130 = DIRECTION('',(0.,0.,1.));
#10131 = PLANE('',#10132);
#10132 = AXIS2_PLACEMENT_3D('',#10133,#10134,#10135);
#10133 = CARTESIAN_POINT('',(-2.5,4.26,4.08));
#10134 = DIRECTION('',(0.,1.,0.));
#10135 = DIRECTION('',(0.,0.,1.));
#10136 = ADVANCED_FACE('',(#10137),#10156,.F.);
#10137 = FACE_BOUND('',#10138,.T.);
#10138 = EDGE_LOOP('',(#10139,#10140,#10148,#10155));
#10139 = ORIENTED_EDGE('',*,*,#9993,.F.);
#10140 = ORIENTED_EDGE('',*,*,#10141,.T.);
#10141 = EDGE_CURVE('',#9994,#10142,#10144,.T.);
#10142 = VERTEX_POINT('',#10143);
#10143 = CARTESIAN_POINT('',(-2.5,41.74,5.22));
#10144 = LINE('',#10145,#10146);
#10145 = CARTESIAN_POINT('',(-2.5,41.74,4.08));
#10146 = VECTOR('',#10147,1.);
#10147 = DIRECTION('',(0.,0.,1.));
#10148 = ORIENTED_EDGE('',*,*,#10149,.T.);
#10149 = EDGE_CURVE('',#10142,#10095,#10150,.T.);
#10150 = CIRCLE('',#10151,3.24);
#10151 = AXIS2_PLACEMENT_3D('',#10152,#10153,#10154);
#10152 = CARTESIAN_POINT('',(-2.5,38.5,5.22));
#10153 = DIRECTION('',(0.,0.,1.));
#10154 = DIRECTION('',(1.,0.,0.));
#10155 = ORIENTED_EDGE('',*,*,#10094,.F.);
#10156 = CYLINDRICAL_SURFACE('',#10157,3.24);
#10157 = AXIS2_PLACEMENT_3D('',#10158,#10159,#10160);
#10158 = CARTESIAN_POINT('',(-2.5,38.5,4.08));
#10159 = DIRECTION('',(-0.,-0.,-1.));
#10160 = DIRECTION('',(1.,0.,0.));
#10161 = ADVANCED_FACE('',(#10162),#10181,.F.);
#10162 = FACE_BOUND('',#10163,.T.);
#10163 = EDGE_LOOP('',(#10164,#10172,#10173,#10174));
#10164 = ORIENTED_EDGE('',*,*,#10165,.F.);
#10165 = EDGE_CURVE('',#10020,#10166,#10168,.T.);
#10166 = VERTEX_POINT('',#10167);
#10167 = CARTESIAN_POINT('',(26.74,7.5,5.22));
#10168 = LINE('',#10169,#10170);
#10169 = CARTESIAN_POINT('',(26.74,7.5,4.08));
#10170 = VECTOR('',#10171,1.);
#10171 = DIRECTION('',(0.,0.,1.));
#10172 = ORIENTED_EDGE('',*,*,#10027,.F.);
#10173 = ORIENTED_EDGE('',*,*,#10126,.T.);
#10174 = ORIENTED_EDGE('',*,*,#10175,.T.);
#10175 = EDGE_CURVE('',#10119,#10166,#10176,.T.);
#10176 = CIRCLE('',#10177,3.24);
#10177 = AXIS2_PLACEMENT_3D('',#10178,#10179,#10180);
#10178 = CARTESIAN_POINT('',(23.5,7.5,5.22));
#10179 = DIRECTION('',(0.,0.,1.));
#10180 = DIRECTION('',(1.,0.,0.));
#10181 = CYLINDRICAL_SURFACE('',#10182,3.24);
#10182 = AXIS2_PLACEMENT_3D('',#10183,#10184,#10185);
#10183 = CARTESIAN_POINT('',(23.5,7.5,4.08));
#10184 = DIRECTION('',(-0.,-0.,-1.));
#10185 = DIRECTION('',(1.,0.,0.));
#10186 = ADVANCED_FACE('',(#10187),#10205,.F.);
#10187 = FACE_BOUND('',#10188,.F.);
#10188 = EDGE_LOOP('',(#10189,#10190,#10191,#10199));
#10189 = ORIENTED_EDGE('',*,*,#10002,.F.);
#10190 = ORIENTED_EDGE('',*,*,#10141,.T.);
#10191 = ORIENTED_EDGE('',*,*,#10192,.T.);
#10192 = EDGE_CURVE('',#10142,#10193,#10195,.T.);
#10193 = VERTEX_POINT('',#10194);
#10194 = CARTESIAN_POINT('',(23.5,41.74,5.22));
#10195 = LINE('',#10196,#10197);
#10196 = CARTESIAN_POINT('',(-2.5,41.74,5.22));
#10197 = VECTOR('',#10198,1.);
#10198 = DIRECTION('',(1.,0.,0.));
#10199 = ORIENTED_EDGE('',*,*,#10200,.F.);
#10200 = EDGE_CURVE('',#10003,#10193,#10201,.T.);
#10201 = LINE('',#10202,#10203);
#10202 = CARTESIAN_POINT('',(23.5,41.74,4.08));
#10203 = VECTOR('',#10204,1.);
#10204 = DIRECTION('',(0.,0.,1.));
#10205 = PLANE('',#10206);
#10206 = AXIS2_PLACEMENT_3D('',#10207,#10208,#10209);
#10207 = CARTESIAN_POINT('',(-2.5,41.74,4.08));
#10208 = DIRECTION('',(0.,1.,0.));
#10209 = DIRECTION('',(0.,0.,1.));
#10210 = ADVANCED_FACE('',(#10211),#10229,.F.);
#10211 = FACE_BOUND('',#10212,.F.);
#10212 = EDGE_LOOP('',(#10213,#10214,#10215,#10223));
#10213 = ORIENTED_EDGE('',*,*,#10165,.F.);
#10214 = ORIENTED_EDGE('',*,*,#10019,.T.);
#10215 = ORIENTED_EDGE('',*,*,#10216,.T.);
#10216 = EDGE_CURVE('',#10011,#10217,#10219,.T.);
#10217 = VERTEX_POINT('',#10218);
#10218 = CARTESIAN_POINT('',(26.74,38.5,5.22));
#10219 = LINE('',#10220,#10221);
#10220 = CARTESIAN_POINT('',(26.74,38.5,4.08));
#10221 = VECTOR('',#10222,1.);
#10222 = DIRECTION('',(0.,0.,1.));
#10223 = ORIENTED_EDGE('',*,*,#10224,.F.);
#10224 = EDGE_CURVE('',#10166,#10217,#10225,.T.);
#10225 = LINE('',#10226,#10227);
#10226 = CARTESIAN_POINT('',(26.74,7.5,5.22));
#10227 = VECTOR('',#10228,1.);
#10228 = DIRECTION('',(0.,1.,0.));
#10229 = PLANE('',#10230);
#10230 = AXIS2_PLACEMENT_3D('',#10231,#10232,#10233);
#10231 = CARTESIAN_POINT('',(26.74,7.5,4.08));
#10232 = DIRECTION('',(1.,0.,0.));
#10233 = DIRECTION('',(0.,0.,1.));
#10234 = ADVANCED_FACE('',(#10235),#10247,.F.);
#10235 = FACE_BOUND('',#10236,.T.);
#10236 = EDGE_LOOP('',(#10237,#10238,#10239,#10246));
#10237 = ORIENTED_EDGE('',*,*,#10010,.F.);
#10238 = ORIENTED_EDGE('',*,*,#10216,.T.);
#10239 = ORIENTED_EDGE('',*,*,#10240,.T.);
#10240 = EDGE_CURVE('',#10217,#10193,#10241,.T.);
#10241 = CIRCLE('',#10242,3.24);
#10242 = AXIS2_PLACEMENT_3D('',#10243,#10244,#10245);
#10243 = CARTESIAN_POINT('',(23.5,38.5,5.22));
#10244 = DIRECTION('',(0.,0.,1.));
#10245 = DIRECTION('',(1.,0.,0.));
#10246 = ORIENTED_EDGE('',*,*,#10200,.F.);
#10247 = CYLINDRICAL_SURFACE('',#10248,3.24);
#10248 = AXIS2_PLACEMENT_3D('',#10249,#10250,#10251);
#10249 = CARTESIAN_POINT('',(23.5,38.5,4.08));
#10250 = DIRECTION('',(-0.,-0.,-1.));
#10251 = DIRECTION('',(1.,0.,0.));
#10252 = ADVANCED_FACE('',(#10253,#10263),#10333,.F.);
#10253 = FACE_BOUND('',#10254,.F.);
#10254 = EDGE_LOOP('',(#10255,#10256,#10257,#10258,#10259,#10260,#10261,
    #10262));
#10255 = ORIENTED_EDGE('',*,*,#10077,.T.);
#10256 = ORIENTED_EDGE('',*,*,#10118,.T.);
#10257 = ORIENTED_EDGE('',*,*,#10175,.T.);
#10258 = ORIENTED_EDGE('',*,*,#10224,.T.);
#10259 = ORIENTED_EDGE('',*,*,#10240,.T.);
#10260 = ORIENTED_EDGE('',*,*,#10192,.F.);
#10261 = ORIENTED_EDGE('',*,*,#10149,.T.);
#10262 = ORIENTED_EDGE('',*,*,#10102,.F.);
#10263 = FACE_BOUND('',#10264,.F.);
#10264 = EDGE_LOOP('',(#10265,#10275,#10284,#10292,#10301,#10309,#10318,
    #10326));
#10265 = ORIENTED_EDGE('',*,*,#10266,.F.);
#10266 = EDGE_CURVE('',#10267,#10269,#10271,.T.);
#10267 = VERTEX_POINT('',#10268);
#10268 = CARTESIAN_POINT('',(-2.5,4.5,5.22));
#10269 = VERTEX_POINT('',#10270);
#10270 = CARTESIAN_POINT('',(23.5,4.5,5.22));
#10271 = LINE('',#10272,#10273);
#10272 = CARTESIAN_POINT('',(4.,4.5,5.22));
#10273 = VECTOR('',#10274,1.);
#10274 = DIRECTION('',(1.,0.,0.));
#10275 = ORIENTED_EDGE('',*,*,#10276,.T.);
#10276 = EDGE_CURVE('',#10267,#10277,#10279,.T.);
#10277 = VERTEX_POINT('',#10278);
#10278 = CARTESIAN_POINT('',(-5.5,7.5,5.22));
#10279 = CIRCLE('',#10280,3.);
#10280 = AXIS2_PLACEMENT_3D('',#10281,#10282,#10283);
#10281 = CARTESIAN_POINT('',(-2.5,7.5,5.22));
#10282 = DIRECTION('',(0.,0.,-1.));
#10283 = DIRECTION('',(1.,0.,0.));
#10284 = ORIENTED_EDGE('',*,*,#10285,.F.);
#10285 = EDGE_CURVE('',#10286,#10277,#10288,.T.);
#10286 = VERTEX_POINT('',#10287);
#10287 = CARTESIAN_POINT('',(-5.5,38.5,5.22));
#10288 = LINE('',#10289,#10290);
#10289 = CARTESIAN_POINT('',(-5.5,15.25,5.22));
#10290 = VECTOR('',#10291,1.);
#10291 = DIRECTION('',(0.,-1.,0.));
#10292 = ORIENTED_EDGE('',*,*,#10293,.T.);
#10293 = EDGE_CURVE('',#10286,#10294,#10296,.T.);
#10294 = VERTEX_POINT('',#10295);
#10295 = CARTESIAN_POINT('',(-2.5,41.5,5.22));
#10296 = CIRCLE('',#10297,3.);
#10297 = AXIS2_PLACEMENT_3D('',#10298,#10299,#10300);
#10298 = CARTESIAN_POINT('',(-2.5,38.5,5.22));
#10299 = DIRECTION('',(0.,0.,-1.));
#10300 = DIRECTION('',(1.,0.,0.));
#10301 = ORIENTED_EDGE('',*,*,#10302,.T.);
#10302 = EDGE_CURVE('',#10294,#10303,#10305,.T.);
#10303 = VERTEX_POINT('',#10304);
#10304 = CARTESIAN_POINT('',(23.5,41.5,5.22));
#10305 = LINE('',#10306,#10307);
#10306 = CARTESIAN_POINT('',(4.,41.5,5.22));
#10307 = VECTOR('',#10308,1.);
#10308 = DIRECTION('',(1.,0.,0.));
#10309 = ORIENTED_EDGE('',*,*,#10310,.T.);
#10310 = EDGE_CURVE('',#10303,#10311,#10313,.T.);
#10311 = VERTEX_POINT('',#10312);
#10312 = CARTESIAN_POINT('',(26.5,38.5,5.22));
#10313 = CIRCLE('',#10314,3.);
#10314 = AXIS2_PLACEMENT_3D('',#10315,#10316,#10317);
#10315 = CARTESIAN_POINT('',(23.5,38.5,5.22));
#10316 = DIRECTION('',(0.,0.,-1.));
#10317 = DIRECTION('',(1.,0.,0.));
#10318 = ORIENTED_EDGE('',*,*,#10319,.T.);
#10319 = EDGE_CURVE('',#10311,#10320,#10322,.T.);
#10320 = VERTEX_POINT('',#10321);
#10321 = CARTESIAN_POINT('',(26.5,7.5,5.22));
#10322 = LINE('',#10323,#10324);
#10323 = CARTESIAN_POINT('',(26.5,15.25,5.22));
#10324 = VECTOR('',#10325,1.);
#10325 = DIRECTION('',(0.,-1.,0.));
#10326 = ORIENTED_EDGE('',*,*,#10327,.T.);
#10327 = EDGE_CURVE('',#10320,#10269,#10328,.T.);
#10328 = CIRCLE('',#10329,3.);
#10329 = AXIS2_PLACEMENT_3D('',#10330,#10331,#10332);
#10330 = CARTESIAN_POINT('',(23.5,7.5,5.22));
#10331 = DIRECTION('',(0.,0.,-1.));
#10332 = DIRECTION('',(1.,0.,0.));
#10333 = PLANE('',#10334);
#10334 = AXIS2_PLACEMENT_3D('',#10335,#10336,#10337);
#10335 = CARTESIAN_POINT('',(10.5,23.,5.22));
#10336 = DIRECTION('',(0.,0.,1.));
#10337 = DIRECTION('',(1.,0.,0.));
#10338 = ADVANCED_FACE('',(#10339),#10364,.T.);
#10339 = FACE_BOUND('',#10340,.T.);
#10340 = EDGE_LOOP('',(#10341,#10349,#10350,#10358));
#10341 = ORIENTED_EDGE('',*,*,#10342,.F.);
#10342 = EDGE_CURVE('',#10269,#10343,#10345,.T.);
#10343 = VERTEX_POINT('',#10344);
#10344 = CARTESIAN_POINT('',(23.5,4.5,6.5));
#10345 = LINE('',#10346,#10347);
#10346 = CARTESIAN_POINT('',(23.5,4.5,0.8));
#10347 = VECTOR('',#10348,1.);
#10348 = DIRECTION('',(0.,0.,1.));
#10349 = ORIENTED_EDGE('',*,*,#10266,.F.);
#10350 = ORIENTED_EDGE('',*,*,#10351,.T.);
#10351 = EDGE_CURVE('',#10267,#10352,#10354,.T.);
#10352 = VERTEX_POINT('',#10353);
#10353 = CARTESIAN_POINT('',(-2.5,4.5,6.5));
#10354 = LINE('',#10355,#10356);
#10355 = CARTESIAN_POINT('',(-2.5,4.5,0.8));
#10356 = VECTOR('',#10357,1.);
#10357 = DIRECTION('',(0.,0.,1.));
#10358 = ORIENTED_EDGE('',*,*,#10359,.F.);
#10359 = EDGE_CURVE('',#10343,#10352,#10360,.T.);
#10360 = LINE('',#10361,#10362);
#10361 = CARTESIAN_POINT('',(4.,4.5,6.5));
#10362 = VECTOR('',#10363,1.);
#10363 = DIRECTION('',(-1.,0.,0.));
#10364 = PLANE('',#10365);
#10365 = AXIS2_PLACEMENT_3D('',#10366,#10367,#10368);
#10366 = CARTESIAN_POINT('',(-2.5,4.5,0.8));
#10367 = DIRECTION('',(0.,1.,0.));
#10368 = DIRECTION('',(0.,0.,1.));
#10369 = ADVANCED_FACE('',(#10370),#10389,.F.);
#10370 = FACE_BOUND('',#10371,.T.);
#10371 = EDGE_LOOP('',(#10372,#10373,#10374,#10383));
#10372 = ORIENTED_EDGE('',*,*,#10327,.T.);
#10373 = ORIENTED_EDGE('',*,*,#10342,.T.);
#10374 = ORIENTED_EDGE('',*,*,#10375,.F.);
#10375 = EDGE_CURVE('',#10376,#10343,#10378,.T.);
#10376 = VERTEX_POINT('',#10377);
#10377 = CARTESIAN_POINT('',(26.5,7.5,6.5));
#10378 = CIRCLE('',#10379,3.);
#10379 = AXIS2_PLACEMENT_3D('',#10380,#10381,#10382);
#10380 = CARTESIAN_POINT('',(23.5,7.5,6.5));
#10381 = DIRECTION('',(0.,0.,-1.));
#10382 = DIRECTION('',(1.,0.,0.));
#10383 = ORIENTED_EDGE('',*,*,#10384,.F.);
#10384 = EDGE_CURVE('',#10320,#10376,#10385,.T.);
#10385 = LINE('',#10386,#10387);
#10386 = CARTESIAN_POINT('',(26.5,7.5,0.8));
#10387 = VECTOR('',#10388,1.);
#10388 = DIRECTION('',(0.,0.,1.));
#10389 = CYLINDRICAL_SURFACE('',#10390,3.);
#10390 = AXIS2_PLACEMENT_3D('',#10391,#10392,#10393);
#10391 = CARTESIAN_POINT('',(23.5,7.5,0.8));
#10392 = DIRECTION('',(-0.,-0.,-1.));
#10393 = DIRECTION('',(1.,0.,0.));
#10394 = ADVANCED_FACE('',(#10395),#10413,.F.);
#10395 = FACE_BOUND('',#10396,.F.);
#10396 = EDGE_LOOP('',(#10397,#10405,#10406,#10407));
#10397 = ORIENTED_EDGE('',*,*,#10398,.F.);
#10398 = EDGE_CURVE('',#10376,#10399,#10401,.T.);
#10399 = VERTEX_POINT('',#10400);
#10400 = CARTESIAN_POINT('',(26.5,38.5,6.5));
#10401 = LINE('',#10402,#10403);
#10402 = CARTESIAN_POINT('',(26.5,15.25,6.5));
#10403 = VECTOR('',#10404,1.);
#10404 = DIRECTION('',(0.,1.,0.));
#10405 = ORIENTED_EDGE('',*,*,#10384,.F.);
#10406 = ORIENTED_EDGE('',*,*,#10319,.F.);
#10407 = ORIENTED_EDGE('',*,*,#10408,.T.);
#10408 = EDGE_CURVE('',#10311,#10399,#10409,.T.);
#10409 = LINE('',#10410,#10411);
#10410 = CARTESIAN_POINT('',(26.5,38.5,0.8));
#10411 = VECTOR('',#10412,1.);
#10412 = DIRECTION('',(0.,0.,1.));
#10413 = PLANE('',#10414);
#10414 = AXIS2_PLACEMENT_3D('',#10415,#10416,#10417);
#10415 = CARTESIAN_POINT('',(26.5,7.5,0.8));
#10416 = DIRECTION('',(1.,0.,0.));
#10417 = DIRECTION('',(0.,0.,1.));
#10418 = ADVANCED_FACE('',(#10419),#10438,.F.);
#10419 = FACE_BOUND('',#10420,.T.);
#10420 = EDGE_LOOP('',(#10421,#10422,#10423,#10432));
#10421 = ORIENTED_EDGE('',*,*,#10310,.T.);
#10422 = ORIENTED_EDGE('',*,*,#10408,.T.);
#10423 = ORIENTED_EDGE('',*,*,#10424,.F.);
#10424 = EDGE_CURVE('',#10425,#10399,#10427,.T.);
#10425 = VERTEX_POINT('',#10426);
#10426 = CARTESIAN_POINT('',(23.5,41.5,6.5));
#10427 = CIRCLE('',#10428,3.);
#10428 = AXIS2_PLACEMENT_3D('',#10429,#10430,#10431);
#10429 = CARTESIAN_POINT('',(23.5,38.5,6.5));
#10430 = DIRECTION('',(0.,0.,-1.));
#10431 = DIRECTION('',(1.,0.,0.));
#10432 = ORIENTED_EDGE('',*,*,#10433,.F.);
#10433 = EDGE_CURVE('',#10303,#10425,#10434,.T.);
#10434 = LINE('',#10435,#10436);
#10435 = CARTESIAN_POINT('',(23.5,41.5,0.8));
#10436 = VECTOR('',#10437,1.);
#10437 = DIRECTION('',(0.,0.,1.));
#10438 = CYLINDRICAL_SURFACE('',#10439,3.);
#10439 = AXIS2_PLACEMENT_3D('',#10440,#10441,#10442);
#10440 = CARTESIAN_POINT('',(23.5,38.5,0.8));
#10441 = DIRECTION('',(-0.,-0.,-1.));
#10442 = DIRECTION('',(1.,0.,0.));
#10443 = ADVANCED_FACE('',(#10444),#10462,.F.);
#10444 = FACE_BOUND('',#10445,.F.);
#10445 = EDGE_LOOP('',(#10446,#10454,#10455,#10456));
#10446 = ORIENTED_EDGE('',*,*,#10447,.F.);
#10447 = EDGE_CURVE('',#10425,#10448,#10450,.T.);
#10448 = VERTEX_POINT('',#10449);
#10449 = CARTESIAN_POINT('',(-2.5,41.5,6.5));
#10450 = LINE('',#10451,#10452);
#10451 = CARTESIAN_POINT('',(4.,41.5,6.5));
#10452 = VECTOR('',#10453,1.);
#10453 = DIRECTION('',(-1.,0.,0.));
#10454 = ORIENTED_EDGE('',*,*,#10433,.F.);
#10455 = ORIENTED_EDGE('',*,*,#10302,.F.);
#10456 = ORIENTED_EDGE('',*,*,#10457,.T.);
#10457 = EDGE_CURVE('',#10294,#10448,#10458,.T.);
#10458 = LINE('',#10459,#10460);
#10459 = CARTESIAN_POINT('',(-2.5,41.5,0.8));
#10460 = VECTOR('',#10461,1.);
#10461 = DIRECTION('',(0.,0.,1.));
#10462 = PLANE('',#10463);
#10463 = AXIS2_PLACEMENT_3D('',#10464,#10465,#10466);
#10464 = CARTESIAN_POINT('',(-2.5,41.5,0.8));
#10465 = DIRECTION('',(0.,1.,0.));
#10466 = DIRECTION('',(0.,0.,1.));
#10467 = ADVANCED_FACE('',(#10468),#10487,.F.);
#10468 = FACE_BOUND('',#10469,.T.);
#10469 = EDGE_LOOP('',(#10470,#10471,#10472,#10481));
#10470 = ORIENTED_EDGE('',*,*,#10293,.T.);
#10471 = ORIENTED_EDGE('',*,*,#10457,.T.);
#10472 = ORIENTED_EDGE('',*,*,#10473,.F.);
#10473 = EDGE_CURVE('',#10474,#10448,#10476,.T.);
#10474 = VERTEX_POINT('',#10475);
#10475 = CARTESIAN_POINT('',(-5.5,38.5,6.5));
#10476 = CIRCLE('',#10477,3.);
#10477 = AXIS2_PLACEMENT_3D('',#10478,#10479,#10480);
#10478 = CARTESIAN_POINT('',(-2.5,38.5,6.5));
#10479 = DIRECTION('',(0.,0.,-1.));
#10480 = DIRECTION('',(1.,0.,0.));
#10481 = ORIENTED_EDGE('',*,*,#10482,.F.);
#10482 = EDGE_CURVE('',#10286,#10474,#10483,.T.);
#10483 = LINE('',#10484,#10485);
#10484 = CARTESIAN_POINT('',(-5.5,38.5,0.8));
#10485 = VECTOR('',#10486,1.);
#10486 = DIRECTION('',(0.,0.,1.));
#10487 = CYLINDRICAL_SURFACE('',#10488,3.);
#10488 = AXIS2_PLACEMENT_3D('',#10489,#10490,#10491);
#10489 = CARTESIAN_POINT('',(-2.5,38.5,0.8));
#10490 = DIRECTION('',(-0.,-0.,-1.));
#10491 = DIRECTION('',(1.,0.,0.));
#10492 = ADVANCED_FACE('',(#10493),#10511,.T.);
#10493 = FACE_BOUND('',#10494,.T.);
#10494 = EDGE_LOOP('',(#10495,#10503,#10504,#10505));
#10495 = ORIENTED_EDGE('',*,*,#10496,.F.);
#10496 = EDGE_CURVE('',#10277,#10497,#10499,.T.);
#10497 = VERTEX_POINT('',#10498);
#10498 = CARTESIAN_POINT('',(-5.5,7.5,6.5));
#10499 = LINE('',#10500,#10501);
#10500 = CARTESIAN_POINT('',(-5.5,7.5,0.8));
#10501 = VECTOR('',#10502,1.);
#10502 = DIRECTION('',(0.,0.,1.));
#10503 = ORIENTED_EDGE('',*,*,#10285,.F.);
#10504 = ORIENTED_EDGE('',*,*,#10482,.T.);
#10505 = ORIENTED_EDGE('',*,*,#10506,.F.);
#10506 = EDGE_CURVE('',#10497,#10474,#10507,.T.);
#10507 = LINE('',#10508,#10509);
#10508 = CARTESIAN_POINT('',(-5.5,15.25,6.5));
#10509 = VECTOR('',#10510,1.);
#10510 = DIRECTION('',(0.,1.,0.));
#10511 = PLANE('',#10512);
#10512 = AXIS2_PLACEMENT_3D('',#10513,#10514,#10515);
#10513 = CARTESIAN_POINT('',(-5.5,7.5,0.8));
#10514 = DIRECTION('',(1.,0.,0.));
#10515 = DIRECTION('',(0.,0.,1.));
#10516 = ADVANCED_FACE('',(#10517),#10529,.F.);
#10517 = FACE_BOUND('',#10518,.T.);
#10518 = EDGE_LOOP('',(#10519,#10520,#10521,#10528));
#10519 = ORIENTED_EDGE('',*,*,#10276,.T.);
#10520 = ORIENTED_EDGE('',*,*,#10496,.T.);
#10521 = ORIENTED_EDGE('',*,*,#10522,.F.);
#10522 = EDGE_CURVE('',#10352,#10497,#10523,.T.);
#10523 = CIRCLE('',#10524,3.);
#10524 = AXIS2_PLACEMENT_3D('',#10525,#10526,#10527);
#10525 = CARTESIAN_POINT('',(-2.5,7.5,6.5));
#10526 = DIRECTION('',(0.,0.,-1.));
#10527 = DIRECTION('',(1.,0.,0.));
#10528 = ORIENTED_EDGE('',*,*,#10351,.F.);
#10529 = CYLINDRICAL_SURFACE('',#10530,3.);
#10530 = AXIS2_PLACEMENT_3D('',#10531,#10532,#10533);
#10531 = CARTESIAN_POINT('',(-2.5,7.5,0.8));
#10532 = DIRECTION('',(-0.,-0.,-1.));
#10533 = DIRECTION('',(1.,0.,0.));
#10534 = ADVANCED_FACE('',(#10535,#10605),#10615,.T.);
#10535 = FACE_BOUND('',#10536,.T.);
#10536 = EDGE_LOOP('',(#10537,#10548,#10556,#10565,#10573,#10582,#10590,
    #10599));
#10537 = ORIENTED_EDGE('',*,*,#10538,.T.);
#10538 = EDGE_CURVE('',#10539,#10541,#10543,.T.);
#10539 = VERTEX_POINT('',#10540);
#10540 = CARTESIAN_POINT('',(-6.3,7.5,6.5));
#10541 = VERTEX_POINT('',#10542);
#10542 = CARTESIAN_POINT('',(-2.5,3.7,6.5));
#10543 = CIRCLE('',#10544,3.8);
#10544 = AXIS2_PLACEMENT_3D('',#10545,#10546,#10547);
#10545 = CARTESIAN_POINT('',(-2.5,7.5,6.5));
#10546 = DIRECTION('',(0.,0.,1.));
#10547 = DIRECTION('',(1.,0.,0.));
#10548 = ORIENTED_EDGE('',*,*,#10549,.T.);
#10549 = EDGE_CURVE('',#10541,#10550,#10552,.T.);
#10550 = VERTEX_POINT('',#10551);
#10551 = CARTESIAN_POINT('',(23.5,3.7,6.5));
#10552 = LINE('',#10553,#10554);
#10553 = CARTESIAN_POINT('',(-2.5,3.7,6.5));
#10554 = VECTOR('',#10555,1.);
#10555 = DIRECTION('',(1.,0.,0.));
#10556 = ORIENTED_EDGE('',*,*,#10557,.T.);
#10557 = EDGE_CURVE('',#10550,#10558,#10560,.T.);
#10558 = VERTEX_POINT('',#10559);
#10559 = CARTESIAN_POINT('',(27.3,7.5,6.5));
#10560 = CIRCLE('',#10561,3.8);
#10561 = AXIS2_PLACEMENT_3D('',#10562,#10563,#10564);
#10562 = CARTESIAN_POINT('',(23.5,7.5,6.5));
#10563 = DIRECTION('',(0.,0.,1.));
#10564 = DIRECTION('',(1.,0.,0.));
#10565 = ORIENTED_EDGE('',*,*,#10566,.T.);
#10566 = EDGE_CURVE('',#10558,#10567,#10569,.T.);
#10567 = VERTEX_POINT('',#10568);
#10568 = CARTESIAN_POINT('',(27.3,38.5,6.5));
#10569 = LINE('',#10570,#10571);
#10570 = CARTESIAN_POINT('',(27.3,7.5,6.5));
#10571 = VECTOR('',#10572,1.);
#10572 = DIRECTION('',(0.,1.,0.));
#10573 = ORIENTED_EDGE('',*,*,#10574,.T.);
#10574 = EDGE_CURVE('',#10567,#10575,#10577,.T.);
#10575 = VERTEX_POINT('',#10576);
#10576 = CARTESIAN_POINT('',(23.5,42.3,6.5));
#10577 = CIRCLE('',#10578,3.8);
#10578 = AXIS2_PLACEMENT_3D('',#10579,#10580,#10581);
#10579 = CARTESIAN_POINT('',(23.5,38.5,6.5));
#10580 = DIRECTION('',(0.,0.,1.));
#10581 = DIRECTION('',(1.,0.,0.));
#10582 = ORIENTED_EDGE('',*,*,#10583,.F.);
#10583 = EDGE_CURVE('',#10584,#10575,#10586,.T.);
#10584 = VERTEX_POINT('',#10585);
#10585 = CARTESIAN_POINT('',(-2.5,42.3,6.5));
#10586 = LINE('',#10587,#10588);
#10587 = CARTESIAN_POINT('',(-2.5,42.3,6.5));
#10588 = VECTOR('',#10589,1.);
#10589 = DIRECTION('',(1.,0.,0.));
#10590 = ORIENTED_EDGE('',*,*,#10591,.T.);
#10591 = EDGE_CURVE('',#10584,#10592,#10594,.T.);
#10592 = VERTEX_POINT('',#10593);
#10593 = CARTESIAN_POINT('',(-6.3,38.5,6.5));
#10594 = CIRCLE('',#10595,3.8);
#10595 = AXIS2_PLACEMENT_3D('',#10596,#10597,#10598);
#10596 = CARTESIAN_POINT('',(-2.5,38.5,6.5));
#10597 = DIRECTION('',(0.,0.,1.));
#10598 = DIRECTION('',(1.,0.,0.));
#10599 = ORIENTED_EDGE('',*,*,#10600,.F.);
#10600 = EDGE_CURVE('',#10539,#10592,#10601,.T.);
#10601 = LINE('',#10602,#10603);
#10602 = CARTESIAN_POINT('',(-6.3,7.5,6.5));
#10603 = VECTOR('',#10604,1.);
#10604 = DIRECTION('',(0.,1.,0.));
#10605 = FACE_BOUND('',#10606,.T.);
#10606 = EDGE_LOOP('',(#10607,#10608,#10609,#10610,#10611,#10612,#10613,
    #10614));
#10607 = ORIENTED_EDGE('',*,*,#10359,.T.);
#10608 = ORIENTED_EDGE('',*,*,#10522,.T.);
#10609 = ORIENTED_EDGE('',*,*,#10506,.T.);
#10610 = ORIENTED_EDGE('',*,*,#10473,.T.);
#10611 = ORIENTED_EDGE('',*,*,#10447,.F.);
#10612 = ORIENTED_EDGE('',*,*,#10424,.T.);
#10613 = ORIENTED_EDGE('',*,*,#10398,.F.);
#10614 = ORIENTED_EDGE('',*,*,#10375,.T.);
#10615 = PLANE('',#10616);
#10616 = AXIS2_PLACEMENT_3D('',#10617,#10618,#10619);
#10617 = CARTESIAN_POINT('',(10.5,23.,6.5));
#10618 = DIRECTION('',(0.,0.,1.));
#10619 = DIRECTION('',(1.,0.,0.));
#10620 = ADVANCED_FACE('',(#10621),#10647,.T.);
#10621 = FACE_BOUND('',#10622,.F.);
#10622 = EDGE_LOOP('',(#10623,#10631,#10640,#10646));
#10623 = ORIENTED_EDGE('',*,*,#10624,.F.);
#10624 = EDGE_CURVE('',#10625,#10541,#10627,.T.);
#10625 = VERTEX_POINT('',#10626);
#10626 = CARTESIAN_POINT('',(-2.5,3.7,5.3));
#10627 = LINE('',#10628,#10629);
#10628 = CARTESIAN_POINT('',(-2.5,3.7,0.));
#10629 = VECTOR('',#10630,1.);
#10630 = DIRECTION('',(0.,0.,1.));
#10631 = ORIENTED_EDGE('',*,*,#10632,.T.);
#10632 = EDGE_CURVE('',#10625,#10633,#10635,.T.);
#10633 = VERTEX_POINT('',#10634);
#10634 = CARTESIAN_POINT('',(-6.3,7.5,5.3));
#10635 = CIRCLE('',#10636,3.8);
#10636 = AXIS2_PLACEMENT_3D('',#10637,#10638,#10639);
#10637 = CARTESIAN_POINT('',(-2.5,7.5,5.3));
#10638 = DIRECTION('',(0.,0.,-1.));
#10639 = DIRECTION('',(1.,0.,0.));
#10640 = ORIENTED_EDGE('',*,*,#10641,.T.);
#10641 = EDGE_CURVE('',#10633,#10539,#10642,.T.);
#10642 = LINE('',#10643,#10644);
#10643 = CARTESIAN_POINT('',(-6.3,7.5,0.));
#10644 = VECTOR('',#10645,1.);
#10645 = DIRECTION('',(0.,0.,1.));
#10646 = ORIENTED_EDGE('',*,*,#10538,.T.);
#10647 = CYLINDRICAL_SURFACE('',#10648,3.8);
#10648 = AXIS2_PLACEMENT_3D('',#10649,#10650,#10651);
#10649 = CARTESIAN_POINT('',(-2.5,7.5,0.));
#10650 = DIRECTION('',(-0.,-0.,-1.));
#10651 = DIRECTION('',(1.,0.,0.));
#10652 = ADVANCED_FACE('',(#10653),#10671,.F.);
#10653 = FACE_BOUND('',#10654,.F.);
#10654 = EDGE_LOOP('',(#10655,#10656,#10664,#10670));
#10655 = ORIENTED_EDGE('',*,*,#10641,.F.);
#10656 = ORIENTED_EDGE('',*,*,#10657,.F.);
#10657 = EDGE_CURVE('',#10658,#10633,#10660,.T.);
#10658 = VERTEX_POINT('',#10659);
#10659 = CARTESIAN_POINT('',(-6.3,38.5,5.3));
#10660 = LINE('',#10661,#10662);
#10661 = CARTESIAN_POINT('',(-6.3,15.25,5.3));
#10662 = VECTOR('',#10663,1.);
#10663 = DIRECTION('',(0.,-1.,0.));
#10664 = ORIENTED_EDGE('',*,*,#10665,.T.);
#10665 = EDGE_CURVE('',#10658,#10592,#10666,.T.);
#10666 = LINE('',#10667,#10668);
#10667 = CARTESIAN_POINT('',(-6.3,38.5,0.));
#10668 = VECTOR('',#10669,1.);
#10669 = DIRECTION('',(0.,0.,1.));
#10670 = ORIENTED_EDGE('',*,*,#10600,.F.);
#10671 = PLANE('',#10672);
#10672 = AXIS2_PLACEMENT_3D('',#10673,#10674,#10675);
#10673 = CARTESIAN_POINT('',(-6.3,7.5,0.));
#10674 = DIRECTION('',(1.,0.,0.));
#10675 = DIRECTION('',(0.,0.,1.));
#10676 = ADVANCED_FACE('',(#10677),#10695,.F.);
#10677 = FACE_BOUND('',#10678,.F.);
#10678 = EDGE_LOOP('',(#10679,#10687,#10688,#10689));
#10679 = ORIENTED_EDGE('',*,*,#10680,.F.);
#10680 = EDGE_CURVE('',#10625,#10681,#10683,.T.);
#10681 = VERTEX_POINT('',#10682);
#10682 = CARTESIAN_POINT('',(23.5,3.7,5.3));
#10683 = LINE('',#10684,#10685);
#10684 = CARTESIAN_POINT('',(4.,3.7,5.3));
#10685 = VECTOR('',#10686,1.);
#10686 = DIRECTION('',(1.,0.,0.));
#10687 = ORIENTED_EDGE('',*,*,#10624,.T.);
#10688 = ORIENTED_EDGE('',*,*,#10549,.T.);
#10689 = ORIENTED_EDGE('',*,*,#10690,.F.);
#10690 = EDGE_CURVE('',#10681,#10550,#10691,.T.);
#10691 = LINE('',#10692,#10693);
#10692 = CARTESIAN_POINT('',(23.5,3.7,0.));
#10693 = VECTOR('',#10694,1.);
#10694 = DIRECTION('',(0.,0.,1.));
#10695 = PLANE('',#10696);
#10696 = AXIS2_PLACEMENT_3D('',#10697,#10698,#10699);
#10697 = CARTESIAN_POINT('',(-2.5,3.7,0.));
#10698 = DIRECTION('',(0.,1.,0.));
#10699 = DIRECTION('',(0.,0.,1.));
#10700 = ADVANCED_FACE('',(#10701),#10720,.T.);
#10701 = FACE_BOUND('',#10702,.F.);
#10702 = EDGE_LOOP('',(#10703,#10712,#10718,#10719));
#10703 = ORIENTED_EDGE('',*,*,#10704,.T.);
#10704 = EDGE_CURVE('',#10658,#10705,#10707,.T.);
#10705 = VERTEX_POINT('',#10706);
#10706 = CARTESIAN_POINT('',(-2.5,42.3,5.3));
#10707 = CIRCLE('',#10708,3.8);
#10708 = AXIS2_PLACEMENT_3D('',#10709,#10710,#10711);
#10709 = CARTESIAN_POINT('',(-2.5,38.5,5.3));
#10710 = DIRECTION('',(0.,0.,-1.));
#10711 = DIRECTION('',(1.,0.,0.));
#10712 = ORIENTED_EDGE('',*,*,#10713,.T.);
#10713 = EDGE_CURVE('',#10705,#10584,#10714,.T.);
#10714 = LINE('',#10715,#10716);
#10715 = CARTESIAN_POINT('',(-2.5,42.3,0.));
#10716 = VECTOR('',#10717,1.);
#10717 = DIRECTION('',(0.,0.,1.));
#10718 = ORIENTED_EDGE('',*,*,#10591,.T.);
#10719 = ORIENTED_EDGE('',*,*,#10665,.F.);
#10720 = CYLINDRICAL_SURFACE('',#10721,3.8);
#10721 = AXIS2_PLACEMENT_3D('',#10722,#10723,#10724);
#10722 = CARTESIAN_POINT('',(-2.5,38.5,0.));
#10723 = DIRECTION('',(-0.,-0.,-1.));
#10724 = DIRECTION('',(1.,0.,0.));
#10725 = ADVANCED_FACE('',(#10726),#10745,.T.);
#10726 = FACE_BOUND('',#10727,.F.);
#10727 = EDGE_LOOP('',(#10728,#10729,#10737,#10744));
#10728 = ORIENTED_EDGE('',*,*,#10557,.T.);
#10729 = ORIENTED_EDGE('',*,*,#10730,.F.);
#10730 = EDGE_CURVE('',#10731,#10558,#10733,.T.);
#10731 = VERTEX_POINT('',#10732);
#10732 = CARTESIAN_POINT('',(27.3,7.5,5.3));
#10733 = LINE('',#10734,#10735);
#10734 = CARTESIAN_POINT('',(27.3,7.5,0.));
#10735 = VECTOR('',#10736,1.);
#10736 = DIRECTION('',(0.,0.,1.));
#10737 = ORIENTED_EDGE('',*,*,#10738,.T.);
#10738 = EDGE_CURVE('',#10731,#10681,#10739,.T.);
#10739 = CIRCLE('',#10740,3.8);
#10740 = AXIS2_PLACEMENT_3D('',#10741,#10742,#10743);
#10741 = CARTESIAN_POINT('',(23.5,7.5,5.3));
#10742 = DIRECTION('',(0.,0.,-1.));
#10743 = DIRECTION('',(1.,0.,0.));
#10744 = ORIENTED_EDGE('',*,*,#10690,.T.);
#10745 = CYLINDRICAL_SURFACE('',#10746,3.8);
#10746 = AXIS2_PLACEMENT_3D('',#10747,#10748,#10749);
#10747 = CARTESIAN_POINT('',(23.5,7.5,0.));
#10748 = DIRECTION('',(-0.,-0.,-1.));
#10749 = DIRECTION('',(1.,0.,0.));
#10750 = ADVANCED_FACE('',(#10751),#10769,.T.);
#10751 = FACE_BOUND('',#10752,.T.);
#10752 = EDGE_LOOP('',(#10753,#10761,#10762,#10763));
#10753 = ORIENTED_EDGE('',*,*,#10754,.F.);
#10754 = EDGE_CURVE('',#10705,#10755,#10757,.T.);
#10755 = VERTEX_POINT('',#10756);
#10756 = CARTESIAN_POINT('',(23.5,42.3,5.3));
#10757 = LINE('',#10758,#10759);
#10758 = CARTESIAN_POINT('',(4.,42.3,5.3));
#10759 = VECTOR('',#10760,1.);
#10760 = DIRECTION('',(1.,0.,0.));
#10761 = ORIENTED_EDGE('',*,*,#10713,.T.);
#10762 = ORIENTED_EDGE('',*,*,#10583,.T.);
#10763 = ORIENTED_EDGE('',*,*,#10764,.F.);
#10764 = EDGE_CURVE('',#10755,#10575,#10765,.T.);
#10765 = LINE('',#10766,#10767);
#10766 = CARTESIAN_POINT('',(23.5,42.3,0.));
#10767 = VECTOR('',#10768,1.);
#10768 = DIRECTION('',(0.,0.,1.));
#10769 = PLANE('',#10770);
#10770 = AXIS2_PLACEMENT_3D('',#10771,#10772,#10773);
#10771 = CARTESIAN_POINT('',(-2.5,42.3,0.));
#10772 = DIRECTION('',(0.,1.,0.));
#10773 = DIRECTION('',(0.,0.,1.));
#10774 = ADVANCED_FACE('',(#10775),#10793,.T.);
#10775 = FACE_BOUND('',#10776,.T.);
#10776 = EDGE_LOOP('',(#10777,#10778,#10786,#10792));
#10777 = ORIENTED_EDGE('',*,*,#10730,.F.);
#10778 = ORIENTED_EDGE('',*,*,#10779,.F.);
#10779 = EDGE_CURVE('',#10780,#10731,#10782,.T.);
#10780 = VERTEX_POINT('',#10781);
#10781 = CARTESIAN_POINT('',(27.3,38.5,5.3));
#10782 = LINE('',#10783,#10784);
#10783 = CARTESIAN_POINT('',(27.3,15.25,5.3));
#10784 = VECTOR('',#10785,1.);
#10785 = DIRECTION('',(0.,-1.,0.));
#10786 = ORIENTED_EDGE('',*,*,#10787,.T.);
#10787 = EDGE_CURVE('',#10780,#10567,#10788,.T.);
#10788 = LINE('',#10789,#10790);
#10789 = CARTESIAN_POINT('',(27.3,38.5,0.));
#10790 = VECTOR('',#10791,1.);
#10791 = DIRECTION('',(0.,0.,1.));
#10792 = ORIENTED_EDGE('',*,*,#10566,.F.);
#10793 = PLANE('',#10794);
#10794 = AXIS2_PLACEMENT_3D('',#10795,#10796,#10797);
#10795 = CARTESIAN_POINT('',(27.3,7.5,0.));
#10796 = DIRECTION('',(1.,0.,0.));
#10797 = DIRECTION('',(0.,0.,1.));
#10798 = ADVANCED_FACE('',(#10799),#10811,.T.);
#10799 = FACE_BOUND('',#10800,.F.);
#10800 = EDGE_LOOP('',(#10801,#10808,#10809,#10810));
#10801 = ORIENTED_EDGE('',*,*,#10802,.T.);
#10802 = EDGE_CURVE('',#10755,#10780,#10803,.T.);
#10803 = CIRCLE('',#10804,3.8);
#10804 = AXIS2_PLACEMENT_3D('',#10805,#10806,#10807);
#10805 = CARTESIAN_POINT('',(23.5,38.5,5.3));
#10806 = DIRECTION('',(0.,0.,-1.));
#10807 = DIRECTION('',(1.,0.,0.));
#10808 = ORIENTED_EDGE('',*,*,#10787,.T.);
#10809 = ORIENTED_EDGE('',*,*,#10574,.T.);
#10810 = ORIENTED_EDGE('',*,*,#10764,.F.);
#10811 = CYLINDRICAL_SURFACE('',#10812,3.8);
#10812 = AXIS2_PLACEMENT_3D('',#10813,#10814,#10815);
#10813 = CARTESIAN_POINT('',(23.5,38.5,0.));
#10814 = DIRECTION('',(-0.,-0.,-1.));
#10815 = DIRECTION('',(1.,0.,0.));
#10816 = ADVANCED_FACE('',(#10817,#10887),#10897,.T.);
#10817 = FACE_BOUND('',#10818,.T.);
#10818 = EDGE_LOOP('',(#10819,#10830,#10838,#10847,#10855,#10864,#10872,
    #10881));
#10819 = ORIENTED_EDGE('',*,*,#10820,.T.);
#10820 = EDGE_CURVE('',#10821,#10823,#10825,.T.);
#10821 = VERTEX_POINT('',#10822);
#10822 = CARTESIAN_POINT('',(-6.65,7.5,5.3));
#10823 = VERTEX_POINT('',#10824);
#10824 = CARTESIAN_POINT('',(-2.5,3.35,5.3));
#10825 = CIRCLE('',#10826,4.15);
#10826 = AXIS2_PLACEMENT_3D('',#10827,#10828,#10829);
#10827 = CARTESIAN_POINT('',(-2.5,7.5,5.3));
#10828 = DIRECTION('',(0.,0.,1.));
#10829 = DIRECTION('',(1.,0.,0.));
#10830 = ORIENTED_EDGE('',*,*,#10831,.T.);
#10831 = EDGE_CURVE('',#10823,#10832,#10834,.T.);
#10832 = VERTEX_POINT('',#10833);
#10833 = CARTESIAN_POINT('',(23.5,3.35,5.3));
#10834 = LINE('',#10835,#10836);
#10835 = CARTESIAN_POINT('',(-2.5,3.35,5.3));
#10836 = VECTOR('',#10837,1.);
#10837 = DIRECTION('',(1.,0.,0.));
#10838 = ORIENTED_EDGE('',*,*,#10839,.T.);
#10839 = EDGE_CURVE('',#10832,#10840,#10842,.T.);
#10840 = VERTEX_POINT('',#10841);
#10841 = CARTESIAN_POINT('',(27.65,7.5,5.3));
#10842 = CIRCLE('',#10843,4.15);
#10843 = AXIS2_PLACEMENT_3D('',#10844,#10845,#10846);
#10844 = CARTESIAN_POINT('',(23.5,7.5,5.3));
#10845 = DIRECTION('',(0.,0.,1.));
#10846 = DIRECTION('',(1.,0.,0.));
#10847 = ORIENTED_EDGE('',*,*,#10848,.T.);
#10848 = EDGE_CURVE('',#10840,#10849,#10851,.T.);
#10849 = VERTEX_POINT('',#10850);
#10850 = CARTESIAN_POINT('',(27.65,38.5,5.3));
#10851 = LINE('',#10852,#10853);
#10852 = CARTESIAN_POINT('',(27.65,7.5,5.3));
#10853 = VECTOR('',#10854,1.);
#10854 = DIRECTION('',(0.,1.,0.));
#10855 = ORIENTED_EDGE('',*,*,#10856,.T.);
#10856 = EDGE_CURVE('',#10849,#10857,#10859,.T.);
#10857 = VERTEX_POINT('',#10858);
#10858 = CARTESIAN_POINT('',(23.5,42.65,5.3));
#10859 = CIRCLE('',#10860,4.15);
#10860 = AXIS2_PLACEMENT_3D('',#10861,#10862,#10863);
#10861 = CARTESIAN_POINT('',(23.5,38.5,5.3));
#10862 = DIRECTION('',(0.,0.,1.));
#10863 = DIRECTION('',(1.,0.,0.));
#10864 = ORIENTED_EDGE('',*,*,#10865,.F.);
#10865 = EDGE_CURVE('',#10866,#10857,#10868,.T.);
#10866 = VERTEX_POINT('',#10867);
#10867 = CARTESIAN_POINT('',(-2.5,42.65,5.3));
#10868 = LINE('',#10869,#10870);
#10869 = CARTESIAN_POINT('',(-2.5,42.65,5.3));
#10870 = VECTOR('',#10871,1.);
#10871 = DIRECTION('',(1.,0.,0.));
#10872 = ORIENTED_EDGE('',*,*,#10873,.T.);
#10873 = EDGE_CURVE('',#10866,#10874,#10876,.T.);
#10874 = VERTEX_POINT('',#10875);
#10875 = CARTESIAN_POINT('',(-6.65,38.5,5.3));
#10876 = CIRCLE('',#10877,4.15);
#10877 = AXIS2_PLACEMENT_3D('',#10878,#10879,#10880);
#10878 = CARTESIAN_POINT('',(-2.5,38.5,5.3));
#10879 = DIRECTION('',(0.,0.,1.));
#10880 = DIRECTION('',(1.,0.,0.));
#10881 = ORIENTED_EDGE('',*,*,#10882,.F.);
#10882 = EDGE_CURVE('',#10821,#10874,#10883,.T.);
#10883 = LINE('',#10884,#10885);
#10884 = CARTESIAN_POINT('',(-6.65,7.5,5.3));
#10885 = VECTOR('',#10886,1.);
#10886 = DIRECTION('',(0.,1.,0.));
#10887 = FACE_BOUND('',#10888,.T.);
#10888 = EDGE_LOOP('',(#10889,#10890,#10891,#10892,#10893,#10894,#10895,
    #10896));
#10889 = ORIENTED_EDGE('',*,*,#10680,.F.);
#10890 = ORIENTED_EDGE('',*,*,#10632,.T.);
#10891 = ORIENTED_EDGE('',*,*,#10657,.F.);
#10892 = ORIENTED_EDGE('',*,*,#10704,.T.);
#10893 = ORIENTED_EDGE('',*,*,#10754,.T.);
#10894 = ORIENTED_EDGE('',*,*,#10802,.T.);
#10895 = ORIENTED_EDGE('',*,*,#10779,.T.);
#10896 = ORIENTED_EDGE('',*,*,#10738,.T.);
#10897 = PLANE('',#10898);
#10898 = AXIS2_PLACEMENT_3D('',#10899,#10900,#10901);
#10899 = CARTESIAN_POINT('',(10.5,23.,5.3));
#10900 = DIRECTION('',(0.,0.,1.));
#10901 = DIRECTION('',(1.,0.,0.));
#10902 = ADVANCED_FACE('',(#10903),#10929,.T.);
#10903 = FACE_BOUND('',#10904,.F.);
#10904 = EDGE_LOOP('',(#10905,#10913,#10922,#10928));
#10905 = ORIENTED_EDGE('',*,*,#10906,.F.);
#10906 = EDGE_CURVE('',#10907,#10823,#10909,.T.);
#10907 = VERTEX_POINT('',#10908);
#10908 = CARTESIAN_POINT('',(-2.5,3.35,4.));
#10909 = LINE('',#10910,#10911);
#10910 = CARTESIAN_POINT('',(-2.5,3.35,4.));
#10911 = VECTOR('',#10912,1.);
#10912 = DIRECTION('',(0.,0.,1.));
#10913 = ORIENTED_EDGE('',*,*,#10914,.F.);
#10914 = EDGE_CURVE('',#10915,#10907,#10917,.T.);
#10915 = VERTEX_POINT('',#10916);
#10916 = CARTESIAN_POINT('',(-6.65,7.5,4.));
#10917 = CIRCLE('',#10918,4.15);
#10918 = AXIS2_PLACEMENT_3D('',#10919,#10920,#10921);
#10919 = CARTESIAN_POINT('',(-2.5,7.5,4.));
#10920 = DIRECTION('',(0.,0.,1.));
#10921 = DIRECTION('',(1.,0.,0.));
#10922 = ORIENTED_EDGE('',*,*,#10923,.T.);
#10923 = EDGE_CURVE('',#10915,#10821,#10924,.T.);
#10924 = LINE('',#10925,#10926);
#10925 = CARTESIAN_POINT('',(-6.65,7.5,4.));
#10926 = VECTOR('',#10927,1.);
#10927 = DIRECTION('',(0.,0.,1.));
#10928 = ORIENTED_EDGE('',*,*,#10820,.T.);
#10929 = CYLINDRICAL_SURFACE('',#10930,4.15);
#10930 = AXIS2_PLACEMENT_3D('',#10931,#10932,#10933);
#10931 = CARTESIAN_POINT('',(-2.5,7.5,4.));
#10932 = DIRECTION('',(-0.,-0.,-1.));
#10933 = DIRECTION('',(1.,0.,0.));
#10934 = ADVANCED_FACE('',(#10935),#10953,.F.);
#10935 = FACE_BOUND('',#10936,.F.);
#10936 = EDGE_LOOP('',(#10937,#10938,#10946,#10952));
#10937 = ORIENTED_EDGE('',*,*,#10923,.F.);
#10938 = ORIENTED_EDGE('',*,*,#10939,.T.);
#10939 = EDGE_CURVE('',#10915,#10940,#10942,.T.);
#10940 = VERTEX_POINT('',#10941);
#10941 = CARTESIAN_POINT('',(-6.65,38.5,4.));
#10942 = LINE('',#10943,#10944);
#10943 = CARTESIAN_POINT('',(-6.65,7.5,4.));
#10944 = VECTOR('',#10945,1.);
#10945 = DIRECTION('',(0.,1.,0.));
#10946 = ORIENTED_EDGE('',*,*,#10947,.T.);
#10947 = EDGE_CURVE('',#10940,#10874,#10948,.T.);
#10948 = LINE('',#10949,#10950);
#10949 = CARTESIAN_POINT('',(-6.65,38.5,4.));
#10950 = VECTOR('',#10951,1.);
#10951 = DIRECTION('',(0.,0.,1.));
#10952 = ORIENTED_EDGE('',*,*,#10882,.F.);
#10953 = PLANE('',#10954);
#10954 = AXIS2_PLACEMENT_3D('',#10955,#10956,#10957);
#10955 = CARTESIAN_POINT('',(-6.65,7.5,4.));
#10956 = DIRECTION('',(1.,0.,0.));
#10957 = DIRECTION('',(0.,0.,1.));
#10958 = ADVANCED_FACE('',(#10959),#10977,.F.);
#10959 = FACE_BOUND('',#10960,.F.);
#10960 = EDGE_LOOP('',(#10961,#10969,#10970,#10971));
#10961 = ORIENTED_EDGE('',*,*,#10962,.F.);
#10962 = EDGE_CURVE('',#10907,#10963,#10965,.T.);
#10963 = VERTEX_POINT('',#10964);
#10964 = CARTESIAN_POINT('',(23.5,3.35,4.));
#10965 = LINE('',#10966,#10967);
#10966 = CARTESIAN_POINT('',(-2.5,3.35,4.));
#10967 = VECTOR('',#10968,1.);
#10968 = DIRECTION('',(1.,0.,0.));
#10969 = ORIENTED_EDGE('',*,*,#10906,.T.);
#10970 = ORIENTED_EDGE('',*,*,#10831,.T.);
#10971 = ORIENTED_EDGE('',*,*,#10972,.F.);
#10972 = EDGE_CURVE('',#10963,#10832,#10973,.T.);
#10973 = LINE('',#10974,#10975);
#10974 = CARTESIAN_POINT('',(23.5,3.35,4.));
#10975 = VECTOR('',#10976,1.);
#10976 = DIRECTION('',(0.,0.,1.));
#10977 = PLANE('',#10978);
#10978 = AXIS2_PLACEMENT_3D('',#10979,#10980,#10981);
#10979 = CARTESIAN_POINT('',(-2.5,3.35,4.));
#10980 = DIRECTION('',(0.,1.,0.));
#10981 = DIRECTION('',(0.,0.,1.));
#10982 = ADVANCED_FACE('',(#10983),#11002,.T.);
#10983 = FACE_BOUND('',#10984,.F.);
#10984 = EDGE_LOOP('',(#10985,#10994,#11000,#11001));
#10985 = ORIENTED_EDGE('',*,*,#10986,.F.);
#10986 = EDGE_CURVE('',#10987,#10940,#10989,.T.);
#10987 = VERTEX_POINT('',#10988);
#10988 = CARTESIAN_POINT('',(-2.5,42.65,4.));
#10989 = CIRCLE('',#10990,4.15);
#10990 = AXIS2_PLACEMENT_3D('',#10991,#10992,#10993);
#10991 = CARTESIAN_POINT('',(-2.5,38.5,4.));
#10992 = DIRECTION('',(0.,0.,1.));
#10993 = DIRECTION('',(1.,0.,0.));
#10994 = ORIENTED_EDGE('',*,*,#10995,.T.);
#10995 = EDGE_CURVE('',#10987,#10866,#10996,.T.);
#10996 = LINE('',#10997,#10998);
#10997 = CARTESIAN_POINT('',(-2.5,42.65,4.));
#10998 = VECTOR('',#10999,1.);
#10999 = DIRECTION('',(0.,0.,1.));
#11000 = ORIENTED_EDGE('',*,*,#10873,.T.);
#11001 = ORIENTED_EDGE('',*,*,#10947,.F.);
#11002 = CYLINDRICAL_SURFACE('',#11003,4.15);
#11003 = AXIS2_PLACEMENT_3D('',#11004,#11005,#11006);
#11004 = CARTESIAN_POINT('',(-2.5,38.5,4.));
#11005 = DIRECTION('',(-0.,-0.,-1.));
#11006 = DIRECTION('',(1.,0.,0.));
#11007 = ADVANCED_FACE('',(#11008),#11027,.T.);
#11008 = FACE_BOUND('',#11009,.F.);
#11009 = EDGE_LOOP('',(#11010,#11018,#11025,#11026));
#11010 = ORIENTED_EDGE('',*,*,#11011,.F.);
#11011 = EDGE_CURVE('',#11012,#10840,#11014,.T.);
#11012 = VERTEX_POINT('',#11013);
#11013 = CARTESIAN_POINT('',(27.65,7.5,4.));
#11014 = LINE('',#11015,#11016);
#11015 = CARTESIAN_POINT('',(27.65,7.5,4.));
#11016 = VECTOR('',#11017,1.);
#11017 = DIRECTION('',(0.,0.,1.));
#11018 = ORIENTED_EDGE('',*,*,#11019,.F.);
#11019 = EDGE_CURVE('',#10963,#11012,#11020,.T.);
#11020 = CIRCLE('',#11021,4.15);
#11021 = AXIS2_PLACEMENT_3D('',#11022,#11023,#11024);
#11022 = CARTESIAN_POINT('',(23.5,7.5,4.));
#11023 = DIRECTION('',(0.,0.,1.));
#11024 = DIRECTION('',(1.,0.,0.));
#11025 = ORIENTED_EDGE('',*,*,#10972,.T.);
#11026 = ORIENTED_EDGE('',*,*,#10839,.T.);
#11027 = CYLINDRICAL_SURFACE('',#11028,4.15);
#11028 = AXIS2_PLACEMENT_3D('',#11029,#11030,#11031);
#11029 = CARTESIAN_POINT('',(23.5,7.5,4.));
#11030 = DIRECTION('',(-0.,-0.,-1.));
#11031 = DIRECTION('',(1.,0.,0.));
#11032 = ADVANCED_FACE('',(#11033),#11051,.T.);
#11033 = FACE_BOUND('',#11034,.T.);
#11034 = EDGE_LOOP('',(#11035,#11043,#11044,#11045));
#11035 = ORIENTED_EDGE('',*,*,#11036,.F.);
#11036 = EDGE_CURVE('',#10987,#11037,#11039,.T.);
#11037 = VERTEX_POINT('',#11038);
#11038 = CARTESIAN_POINT('',(23.5,42.65,4.));
#11039 = LINE('',#11040,#11041);
#11040 = CARTESIAN_POINT('',(-2.5,42.65,4.));
#11041 = VECTOR('',#11042,1.);
#11042 = DIRECTION('',(1.,0.,0.));
#11043 = ORIENTED_EDGE('',*,*,#10995,.T.);
#11044 = ORIENTED_EDGE('',*,*,#10865,.T.);
#11045 = ORIENTED_EDGE('',*,*,#11046,.F.);
#11046 = EDGE_CURVE('',#11037,#10857,#11047,.T.);
#11047 = LINE('',#11048,#11049);
#11048 = CARTESIAN_POINT('',(23.5,42.65,4.));
#11049 = VECTOR('',#11050,1.);
#11050 = DIRECTION('',(0.,0.,1.));
#11051 = PLANE('',#11052);
#11052 = AXIS2_PLACEMENT_3D('',#11053,#11054,#11055);
#11053 = CARTESIAN_POINT('',(-2.5,42.65,4.));
#11054 = DIRECTION('',(0.,1.,0.));
#11055 = DIRECTION('',(0.,0.,1.));
#11056 = ADVANCED_FACE('',(#11057),#11075,.T.);
#11057 = FACE_BOUND('',#11058,.T.);
#11058 = EDGE_LOOP('',(#11059,#11060,#11068,#11074));
#11059 = ORIENTED_EDGE('',*,*,#11011,.F.);
#11060 = ORIENTED_EDGE('',*,*,#11061,.T.);
#11061 = EDGE_CURVE('',#11012,#11062,#11064,.T.);
#11062 = VERTEX_POINT('',#11063);
#11063 = CARTESIAN_POINT('',(27.65,38.5,4.));
#11064 = LINE('',#11065,#11066);
#11065 = CARTESIAN_POINT('',(27.65,7.5,4.));
#11066 = VECTOR('',#11067,1.);
#11067 = DIRECTION('',(0.,1.,0.));
#11068 = ORIENTED_EDGE('',*,*,#11069,.T.);
#11069 = EDGE_CURVE('',#11062,#10849,#11070,.T.);
#11070 = LINE('',#11071,#11072);
#11071 = CARTESIAN_POINT('',(27.65,38.5,4.));
#11072 = VECTOR('',#11073,1.);
#11073 = DIRECTION('',(0.,0.,1.));
#11074 = ORIENTED_EDGE('',*,*,#10848,.F.);
#11075 = PLANE('',#11076);
#11076 = AXIS2_PLACEMENT_3D('',#11077,#11078,#11079);
#11077 = CARTESIAN_POINT('',(27.65,7.5,4.));
#11078 = DIRECTION('',(1.,0.,0.));
#11079 = DIRECTION('',(0.,0.,1.));
#11080 = ADVANCED_FACE('',(#11081),#11093,.T.);
#11081 = FACE_BOUND('',#11082,.F.);
#11082 = EDGE_LOOP('',(#11083,#11090,#11091,#11092));
#11083 = ORIENTED_EDGE('',*,*,#11084,.F.);
#11084 = EDGE_CURVE('',#11062,#11037,#11085,.T.);
#11085 = CIRCLE('',#11086,4.15);
#11086 = AXIS2_PLACEMENT_3D('',#11087,#11088,#11089);
#11087 = CARTESIAN_POINT('',(23.5,38.5,4.));
#11088 = DIRECTION('',(0.,0.,1.));
#11089 = DIRECTION('',(1.,0.,0.));
#11090 = ORIENTED_EDGE('',*,*,#11069,.T.);
#11091 = ORIENTED_EDGE('',*,*,#10856,.T.);
#11092 = ORIENTED_EDGE('',*,*,#11046,.F.);
#11093 = CYLINDRICAL_SURFACE('',#11094,4.15);
#11094 = AXIS2_PLACEMENT_3D('',#11095,#11096,#11097);
#11095 = CARTESIAN_POINT('',(23.5,38.5,4.));
#11096 = DIRECTION('',(-0.,-0.,-1.));
#11097 = DIRECTION('',(1.,0.,0.));
#11098 = ADVANCED_FACE('',(#11099,#11109),#11179,.T.);
#11099 = FACE_BOUND('',#11100,.T.);
#11100 = EDGE_LOOP('',(#11101,#11102,#11103,#11104,#11105,#11106,#11107,
    #11108));
#11101 = ORIENTED_EDGE('',*,*,#10914,.F.);
#11102 = ORIENTED_EDGE('',*,*,#10939,.T.);
#11103 = ORIENTED_EDGE('',*,*,#10986,.F.);
#11104 = ORIENTED_EDGE('',*,*,#11036,.T.);
#11105 = ORIENTED_EDGE('',*,*,#11084,.F.);
#11106 = ORIENTED_EDGE('',*,*,#11061,.F.);
#11107 = ORIENTED_EDGE('',*,*,#11019,.F.);
#11108 = ORIENTED_EDGE('',*,*,#10962,.F.);
#11109 = FACE_BOUND('',#11110,.T.);
#11110 = EDGE_LOOP('',(#11111,#11122,#11130,#11139,#11147,#11156,#11164,
    #11173));
#11111 = ORIENTED_EDGE('',*,*,#11112,.F.);
#11112 = EDGE_CURVE('',#11113,#11115,#11117,.T.);
#11113 = VERTEX_POINT('',#11114);
#11114 = CARTESIAN_POINT('',(-2.5,3.7,4.));
#11115 = VERTEX_POINT('',#11116);
#11116 = CARTESIAN_POINT('',(-6.3,7.5,4.));
#11117 = CIRCLE('',#11118,3.8);
#11118 = AXIS2_PLACEMENT_3D('',#11119,#11120,#11121);
#11119 = CARTESIAN_POINT('',(-2.5,7.5,4.));
#11120 = DIRECTION('',(0.,0.,-1.));
#11121 = DIRECTION('',(1.,0.,0.));
#11122 = ORIENTED_EDGE('',*,*,#11123,.F.);
#11123 = EDGE_CURVE('',#11124,#11113,#11126,.T.);
#11124 = VERTEX_POINT('',#11125);
#11125 = CARTESIAN_POINT('',(23.5,3.7,4.));
#11126 = LINE('',#11127,#11128);
#11127 = CARTESIAN_POINT('',(4.,3.7,4.));
#11128 = VECTOR('',#11129,1.);
#11129 = DIRECTION('',(-1.,0.,0.));
#11130 = ORIENTED_EDGE('',*,*,#11131,.F.);
#11131 = EDGE_CURVE('',#11132,#11124,#11134,.T.);
#11132 = VERTEX_POINT('',#11133);
#11133 = CARTESIAN_POINT('',(27.3,7.5,4.));
#11134 = CIRCLE('',#11135,3.8);
#11135 = AXIS2_PLACEMENT_3D('',#11136,#11137,#11138);
#11136 = CARTESIAN_POINT('',(23.5,7.5,4.));
#11137 = DIRECTION('',(0.,0.,-1.));
#11138 = DIRECTION('',(1.,0.,0.));
#11139 = ORIENTED_EDGE('',*,*,#11140,.T.);
#11140 = EDGE_CURVE('',#11132,#11141,#11143,.T.);
#11141 = VERTEX_POINT('',#11142);
#11142 = CARTESIAN_POINT('',(27.3,38.5,4.));
#11143 = LINE('',#11144,#11145);
#11144 = CARTESIAN_POINT('',(27.3,15.25,4.));
#11145 = VECTOR('',#11146,1.);
#11146 = DIRECTION('',(0.,1.,0.));
#11147 = ORIENTED_EDGE('',*,*,#11148,.F.);
#11148 = EDGE_CURVE('',#11149,#11141,#11151,.T.);
#11149 = VERTEX_POINT('',#11150);
#11150 = CARTESIAN_POINT('',(23.5,42.3,4.));
#11151 = CIRCLE('',#11152,3.8);
#11152 = AXIS2_PLACEMENT_3D('',#11153,#11154,#11155);
#11153 = CARTESIAN_POINT('',(23.5,38.5,4.));
#11154 = DIRECTION('',(0.,0.,-1.));
#11155 = DIRECTION('',(1.,0.,0.));
#11156 = ORIENTED_EDGE('',*,*,#11157,.T.);
#11157 = EDGE_CURVE('',#11149,#11158,#11160,.T.);
#11158 = VERTEX_POINT('',#11159);
#11159 = CARTESIAN_POINT('',(-2.5,42.3,4.));
#11160 = LINE('',#11161,#11162);
#11161 = CARTESIAN_POINT('',(4.,42.3,4.));
#11162 = VECTOR('',#11163,1.);
#11163 = DIRECTION('',(-1.,0.,0.));
#11164 = ORIENTED_EDGE('',*,*,#11165,.F.);
#11165 = EDGE_CURVE('',#11166,#11158,#11168,.T.);
#11166 = VERTEX_POINT('',#11167);
#11167 = CARTESIAN_POINT('',(-6.3,38.5,4.));
#11168 = CIRCLE('',#11169,3.8);
#11169 = AXIS2_PLACEMENT_3D('',#11170,#11171,#11172);
#11170 = CARTESIAN_POINT('',(-2.5,38.5,4.));
#11171 = DIRECTION('',(0.,0.,-1.));
#11172 = DIRECTION('',(1.,0.,0.));
#11173 = ORIENTED_EDGE('',*,*,#11174,.F.);
#11174 = EDGE_CURVE('',#11115,#11166,#11175,.T.);
#11175 = LINE('',#11176,#11177);
#11176 = CARTESIAN_POINT('',(-6.3,15.25,4.));
#11177 = VECTOR('',#11178,1.);
#11178 = DIRECTION('',(0.,1.,0.));
#11179 = PLANE('',#11180);
#11180 = AXIS2_PLACEMENT_3D('',#11181,#11182,#11183);
#11181 = CARTESIAN_POINT('',(10.5,23.,4.));
#11182 = DIRECTION('',(-0.,-0.,-1.));
#11183 = DIRECTION('',(-1.,0.,0.));
#11184 = ADVANCED_FACE('',(#11185),#11211,.T.);
#11185 = FACE_BOUND('',#11186,.F.);
#11186 = EDGE_LOOP('',(#11187,#11195,#11204,#11210));
#11187 = ORIENTED_EDGE('',*,*,#11188,.F.);
#11188 = EDGE_CURVE('',#11189,#11113,#11191,.T.);
#11189 = VERTEX_POINT('',#11190);
#11190 = CARTESIAN_POINT('',(-2.5,3.7,0.));
#11191 = LINE('',#11192,#11193);
#11192 = CARTESIAN_POINT('',(-2.5,3.7,0.));
#11193 = VECTOR('',#11194,1.);
#11194 = DIRECTION('',(0.,0.,1.));
#11195 = ORIENTED_EDGE('',*,*,#11196,.F.);
#11196 = EDGE_CURVE('',#11197,#11189,#11199,.T.);
#11197 = VERTEX_POINT('',#11198);
#11198 = CARTESIAN_POINT('',(-6.3,7.5,0.));
#11199 = CIRCLE('',#11200,3.8);
#11200 = AXIS2_PLACEMENT_3D('',#11201,#11202,#11203);
#11201 = CARTESIAN_POINT('',(-2.5,7.5,0.));
#11202 = DIRECTION('',(0.,0.,1.));
#11203 = DIRECTION('',(1.,0.,0.));
#11204 = ORIENTED_EDGE('',*,*,#11205,.T.);
#11205 = EDGE_CURVE('',#11197,#11115,#11206,.T.);
#11206 = LINE('',#11207,#11208);
#11207 = CARTESIAN_POINT('',(-6.3,7.5,0.));
#11208 = VECTOR('',#11209,1.);
#11209 = DIRECTION('',(0.,0.,1.));
#11210 = ORIENTED_EDGE('',*,*,#11112,.F.);
#11211 = CYLINDRICAL_SURFACE('',#11212,3.8);
#11212 = AXIS2_PLACEMENT_3D('',#11213,#11214,#11215);
#11213 = CARTESIAN_POINT('',(-2.5,7.5,0.));
#11214 = DIRECTION('',(-0.,-0.,-1.));
#11215 = DIRECTION('',(1.,0.,0.));
#11216 = ADVANCED_FACE('',(#11217),#11235,.F.);
#11217 = FACE_BOUND('',#11218,.F.);
#11218 = EDGE_LOOP('',(#11219,#11220,#11228,#11234));
#11219 = ORIENTED_EDGE('',*,*,#11205,.F.);
#11220 = ORIENTED_EDGE('',*,*,#11221,.T.);
#11221 = EDGE_CURVE('',#11197,#11222,#11224,.T.);
#11222 = VERTEX_POINT('',#11223);
#11223 = CARTESIAN_POINT('',(-6.3,38.5,0.));
#11224 = LINE('',#11225,#11226);
#11225 = CARTESIAN_POINT('',(-6.3,7.5,0.));
#11226 = VECTOR('',#11227,1.);
#11227 = DIRECTION('',(0.,1.,0.));
#11228 = ORIENTED_EDGE('',*,*,#11229,.T.);
#11229 = EDGE_CURVE('',#11222,#11166,#11230,.T.);
#11230 = LINE('',#11231,#11232);
#11231 = CARTESIAN_POINT('',(-6.3,38.5,0.));
#11232 = VECTOR('',#11233,1.);
#11233 = DIRECTION('',(0.,0.,1.));
#11234 = ORIENTED_EDGE('',*,*,#11174,.F.);
#11235 = PLANE('',#11236);
#11236 = AXIS2_PLACEMENT_3D('',#11237,#11238,#11239);
#11237 = CARTESIAN_POINT('',(-6.3,7.5,0.));
#11238 = DIRECTION('',(1.,0.,0.));
#11239 = DIRECTION('',(0.,0.,1.));
#11240 = ADVANCED_FACE('',(#11241),#11260,.T.);
#11241 = FACE_BOUND('',#11242,.F.);
#11242 = EDGE_LOOP('',(#11243,#11252,#11258,#11259));
#11243 = ORIENTED_EDGE('',*,*,#11244,.F.);
#11244 = EDGE_CURVE('',#11245,#11222,#11247,.T.);
#11245 = VERTEX_POINT('',#11246);
#11246 = CARTESIAN_POINT('',(-2.5,42.3,0.));
#11247 = CIRCLE('',#11248,3.8);
#11248 = AXIS2_PLACEMENT_3D('',#11249,#11250,#11251);
#11249 = CARTESIAN_POINT('',(-2.5,38.5,0.));
#11250 = DIRECTION('',(0.,0.,1.));
#11251 = DIRECTION('',(1.,0.,0.));
#11252 = ORIENTED_EDGE('',*,*,#11253,.T.);
#11253 = EDGE_CURVE('',#11245,#11158,#11254,.T.);
#11254 = LINE('',#11255,#11256);
#11255 = CARTESIAN_POINT('',(-2.5,42.3,0.));
#11256 = VECTOR('',#11257,1.);
#11257 = DIRECTION('',(0.,0.,1.));
#11258 = ORIENTED_EDGE('',*,*,#11165,.F.);
#11259 = ORIENTED_EDGE('',*,*,#11229,.F.);
#11260 = CYLINDRICAL_SURFACE('',#11261,3.8);
#11261 = AXIS2_PLACEMENT_3D('',#11262,#11263,#11264);
#11262 = CARTESIAN_POINT('',(-2.5,38.5,0.));
#11263 = DIRECTION('',(-0.,-0.,-1.));
#11264 = DIRECTION('',(1.,0.,0.));
#11265 = ADVANCED_FACE('',(#11266),#11284,.T.);
#11266 = FACE_BOUND('',#11267,.T.);
#11267 = EDGE_LOOP('',(#11268,#11276,#11277,#11278));
#11268 = ORIENTED_EDGE('',*,*,#11269,.F.);
#11269 = EDGE_CURVE('',#11245,#11270,#11272,.T.);
#11270 = VERTEX_POINT('',#11271);
#11271 = CARTESIAN_POINT('',(23.5,42.3,0.));
#11272 = LINE('',#11273,#11274);
#11273 = CARTESIAN_POINT('',(-2.5,42.3,0.));
#11274 = VECTOR('',#11275,1.);
#11275 = DIRECTION('',(1.,0.,0.));
#11276 = ORIENTED_EDGE('',*,*,#11253,.T.);
#11277 = ORIENTED_EDGE('',*,*,#11157,.F.);
#11278 = ORIENTED_EDGE('',*,*,#11279,.F.);
#11279 = EDGE_CURVE('',#11270,#11149,#11280,.T.);
#11280 = LINE('',#11281,#11282);
#11281 = CARTESIAN_POINT('',(23.5,42.3,0.));
#11282 = VECTOR('',#11283,1.);
#11283 = DIRECTION('',(0.,0.,1.));
#11284 = PLANE('',#11285);
#11285 = AXIS2_PLACEMENT_3D('',#11286,#11287,#11288);
#11286 = CARTESIAN_POINT('',(-2.5,42.3,0.));
#11287 = DIRECTION('',(0.,1.,0.));
#11288 = DIRECTION('',(0.,0.,1.));
#11289 = ADVANCED_FACE('',(#11290),#11309,.T.);
#11290 = FACE_BOUND('',#11291,.F.);
#11291 = EDGE_LOOP('',(#11292,#11301,#11307,#11308));
#11292 = ORIENTED_EDGE('',*,*,#11293,.F.);
#11293 = EDGE_CURVE('',#11294,#11270,#11296,.T.);
#11294 = VERTEX_POINT('',#11295);
#11295 = CARTESIAN_POINT('',(27.3,38.5,0.));
#11296 = CIRCLE('',#11297,3.8);
#11297 = AXIS2_PLACEMENT_3D('',#11298,#11299,#11300);
#11298 = CARTESIAN_POINT('',(23.5,38.5,0.));
#11299 = DIRECTION('',(0.,0.,1.));
#11300 = DIRECTION('',(1.,0.,0.));
#11301 = ORIENTED_EDGE('',*,*,#11302,.T.);
#11302 = EDGE_CURVE('',#11294,#11141,#11303,.T.);
#11303 = LINE('',#11304,#11305);
#11304 = CARTESIAN_POINT('',(27.3,38.5,0.));
#11305 = VECTOR('',#11306,1.);
#11306 = DIRECTION('',(0.,0.,1.));
#11307 = ORIENTED_EDGE('',*,*,#11148,.F.);
#11308 = ORIENTED_EDGE('',*,*,#11279,.F.);
#11309 = CYLINDRICAL_SURFACE('',#11310,3.8);
#11310 = AXIS2_PLACEMENT_3D('',#11311,#11312,#11313);
#11311 = CARTESIAN_POINT('',(23.5,38.5,0.));
#11312 = DIRECTION('',(-0.,-0.,-1.));
#11313 = DIRECTION('',(1.,0.,0.));
#11314 = ADVANCED_FACE('',(#11315),#11333,.T.);
#11315 = FACE_BOUND('',#11316,.T.);
#11316 = EDGE_LOOP('',(#11317,#11325,#11331,#11332));
#11317 = ORIENTED_EDGE('',*,*,#11318,.F.);
#11318 = EDGE_CURVE('',#11319,#11132,#11321,.T.);
#11319 = VERTEX_POINT('',#11320);
#11320 = CARTESIAN_POINT('',(27.3,7.5,0.));
#11321 = LINE('',#11322,#11323);
#11322 = CARTESIAN_POINT('',(27.3,7.5,0.));
#11323 = VECTOR('',#11324,1.);
#11324 = DIRECTION('',(0.,0.,1.));
#11325 = ORIENTED_EDGE('',*,*,#11326,.T.);
#11326 = EDGE_CURVE('',#11319,#11294,#11327,.T.);
#11327 = LINE('',#11328,#11329);
#11328 = CARTESIAN_POINT('',(27.3,7.5,0.));
#11329 = VECTOR('',#11330,1.);
#11330 = DIRECTION('',(0.,1.,0.));
#11331 = ORIENTED_EDGE('',*,*,#11302,.T.);
#11332 = ORIENTED_EDGE('',*,*,#11140,.F.);
#11333 = PLANE('',#11334);
#11334 = AXIS2_PLACEMENT_3D('',#11335,#11336,#11337);
#11335 = CARTESIAN_POINT('',(27.3,7.5,0.));
#11336 = DIRECTION('',(1.,0.,0.));
#11337 = DIRECTION('',(0.,0.,1.));
#11338 = ADVANCED_FACE('',(#11339),#11358,.T.);
#11339 = FACE_BOUND('',#11340,.F.);
#11340 = EDGE_LOOP('',(#11341,#11342,#11351,#11357));
#11341 = ORIENTED_EDGE('',*,*,#11318,.F.);
#11342 = ORIENTED_EDGE('',*,*,#11343,.F.);
#11343 = EDGE_CURVE('',#11344,#11319,#11346,.T.);
#11344 = VERTEX_POINT('',#11345);
#11345 = CARTESIAN_POINT('',(23.5,3.7,0.));
#11346 = CIRCLE('',#11347,3.8);
#11347 = AXIS2_PLACEMENT_3D('',#11348,#11349,#11350);
#11348 = CARTESIAN_POINT('',(23.5,7.5,0.));
#11349 = DIRECTION('',(0.,0.,1.));
#11350 = DIRECTION('',(1.,0.,0.));
#11351 = ORIENTED_EDGE('',*,*,#11352,.T.);
#11352 = EDGE_CURVE('',#11344,#11124,#11353,.T.);
#11353 = LINE('',#11354,#11355);
#11354 = CARTESIAN_POINT('',(23.5,3.7,0.));
#11355 = VECTOR('',#11356,1.);
#11356 = DIRECTION('',(0.,0.,1.));
#11357 = ORIENTED_EDGE('',*,*,#11131,.F.);
#11358 = CYLINDRICAL_SURFACE('',#11359,3.8);
#11359 = AXIS2_PLACEMENT_3D('',#11360,#11361,#11362);
#11360 = CARTESIAN_POINT('',(23.5,7.5,0.));
#11361 = DIRECTION('',(-0.,-0.,-1.));
#11362 = DIRECTION('',(1.,0.,0.));
#11363 = ADVANCED_FACE('',(#11364),#11375,.F.);
#11364 = FACE_BOUND('',#11365,.F.);
#11365 = EDGE_LOOP('',(#11366,#11372,#11373,#11374));
#11366 = ORIENTED_EDGE('',*,*,#11367,.F.);
#11367 = EDGE_CURVE('',#11189,#11344,#11368,.T.);
#11368 = LINE('',#11369,#11370);
#11369 = CARTESIAN_POINT('',(-2.5,3.7,0.));
#11370 = VECTOR('',#11371,1.);
#11371 = DIRECTION('',(1.,0.,0.));
#11372 = ORIENTED_EDGE('',*,*,#11188,.T.);
#11373 = ORIENTED_EDGE('',*,*,#11123,.F.);
#11374 = ORIENTED_EDGE('',*,*,#11352,.F.);
#11375 = PLANE('',#11376);
#11376 = AXIS2_PLACEMENT_3D('',#11377,#11378,#11379);
#11377 = CARTESIAN_POINT('',(-2.5,3.7,0.));
#11378 = DIRECTION('',(0.,1.,0.));
#11379 = DIRECTION('',(0.,0.,1.));
#11380 = ADVANCED_FACE('',(#11381),#11391,.T.);
#11381 = FACE_BOUND('',#11382,.T.);
#11382 = EDGE_LOOP('',(#11383,#11384,#11385,#11386,#11387,#11388,#11389,
    #11390));
#11383 = ORIENTED_EDGE('',*,*,#11196,.F.);
#11384 = ORIENTED_EDGE('',*,*,#11221,.T.);
#11385 = ORIENTED_EDGE('',*,*,#11244,.F.);
#11386 = ORIENTED_EDGE('',*,*,#11269,.T.);
#11387 = ORIENTED_EDGE('',*,*,#11293,.F.);
#11388 = ORIENTED_EDGE('',*,*,#11326,.F.);
#11389 = ORIENTED_EDGE('',*,*,#11343,.F.);
#11390 = ORIENTED_EDGE('',*,*,#11367,.F.);
#11391 = PLANE('',#11392);
#11392 = AXIS2_PLACEMENT_3D('',#11393,#11394,#11395);
#11393 = CARTESIAN_POINT('',(10.5,23.,0.));
#11394 = DIRECTION('',(-0.,-0.,-1.));
#11395 = DIRECTION('',(-1.,0.,0.));
#11396 = ( GEOMETRIC_REPRESENTATION_CONTEXT(3)
GLOBAL_UNCERTAINTY_ASSIGNED_CONTEXT((#11400))
GLOBAL_UNIT_ASSIGNED_CONTEXT((#11397,#11398,#11399))
REPRESENTATION_CONTEXT('Context #1',
  '3D Context with UNIT and UNCERTAINTY') );
#11397 = ( LENGTH_UNIT() NAMED_UNIT(*) SI_UNIT(.MILLI.,.METRE.) );
#11398 = ( NAMED_UNIT(*) PLANE_ANGLE_UNIT() SI_UNIT($,.RADIAN.) );
#11399 = ( NAMED_UNIT(*) SI_UNIT($,.STERADIAN.) SOLID_ANGLE_UNIT() );
#11400 = UNCERTAINTY_MEASURE_WITH_UNIT(LENGTH_MEASURE(2.E-05),#11397,
  'distance_accuracy_value','confusion accuracy');
#11401 = PRODUCT_RELATED_PRODUCT_CATEGORY('part',$,(#7));
ENDSEC;
END-ISO-10303-21;
