ISO-10303-21;
HEADER;
FILE_DESCRIPTION(('FreeCAD Model'),'2;1');
FILE_NAME('Open CASCADE Shape Model','2026-09-10T09:38:36',('FreeCAD'),(
    'FreeCAD'),'Open CASCADE STEP processor 7.8','FreeCAD','Unknown');
FILE_SCHEMA(('AUTOMOTIVE_DESIGN { 1 0 10303 214 1 1 1 1 }'));
ENDSEC;
DATA;
#1 = APPLICATION_PROTOCOL_DEFINITION('international standard',
  'automotive_design',2000,#2);
#2 = APPLICATION_CONTEXT(
  'core data for automotive mechanical design processes');
#3 = SHAPE_DEFINITION_REPRESENTATION(#4,#10);
#4 = PRODUCT_DEFINITION_SHAPE('','',#5);
#5 = PRODUCT_DEFINITION('design','',#6,#9);
#6 = PRODUCT_DEFINITION_FORMATION('','',#7);
#7 = PRODUCT('Open CASCADE STEP translator 7.8 3',
  'Open CASCADE STEP translator 7.8 3','',(#8));
#8 = PRODUCT_CONTEXT('',#2,'mechanical');
#9 = PRODUCT_DEFINITION_CONTEXT('part definition',#2,'design');
#10 = SHAPE_REPRESENTATION('',(#11,#15,#1013,#1163,#1313,#1463,#1613,
    #1763,#1913,#2063,#2213,#2363,#2513,#2663,#2813,#2963,#3113,#3263,
    #3413,#3563,#3713,#3863,#4013,#4163,#4313,#4463,#4613,#4763,#4913,
    #5063,#5213,#5363,#5513,#5663,#5813,#5963,#6113,#6263,#6413,#6563,
    #6713,#6863,#7013,#7163,#7313,#7463,#7613,#7763,#7913),#8063);
#11 = AXIS2_PLACEMENT_3D('',#12,#13,#14);
#12 = CARTESIAN_POINT('',(0.,0.,0.));
#13 = DIRECTION('',(0.,0.,1.));
#14 = DIRECTION('',(1.,0.,-0.));
#15 = MANIFOLD_SOLID_BREP('',#16);
#16 = CLOSED_SHELL('',(#17,#57,#88,#119,#150,#181,#212,#243,#265,#307,
    #338,#371,#393,#426,#468,#499,#532,#554,#596,#627,#660,#682,#715,
    #757,#788,#821,#843,#876,#909,#961));
#17 = ADVANCED_FACE('',(#18),#52,.T.);
#18 = FACE_BOUND('',#19,.T.);
#19 = EDGE_LOOP('',(#20,#30,#38,#46));
#20 = ORIENTED_EDGE('',*,*,#21,.T.);
#21 = EDGE_CURVE('',#22,#24,#26,.T.);
#22 = VERTEX_POINT('',#23);
#23 = CARTESIAN_POINT('',(25.,27.5,0.));
#24 = VERTEX_POINT('',#25);
#25 = CARTESIAN_POINT('',(25.,27.5,1.));
#26 = LINE('',#27,#28);
#27 = CARTESIAN_POINT('',(25.,27.5,0.));
#28 = VECTOR('',#29,1.);
#29 = DIRECTION('',(0.,0.,1.));
#30 = ORIENTED_EDGE('',*,*,#31,.T.);
#31 = EDGE_CURVE('',#24,#32,#34,.T.);
#32 = VERTEX_POINT('',#33);
#33 = CARTESIAN_POINT('',(24.45,27.5,1.));
#34 = LINE('',#35,#36);
#35 = CARTESIAN_POINT('',(25.,27.5,1.));
#36 = VECTOR('',#37,1.);
#37 = DIRECTION('',(-1.,0.,0.));
#38 = ORIENTED_EDGE('',*,*,#39,.F.);
#39 = EDGE_CURVE('',#40,#32,#42,.T.);
#40 = VERTEX_POINT('',#41);
#41 = CARTESIAN_POINT('',(24.45,27.5,0.));
#42 = LINE('',#43,#44);
#43 = CARTESIAN_POINT('',(24.45,27.5,0.));
#44 = VECTOR('',#45,1.);
#45 = DIRECTION('',(0.,0.,1.));
#46 = ORIENTED_EDGE('',*,*,#47,.F.);
#47 = EDGE_CURVE('',#22,#40,#48,.T.);
#48 = LINE('',#49,#50);
#49 = CARTESIAN_POINT('',(25.,27.5,0.));
#50 = VECTOR('',#51,1.);
#51 = DIRECTION('',(-1.,0.,0.));
#52 = PLANE('',#53);
#53 = AXIS2_PLACEMENT_3D('',#54,#55,#56);
#54 = CARTESIAN_POINT('',(25.,27.5,0.));
#55 = DIRECTION('',(0.,-1.,0.));
#56 = DIRECTION('',(-1.,0.,0.));
#57 = ADVANCED_FACE('',(#58),#83,.T.);
#58 = FACE_BOUND('',#59,.T.);
#59 = EDGE_LOOP('',(#60,#70,#76,#77));
#60 = ORIENTED_EDGE('',*,*,#61,.T.);
#61 = EDGE_CURVE('',#62,#64,#66,.T.);
#62 = VERTEX_POINT('',#63);
#63 = CARTESIAN_POINT('',(25.,39.,0.));
#64 = VERTEX_POINT('',#65);
#65 = CARTESIAN_POINT('',(25.,39.,1.));
#66 = LINE('',#67,#68);
#67 = CARTESIAN_POINT('',(25.,39.,0.));
#68 = VECTOR('',#69,1.);
#69 = DIRECTION('',(0.,0.,1.));
#70 = ORIENTED_EDGE('',*,*,#71,.T.);
#71 = EDGE_CURVE('',#64,#24,#72,.T.);
#72 = LINE('',#73,#74);
#73 = CARTESIAN_POINT('',(25.,39.,1.));
#74 = VECTOR('',#75,1.);
#75 = DIRECTION('',(0.,-1.,0.));
#76 = ORIENTED_EDGE('',*,*,#21,.F.);
#77 = ORIENTED_EDGE('',*,*,#78,.F.);
#78 = EDGE_CURVE('',#62,#22,#79,.T.);
#79 = LINE('',#80,#81);
#80 = CARTESIAN_POINT('',(25.,39.,0.));
#81 = VECTOR('',#82,1.);
#82 = DIRECTION('',(0.,-1.,0.));
#83 = PLANE('',#84);
#84 = AXIS2_PLACEMENT_3D('',#85,#86,#87);
#85 = CARTESIAN_POINT('',(25.,39.,0.));
#86 = DIRECTION('',(1.,0.,0.));
#87 = DIRECTION('',(0.,-1.,0.));
#88 = ADVANCED_FACE('',(#89),#114,.T.);
#89 = FACE_BOUND('',#90,.T.);
#90 = EDGE_LOOP('',(#91,#101,#107,#108));
#91 = ORIENTED_EDGE('',*,*,#92,.T.);
#92 = EDGE_CURVE('',#93,#95,#97,.T.);
#93 = VERTEX_POINT('',#94);
#94 = CARTESIAN_POINT('',(0.,39.,0.));
#95 = VERTEX_POINT('',#96);
#96 = CARTESIAN_POINT('',(0.,39.,1.));
#97 = LINE('',#98,#99);
#98 = CARTESIAN_POINT('',(0.,39.,0.));
#99 = VECTOR('',#100,1.);
#100 = DIRECTION('',(0.,0.,1.));
#101 = ORIENTED_EDGE('',*,*,#102,.T.);
#102 = EDGE_CURVE('',#95,#64,#103,.T.);
#103 = LINE('',#104,#105);
#104 = CARTESIAN_POINT('',(0.,39.,1.));
#105 = VECTOR('',#106,1.);
#106 = DIRECTION('',(1.,0.,0.));
#107 = ORIENTED_EDGE('',*,*,#61,.F.);
#108 = ORIENTED_EDGE('',*,*,#109,.F.);
#109 = EDGE_CURVE('',#93,#62,#110,.T.);
#110 = LINE('',#111,#112);
#111 = CARTESIAN_POINT('',(0.,39.,0.));
#112 = VECTOR('',#113,1.);
#113 = DIRECTION('',(1.,0.,0.));
#114 = PLANE('',#115);
#115 = AXIS2_PLACEMENT_3D('',#116,#117,#118);
#116 = CARTESIAN_POINT('',(0.,39.,0.));
#117 = DIRECTION('',(0.,1.,0.));
#118 = DIRECTION('',(1.,0.,0.));
#119 = ADVANCED_FACE('',(#120),#145,.T.);
#120 = FACE_BOUND('',#121,.T.);
#121 = EDGE_LOOP('',(#122,#132,#138,#139));
#122 = ORIENTED_EDGE('',*,*,#123,.T.);
#123 = EDGE_CURVE('',#124,#126,#128,.T.);
#124 = VERTEX_POINT('',#125);
#125 = CARTESIAN_POINT('',(0.,9.,0.));
#126 = VERTEX_POINT('',#127);
#127 = CARTESIAN_POINT('',(0.,9.,1.));
#128 = LINE('',#129,#130);
#129 = CARTESIAN_POINT('',(0.,9.,0.));
#130 = VECTOR('',#131,1.);
#131 = DIRECTION('',(0.,0.,1.));
#132 = ORIENTED_EDGE('',*,*,#133,.T.);
#133 = EDGE_CURVE('',#126,#95,#134,.T.);
#134 = LINE('',#135,#136);
#135 = CARTESIAN_POINT('',(0.,9.,1.));
#136 = VECTOR('',#137,1.);
#137 = DIRECTION('',(0.,1.,0.));
#138 = ORIENTED_EDGE('',*,*,#92,.F.);
#139 = ORIENTED_EDGE('',*,*,#140,.F.);
#140 = EDGE_CURVE('',#124,#93,#141,.T.);
#141 = LINE('',#142,#143);
#142 = CARTESIAN_POINT('',(0.,9.,0.));
#143 = VECTOR('',#144,1.);
#144 = DIRECTION('',(0.,1.,0.));
#145 = PLANE('',#146);
#146 = AXIS2_PLACEMENT_3D('',#147,#148,#149);
#147 = CARTESIAN_POINT('',(0.,9.,0.));
#148 = DIRECTION('',(-1.,0.,0.));
#149 = DIRECTION('',(0.,1.,0.));
#150 = ADVANCED_FACE('',(#151),#176,.T.);
#151 = FACE_BOUND('',#152,.T.);
#152 = EDGE_LOOP('',(#153,#163,#169,#170));
#153 = ORIENTED_EDGE('',*,*,#154,.T.);
#154 = EDGE_CURVE('',#155,#157,#159,.T.);
#155 = VERTEX_POINT('',#156);
#156 = CARTESIAN_POINT('',(25.,9.,0.));
#157 = VERTEX_POINT('',#158);
#158 = CARTESIAN_POINT('',(25.,9.,1.));
#159 = LINE('',#160,#161);
#160 = CARTESIAN_POINT('',(25.,9.,0.));
#161 = VECTOR('',#162,1.);
#162 = DIRECTION('',(0.,0.,1.));
#163 = ORIENTED_EDGE('',*,*,#164,.T.);
#164 = EDGE_CURVE('',#157,#126,#165,.T.);
#165 = LINE('',#166,#167);
#166 = CARTESIAN_POINT('',(25.,9.,1.));
#167 = VECTOR('',#168,1.);
#168 = DIRECTION('',(-1.,0.,0.));
#169 = ORIENTED_EDGE('',*,*,#123,.F.);
#170 = ORIENTED_EDGE('',*,*,#171,.F.);
#171 = EDGE_CURVE('',#155,#124,#172,.T.);
#172 = LINE('',#173,#174);
#173 = CARTESIAN_POINT('',(25.,9.,0.));
#174 = VECTOR('',#175,1.);
#175 = DIRECTION('',(-1.,0.,0.));
#176 = PLANE('',#177);
#177 = AXIS2_PLACEMENT_3D('',#178,#179,#180);
#178 = CARTESIAN_POINT('',(25.,9.,0.));
#179 = DIRECTION('',(0.,-1.,0.));
#180 = DIRECTION('',(-1.,0.,0.));
#181 = ADVANCED_FACE('',(#182),#207,.T.);
#182 = FACE_BOUND('',#183,.T.);
#183 = EDGE_LOOP('',(#184,#194,#200,#201));
#184 = ORIENTED_EDGE('',*,*,#185,.T.);
#185 = EDGE_CURVE('',#186,#188,#190,.T.);
#186 = VERTEX_POINT('',#187);
#187 = CARTESIAN_POINT('',(25.,16.9,0.));
#188 = VERTEX_POINT('',#189);
#189 = CARTESIAN_POINT('',(25.,16.9,1.));
#190 = LINE('',#191,#192);
#191 = CARTESIAN_POINT('',(25.,16.9,0.));
#192 = VECTOR('',#193,1.);
#193 = DIRECTION('',(0.,0.,1.));
#194 = ORIENTED_EDGE('',*,*,#195,.T.);
#195 = EDGE_CURVE('',#188,#157,#196,.T.);
#196 = LINE('',#197,#198);
#197 = CARTESIAN_POINT('',(25.,16.9,1.));
#198 = VECTOR('',#199,1.);
#199 = DIRECTION('',(0.,-1.,0.));
#200 = ORIENTED_EDGE('',*,*,#154,.F.);
#201 = ORIENTED_EDGE('',*,*,#202,.F.);
#202 = EDGE_CURVE('',#186,#155,#203,.T.);
#203 = LINE('',#204,#205);
#204 = CARTESIAN_POINT('',(25.,16.9,0.));
#205 = VECTOR('',#206,1.);
#206 = DIRECTION('',(0.,-1.,0.));
#207 = PLANE('',#208);
#208 = AXIS2_PLACEMENT_3D('',#209,#210,#211);
#209 = CARTESIAN_POINT('',(25.,16.9,0.));
#210 = DIRECTION('',(1.,0.,0.));
#211 = DIRECTION('',(0.,-1.,0.));
#212 = ADVANCED_FACE('',(#213),#238,.T.);
#213 = FACE_BOUND('',#214,.T.);
#214 = EDGE_LOOP('',(#215,#225,#231,#232));
#215 = ORIENTED_EDGE('',*,*,#216,.T.);
#216 = EDGE_CURVE('',#217,#219,#221,.T.);
#217 = VERTEX_POINT('',#218);
#218 = CARTESIAN_POINT('',(24.45,16.9,0.));
#219 = VERTEX_POINT('',#220);
#220 = CARTESIAN_POINT('',(24.45,16.9,1.));
#221 = LINE('',#222,#223);
#222 = CARTESIAN_POINT('',(24.45,16.9,0.));
#223 = VECTOR('',#224,1.);
#224 = DIRECTION('',(0.,0.,1.));
#225 = ORIENTED_EDGE('',*,*,#226,.T.);
#226 = EDGE_CURVE('',#219,#188,#227,.T.);
#227 = LINE('',#228,#229);
#228 = CARTESIAN_POINT('',(24.45,16.9,1.));
#229 = VECTOR('',#230,1.);
#230 = DIRECTION('',(1.,0.,0.));
#231 = ORIENTED_EDGE('',*,*,#185,.F.);
#232 = ORIENTED_EDGE('',*,*,#233,.F.);
#233 = EDGE_CURVE('',#217,#186,#234,.T.);
#234 = LINE('',#235,#236);
#235 = CARTESIAN_POINT('',(24.45,16.9,0.));
#236 = VECTOR('',#237,1.);
#237 = DIRECTION('',(1.,0.,0.));
#238 = PLANE('',#239);
#239 = AXIS2_PLACEMENT_3D('',#240,#241,#242);
#240 = CARTESIAN_POINT('',(24.45,16.9,0.));
#241 = DIRECTION('',(0.,1.,0.));
#242 = DIRECTION('',(1.,0.,0.));
#243 = ADVANCED_FACE('',(#244),#260,.T.);
#244 = FACE_BOUND('',#245,.T.);
#245 = EDGE_LOOP('',(#246,#247,#253,#254));
#246 = ORIENTED_EDGE('',*,*,#39,.T.);
#247 = ORIENTED_EDGE('',*,*,#248,.T.);
#248 = EDGE_CURVE('',#32,#219,#249,.T.);
#249 = LINE('',#250,#251);
#250 = CARTESIAN_POINT('',(24.45,27.5,1.));
#251 = VECTOR('',#252,1.);
#252 = DIRECTION('',(0.,-1.,0.));
#253 = ORIENTED_EDGE('',*,*,#216,.F.);
#254 = ORIENTED_EDGE('',*,*,#255,.F.);
#255 = EDGE_CURVE('',#40,#217,#256,.T.);
#256 = LINE('',#257,#258);
#257 = CARTESIAN_POINT('',(24.45,27.5,0.));
#258 = VECTOR('',#259,1.);
#259 = DIRECTION('',(0.,-1.,0.));
#260 = PLANE('',#261);
#261 = AXIS2_PLACEMENT_3D('',#262,#263,#264);
#262 = CARTESIAN_POINT('',(24.45,27.5,0.));
#263 = DIRECTION('',(1.,0.,0.));
#264 = DIRECTION('',(0.,-1.,0.));
#265 = ADVANCED_FACE('',(#266),#302,.F.);
#266 = FACE_BOUND('',#267,.F.);
#267 = EDGE_LOOP('',(#268,#278,#287,#295));
#268 = ORIENTED_EDGE('',*,*,#269,.T.);
#269 = EDGE_CURVE('',#270,#272,#274,.T.);
#270 = VERTEX_POINT('',#271);
#271 = CARTESIAN_POINT('',(18.52,18.18,0.));
#272 = VERTEX_POINT('',#273);
#273 = CARTESIAN_POINT('',(18.52,18.18,1.));
#274 = LINE('',#275,#276);
#275 = CARTESIAN_POINT('',(18.52,18.18,0.));
#276 = VECTOR('',#277,1.);
#277 = DIRECTION('',(0.,0.,1.));
#278 = ORIENTED_EDGE('',*,*,#279,.T.);
#279 = EDGE_CURVE('',#272,#280,#282,.T.);
#280 = VERTEX_POINT('',#281);
#281 = CARTESIAN_POINT('',(18.52,17.58,1.));
#282 = CIRCLE('',#283,0.3);
#283 = AXIS2_PLACEMENT_3D('',#284,#285,#286);
#284 = CARTESIAN_POINT('',(18.52,17.88,1.));
#285 = DIRECTION('',(-0.,0.,-1.));
#286 = DIRECTION('',(-1.184237892933E-14,-1.,0.));
#287 = ORIENTED_EDGE('',*,*,#288,.F.);
#288 = EDGE_CURVE('',#289,#280,#291,.T.);
#289 = VERTEX_POINT('',#290);
#290 = CARTESIAN_POINT('',(18.52,17.58,0.));
#291 = LINE('',#292,#293);
#292 = CARTESIAN_POINT('',(18.52,17.58,0.));
#293 = VECTOR('',#294,1.);
#294 = DIRECTION('',(0.,0.,1.));
#295 = ORIENTED_EDGE('',*,*,#296,.F.);
#296 = EDGE_CURVE('',#270,#289,#297,.T.);
#297 = CIRCLE('',#298,0.3);
#298 = AXIS2_PLACEMENT_3D('',#299,#300,#301);
#299 = CARTESIAN_POINT('',(18.52,17.88,0.));
#300 = DIRECTION('',(-0.,0.,-1.));
#301 = DIRECTION('',(-1.184237892933E-14,-1.,0.));
#302 = CYLINDRICAL_SURFACE('',#303,0.3);
#303 = AXIS2_PLACEMENT_3D('',#304,#305,#306);
#304 = CARTESIAN_POINT('',(18.52,17.88,0.));
#305 = DIRECTION('',(0.,0.,-1.));
#306 = DIRECTION('',(-1.184237892933E-14,-1.,0.));
#307 = ADVANCED_FACE('',(#308),#333,.F.);
#308 = FACE_BOUND('',#309,.F.);
#309 = EDGE_LOOP('',(#310,#311,#319,#327));
#310 = ORIENTED_EDGE('',*,*,#288,.T.);
#311 = ORIENTED_EDGE('',*,*,#312,.T.);
#312 = EDGE_CURVE('',#280,#313,#315,.T.);
#313 = VERTEX_POINT('',#314);
#314 = CARTESIAN_POINT('',(17.42,17.58,1.));
#315 = LINE('',#316,#317);
#316 = CARTESIAN_POINT('',(8.71,17.58,1.));
#317 = VECTOR('',#318,1.);
#318 = DIRECTION('',(-1.,0.,0.));
#319 = ORIENTED_EDGE('',*,*,#320,.F.);
#320 = EDGE_CURVE('',#321,#313,#323,.T.);
#321 = VERTEX_POINT('',#322);
#322 = CARTESIAN_POINT('',(17.42,17.58,0.));
#323 = LINE('',#324,#325);
#324 = CARTESIAN_POINT('',(17.42,17.58,0.));
#325 = VECTOR('',#326,1.);
#326 = DIRECTION('',(0.,0.,1.));
#327 = ORIENTED_EDGE('',*,*,#328,.F.);
#328 = EDGE_CURVE('',#289,#321,#329,.T.);
#329 = LINE('',#330,#331);
#330 = CARTESIAN_POINT('',(8.71,17.58,0.));
#331 = VECTOR('',#332,1.);
#332 = DIRECTION('',(-1.,0.,0.));
#333 = PLANE('',#334);
#334 = AXIS2_PLACEMENT_3D('',#335,#336,#337);
#335 = CARTESIAN_POINT('',(18.52,17.58,0.));
#336 = DIRECTION('',(0.,-1.,0.));
#337 = DIRECTION('',(-1.,0.,0.));
#338 = ADVANCED_FACE('',(#339),#366,.F.);
#339 = FACE_BOUND('',#340,.F.);
#340 = EDGE_LOOP('',(#341,#342,#351,#359));
#341 = ORIENTED_EDGE('',*,*,#320,.T.);
#342 = ORIENTED_EDGE('',*,*,#343,.T.);
#343 = EDGE_CURVE('',#313,#344,#346,.T.);
#344 = VERTEX_POINT('',#345);
#345 = CARTESIAN_POINT('',(17.42,18.18,1.));
#346 = CIRCLE('',#347,0.3);
#347 = AXIS2_PLACEMENT_3D('',#348,#349,#350);
#348 = CARTESIAN_POINT('',(17.42,17.88,1.));
#349 = DIRECTION('',(0.,0.,-1.));
#350 = DIRECTION('',(0.,1.,0.));
#351 = ORIENTED_EDGE('',*,*,#352,.F.);
#352 = EDGE_CURVE('',#353,#344,#355,.T.);
#353 = VERTEX_POINT('',#354);
#354 = CARTESIAN_POINT('',(17.42,18.18,0.));
#355 = LINE('',#356,#357);
#356 = CARTESIAN_POINT('',(17.42,18.18,0.));
#357 = VECTOR('',#358,1.);
#358 = DIRECTION('',(0.,0.,1.));
#359 = ORIENTED_EDGE('',*,*,#360,.F.);
#360 = EDGE_CURVE('',#321,#353,#361,.T.);
#361 = CIRCLE('',#362,0.3);
#362 = AXIS2_PLACEMENT_3D('',#363,#364,#365);
#363 = CARTESIAN_POINT('',(17.42,17.88,0.));
#364 = DIRECTION('',(0.,0.,-1.));
#365 = DIRECTION('',(0.,1.,0.));
#366 = CYLINDRICAL_SURFACE('',#367,0.3);
#367 = AXIS2_PLACEMENT_3D('',#368,#369,#370);
#368 = CARTESIAN_POINT('',(17.42,17.88,0.));
#369 = DIRECTION('',(0.,0.,-1.));
#370 = DIRECTION('',(0.,1.,0.));
#371 = ADVANCED_FACE('',(#372),#388,.F.);
#372 = FACE_BOUND('',#373,.F.);
#373 = EDGE_LOOP('',(#374,#375,#381,#382));
#374 = ORIENTED_EDGE('',*,*,#352,.T.);
#375 = ORIENTED_EDGE('',*,*,#376,.T.);
#376 = EDGE_CURVE('',#344,#272,#377,.T.);
#377 = LINE('',#378,#379);
#378 = CARTESIAN_POINT('',(9.26,18.18,1.));
#379 = VECTOR('',#380,1.);
#380 = DIRECTION('',(1.,0.,0.));
#381 = ORIENTED_EDGE('',*,*,#269,.F.);
#382 = ORIENTED_EDGE('',*,*,#383,.F.);
#383 = EDGE_CURVE('',#353,#270,#384,.T.);
#384 = LINE('',#385,#386);
#385 = CARTESIAN_POINT('',(9.26,18.18,0.));
#386 = VECTOR('',#387,1.);
#387 = DIRECTION('',(1.,0.,0.));
#388 = PLANE('',#389);
#389 = AXIS2_PLACEMENT_3D('',#390,#391,#392);
#390 = CARTESIAN_POINT('',(17.42,18.18,0.));
#391 = DIRECTION('',(0.,1.,0.));
#392 = DIRECTION('',(1.,0.,0.));
#393 = ADVANCED_FACE('',(#394),#421,.F.);
#394 = FACE_BOUND('',#395,.F.);
#395 = EDGE_LOOP('',(#396,#406,#413,#414));
#396 = ORIENTED_EDGE('',*,*,#397,.T.);
#397 = EDGE_CURVE('',#398,#400,#402,.T.);
#398 = VERTEX_POINT('',#399);
#399 = CARTESIAN_POINT('',(18.5,18.985,0.));
#400 = VERTEX_POINT('',#401);
#401 = CARTESIAN_POINT('',(18.5,18.985,1.));
#402 = LINE('',#403,#404);
#403 = CARTESIAN_POINT('',(18.5,18.985,0.));
#404 = VECTOR('',#405,1.);
#405 = DIRECTION('',(0.,0.,1.));
#406 = ORIENTED_EDGE('',*,*,#407,.T.);
#407 = EDGE_CURVE('',#400,#400,#408,.T.);
#408 = CIRCLE('',#409,0.325);
#409 = AXIS2_PLACEMENT_3D('',#410,#411,#412);
#410 = CARTESIAN_POINT('',(18.5,19.31,1.));
#411 = DIRECTION('',(-0.,-0.,-1.));
#412 = DIRECTION('',(0.,-1.,0.));
#413 = ORIENTED_EDGE('',*,*,#397,.F.);
#414 = ORIENTED_EDGE('',*,*,#415,.F.);
#415 = EDGE_CURVE('',#398,#398,#416,.T.);
#416 = CIRCLE('',#417,0.325);
#417 = AXIS2_PLACEMENT_3D('',#418,#419,#420);
#418 = CARTESIAN_POINT('',(18.5,19.31,0.));
#419 = DIRECTION('',(-0.,-0.,-1.));
#420 = DIRECTION('',(0.,-1.,0.));
#421 = CYLINDRICAL_SURFACE('',#422,0.325);
#422 = AXIS2_PLACEMENT_3D('',#423,#424,#425);
#423 = CARTESIAN_POINT('',(18.5,19.31,0.));
#424 = DIRECTION('',(-0.,-0.,-1.));
#425 = DIRECTION('',(0.,-1.,0.));
#426 = ADVANCED_FACE('',(#427),#463,.F.);
#427 = FACE_BOUND('',#428,.F.);
#428 = EDGE_LOOP('',(#429,#439,#448,#456));
#429 = ORIENTED_EDGE('',*,*,#430,.T.);
#430 = EDGE_CURVE('',#431,#433,#435,.T.);
#431 = VERTEX_POINT('',#432);
#432 = CARTESIAN_POINT('',(22.45,18.18,0.));
#433 = VERTEX_POINT('',#434);
#434 = CARTESIAN_POINT('',(22.45,18.18,1.));
#435 = LINE('',#436,#437);
#436 = CARTESIAN_POINT('',(22.45,18.18,0.));
#437 = VECTOR('',#438,1.);
#438 = DIRECTION('',(0.,0.,1.));
#439 = ORIENTED_EDGE('',*,*,#440,.T.);
#440 = EDGE_CURVE('',#433,#441,#443,.T.);
#441 = VERTEX_POINT('',#442);
#442 = CARTESIAN_POINT('',(22.45,17.58,1.));
#443 = CIRCLE('',#444,0.3);
#444 = AXIS2_PLACEMENT_3D('',#445,#446,#447);
#445 = CARTESIAN_POINT('',(22.45,17.88,1.));
#446 = DIRECTION('',(-0.,0.,-1.));
#447 = DIRECTION('',(-1.184237892933E-14,-1.,0.));
#448 = ORIENTED_EDGE('',*,*,#449,.F.);
#449 = EDGE_CURVE('',#450,#441,#452,.T.);
#450 = VERTEX_POINT('',#451);
#451 = CARTESIAN_POINT('',(22.45,17.58,0.));
#452 = LINE('',#453,#454);
#453 = CARTESIAN_POINT('',(22.45,17.58,0.));
#454 = VECTOR('',#455,1.);
#455 = DIRECTION('',(0.,0.,1.));
#456 = ORIENTED_EDGE('',*,*,#457,.F.);
#457 = EDGE_CURVE('',#431,#450,#458,.T.);
#458 = CIRCLE('',#459,0.3);
#459 = AXIS2_PLACEMENT_3D('',#460,#461,#462);
#460 = CARTESIAN_POINT('',(22.45,17.88,0.));
#461 = DIRECTION('',(-0.,0.,-1.));
#462 = DIRECTION('',(-1.184237892933E-14,-1.,0.));
#463 = CYLINDRICAL_SURFACE('',#464,0.3);
#464 = AXIS2_PLACEMENT_3D('',#465,#466,#467);
#465 = CARTESIAN_POINT('',(22.45,17.88,0.));
#466 = DIRECTION('',(0.,0.,-1.));
#467 = DIRECTION('',(-1.184237892933E-14,-1.,0.));
#468 = ADVANCED_FACE('',(#469),#494,.F.);
#469 = FACE_BOUND('',#470,.F.);
#470 = EDGE_LOOP('',(#471,#472,#480,#488));
#471 = ORIENTED_EDGE('',*,*,#449,.T.);
#472 = ORIENTED_EDGE('',*,*,#473,.T.);
#473 = EDGE_CURVE('',#441,#474,#476,.T.);
#474 = VERTEX_POINT('',#475);
#475 = CARTESIAN_POINT('',(21.85,17.58,1.));
#476 = LINE('',#477,#478);
#477 = CARTESIAN_POINT('',(10.925,17.58,1.));
#478 = VECTOR('',#479,1.);
#479 = DIRECTION('',(-1.,0.,0.));
#480 = ORIENTED_EDGE('',*,*,#481,.F.);
#481 = EDGE_CURVE('',#482,#474,#484,.T.);
#482 = VERTEX_POINT('',#483);
#483 = CARTESIAN_POINT('',(21.85,17.58,0.));
#484 = LINE('',#485,#486);
#485 = CARTESIAN_POINT('',(21.85,17.58,0.));
#486 = VECTOR('',#487,1.);
#487 = DIRECTION('',(0.,0.,1.));
#488 = ORIENTED_EDGE('',*,*,#489,.F.);
#489 = EDGE_CURVE('',#450,#482,#490,.T.);
#490 = LINE('',#491,#492);
#491 = CARTESIAN_POINT('',(10.925,17.58,0.));
#492 = VECTOR('',#493,1.);
#493 = DIRECTION('',(-1.,0.,0.));
#494 = PLANE('',#495);
#495 = AXIS2_PLACEMENT_3D('',#496,#497,#498);
#496 = CARTESIAN_POINT('',(22.45,17.58,0.));
#497 = DIRECTION('',(0.,-1.,0.));
#498 = DIRECTION('',(-1.,0.,0.));
#499 = ADVANCED_FACE('',(#500),#527,.F.);
#500 = FACE_BOUND('',#501,.F.);
#501 = EDGE_LOOP('',(#502,#503,#512,#520));
#502 = ORIENTED_EDGE('',*,*,#481,.T.);
#503 = ORIENTED_EDGE('',*,*,#504,.T.);
#504 = EDGE_CURVE('',#474,#505,#507,.T.);
#505 = VERTEX_POINT('',#506);
#506 = CARTESIAN_POINT('',(21.85,18.18,1.));
#507 = CIRCLE('',#508,0.3);
#508 = AXIS2_PLACEMENT_3D('',#509,#510,#511);
#509 = CARTESIAN_POINT('',(21.85,17.88,1.));
#510 = DIRECTION('',(0.,0.,-1.));
#511 = DIRECTION('',(0.,1.,0.));
#512 = ORIENTED_EDGE('',*,*,#513,.F.);
#513 = EDGE_CURVE('',#514,#505,#516,.T.);
#514 = VERTEX_POINT('',#515);
#515 = CARTESIAN_POINT('',(21.85,18.18,0.));
#516 = LINE('',#517,#518);
#517 = CARTESIAN_POINT('',(21.85,18.18,0.));
#518 = VECTOR('',#519,1.);
#519 = DIRECTION('',(0.,0.,1.));
#520 = ORIENTED_EDGE('',*,*,#521,.F.);
#521 = EDGE_CURVE('',#482,#514,#522,.T.);
#522 = CIRCLE('',#523,0.3);
#523 = AXIS2_PLACEMENT_3D('',#524,#525,#526);
#524 = CARTESIAN_POINT('',(21.85,17.88,0.));
#525 = DIRECTION('',(0.,0.,-1.));
#526 = DIRECTION('',(0.,1.,0.));
#527 = CYLINDRICAL_SURFACE('',#528,0.3);
#528 = AXIS2_PLACEMENT_3D('',#529,#530,#531);
#529 = CARTESIAN_POINT('',(21.85,17.88,0.));
#530 = DIRECTION('',(0.,0.,-1.));
#531 = DIRECTION('',(0.,1.,0.));
#532 = ADVANCED_FACE('',(#533),#549,.F.);
#533 = FACE_BOUND('',#534,.F.);
#534 = EDGE_LOOP('',(#535,#536,#542,#543));
#535 = ORIENTED_EDGE('',*,*,#513,.T.);
#536 = ORIENTED_EDGE('',*,*,#537,.T.);
#537 = EDGE_CURVE('',#505,#433,#538,.T.);
#538 = LINE('',#539,#540);
#539 = CARTESIAN_POINT('',(11.225,18.18,1.));
#540 = VECTOR('',#541,1.);
#541 = DIRECTION('',(1.,0.,0.));
#542 = ORIENTED_EDGE('',*,*,#430,.F.);
#543 = ORIENTED_EDGE('',*,*,#544,.F.);
#544 = EDGE_CURVE('',#514,#431,#545,.T.);
#545 = LINE('',#546,#547);
#546 = CARTESIAN_POINT('',(11.225,18.18,0.));
#547 = VECTOR('',#548,1.);
#548 = DIRECTION('',(1.,0.,0.));
#549 = PLANE('',#550);
#550 = AXIS2_PLACEMENT_3D('',#551,#552,#553);
#551 = CARTESIAN_POINT('',(21.85,18.18,0.));
#552 = DIRECTION('',(0.,1.,0.));
#553 = DIRECTION('',(1.,0.,0.));
#554 = ADVANCED_FACE('',(#555),#591,.F.);
#555 = FACE_BOUND('',#556,.F.);
#556 = EDGE_LOOP('',(#557,#567,#576,#584));
#557 = ORIENTED_EDGE('',*,*,#558,.T.);
#558 = EDGE_CURVE('',#559,#561,#563,.T.);
#559 = VERTEX_POINT('',#560);
#560 = CARTESIAN_POINT('',(18.52,26.82,0.));
#561 = VERTEX_POINT('',#562);
#562 = CARTESIAN_POINT('',(18.52,26.82,1.));
#563 = LINE('',#564,#565);
#564 = CARTESIAN_POINT('',(18.52,26.82,0.));
#565 = VECTOR('',#566,1.);
#566 = DIRECTION('',(0.,0.,1.));
#567 = ORIENTED_EDGE('',*,*,#568,.T.);
#568 = EDGE_CURVE('',#561,#569,#571,.T.);
#569 = VERTEX_POINT('',#570);
#570 = CARTESIAN_POINT('',(18.52,26.22,1.));
#571 = CIRCLE('',#572,0.3);
#572 = AXIS2_PLACEMENT_3D('',#573,#574,#575);
#573 = CARTESIAN_POINT('',(18.52,26.52,1.));
#574 = DIRECTION('',(-0.,-0.,-1.));
#575 = DIRECTION('',(0.,-1.,0.));
#576 = ORIENTED_EDGE('',*,*,#577,.F.);
#577 = EDGE_CURVE('',#578,#569,#580,.T.);
#578 = VERTEX_POINT('',#579);
#579 = CARTESIAN_POINT('',(18.52,26.22,0.));
#580 = LINE('',#581,#582);
#581 = CARTESIAN_POINT('',(18.52,26.22,0.));
#582 = VECTOR('',#583,1.);
#583 = DIRECTION('',(0.,0.,1.));
#584 = ORIENTED_EDGE('',*,*,#585,.F.);
#585 = EDGE_CURVE('',#559,#578,#586,.T.);
#586 = CIRCLE('',#587,0.3);
#587 = AXIS2_PLACEMENT_3D('',#588,#589,#590);
#588 = CARTESIAN_POINT('',(18.52,26.52,0.));
#589 = DIRECTION('',(-0.,-0.,-1.));
#590 = DIRECTION('',(0.,-1.,0.));
#591 = CYLINDRICAL_SURFACE('',#592,0.3);
#592 = AXIS2_PLACEMENT_3D('',#593,#594,#595);
#593 = CARTESIAN_POINT('',(18.52,26.52,0.));
#594 = DIRECTION('',(-0.,-0.,-1.));
#595 = DIRECTION('',(0.,-1.,0.));
#596 = ADVANCED_FACE('',(#597),#622,.F.);
#597 = FACE_BOUND('',#598,.F.);
#598 = EDGE_LOOP('',(#599,#600,#608,#616));
#599 = ORIENTED_EDGE('',*,*,#577,.T.);
#600 = ORIENTED_EDGE('',*,*,#601,.T.);
#601 = EDGE_CURVE('',#569,#602,#604,.T.);
#602 = VERTEX_POINT('',#603);
#603 = CARTESIAN_POINT('',(17.42,26.22,1.));
#604 = LINE('',#605,#606);
#605 = CARTESIAN_POINT('',(8.71,26.22,1.));
#606 = VECTOR('',#607,1.);
#607 = DIRECTION('',(-1.,0.,0.));
#608 = ORIENTED_EDGE('',*,*,#609,.F.);
#609 = EDGE_CURVE('',#610,#602,#612,.T.);
#610 = VERTEX_POINT('',#611);
#611 = CARTESIAN_POINT('',(17.42,26.22,0.));
#612 = LINE('',#613,#614);
#613 = CARTESIAN_POINT('',(17.42,26.22,0.));
#614 = VECTOR('',#615,1.);
#615 = DIRECTION('',(0.,0.,1.));
#616 = ORIENTED_EDGE('',*,*,#617,.F.);
#617 = EDGE_CURVE('',#578,#610,#618,.T.);
#618 = LINE('',#619,#620);
#619 = CARTESIAN_POINT('',(8.71,26.22,0.));
#620 = VECTOR('',#621,1.);
#621 = DIRECTION('',(-1.,0.,0.));
#622 = PLANE('',#623);
#623 = AXIS2_PLACEMENT_3D('',#624,#625,#626);
#624 = CARTESIAN_POINT('',(18.52,26.22,0.));
#625 = DIRECTION('',(0.,-1.,0.));
#626 = DIRECTION('',(-1.,0.,0.));
#627 = ADVANCED_FACE('',(#628),#655,.F.);
#628 = FACE_BOUND('',#629,.F.);
#629 = EDGE_LOOP('',(#630,#631,#640,#648));
#630 = ORIENTED_EDGE('',*,*,#609,.T.);
#631 = ORIENTED_EDGE('',*,*,#632,.T.);
#632 = EDGE_CURVE('',#602,#633,#635,.T.);
#633 = VERTEX_POINT('',#634);
#634 = CARTESIAN_POINT('',(17.42,26.82,1.));
#635 = CIRCLE('',#636,0.3);
#636 = AXIS2_PLACEMENT_3D('',#637,#638,#639);
#637 = CARTESIAN_POINT('',(17.42,26.52,1.));
#638 = DIRECTION('',(0.,0.,-1.));
#639 = DIRECTION('',(-1.184237892933E-14,1.,0.));
#640 = ORIENTED_EDGE('',*,*,#641,.F.);
#641 = EDGE_CURVE('',#642,#633,#644,.T.);
#642 = VERTEX_POINT('',#643);
#643 = CARTESIAN_POINT('',(17.42,26.82,0.));
#644 = LINE('',#645,#646);
#645 = CARTESIAN_POINT('',(17.42,26.82,0.));
#646 = VECTOR('',#647,1.);
#647 = DIRECTION('',(0.,0.,1.));
#648 = ORIENTED_EDGE('',*,*,#649,.F.);
#649 = EDGE_CURVE('',#610,#642,#650,.T.);
#650 = CIRCLE('',#651,0.3);
#651 = AXIS2_PLACEMENT_3D('',#652,#653,#654);
#652 = CARTESIAN_POINT('',(17.42,26.52,0.));
#653 = DIRECTION('',(0.,0.,-1.));
#654 = DIRECTION('',(-1.184237892933E-14,1.,0.));
#655 = CYLINDRICAL_SURFACE('',#656,0.3);
#656 = AXIS2_PLACEMENT_3D('',#657,#658,#659);
#657 = CARTESIAN_POINT('',(17.42,26.52,0.));
#658 = DIRECTION('',(0.,0.,-1.));
#659 = DIRECTION('',(-1.184237892933E-14,1.,0.));
#660 = ADVANCED_FACE('',(#661),#677,.F.);
#661 = FACE_BOUND('',#662,.F.);
#662 = EDGE_LOOP('',(#663,#664,#670,#671));
#663 = ORIENTED_EDGE('',*,*,#641,.T.);
#664 = ORIENTED_EDGE('',*,*,#665,.T.);
#665 = EDGE_CURVE('',#633,#561,#666,.T.);
#666 = LINE('',#667,#668);
#667 = CARTESIAN_POINT('',(9.26,26.82,1.));
#668 = VECTOR('',#669,1.);
#669 = DIRECTION('',(1.,0.,0.));
#670 = ORIENTED_EDGE('',*,*,#558,.F.);
#671 = ORIENTED_EDGE('',*,*,#672,.F.);
#672 = EDGE_CURVE('',#642,#559,#673,.T.);
#673 = LINE('',#674,#675);
#674 = CARTESIAN_POINT('',(9.26,26.82,0.));
#675 = VECTOR('',#676,1.);
#676 = DIRECTION('',(1.,0.,0.));
#677 = PLANE('',#678);
#678 = AXIS2_PLACEMENT_3D('',#679,#680,#681);
#679 = CARTESIAN_POINT('',(17.42,26.82,0.));
#680 = DIRECTION('',(0.,1.,0.));
#681 = DIRECTION('',(1.,0.,0.));
#682 = ADVANCED_FACE('',(#683),#710,.F.);
#683 = FACE_BOUND('',#684,.F.);
#684 = EDGE_LOOP('',(#685,#695,#702,#703));
#685 = ORIENTED_EDGE('',*,*,#686,.T.);
#686 = EDGE_CURVE('',#687,#689,#691,.T.);
#687 = VERTEX_POINT('',#688);
#688 = CARTESIAN_POINT('',(18.5,24.765,0.));
#689 = VERTEX_POINT('',#690);
#690 = CARTESIAN_POINT('',(18.5,24.765,1.));
#691 = LINE('',#692,#693);
#692 = CARTESIAN_POINT('',(18.5,24.765,0.));
#693 = VECTOR('',#694,1.);
#694 = DIRECTION('',(0.,0.,1.));
#695 = ORIENTED_EDGE('',*,*,#696,.T.);
#696 = EDGE_CURVE('',#689,#689,#697,.T.);
#697 = CIRCLE('',#698,0.325);
#698 = AXIS2_PLACEMENT_3D('',#699,#700,#701);
#699 = CARTESIAN_POINT('',(18.5,25.09,1.));
#700 = DIRECTION('',(-0.,-0.,-1.));
#701 = DIRECTION('',(0.,-1.,0.));
#702 = ORIENTED_EDGE('',*,*,#686,.F.);
#703 = ORIENTED_EDGE('',*,*,#704,.F.);
#704 = EDGE_CURVE('',#687,#687,#705,.T.);
#705 = CIRCLE('',#706,0.325);
#706 = AXIS2_PLACEMENT_3D('',#707,#708,#709);
#707 = CARTESIAN_POINT('',(18.5,25.09,0.));
#708 = DIRECTION('',(-0.,-0.,-1.));
#709 = DIRECTION('',(0.,-1.,0.));
#710 = CYLINDRICAL_SURFACE('',#711,0.325);
#711 = AXIS2_PLACEMENT_3D('',#712,#713,#714);
#712 = CARTESIAN_POINT('',(18.5,25.09,0.));
#713 = DIRECTION('',(-0.,-0.,-1.));
#714 = DIRECTION('',(0.,-1.,0.));
#715 = ADVANCED_FACE('',(#716),#752,.F.);
#716 = FACE_BOUND('',#717,.F.);
#717 = EDGE_LOOP('',(#718,#728,#737,#745));
#718 = ORIENTED_EDGE('',*,*,#719,.T.);
#719 = EDGE_CURVE('',#720,#722,#724,.T.);
#720 = VERTEX_POINT('',#721);
#721 = CARTESIAN_POINT('',(22.45,26.82,0.));
#722 = VERTEX_POINT('',#723);
#723 = CARTESIAN_POINT('',(22.45,26.82,1.));
#724 = LINE('',#725,#726);
#725 = CARTESIAN_POINT('',(22.45,26.82,0.));
#726 = VECTOR('',#727,1.);
#727 = DIRECTION('',(0.,0.,1.));
#728 = ORIENTED_EDGE('',*,*,#729,.T.);
#729 = EDGE_CURVE('',#722,#730,#732,.T.);
#730 = VERTEX_POINT('',#731);
#731 = CARTESIAN_POINT('',(22.45,26.22,1.));
#732 = CIRCLE('',#733,0.3);
#733 = AXIS2_PLACEMENT_3D('',#734,#735,#736);
#734 = CARTESIAN_POINT('',(22.45,26.52,1.));
#735 = DIRECTION('',(-0.,-0.,-1.));
#736 = DIRECTION('',(0.,-1.,0.));
#737 = ORIENTED_EDGE('',*,*,#738,.F.);
#738 = EDGE_CURVE('',#739,#730,#741,.T.);
#739 = VERTEX_POINT('',#740);
#740 = CARTESIAN_POINT('',(22.45,26.22,0.));
#741 = LINE('',#742,#743);
#742 = CARTESIAN_POINT('',(22.45,26.22,0.));
#743 = VECTOR('',#744,1.);
#744 = DIRECTION('',(0.,0.,1.));
#745 = ORIENTED_EDGE('',*,*,#746,.F.);
#746 = EDGE_CURVE('',#720,#739,#747,.T.);
#747 = CIRCLE('',#748,0.3);
#748 = AXIS2_PLACEMENT_3D('',#749,#750,#751);
#749 = CARTESIAN_POINT('',(22.45,26.52,0.));
#750 = DIRECTION('',(-0.,-0.,-1.));
#751 = DIRECTION('',(0.,-1.,0.));
#752 = CYLINDRICAL_SURFACE('',#753,0.3);
#753 = AXIS2_PLACEMENT_3D('',#754,#755,#756);
#754 = CARTESIAN_POINT('',(22.45,26.52,0.));
#755 = DIRECTION('',(-0.,-0.,-1.));
#756 = DIRECTION('',(0.,-1.,0.));
#757 = ADVANCED_FACE('',(#758),#783,.F.);
#758 = FACE_BOUND('',#759,.F.);
#759 = EDGE_LOOP('',(#760,#761,#769,#777));
#760 = ORIENTED_EDGE('',*,*,#738,.T.);
#761 = ORIENTED_EDGE('',*,*,#762,.T.);
#762 = EDGE_CURVE('',#730,#763,#765,.T.);
#763 = VERTEX_POINT('',#764);
#764 = CARTESIAN_POINT('',(21.85,26.22,1.));
#765 = LINE('',#766,#767);
#766 = CARTESIAN_POINT('',(10.925,26.22,1.));
#767 = VECTOR('',#768,1.);
#768 = DIRECTION('',(-1.,0.,0.));
#769 = ORIENTED_EDGE('',*,*,#770,.F.);
#770 = EDGE_CURVE('',#771,#763,#773,.T.);
#771 = VERTEX_POINT('',#772);
#772 = CARTESIAN_POINT('',(21.85,26.22,0.));
#773 = LINE('',#774,#775);
#774 = CARTESIAN_POINT('',(21.85,26.22,0.));
#775 = VECTOR('',#776,1.);
#776 = DIRECTION('',(0.,0.,1.));
#777 = ORIENTED_EDGE('',*,*,#778,.F.);
#778 = EDGE_CURVE('',#739,#771,#779,.T.);
#779 = LINE('',#780,#781);
#780 = CARTESIAN_POINT('',(10.925,26.22,0.));
#781 = VECTOR('',#782,1.);
#782 = DIRECTION('',(-1.,0.,0.));
#783 = PLANE('',#784);
#784 = AXIS2_PLACEMENT_3D('',#785,#786,#787);
#785 = CARTESIAN_POINT('',(22.45,26.22,0.));
#786 = DIRECTION('',(0.,-1.,0.));
#787 = DIRECTION('',(-1.,0.,0.));
#788 = ADVANCED_FACE('',(#789),#816,.F.);
#789 = FACE_BOUND('',#790,.F.);
#790 = EDGE_LOOP('',(#791,#792,#801,#809));
#791 = ORIENTED_EDGE('',*,*,#770,.T.);
#792 = ORIENTED_EDGE('',*,*,#793,.T.);
#793 = EDGE_CURVE('',#763,#794,#796,.T.);
#794 = VERTEX_POINT('',#795);
#795 = CARTESIAN_POINT('',(21.85,26.82,1.));
#796 = CIRCLE('',#797,0.3);
#797 = AXIS2_PLACEMENT_3D('',#798,#799,#800);
#798 = CARTESIAN_POINT('',(21.85,26.52,1.));
#799 = DIRECTION('',(0.,0.,-1.));
#800 = DIRECTION('',(-1.184237892933E-14,1.,0.));
#801 = ORIENTED_EDGE('',*,*,#802,.F.);
#802 = EDGE_CURVE('',#803,#794,#805,.T.);
#803 = VERTEX_POINT('',#804);
#804 = CARTESIAN_POINT('',(21.85,26.82,0.));
#805 = LINE('',#806,#807);
#806 = CARTESIAN_POINT('',(21.85,26.82,0.));
#807 = VECTOR('',#808,1.);
#808 = DIRECTION('',(0.,0.,1.));
#809 = ORIENTED_EDGE('',*,*,#810,.F.);
#810 = EDGE_CURVE('',#771,#803,#811,.T.);
#811 = CIRCLE('',#812,0.3);
#812 = AXIS2_PLACEMENT_3D('',#813,#814,#815);
#813 = CARTESIAN_POINT('',(21.85,26.52,0.));
#814 = DIRECTION('',(0.,0.,-1.));
#815 = DIRECTION('',(-1.184237892933E-14,1.,0.));
#816 = CYLINDRICAL_SURFACE('',#817,0.3);
#817 = AXIS2_PLACEMENT_3D('',#818,#819,#820);
#818 = CARTESIAN_POINT('',(21.85,26.52,0.));
#819 = DIRECTION('',(0.,0.,-1.));
#820 = DIRECTION('',(-1.184237892933E-14,1.,0.));
#821 = ADVANCED_FACE('',(#822),#838,.F.);
#822 = FACE_BOUND('',#823,.F.);
#823 = EDGE_LOOP('',(#824,#825,#831,#832));
#824 = ORIENTED_EDGE('',*,*,#802,.T.);
#825 = ORIENTED_EDGE('',*,*,#826,.T.);
#826 = EDGE_CURVE('',#794,#722,#827,.T.);
#827 = LINE('',#828,#829);
#828 = CARTESIAN_POINT('',(11.225,26.82,1.));
#829 = VECTOR('',#830,1.);
#830 = DIRECTION('',(1.,0.,0.));
#831 = ORIENTED_EDGE('',*,*,#719,.F.);
#832 = ORIENTED_EDGE('',*,*,#833,.F.);
#833 = EDGE_CURVE('',#803,#720,#834,.T.);
#834 = LINE('',#835,#836);
#835 = CARTESIAN_POINT('',(11.225,26.82,0.));
#836 = VECTOR('',#837,1.);
#837 = DIRECTION('',(1.,0.,0.));
#838 = PLANE('',#839);
#839 = AXIS2_PLACEMENT_3D('',#840,#841,#842);
#840 = CARTESIAN_POINT('',(21.85,26.82,0.));
#841 = DIRECTION('',(0.,1.,0.));
#842 = DIRECTION('',(1.,0.,0.));
#843 = ADVANCED_FACE('',(#844),#871,.F.);
#844 = FACE_BOUND('',#845,.F.);
#845 = EDGE_LOOP('',(#846,#856,#863,#864));
#846 = ORIENTED_EDGE('',*,*,#847,.T.);
#847 = EDGE_CURVE('',#848,#850,#852,.T.);
#848 = VERTEX_POINT('',#849);
#849 = CARTESIAN_POINT('',(4.5,32.93,0.));
#850 = VERTEX_POINT('',#851);
#851 = CARTESIAN_POINT('',(4.5,32.93,1.));
#852 = LINE('',#853,#854);
#853 = CARTESIAN_POINT('',(4.5,32.93,0.));
#854 = VECTOR('',#855,1.);
#855 = DIRECTION('',(0.,0.,1.));
#856 = ORIENTED_EDGE('',*,*,#857,.T.);
#857 = EDGE_CURVE('',#850,#850,#858,.T.);
#858 = CIRCLE('',#859,0.5);
#859 = AXIS2_PLACEMENT_3D('',#860,#861,#862);
#860 = CARTESIAN_POINT('',(4.5,33.43,1.));
#861 = DIRECTION('',(-0.,-0.,-1.));
#862 = DIRECTION('',(0.,-1.,0.));
#863 = ORIENTED_EDGE('',*,*,#847,.F.);
#864 = ORIENTED_EDGE('',*,*,#865,.F.);
#865 = EDGE_CURVE('',#848,#848,#866,.T.);
#866 = CIRCLE('',#867,0.5);
#867 = AXIS2_PLACEMENT_3D('',#868,#869,#870);
#868 = CARTESIAN_POINT('',(4.5,33.43,0.));
#869 = DIRECTION('',(-0.,-0.,-1.));
#870 = DIRECTION('',(0.,-1.,0.));
#871 = CYLINDRICAL_SURFACE('',#872,0.5);
#872 = AXIS2_PLACEMENT_3D('',#873,#874,#875);
#873 = CARTESIAN_POINT('',(4.5,33.43,0.));
#874 = DIRECTION('',(-0.,-0.,-1.));
#875 = DIRECTION('',(0.,-1.,0.));
#876 = ADVANCED_FACE('',(#877),#904,.F.);
#877 = FACE_BOUND('',#878,.F.);
#878 = EDGE_LOOP('',(#879,#889,#896,#897));
#879 = ORIENTED_EDGE('',*,*,#880,.T.);
#880 = EDGE_CURVE('',#881,#883,#885,.T.);
#881 = VERTEX_POINT('',#882);
#882 = CARTESIAN_POINT('',(4.5,35.47,0.));
#883 = VERTEX_POINT('',#884);
#884 = CARTESIAN_POINT('',(4.5,35.47,1.));
#885 = LINE('',#886,#887);
#886 = CARTESIAN_POINT('',(4.5,35.47,0.));
#887 = VECTOR('',#888,1.);
#888 = DIRECTION('',(0.,0.,1.));
#889 = ORIENTED_EDGE('',*,*,#890,.T.);
#890 = EDGE_CURVE('',#883,#883,#891,.T.);
#891 = CIRCLE('',#892,0.5);
#892 = AXIS2_PLACEMENT_3D('',#893,#894,#895);
#893 = CARTESIAN_POINT('',(4.5,35.97,1.));
#894 = DIRECTION('',(-0.,-0.,-1.));
#895 = DIRECTION('',(0.,-1.,0.));
#896 = ORIENTED_EDGE('',*,*,#880,.F.);
#897 = ORIENTED_EDGE('',*,*,#898,.F.);
#898 = EDGE_CURVE('',#881,#881,#899,.T.);
#899 = CIRCLE('',#900,0.5);
#900 = AXIS2_PLACEMENT_3D('',#901,#902,#903);
#901 = CARTESIAN_POINT('',(4.5,35.97,0.));
#902 = DIRECTION('',(-0.,-0.,-1.));
#903 = DIRECTION('',(0.,-1.,0.));
#904 = CYLINDRICAL_SURFACE('',#905,0.5);
#905 = AXIS2_PLACEMENT_3D('',#906,#907,#908);
#906 = CARTESIAN_POINT('',(4.5,35.97,0.));
#907 = DIRECTION('',(-0.,-0.,-1.));
#908 = DIRECTION('',(0.,-1.,0.));
#909 = ADVANCED_FACE('',(#910,#920,#926,#929,#935,#941,#944,#950,#953),
  #956,.F.);
#910 = FACE_BOUND('',#911,.F.);
#911 = EDGE_LOOP('',(#912,#913,#914,#915,#916,#917,#918,#919));
#912 = ORIENTED_EDGE('',*,*,#47,.F.);
#913 = ORIENTED_EDGE('',*,*,#78,.F.);
#914 = ORIENTED_EDGE('',*,*,#109,.F.);
#915 = ORIENTED_EDGE('',*,*,#140,.F.);
#916 = ORIENTED_EDGE('',*,*,#171,.F.);
#917 = ORIENTED_EDGE('',*,*,#202,.F.);
#918 = ORIENTED_EDGE('',*,*,#233,.F.);
#919 = ORIENTED_EDGE('',*,*,#255,.F.);
#920 = FACE_BOUND('',#921,.F.);
#921 = EDGE_LOOP('',(#922,#923,#924,#925));
#922 = ORIENTED_EDGE('',*,*,#296,.T.);
#923 = ORIENTED_EDGE('',*,*,#328,.T.);
#924 = ORIENTED_EDGE('',*,*,#360,.T.);
#925 = ORIENTED_EDGE('',*,*,#383,.T.);
#926 = FACE_BOUND('',#927,.F.);
#927 = EDGE_LOOP('',(#928));
#928 = ORIENTED_EDGE('',*,*,#415,.T.);
#929 = FACE_BOUND('',#930,.F.);
#930 = EDGE_LOOP('',(#931,#932,#933,#934));
#931 = ORIENTED_EDGE('',*,*,#457,.T.);
#932 = ORIENTED_EDGE('',*,*,#489,.T.);
#933 = ORIENTED_EDGE('',*,*,#521,.T.);
#934 = ORIENTED_EDGE('',*,*,#544,.T.);
#935 = FACE_BOUND('',#936,.F.);
#936 = EDGE_LOOP('',(#937,#938,#939,#940));
#937 = ORIENTED_EDGE('',*,*,#585,.T.);
#938 = ORIENTED_EDGE('',*,*,#617,.T.);
#939 = ORIENTED_EDGE('',*,*,#649,.T.);
#940 = ORIENTED_EDGE('',*,*,#672,.T.);
#941 = FACE_BOUND('',#942,.F.);
#942 = EDGE_LOOP('',(#943));
#943 = ORIENTED_EDGE('',*,*,#704,.T.);
#944 = FACE_BOUND('',#945,.F.);
#945 = EDGE_LOOP('',(#946,#947,#948,#949));
#946 = ORIENTED_EDGE('',*,*,#746,.T.);
#947 = ORIENTED_EDGE('',*,*,#778,.T.);
#948 = ORIENTED_EDGE('',*,*,#810,.T.);
#949 = ORIENTED_EDGE('',*,*,#833,.T.);
#950 = FACE_BOUND('',#951,.F.);
#951 = EDGE_LOOP('',(#952));
#952 = ORIENTED_EDGE('',*,*,#865,.T.);
#953 = FACE_BOUND('',#954,.F.);
#954 = EDGE_LOOP('',(#955));
#955 = ORIENTED_EDGE('',*,*,#898,.T.);
#956 = PLANE('',#957);
#957 = AXIS2_PLACEMENT_3D('',#958,#959,#960);
#958 = CARTESIAN_POINT('',(0.,4.,0.));
#959 = DIRECTION('',(0.,0.,1.));
#960 = DIRECTION('',(1.,0.,0.));
#961 = ADVANCED_FACE('',(#962,#972,#978,#981,#987,#993,#996,#1002,#1005)
  ,#1008,.T.);
#962 = FACE_BOUND('',#963,.T.);
#963 = EDGE_LOOP('',(#964,#965,#966,#967,#968,#969,#970,#971));
#964 = ORIENTED_EDGE('',*,*,#31,.F.);
#965 = ORIENTED_EDGE('',*,*,#71,.F.);
#966 = ORIENTED_EDGE('',*,*,#102,.F.);
#967 = ORIENTED_EDGE('',*,*,#133,.F.);
#968 = ORIENTED_EDGE('',*,*,#164,.F.);
#969 = ORIENTED_EDGE('',*,*,#195,.F.);
#970 = ORIENTED_EDGE('',*,*,#226,.F.);
#971 = ORIENTED_EDGE('',*,*,#248,.F.);
#972 = FACE_BOUND('',#973,.T.);
#973 = EDGE_LOOP('',(#974,#975,#976,#977));
#974 = ORIENTED_EDGE('',*,*,#279,.T.);
#975 = ORIENTED_EDGE('',*,*,#312,.T.);
#976 = ORIENTED_EDGE('',*,*,#343,.T.);
#977 = ORIENTED_EDGE('',*,*,#376,.T.);
#978 = FACE_BOUND('',#979,.T.);
#979 = EDGE_LOOP('',(#980));
#980 = ORIENTED_EDGE('',*,*,#407,.T.);
#981 = FACE_BOUND('',#982,.T.);
#982 = EDGE_LOOP('',(#983,#984,#985,#986));
#983 = ORIENTED_EDGE('',*,*,#440,.T.);
#984 = ORIENTED_EDGE('',*,*,#473,.T.);
#985 = ORIENTED_EDGE('',*,*,#504,.T.);
#986 = ORIENTED_EDGE('',*,*,#537,.T.);
#987 = FACE_BOUND('',#988,.T.);
#988 = EDGE_LOOP('',(#989,#990,#991,#992));
#989 = ORIENTED_EDGE('',*,*,#568,.T.);
#990 = ORIENTED_EDGE('',*,*,#601,.T.);
#991 = ORIENTED_EDGE('',*,*,#632,.T.);
#992 = ORIENTED_EDGE('',*,*,#665,.T.);
#993 = FACE_BOUND('',#994,.T.);
#994 = EDGE_LOOP('',(#995));
#995 = ORIENTED_EDGE('',*,*,#696,.T.);
#996 = FACE_BOUND('',#997,.T.);
#997 = EDGE_LOOP('',(#998,#999,#1000,#1001));
#998 = ORIENTED_EDGE('',*,*,#729,.T.);
#999 = ORIENTED_EDGE('',*,*,#762,.T.);
#1000 = ORIENTED_EDGE('',*,*,#793,.T.);
#1001 = ORIENTED_EDGE('',*,*,#826,.T.);
#1002 = FACE_BOUND('',#1003,.T.);
#1003 = EDGE_LOOP('',(#1004));
#1004 = ORIENTED_EDGE('',*,*,#857,.T.);
#1005 = FACE_BOUND('',#1006,.T.);
#1006 = EDGE_LOOP('',(#1007));
#1007 = ORIENTED_EDGE('',*,*,#890,.T.);
#1008 = PLANE('',#1009);
#1009 = AXIS2_PLACEMENT_3D('',#1010,#1011,#1012);
#1010 = CARTESIAN_POINT('',(0.,4.,1.));
#1011 = DIRECTION('',(0.,0.,1.));
#1012 = DIRECTION('',(1.,0.,0.));
#1013 = MANIFOLD_SOLID_BREP('',#1014);
#1014 = CLOSED_SHELL('',(#1015,#1055,#1095,#1117,#1139,#1151));
#1015 = ADVANCED_FACE('',(#1016),#1050,.F.);
#1016 = FACE_BOUND('',#1017,.F.);
#1017 = EDGE_LOOP('',(#1018,#1028,#1036,#1044));
#1018 = ORIENTED_EDGE('',*,*,#1019,.F.);
#1019 = EDGE_CURVE('',#1020,#1022,#1024,.T.);
#1020 = VERTEX_POINT('',#1021);
#1021 = CARTESIAN_POINT('',(22.73,31.975,1.));
#1022 = VERTEX_POINT('',#1023);
#1023 = CARTESIAN_POINT('',(22.73,31.975,1.55));
#1024 = LINE('',#1025,#1026);
#1025 = CARTESIAN_POINT('',(22.73,31.975,1.));
#1026 = VECTOR('',#1027,1.);
#1027 = DIRECTION('',(0.,0.,1.));
#1028 = ORIENTED_EDGE('',*,*,#1029,.T.);
#1029 = EDGE_CURVE('',#1020,#1030,#1032,.T.);
#1030 = VERTEX_POINT('',#1031);
#1031 = CARTESIAN_POINT('',(22.73,33.025,1.));
#1032 = LINE('',#1033,#1034);
#1033 = CARTESIAN_POINT('',(22.73,31.975,1.));
#1034 = VECTOR('',#1035,1.);
#1035 = DIRECTION('',(0.,1.,0.));
#1036 = ORIENTED_EDGE('',*,*,#1037,.T.);
#1037 = EDGE_CURVE('',#1030,#1038,#1040,.T.);
#1038 = VERTEX_POINT('',#1039);
#1039 = CARTESIAN_POINT('',(22.73,33.025,1.55));
#1040 = LINE('',#1041,#1042);
#1041 = CARTESIAN_POINT('',(22.73,33.025,1.));
#1042 = VECTOR('',#1043,1.);
#1043 = DIRECTION('',(0.,0.,1.));
#1044 = ORIENTED_EDGE('',*,*,#1045,.F.);
#1045 = EDGE_CURVE('',#1022,#1038,#1046,.T.);
#1046 = LINE('',#1047,#1048);
#1047 = CARTESIAN_POINT('',(22.73,31.975,1.55));
#1048 = VECTOR('',#1049,1.);
#1049 = DIRECTION('',(0.,1.,0.));
#1050 = PLANE('',#1051);
#1051 = AXIS2_PLACEMENT_3D('',#1052,#1053,#1054);
#1052 = CARTESIAN_POINT('',(22.73,31.975,1.));
#1053 = DIRECTION('',(1.,0.,0.));
#1054 = DIRECTION('',(0.,0.,1.));
#1055 = ADVANCED_FACE('',(#1056),#1090,.T.);
#1056 = FACE_BOUND('',#1057,.T.);
#1057 = EDGE_LOOP('',(#1058,#1068,#1076,#1084));
#1058 = ORIENTED_EDGE('',*,*,#1059,.F.);
#1059 = EDGE_CURVE('',#1060,#1062,#1064,.T.);
#1060 = VERTEX_POINT('',#1061);
#1061 = CARTESIAN_POINT('',(23.27,31.975,1.));
#1062 = VERTEX_POINT('',#1063);
#1063 = CARTESIAN_POINT('',(23.27,31.975,1.55));
#1064 = LINE('',#1065,#1066);
#1065 = CARTESIAN_POINT('',(23.27,31.975,1.));
#1066 = VECTOR('',#1067,1.);
#1067 = DIRECTION('',(0.,0.,1.));
#1068 = ORIENTED_EDGE('',*,*,#1069,.T.);
#1069 = EDGE_CURVE('',#1060,#1070,#1072,.T.);
#1070 = VERTEX_POINT('',#1071);
#1071 = CARTESIAN_POINT('',(23.27,33.025,1.));
#1072 = LINE('',#1073,#1074);
#1073 = CARTESIAN_POINT('',(23.27,31.975,1.));
#1074 = VECTOR('',#1075,1.);
#1075 = DIRECTION('',(0.,1.,0.));
#1076 = ORIENTED_EDGE('',*,*,#1077,.T.);
#1077 = EDGE_CURVE('',#1070,#1078,#1080,.T.);
#1078 = VERTEX_POINT('',#1079);
#1079 = CARTESIAN_POINT('',(23.27,33.025,1.55));
#1080 = LINE('',#1081,#1082);
#1081 = CARTESIAN_POINT('',(23.27,33.025,1.));
#1082 = VECTOR('',#1083,1.);
#1083 = DIRECTION('',(0.,0.,1.));
#1084 = ORIENTED_EDGE('',*,*,#1085,.F.);
#1085 = EDGE_CURVE('',#1062,#1078,#1086,.T.);
#1086 = LINE('',#1087,#1088);
#1087 = CARTESIAN_POINT('',(23.27,31.975,1.55));
#1088 = VECTOR('',#1089,1.);
#1089 = DIRECTION('',(0.,1.,0.));
#1090 = PLANE('',#1091);
#1091 = AXIS2_PLACEMENT_3D('',#1092,#1093,#1094);
#1092 = CARTESIAN_POINT('',(23.27,31.975,1.));
#1093 = DIRECTION('',(1.,0.,0.));
#1094 = DIRECTION('',(0.,0.,1.));
#1095 = ADVANCED_FACE('',(#1096),#1112,.F.);
#1096 = FACE_BOUND('',#1097,.F.);
#1097 = EDGE_LOOP('',(#1098,#1104,#1105,#1111));
#1098 = ORIENTED_EDGE('',*,*,#1099,.F.);
#1099 = EDGE_CURVE('',#1020,#1060,#1100,.T.);
#1100 = LINE('',#1101,#1102);
#1101 = CARTESIAN_POINT('',(22.73,31.975,1.));
#1102 = VECTOR('',#1103,1.);
#1103 = DIRECTION('',(1.,0.,0.));
#1104 = ORIENTED_EDGE('',*,*,#1019,.T.);
#1105 = ORIENTED_EDGE('',*,*,#1106,.T.);
#1106 = EDGE_CURVE('',#1022,#1062,#1107,.T.);
#1107 = LINE('',#1108,#1109);
#1108 = CARTESIAN_POINT('',(22.73,31.975,1.55));
#1109 = VECTOR('',#1110,1.);
#1110 = DIRECTION('',(1.,0.,0.));
#1111 = ORIENTED_EDGE('',*,*,#1059,.F.);
#1112 = PLANE('',#1113);
#1113 = AXIS2_PLACEMENT_3D('',#1114,#1115,#1116);
#1114 = CARTESIAN_POINT('',(22.73,31.975,1.));
#1115 = DIRECTION('',(0.,1.,0.));
#1116 = DIRECTION('',(0.,0.,1.));
#1117 = ADVANCED_FACE('',(#1118),#1134,.T.);
#1118 = FACE_BOUND('',#1119,.T.);
#1119 = EDGE_LOOP('',(#1120,#1126,#1127,#1133));
#1120 = ORIENTED_EDGE('',*,*,#1121,.F.);
#1121 = EDGE_CURVE('',#1030,#1070,#1122,.T.);
#1122 = LINE('',#1123,#1124);
#1123 = CARTESIAN_POINT('',(22.73,33.025,1.));
#1124 = VECTOR('',#1125,1.);
#1125 = DIRECTION('',(1.,0.,0.));
#1126 = ORIENTED_EDGE('',*,*,#1037,.T.);
#1127 = ORIENTED_EDGE('',*,*,#1128,.T.);
#1128 = EDGE_CURVE('',#1038,#1078,#1129,.T.);
#1129 = LINE('',#1130,#1131);
#1130 = CARTESIAN_POINT('',(22.73,33.025,1.55));
#1131 = VECTOR('',#1132,1.);
#1132 = DIRECTION('',(1.,0.,0.));
#1133 = ORIENTED_EDGE('',*,*,#1077,.F.);
#1134 = PLANE('',#1135);
#1135 = AXIS2_PLACEMENT_3D('',#1136,#1137,#1138);
#1136 = CARTESIAN_POINT('',(22.73,33.025,1.));
#1137 = DIRECTION('',(0.,1.,0.));
#1138 = DIRECTION('',(0.,0.,1.));
#1139 = ADVANCED_FACE('',(#1140),#1146,.F.);
#1140 = FACE_BOUND('',#1141,.F.);
#1141 = EDGE_LOOP('',(#1142,#1143,#1144,#1145));
#1142 = ORIENTED_EDGE('',*,*,#1029,.F.);
#1143 = ORIENTED_EDGE('',*,*,#1099,.T.);
#1144 = ORIENTED_EDGE('',*,*,#1069,.T.);
#1145 = ORIENTED_EDGE('',*,*,#1121,.F.);
#1146 = PLANE('',#1147);
#1147 = AXIS2_PLACEMENT_3D('',#1148,#1149,#1150);
#1148 = CARTESIAN_POINT('',(22.73,31.975,1.));
#1149 = DIRECTION('',(0.,0.,1.));
#1150 = DIRECTION('',(1.,0.,0.));
#1151 = ADVANCED_FACE('',(#1152),#1158,.T.);
#1152 = FACE_BOUND('',#1153,.T.);
#1153 = EDGE_LOOP('',(#1154,#1155,#1156,#1157));
#1154 = ORIENTED_EDGE('',*,*,#1045,.F.);
#1155 = ORIENTED_EDGE('',*,*,#1106,.T.);
#1156 = ORIENTED_EDGE('',*,*,#1085,.T.);
#1157 = ORIENTED_EDGE('',*,*,#1128,.F.);
#1158 = PLANE('',#1159);
#1159 = AXIS2_PLACEMENT_3D('',#1160,#1161,#1162);
#1160 = CARTESIAN_POINT('',(22.73,31.975,1.55));
#1161 = DIRECTION('',(0.,0.,1.));
#1162 = DIRECTION('',(1.,0.,0.));
#1163 = MANIFOLD_SOLID_BREP('',#1164);
#1164 = CLOSED_SHELL('',(#1165,#1205,#1245,#1267,#1289,#1301));
#1165 = ADVANCED_FACE('',(#1166),#1200,.F.);
#1166 = FACE_BOUND('',#1167,.F.);
#1167 = EDGE_LOOP('',(#1168,#1178,#1186,#1194));
#1168 = ORIENTED_EDGE('',*,*,#1169,.F.);
#1169 = EDGE_CURVE('',#1170,#1172,#1174,.T.);
#1170 = VERTEX_POINT('',#1171);
#1171 = CARTESIAN_POINT('',(1.4,20.95,1.));
#1172 = VERTEX_POINT('',#1173);
#1173 = CARTESIAN_POINT('',(1.4,20.95,2.45));
#1174 = LINE('',#1175,#1176);
#1175 = CARTESIAN_POINT('',(1.4,20.95,1.));
#1176 = VECTOR('',#1177,1.);
#1177 = DIRECTION('',(0.,0.,1.));
#1178 = ORIENTED_EDGE('',*,*,#1179,.T.);
#1179 = EDGE_CURVE('',#1170,#1180,#1182,.T.);
#1180 = VERTEX_POINT('',#1181);
#1181 = CARTESIAN_POINT('',(1.4,24.55,1.));
#1182 = LINE('',#1183,#1184);
#1183 = CARTESIAN_POINT('',(1.4,20.95,1.));
#1184 = VECTOR('',#1185,1.);
#1185 = DIRECTION('',(0.,1.,0.));
#1186 = ORIENTED_EDGE('',*,*,#1187,.T.);
#1187 = EDGE_CURVE('',#1180,#1188,#1190,.T.);
#1188 = VERTEX_POINT('',#1189);
#1189 = CARTESIAN_POINT('',(1.4,24.55,2.45));
#1190 = LINE('',#1191,#1192);
#1191 = CARTESIAN_POINT('',(1.4,24.55,1.));
#1192 = VECTOR('',#1193,1.);
#1193 = DIRECTION('',(0.,0.,1.));
#1194 = ORIENTED_EDGE('',*,*,#1195,.F.);
#1195 = EDGE_CURVE('',#1172,#1188,#1196,.T.);
#1196 = LINE('',#1197,#1198);
#1197 = CARTESIAN_POINT('',(1.4,20.95,2.45));
#1198 = VECTOR('',#1199,1.);
#1199 = DIRECTION('',(0.,1.,0.));
#1200 = PLANE('',#1201);
#1201 = AXIS2_PLACEMENT_3D('',#1202,#1203,#1204);
#1202 = CARTESIAN_POINT('',(1.4,20.95,1.));
#1203 = DIRECTION('',(1.,0.,0.));
#1204 = DIRECTION('',(0.,0.,1.));
#1205 = ADVANCED_FACE('',(#1206),#1240,.T.);
#1206 = FACE_BOUND('',#1207,.T.);
#1207 = EDGE_LOOP('',(#1208,#1218,#1226,#1234));
#1208 = ORIENTED_EDGE('',*,*,#1209,.F.);
#1209 = EDGE_CURVE('',#1210,#1212,#1214,.T.);
#1210 = VERTEX_POINT('',#1211);
#1211 = CARTESIAN_POINT('',(4.6,20.95,1.));
#1212 = VERTEX_POINT('',#1213);
#1213 = CARTESIAN_POINT('',(4.6,20.95,2.45));
#1214 = LINE('',#1215,#1216);
#1215 = CARTESIAN_POINT('',(4.6,20.95,1.));
#1216 = VECTOR('',#1217,1.);
#1217 = DIRECTION('',(0.,0.,1.));
#1218 = ORIENTED_EDGE('',*,*,#1219,.T.);
#1219 = EDGE_CURVE('',#1210,#1220,#1222,.T.);
#1220 = VERTEX_POINT('',#1221);
#1221 = CARTESIAN_POINT('',(4.6,24.55,1.));
#1222 = LINE('',#1223,#1224);
#1223 = CARTESIAN_POINT('',(4.6,20.95,1.));
#1224 = VECTOR('',#1225,1.);
#1225 = DIRECTION('',(0.,1.,0.));
#1226 = ORIENTED_EDGE('',*,*,#1227,.T.);
#1227 = EDGE_CURVE('',#1220,#1228,#1230,.T.);
#1228 = VERTEX_POINT('',#1229);
#1229 = CARTESIAN_POINT('',(4.6,24.55,2.45));
#1230 = LINE('',#1231,#1232);
#1231 = CARTESIAN_POINT('',(4.6,24.55,1.));
#1232 = VECTOR('',#1233,1.);
#1233 = DIRECTION('',(0.,0.,1.));
#1234 = ORIENTED_EDGE('',*,*,#1235,.F.);
#1235 = EDGE_CURVE('',#1212,#1228,#1236,.T.);
#1236 = LINE('',#1237,#1238);
#1237 = CARTESIAN_POINT('',(4.6,20.95,2.45));
#1238 = VECTOR('',#1239,1.);
#1239 = DIRECTION('',(0.,1.,0.));
#1240 = PLANE('',#1241);
#1241 = AXIS2_PLACEMENT_3D('',#1242,#1243,#1244);
#1242 = CARTESIAN_POINT('',(4.6,20.95,1.));
#1243 = DIRECTION('',(1.,0.,0.));
#1244 = DIRECTION('',(0.,0.,1.));
#1245 = ADVANCED_FACE('',(#1246),#1262,.F.);
#1246 = FACE_BOUND('',#1247,.F.);
#1247 = EDGE_LOOP('',(#1248,#1254,#1255,#1261));
#1248 = ORIENTED_EDGE('',*,*,#1249,.F.);
#1249 = EDGE_CURVE('',#1170,#1210,#1250,.T.);
#1250 = LINE('',#1251,#1252);
#1251 = CARTESIAN_POINT('',(1.4,20.95,1.));
#1252 = VECTOR('',#1253,1.);
#1253 = DIRECTION('',(1.,0.,0.));
#1254 = ORIENTED_EDGE('',*,*,#1169,.T.);
#1255 = ORIENTED_EDGE('',*,*,#1256,.T.);
#1256 = EDGE_CURVE('',#1172,#1212,#1257,.T.);
#1257 = LINE('',#1258,#1259);
#1258 = CARTESIAN_POINT('',(1.4,20.95,2.45));
#1259 = VECTOR('',#1260,1.);
#1260 = DIRECTION('',(1.,0.,0.));
#1261 = ORIENTED_EDGE('',*,*,#1209,.F.);
#1262 = PLANE('',#1263);
#1263 = AXIS2_PLACEMENT_3D('',#1264,#1265,#1266);
#1264 = CARTESIAN_POINT('',(1.4,20.95,1.));
#1265 = DIRECTION('',(0.,1.,0.));
#1266 = DIRECTION('',(0.,0.,1.));
#1267 = ADVANCED_FACE('',(#1268),#1284,.T.);
#1268 = FACE_BOUND('',#1269,.T.);
#1269 = EDGE_LOOP('',(#1270,#1276,#1277,#1283));
#1270 = ORIENTED_EDGE('',*,*,#1271,.F.);
#1271 = EDGE_CURVE('',#1180,#1220,#1272,.T.);
#1272 = LINE('',#1273,#1274);
#1273 = CARTESIAN_POINT('',(1.4,24.55,1.));
#1274 = VECTOR('',#1275,1.);
#1275 = DIRECTION('',(1.,0.,0.));
#1276 = ORIENTED_EDGE('',*,*,#1187,.T.);
#1277 = ORIENTED_EDGE('',*,*,#1278,.T.);
#1278 = EDGE_CURVE('',#1188,#1228,#1279,.T.);
#1279 = LINE('',#1280,#1281);
#1280 = CARTESIAN_POINT('',(1.4,24.55,2.45));
#1281 = VECTOR('',#1282,1.);
#1282 = DIRECTION('',(1.,0.,0.));
#1283 = ORIENTED_EDGE('',*,*,#1227,.F.);
#1284 = PLANE('',#1285);
#1285 = AXIS2_PLACEMENT_3D('',#1286,#1287,#1288);
#1286 = CARTESIAN_POINT('',(1.4,24.55,1.));
#1287 = DIRECTION('',(0.,1.,0.));
#1288 = DIRECTION('',(0.,0.,1.));
#1289 = ADVANCED_FACE('',(#1290),#1296,.F.);
#1290 = FACE_BOUND('',#1291,.F.);
#1291 = EDGE_LOOP('',(#1292,#1293,#1294,#1295));
#1292 = ORIENTED_EDGE('',*,*,#1179,.F.);
#1293 = ORIENTED_EDGE('',*,*,#1249,.T.);
#1294 = ORIENTED_EDGE('',*,*,#1219,.T.);
#1295 = ORIENTED_EDGE('',*,*,#1271,.F.);
#1296 = PLANE('',#1297);
#1297 = AXIS2_PLACEMENT_3D('',#1298,#1299,#1300);
#1298 = CARTESIAN_POINT('',(1.4,20.95,1.));
#1299 = DIRECTION('',(0.,0.,1.));
#1300 = DIRECTION('',(1.,0.,0.));
#1301 = ADVANCED_FACE('',(#1302),#1308,.T.);
#1302 = FACE_BOUND('',#1303,.T.);
#1303 = EDGE_LOOP('',(#1304,#1305,#1306,#1307));
#1304 = ORIENTED_EDGE('',*,*,#1195,.F.);
#1305 = ORIENTED_EDGE('',*,*,#1256,.T.);
#1306 = ORIENTED_EDGE('',*,*,#1235,.T.);
#1307 = ORIENTED_EDGE('',*,*,#1278,.F.);
#1308 = PLANE('',#1309);
#1309 = AXIS2_PLACEMENT_3D('',#1310,#1311,#1312);
#1310 = CARTESIAN_POINT('',(1.4,20.95,2.45));
#1311 = DIRECTION('',(0.,0.,1.));
#1312 = DIRECTION('',(1.,0.,0.));
#1313 = MANIFOLD_SOLID_BREP('',#1314);
#1314 = CLOSED_SHELL('',(#1315,#1355,#1395,#1417,#1439,#1451));
#1315 = ADVANCED_FACE('',(#1316),#1350,.F.);
#1316 = FACE_BOUND('',#1317,.F.);
#1317 = EDGE_LOOP('',(#1318,#1328,#1336,#1344));
#1318 = ORIENTED_EDGE('',*,*,#1319,.F.);
#1319 = EDGE_CURVE('',#1320,#1322,#1324,.T.);
#1320 = VERTEX_POINT('',#1321);
#1321 = CARTESIAN_POINT('',(18.75,13.25,1.));
#1322 = VERTEX_POINT('',#1323);
#1323 = CARTESIAN_POINT('',(18.75,13.25,3.1));
#1324 = LINE('',#1325,#1326);
#1325 = CARTESIAN_POINT('',(18.75,13.25,1.));
#1326 = VECTOR('',#1327,1.);
#1327 = DIRECTION('',(0.,0.,1.));
#1328 = ORIENTED_EDGE('',*,*,#1329,.T.);
#1329 = EDGE_CURVE('',#1320,#1330,#1332,.T.);
#1330 = VERTEX_POINT('',#1331);
#1331 = CARTESIAN_POINT('',(18.75,16.25,1.));
#1332 = LINE('',#1333,#1334);
#1333 = CARTESIAN_POINT('',(18.75,13.25,1.));
#1334 = VECTOR('',#1335,1.);
#1335 = DIRECTION('',(0.,1.,0.));
#1336 = ORIENTED_EDGE('',*,*,#1337,.T.);
#1337 = EDGE_CURVE('',#1330,#1338,#1340,.T.);
#1338 = VERTEX_POINT('',#1339);
#1339 = CARTESIAN_POINT('',(18.75,16.25,3.1));
#1340 = LINE('',#1341,#1342);
#1341 = CARTESIAN_POINT('',(18.75,16.25,1.));
#1342 = VECTOR('',#1343,1.);
#1343 = DIRECTION('',(0.,0.,1.));
#1344 = ORIENTED_EDGE('',*,*,#1345,.F.);
#1345 = EDGE_CURVE('',#1322,#1338,#1346,.T.);
#1346 = LINE('',#1347,#1348);
#1347 = CARTESIAN_POINT('',(18.75,13.25,3.1));
#1348 = VECTOR('',#1349,1.);
#1349 = DIRECTION('',(0.,1.,0.));
#1350 = PLANE('',#1351);
#1351 = AXIS2_PLACEMENT_3D('',#1352,#1353,#1354);
#1352 = CARTESIAN_POINT('',(18.75,13.25,1.));
#1353 = DIRECTION('',(1.,0.,0.));
#1354 = DIRECTION('',(0.,0.,1.));
#1355 = ADVANCED_FACE('',(#1356),#1390,.T.);
#1356 = FACE_BOUND('',#1357,.T.);
#1357 = EDGE_LOOP('',(#1358,#1368,#1376,#1384));
#1358 = ORIENTED_EDGE('',*,*,#1359,.F.);
#1359 = EDGE_CURVE('',#1360,#1362,#1364,.T.);
#1360 = VERTEX_POINT('',#1361);
#1361 = CARTESIAN_POINT('',(23.75,13.25,1.));
#1362 = VERTEX_POINT('',#1363);
#1363 = CARTESIAN_POINT('',(23.75,13.25,3.1));
#1364 = LINE('',#1365,#1366);
#1365 = CARTESIAN_POINT('',(23.75,13.25,1.));
#1366 = VECTOR('',#1367,1.);
#1367 = DIRECTION('',(0.,0.,1.));
#1368 = ORIENTED_EDGE('',*,*,#1369,.T.);
#1369 = EDGE_CURVE('',#1360,#1370,#1372,.T.);
#1370 = VERTEX_POINT('',#1371);
#1371 = CARTESIAN_POINT('',(23.75,16.25,1.));
#1372 = LINE('',#1373,#1374);
#1373 = CARTESIAN_POINT('',(23.75,13.25,1.));
#1374 = VECTOR('',#1375,1.);
#1375 = DIRECTION('',(0.,1.,0.));
#1376 = ORIENTED_EDGE('',*,*,#1377,.T.);
#1377 = EDGE_CURVE('',#1370,#1378,#1380,.T.);
#1378 = VERTEX_POINT('',#1379);
#1379 = CARTESIAN_POINT('',(23.75,16.25,3.1));
#1380 = LINE('',#1381,#1382);
#1381 = CARTESIAN_POINT('',(23.75,16.25,1.));
#1382 = VECTOR('',#1383,1.);
#1383 = DIRECTION('',(0.,0.,1.));
#1384 = ORIENTED_EDGE('',*,*,#1385,.F.);
#1385 = EDGE_CURVE('',#1362,#1378,#1386,.T.);
#1386 = LINE('',#1387,#1388);
#1387 = CARTESIAN_POINT('',(23.75,13.25,3.1));
#1388 = VECTOR('',#1389,1.);
#1389 = DIRECTION('',(0.,1.,0.));
#1390 = PLANE('',#1391);
#1391 = AXIS2_PLACEMENT_3D('',#1392,#1393,#1394);
#1392 = CARTESIAN_POINT('',(23.75,13.25,1.));
#1393 = DIRECTION('',(1.,0.,0.));
#1394 = DIRECTION('',(0.,0.,1.));
#1395 = ADVANCED_FACE('',(#1396),#1412,.F.);
#1396 = FACE_BOUND('',#1397,.F.);
#1397 = EDGE_LOOP('',(#1398,#1404,#1405,#1411));
#1398 = ORIENTED_EDGE('',*,*,#1399,.F.);
#1399 = EDGE_CURVE('',#1320,#1360,#1400,.T.);
#1400 = LINE('',#1401,#1402);
#1401 = CARTESIAN_POINT('',(18.75,13.25,1.));
#1402 = VECTOR('',#1403,1.);
#1403 = DIRECTION('',(1.,0.,0.));
#1404 = ORIENTED_EDGE('',*,*,#1319,.T.);
#1405 = ORIENTED_EDGE('',*,*,#1406,.T.);
#1406 = EDGE_CURVE('',#1322,#1362,#1407,.T.);
#1407 = LINE('',#1408,#1409);
#1408 = CARTESIAN_POINT('',(18.75,13.25,3.1));
#1409 = VECTOR('',#1410,1.);
#1410 = DIRECTION('',(1.,0.,0.));
#1411 = ORIENTED_EDGE('',*,*,#1359,.F.);
#1412 = PLANE('',#1413);
#1413 = AXIS2_PLACEMENT_3D('',#1414,#1415,#1416);
#1414 = CARTESIAN_POINT('',(18.75,13.25,1.));
#1415 = DIRECTION('',(0.,1.,0.));
#1416 = DIRECTION('',(0.,0.,1.));
#1417 = ADVANCED_FACE('',(#1418),#1434,.T.);
#1418 = FACE_BOUND('',#1419,.T.);
#1419 = EDGE_LOOP('',(#1420,#1426,#1427,#1433));
#1420 = ORIENTED_EDGE('',*,*,#1421,.F.);
#1421 = EDGE_CURVE('',#1330,#1370,#1422,.T.);
#1422 = LINE('',#1423,#1424);
#1423 = CARTESIAN_POINT('',(18.75,16.25,1.));
#1424 = VECTOR('',#1425,1.);
#1425 = DIRECTION('',(1.,0.,0.));
#1426 = ORIENTED_EDGE('',*,*,#1337,.T.);
#1427 = ORIENTED_EDGE('',*,*,#1428,.T.);
#1428 = EDGE_CURVE('',#1338,#1378,#1429,.T.);
#1429 = LINE('',#1430,#1431);
#1430 = CARTESIAN_POINT('',(18.75,16.25,3.1));
#1431 = VECTOR('',#1432,1.);
#1432 = DIRECTION('',(1.,0.,0.));
#1433 = ORIENTED_EDGE('',*,*,#1377,.F.);
#1434 = PLANE('',#1435);
#1435 = AXIS2_PLACEMENT_3D('',#1436,#1437,#1438);
#1436 = CARTESIAN_POINT('',(18.75,16.25,1.));
#1437 = DIRECTION('',(0.,1.,0.));
#1438 = DIRECTION('',(0.,0.,1.));
#1439 = ADVANCED_FACE('',(#1440),#1446,.F.);
#1440 = FACE_BOUND('',#1441,.F.);
#1441 = EDGE_LOOP('',(#1442,#1443,#1444,#1445));
#1442 = ORIENTED_EDGE('',*,*,#1329,.F.);
#1443 = ORIENTED_EDGE('',*,*,#1399,.T.);
#1444 = ORIENTED_EDGE('',*,*,#1369,.T.);
#1445 = ORIENTED_EDGE('',*,*,#1421,.F.);
#1446 = PLANE('',#1447);
#1447 = AXIS2_PLACEMENT_3D('',#1448,#1449,#1450);
#1448 = CARTESIAN_POINT('',(18.75,13.25,1.));
#1449 = DIRECTION('',(0.,0.,1.));
#1450 = DIRECTION('',(1.,0.,0.));
#1451 = ADVANCED_FACE('',(#1452),#1458,.T.);
#1452 = FACE_BOUND('',#1453,.T.);
#1453 = EDGE_LOOP('',(#1454,#1455,#1456,#1457));
#1454 = ORIENTED_EDGE('',*,*,#1345,.F.);
#1455 = ORIENTED_EDGE('',*,*,#1406,.T.);
#1456 = ORIENTED_EDGE('',*,*,#1385,.T.);
#1457 = ORIENTED_EDGE('',*,*,#1428,.F.);
#1458 = PLANE('',#1459);
#1459 = AXIS2_PLACEMENT_3D('',#1460,#1461,#1462);
#1460 = CARTESIAN_POINT('',(18.75,13.25,3.1));
#1461 = DIRECTION('',(0.,0.,1.));
#1462 = DIRECTION('',(1.,0.,0.));
#1463 = MANIFOLD_SOLID_BREP('',#1464);
#1464 = CLOSED_SHELL('',(#1465,#1505,#1545,#1567,#1589,#1601));
#1465 = ADVANCED_FACE('',(#1466),#1500,.F.);
#1466 = FACE_BOUND('',#1467,.F.);
#1467 = EDGE_LOOP('',(#1468,#1478,#1486,#1494));
#1468 = ORIENTED_EDGE('',*,*,#1469,.F.);
#1469 = EDGE_CURVE('',#1470,#1472,#1474,.T.);
#1470 = VERTEX_POINT('',#1471);
#1471 = CARTESIAN_POINT('',(22.73,29.725,1.));
#1472 = VERTEX_POINT('',#1473);
#1473 = CARTESIAN_POINT('',(22.73,29.725,1.55));
#1474 = LINE('',#1475,#1476);
#1475 = CARTESIAN_POINT('',(22.73,29.725,1.));
#1476 = VECTOR('',#1477,1.);
#1477 = DIRECTION('',(0.,0.,1.));
#1478 = ORIENTED_EDGE('',*,*,#1479,.T.);
#1479 = EDGE_CURVE('',#1470,#1480,#1482,.T.);
#1480 = VERTEX_POINT('',#1481);
#1481 = CARTESIAN_POINT('',(22.73,30.775,1.));
#1482 = LINE('',#1483,#1484);
#1483 = CARTESIAN_POINT('',(22.73,29.725,1.));
#1484 = VECTOR('',#1485,1.);
#1485 = DIRECTION('',(0.,1.,0.));
#1486 = ORIENTED_EDGE('',*,*,#1487,.T.);
#1487 = EDGE_CURVE('',#1480,#1488,#1490,.T.);
#1488 = VERTEX_POINT('',#1489);
#1489 = CARTESIAN_POINT('',(22.73,30.775,1.55));
#1490 = LINE('',#1491,#1492);
#1491 = CARTESIAN_POINT('',(22.73,30.775,1.));
#1492 = VECTOR('',#1493,1.);
#1493 = DIRECTION('',(0.,0.,1.));
#1494 = ORIENTED_EDGE('',*,*,#1495,.F.);
#1495 = EDGE_CURVE('',#1472,#1488,#1496,.T.);
#1496 = LINE('',#1497,#1498);
#1497 = CARTESIAN_POINT('',(22.73,29.725,1.55));
#1498 = VECTOR('',#1499,1.);
#1499 = DIRECTION('',(0.,1.,0.));
#1500 = PLANE('',#1501);
#1501 = AXIS2_PLACEMENT_3D('',#1502,#1503,#1504);
#1502 = CARTESIAN_POINT('',(22.73,29.725,1.));
#1503 = DIRECTION('',(1.,0.,0.));
#1504 = DIRECTION('',(0.,0.,1.));
#1505 = ADVANCED_FACE('',(#1506),#1540,.T.);
#1506 = FACE_BOUND('',#1507,.T.);
#1507 = EDGE_LOOP('',(#1508,#1518,#1526,#1534));
#1508 = ORIENTED_EDGE('',*,*,#1509,.F.);
#1509 = EDGE_CURVE('',#1510,#1512,#1514,.T.);
#1510 = VERTEX_POINT('',#1511);
#1511 = CARTESIAN_POINT('',(23.27,29.725,1.));
#1512 = VERTEX_POINT('',#1513);
#1513 = CARTESIAN_POINT('',(23.27,29.725,1.55));
#1514 = LINE('',#1515,#1516);
#1515 = CARTESIAN_POINT('',(23.27,29.725,1.));
#1516 = VECTOR('',#1517,1.);
#1517 = DIRECTION('',(0.,0.,1.));
#1518 = ORIENTED_EDGE('',*,*,#1519,.T.);
#1519 = EDGE_CURVE('',#1510,#1520,#1522,.T.);
#1520 = VERTEX_POINT('',#1521);
#1521 = CARTESIAN_POINT('',(23.27,30.775,1.));
#1522 = LINE('',#1523,#1524);
#1523 = CARTESIAN_POINT('',(23.27,29.725,1.));
#1524 = VECTOR('',#1525,1.);
#1525 = DIRECTION('',(0.,1.,0.));
#1526 = ORIENTED_EDGE('',*,*,#1527,.T.);
#1527 = EDGE_CURVE('',#1520,#1528,#1530,.T.);
#1528 = VERTEX_POINT('',#1529);
#1529 = CARTESIAN_POINT('',(23.27,30.775,1.55));
#1530 = LINE('',#1531,#1532);
#1531 = CARTESIAN_POINT('',(23.27,30.775,1.));
#1532 = VECTOR('',#1533,1.);
#1533 = DIRECTION('',(0.,0.,1.));
#1534 = ORIENTED_EDGE('',*,*,#1535,.F.);
#1535 = EDGE_CURVE('',#1512,#1528,#1536,.T.);
#1536 = LINE('',#1537,#1538);
#1537 = CARTESIAN_POINT('',(23.27,29.725,1.55));
#1538 = VECTOR('',#1539,1.);
#1539 = DIRECTION('',(0.,1.,0.));
#1540 = PLANE('',#1541);
#1541 = AXIS2_PLACEMENT_3D('',#1542,#1543,#1544);
#1542 = CARTESIAN_POINT('',(23.27,29.725,1.));
#1543 = DIRECTION('',(1.,0.,0.));
#1544 = DIRECTION('',(0.,0.,1.));
#1545 = ADVANCED_FACE('',(#1546),#1562,.F.);
#1546 = FACE_BOUND('',#1547,.F.);
#1547 = EDGE_LOOP('',(#1548,#1554,#1555,#1561));
#1548 = ORIENTED_EDGE('',*,*,#1549,.F.);
#1549 = EDGE_CURVE('',#1470,#1510,#1550,.T.);
#1550 = LINE('',#1551,#1552);
#1551 = CARTESIAN_POINT('',(22.73,29.725,1.));
#1552 = VECTOR('',#1553,1.);
#1553 = DIRECTION('',(1.,0.,0.));
#1554 = ORIENTED_EDGE('',*,*,#1469,.T.);
#1555 = ORIENTED_EDGE('',*,*,#1556,.T.);
#1556 = EDGE_CURVE('',#1472,#1512,#1557,.T.);
#1557 = LINE('',#1558,#1559);
#1558 = CARTESIAN_POINT('',(22.73,29.725,1.55));
#1559 = VECTOR('',#1560,1.);
#1560 = DIRECTION('',(1.,0.,0.));
#1561 = ORIENTED_EDGE('',*,*,#1509,.F.);
#1562 = PLANE('',#1563);
#1563 = AXIS2_PLACEMENT_3D('',#1564,#1565,#1566);
#1564 = CARTESIAN_POINT('',(22.73,29.725,1.));
#1565 = DIRECTION('',(0.,1.,0.));
#1566 = DIRECTION('',(0.,0.,1.));
#1567 = ADVANCED_FACE('',(#1568),#1584,.T.);
#1568 = FACE_BOUND('',#1569,.T.);
#1569 = EDGE_LOOP('',(#1570,#1576,#1577,#1583));
#1570 = ORIENTED_EDGE('',*,*,#1571,.F.);
#1571 = EDGE_CURVE('',#1480,#1520,#1572,.T.);
#1572 = LINE('',#1573,#1574);
#1573 = CARTESIAN_POINT('',(22.73,30.775,1.));
#1574 = VECTOR('',#1575,1.);
#1575 = DIRECTION('',(1.,0.,0.));
#1576 = ORIENTED_EDGE('',*,*,#1487,.T.);
#1577 = ORIENTED_EDGE('',*,*,#1578,.T.);
#1578 = EDGE_CURVE('',#1488,#1528,#1579,.T.);
#1579 = LINE('',#1580,#1581);
#1580 = CARTESIAN_POINT('',(22.73,30.775,1.55));
#1581 = VECTOR('',#1582,1.);
#1582 = DIRECTION('',(1.,0.,0.));
#1583 = ORIENTED_EDGE('',*,*,#1527,.F.);
#1584 = PLANE('',#1585);
#1585 = AXIS2_PLACEMENT_3D('',#1586,#1587,#1588);
#1586 = CARTESIAN_POINT('',(22.73,30.775,1.));
#1587 = DIRECTION('',(0.,1.,0.));
#1588 = DIRECTION('',(0.,0.,1.));
#1589 = ADVANCED_FACE('',(#1590),#1596,.F.);
#1590 = FACE_BOUND('',#1591,.F.);
#1591 = EDGE_LOOP('',(#1592,#1593,#1594,#1595));
#1592 = ORIENTED_EDGE('',*,*,#1479,.F.);
#1593 = ORIENTED_EDGE('',*,*,#1549,.T.);
#1594 = ORIENTED_EDGE('',*,*,#1519,.T.);
#1595 = ORIENTED_EDGE('',*,*,#1571,.F.);
#1596 = PLANE('',#1597);
#1597 = AXIS2_PLACEMENT_3D('',#1598,#1599,#1600);
#1598 = CARTESIAN_POINT('',(22.73,29.725,1.));
#1599 = DIRECTION('',(0.,0.,1.));
#1600 = DIRECTION('',(1.,0.,0.));
#1601 = ADVANCED_FACE('',(#1602),#1608,.T.);
#1602 = FACE_BOUND('',#1603,.T.);
#1603 = EDGE_LOOP('',(#1604,#1605,#1606,#1607));
#1604 = ORIENTED_EDGE('',*,*,#1495,.F.);
#1605 = ORIENTED_EDGE('',*,*,#1556,.T.);
#1606 = ORIENTED_EDGE('',*,*,#1535,.T.);
#1607 = ORIENTED_EDGE('',*,*,#1578,.F.);
#1608 = PLANE('',#1609);
#1609 = AXIS2_PLACEMENT_3D('',#1610,#1611,#1612);
#1610 = CARTESIAN_POINT('',(22.73,29.725,1.55));
#1611 = DIRECTION('',(0.,0.,1.));
#1612 = DIRECTION('',(1.,0.,0.));
#1613 = MANIFOLD_SOLID_BREP('',#1614);
#1614 = CLOSED_SHELL('',(#1615,#1655,#1695,#1717,#1739,#1751));
#1615 = ADVANCED_FACE('',(#1616),#1650,.F.);
#1616 = FACE_BOUND('',#1617,.F.);
#1617 = EDGE_LOOP('',(#1618,#1628,#1636,#1644));
#1618 = ORIENTED_EDGE('',*,*,#1619,.F.);
#1619 = EDGE_CURVE('',#1620,#1622,#1624,.T.);
#1620 = VERTEX_POINT('',#1621);
#1621 = CARTESIAN_POINT('',(7.,23.75,1.));
#1622 = VERTEX_POINT('',#1623);
#1623 = CARTESIAN_POINT('',(7.,23.75,1.55));
#1624 = LINE('',#1625,#1626);
#1625 = CARTESIAN_POINT('',(7.,23.75,1.));
#1626 = VECTOR('',#1627,1.);
#1627 = DIRECTION('',(0.,0.,1.));
#1628 = ORIENTED_EDGE('',*,*,#1629,.T.);
#1629 = EDGE_CURVE('',#1620,#1630,#1632,.T.);
#1630 = VERTEX_POINT('',#1631);
#1631 = CARTESIAN_POINT('',(7.,24.75,1.));
#1632 = LINE('',#1633,#1634);
#1633 = CARTESIAN_POINT('',(7.,23.75,1.));
#1634 = VECTOR('',#1635,1.);
#1635 = DIRECTION('',(0.,1.,0.));
#1636 = ORIENTED_EDGE('',*,*,#1637,.T.);
#1637 = EDGE_CURVE('',#1630,#1638,#1640,.T.);
#1638 = VERTEX_POINT('',#1639);
#1639 = CARTESIAN_POINT('',(7.,24.75,1.55));
#1640 = LINE('',#1641,#1642);
#1641 = CARTESIAN_POINT('',(7.,24.75,1.));
#1642 = VECTOR('',#1643,1.);
#1643 = DIRECTION('',(0.,0.,1.));
#1644 = ORIENTED_EDGE('',*,*,#1645,.F.);
#1645 = EDGE_CURVE('',#1622,#1638,#1646,.T.);
#1646 = LINE('',#1647,#1648);
#1647 = CARTESIAN_POINT('',(7.,23.75,1.55));
#1648 = VECTOR('',#1649,1.);
#1649 = DIRECTION('',(0.,1.,0.));
#1650 = PLANE('',#1651);
#1651 = AXIS2_PLACEMENT_3D('',#1652,#1653,#1654);
#1652 = CARTESIAN_POINT('',(7.,23.75,1.));
#1653 = DIRECTION('',(1.,0.,0.));
#1654 = DIRECTION('',(0.,0.,1.));
#1655 = ADVANCED_FACE('',(#1656),#1690,.T.);
#1656 = FACE_BOUND('',#1657,.T.);
#1657 = EDGE_LOOP('',(#1658,#1668,#1676,#1684));
#1658 = ORIENTED_EDGE('',*,*,#1659,.F.);
#1659 = EDGE_CURVE('',#1660,#1662,#1664,.T.);
#1660 = VERTEX_POINT('',#1661);
#1661 = CARTESIAN_POINT('',(7.5,23.75,1.));
#1662 = VERTEX_POINT('',#1663);
#1663 = CARTESIAN_POINT('',(7.5,23.75,1.55));
#1664 = LINE('',#1665,#1666);
#1665 = CARTESIAN_POINT('',(7.5,23.75,1.));
#1666 = VECTOR('',#1667,1.);
#1667 = DIRECTION('',(0.,0.,1.));
#1668 = ORIENTED_EDGE('',*,*,#1669,.T.);
#1669 = EDGE_CURVE('',#1660,#1670,#1672,.T.);
#1670 = VERTEX_POINT('',#1671);
#1671 = CARTESIAN_POINT('',(7.5,24.75,1.));
#1672 = LINE('',#1673,#1674);
#1673 = CARTESIAN_POINT('',(7.5,23.75,1.));
#1674 = VECTOR('',#1675,1.);
#1675 = DIRECTION('',(0.,1.,0.));
#1676 = ORIENTED_EDGE('',*,*,#1677,.T.);
#1677 = EDGE_CURVE('',#1670,#1678,#1680,.T.);
#1678 = VERTEX_POINT('',#1679);
#1679 = CARTESIAN_POINT('',(7.5,24.75,1.55));
#1680 = LINE('',#1681,#1682);
#1681 = CARTESIAN_POINT('',(7.5,24.75,1.));
#1682 = VECTOR('',#1683,1.);
#1683 = DIRECTION('',(0.,0.,1.));
#1684 = ORIENTED_EDGE('',*,*,#1685,.F.);
#1685 = EDGE_CURVE('',#1662,#1678,#1686,.T.);
#1686 = LINE('',#1687,#1688);
#1687 = CARTESIAN_POINT('',(7.5,23.75,1.55));
#1688 = VECTOR('',#1689,1.);
#1689 = DIRECTION('',(0.,1.,0.));
#1690 = PLANE('',#1691);
#1691 = AXIS2_PLACEMENT_3D('',#1692,#1693,#1694);
#1692 = CARTESIAN_POINT('',(7.5,23.75,1.));
#1693 = DIRECTION('',(1.,0.,0.));
#1694 = DIRECTION('',(0.,0.,1.));
#1695 = ADVANCED_FACE('',(#1696),#1712,.F.);
#1696 = FACE_BOUND('',#1697,.F.);
#1697 = EDGE_LOOP('',(#1698,#1704,#1705,#1711));
#1698 = ORIENTED_EDGE('',*,*,#1699,.F.);
#1699 = EDGE_CURVE('',#1620,#1660,#1700,.T.);
#1700 = LINE('',#1701,#1702);
#1701 = CARTESIAN_POINT('',(7.,23.75,1.));
#1702 = VECTOR('',#1703,1.);
#1703 = DIRECTION('',(1.,0.,0.));
#1704 = ORIENTED_EDGE('',*,*,#1619,.T.);
#1705 = ORIENTED_EDGE('',*,*,#1706,.T.);
#1706 = EDGE_CURVE('',#1622,#1662,#1707,.T.);
#1707 = LINE('',#1708,#1709);
#1708 = CARTESIAN_POINT('',(7.,23.75,1.55));
#1709 = VECTOR('',#1710,1.);
#1710 = DIRECTION('',(1.,0.,0.));
#1711 = ORIENTED_EDGE('',*,*,#1659,.F.);
#1712 = PLANE('',#1713);
#1713 = AXIS2_PLACEMENT_3D('',#1714,#1715,#1716);
#1714 = CARTESIAN_POINT('',(7.,23.75,1.));
#1715 = DIRECTION('',(0.,1.,0.));
#1716 = DIRECTION('',(0.,0.,1.));
#1717 = ADVANCED_FACE('',(#1718),#1734,.T.);
#1718 = FACE_BOUND('',#1719,.T.);
#1719 = EDGE_LOOP('',(#1720,#1726,#1727,#1733));
#1720 = ORIENTED_EDGE('',*,*,#1721,.F.);
#1721 = EDGE_CURVE('',#1630,#1670,#1722,.T.);
#1722 = LINE('',#1723,#1724);
#1723 = CARTESIAN_POINT('',(7.,24.75,1.));
#1724 = VECTOR('',#1725,1.);
#1725 = DIRECTION('',(1.,0.,0.));
#1726 = ORIENTED_EDGE('',*,*,#1637,.T.);
#1727 = ORIENTED_EDGE('',*,*,#1728,.T.);
#1728 = EDGE_CURVE('',#1638,#1678,#1729,.T.);
#1729 = LINE('',#1730,#1731);
#1730 = CARTESIAN_POINT('',(7.,24.75,1.55));
#1731 = VECTOR('',#1732,1.);
#1732 = DIRECTION('',(1.,0.,0.));
#1733 = ORIENTED_EDGE('',*,*,#1677,.F.);
#1734 = PLANE('',#1735);
#1735 = AXIS2_PLACEMENT_3D('',#1736,#1737,#1738);
#1736 = CARTESIAN_POINT('',(7.,24.75,1.));
#1737 = DIRECTION('',(0.,1.,0.));
#1738 = DIRECTION('',(0.,0.,1.));
#1739 = ADVANCED_FACE('',(#1740),#1746,.F.);
#1740 = FACE_BOUND('',#1741,.F.);
#1741 = EDGE_LOOP('',(#1742,#1743,#1744,#1745));
#1742 = ORIENTED_EDGE('',*,*,#1629,.F.);
#1743 = ORIENTED_EDGE('',*,*,#1699,.T.);
#1744 = ORIENTED_EDGE('',*,*,#1669,.T.);
#1745 = ORIENTED_EDGE('',*,*,#1721,.F.);
#1746 = PLANE('',#1747);
#1747 = AXIS2_PLACEMENT_3D('',#1748,#1749,#1750);
#1748 = CARTESIAN_POINT('',(7.,23.75,1.));
#1749 = DIRECTION('',(0.,0.,1.));
#1750 = DIRECTION('',(1.,0.,0.));
#1751 = ADVANCED_FACE('',(#1752),#1758,.T.);
#1752 = FACE_BOUND('',#1753,.T.);
#1753 = EDGE_LOOP('',(#1754,#1755,#1756,#1757));
#1754 = ORIENTED_EDGE('',*,*,#1645,.F.);
#1755 = ORIENTED_EDGE('',*,*,#1706,.T.);
#1756 = ORIENTED_EDGE('',*,*,#1685,.T.);
#1757 = ORIENTED_EDGE('',*,*,#1728,.F.);
#1758 = PLANE('',#1759);
#1759 = AXIS2_PLACEMENT_3D('',#1760,#1761,#1762);
#1760 = CARTESIAN_POINT('',(7.,23.75,1.55));
#1761 = DIRECTION('',(0.,0.,1.));
#1762 = DIRECTION('',(1.,0.,0.));
#1763 = MANIFOLD_SOLID_BREP('',#1764);
#1764 = CLOSED_SHELL('',(#1765,#1805,#1845,#1867,#1889,#1901));
#1765 = ADVANCED_FACE('',(#1766),#1800,.F.);
#1766 = FACE_BOUND('',#1767,.F.);
#1767 = EDGE_LOOP('',(#1768,#1778,#1786,#1794));
#1768 = ORIENTED_EDGE('',*,*,#1769,.F.);
#1769 = EDGE_CURVE('',#1770,#1772,#1774,.T.);
#1770 = VERTEX_POINT('',#1771);
#1771 = CARTESIAN_POINT('',(6.15,11.8,1.));
#1772 = VERTEX_POINT('',#1773);
#1773 = CARTESIAN_POINT('',(6.15,11.8,1.4));
#1774 = LINE('',#1775,#1776);
#1775 = CARTESIAN_POINT('',(6.15,11.8,1.));
#1776 = VECTOR('',#1777,1.);
#1777 = DIRECTION('',(0.,0.,1.));
#1778 = ORIENTED_EDGE('',*,*,#1779,.T.);
#1779 = EDGE_CURVE('',#1770,#1780,#1782,.T.);
#1780 = VERTEX_POINT('',#1781);
#1781 = CARTESIAN_POINT('',(6.15,12.4,1.));
#1782 = LINE('',#1783,#1784);
#1783 = CARTESIAN_POINT('',(6.15,11.8,1.));
#1784 = VECTOR('',#1785,1.);
#1785 = DIRECTION('',(0.,1.,0.));
#1786 = ORIENTED_EDGE('',*,*,#1787,.T.);
#1787 = EDGE_CURVE('',#1780,#1788,#1790,.T.);
#1788 = VERTEX_POINT('',#1789);
#1789 = CARTESIAN_POINT('',(6.15,12.4,1.4));
#1790 = LINE('',#1791,#1792);
#1791 = CARTESIAN_POINT('',(6.15,12.4,1.));
#1792 = VECTOR('',#1793,1.);
#1793 = DIRECTION('',(0.,0.,1.));
#1794 = ORIENTED_EDGE('',*,*,#1795,.F.);
#1795 = EDGE_CURVE('',#1772,#1788,#1796,.T.);
#1796 = LINE('',#1797,#1798);
#1797 = CARTESIAN_POINT('',(6.15,11.8,1.4));
#1798 = VECTOR('',#1799,1.);
#1799 = DIRECTION('',(0.,1.,0.));
#1800 = PLANE('',#1801);
#1801 = AXIS2_PLACEMENT_3D('',#1802,#1803,#1804);
#1802 = CARTESIAN_POINT('',(6.15,11.8,1.));
#1803 = DIRECTION('',(1.,0.,0.));
#1804 = DIRECTION('',(0.,0.,1.));
#1805 = ADVANCED_FACE('',(#1806),#1840,.T.);
#1806 = FACE_BOUND('',#1807,.T.);
#1807 = EDGE_LOOP('',(#1808,#1818,#1826,#1834));
#1808 = ORIENTED_EDGE('',*,*,#1809,.F.);
#1809 = EDGE_CURVE('',#1810,#1812,#1814,.T.);
#1810 = VERTEX_POINT('',#1811);
#1811 = CARTESIAN_POINT('',(7.25,11.8,1.));
#1812 = VERTEX_POINT('',#1813);
#1813 = CARTESIAN_POINT('',(7.25,11.8,1.4));
#1814 = LINE('',#1815,#1816);
#1815 = CARTESIAN_POINT('',(7.25,11.8,1.));
#1816 = VECTOR('',#1817,1.);
#1817 = DIRECTION('',(0.,0.,1.));
#1818 = ORIENTED_EDGE('',*,*,#1819,.T.);
#1819 = EDGE_CURVE('',#1810,#1820,#1822,.T.);
#1820 = VERTEX_POINT('',#1821);
#1821 = CARTESIAN_POINT('',(7.25,12.4,1.));
#1822 = LINE('',#1823,#1824);
#1823 = CARTESIAN_POINT('',(7.25,11.8,1.));
#1824 = VECTOR('',#1825,1.);
#1825 = DIRECTION('',(0.,1.,0.));
#1826 = ORIENTED_EDGE('',*,*,#1827,.T.);
#1827 = EDGE_CURVE('',#1820,#1828,#1830,.T.);
#1828 = VERTEX_POINT('',#1829);
#1829 = CARTESIAN_POINT('',(7.25,12.4,1.4));
#1830 = LINE('',#1831,#1832);
#1831 = CARTESIAN_POINT('',(7.25,12.4,1.));
#1832 = VECTOR('',#1833,1.);
#1833 = DIRECTION('',(0.,0.,1.));
#1834 = ORIENTED_EDGE('',*,*,#1835,.F.);
#1835 = EDGE_CURVE('',#1812,#1828,#1836,.T.);
#1836 = LINE('',#1837,#1838);
#1837 = CARTESIAN_POINT('',(7.25,11.8,1.4));
#1838 = VECTOR('',#1839,1.);
#1839 = DIRECTION('',(0.,1.,0.));
#1840 = PLANE('',#1841);
#1841 = AXIS2_PLACEMENT_3D('',#1842,#1843,#1844);
#1842 = CARTESIAN_POINT('',(7.25,11.8,1.));
#1843 = DIRECTION('',(1.,0.,0.));
#1844 = DIRECTION('',(0.,0.,1.));
#1845 = ADVANCED_FACE('',(#1846),#1862,.F.);
#1846 = FACE_BOUND('',#1847,.F.);
#1847 = EDGE_LOOP('',(#1848,#1854,#1855,#1861));
#1848 = ORIENTED_EDGE('',*,*,#1849,.F.);
#1849 = EDGE_CURVE('',#1770,#1810,#1850,.T.);
#1850 = LINE('',#1851,#1852);
#1851 = CARTESIAN_POINT('',(6.15,11.8,1.));
#1852 = VECTOR('',#1853,1.);
#1853 = DIRECTION('',(1.,0.,0.));
#1854 = ORIENTED_EDGE('',*,*,#1769,.T.);
#1855 = ORIENTED_EDGE('',*,*,#1856,.T.);
#1856 = EDGE_CURVE('',#1772,#1812,#1857,.T.);
#1857 = LINE('',#1858,#1859);
#1858 = CARTESIAN_POINT('',(6.15,11.8,1.4));
#1859 = VECTOR('',#1860,1.);
#1860 = DIRECTION('',(1.,0.,0.));
#1861 = ORIENTED_EDGE('',*,*,#1809,.F.);
#1862 = PLANE('',#1863);
#1863 = AXIS2_PLACEMENT_3D('',#1864,#1865,#1866);
#1864 = CARTESIAN_POINT('',(6.15,11.8,1.));
#1865 = DIRECTION('',(0.,1.,0.));
#1866 = DIRECTION('',(0.,0.,1.));
#1867 = ADVANCED_FACE('',(#1868),#1884,.T.);
#1868 = FACE_BOUND('',#1869,.T.);
#1869 = EDGE_LOOP('',(#1870,#1876,#1877,#1883));
#1870 = ORIENTED_EDGE('',*,*,#1871,.F.);
#1871 = EDGE_CURVE('',#1780,#1820,#1872,.T.);
#1872 = LINE('',#1873,#1874);
#1873 = CARTESIAN_POINT('',(6.15,12.4,1.));
#1874 = VECTOR('',#1875,1.);
#1875 = DIRECTION('',(1.,0.,0.));
#1876 = ORIENTED_EDGE('',*,*,#1787,.T.);
#1877 = ORIENTED_EDGE('',*,*,#1878,.T.);
#1878 = EDGE_CURVE('',#1788,#1828,#1879,.T.);
#1879 = LINE('',#1880,#1881);
#1880 = CARTESIAN_POINT('',(6.15,12.4,1.4));
#1881 = VECTOR('',#1882,1.);
#1882 = DIRECTION('',(1.,0.,0.));
#1883 = ORIENTED_EDGE('',*,*,#1827,.F.);
#1884 = PLANE('',#1885);
#1885 = AXIS2_PLACEMENT_3D('',#1886,#1887,#1888);
#1886 = CARTESIAN_POINT('',(6.15,12.4,1.));
#1887 = DIRECTION('',(0.,1.,0.));
#1888 = DIRECTION('',(0.,0.,1.));
#1889 = ADVANCED_FACE('',(#1890),#1896,.F.);
#1890 = FACE_BOUND('',#1891,.F.);
#1891 = EDGE_LOOP('',(#1892,#1893,#1894,#1895));
#1892 = ORIENTED_EDGE('',*,*,#1779,.F.);
#1893 = ORIENTED_EDGE('',*,*,#1849,.T.);
#1894 = ORIENTED_EDGE('',*,*,#1819,.T.);
#1895 = ORIENTED_EDGE('',*,*,#1871,.F.);
#1896 = PLANE('',#1897);
#1897 = AXIS2_PLACEMENT_3D('',#1898,#1899,#1900);
#1898 = CARTESIAN_POINT('',(6.15,11.8,1.));
#1899 = DIRECTION('',(0.,0.,1.));
#1900 = DIRECTION('',(1.,0.,0.));
#1901 = ADVANCED_FACE('',(#1902),#1908,.T.);
#1902 = FACE_BOUND('',#1903,.T.);
#1903 = EDGE_LOOP('',(#1904,#1905,#1906,#1907));
#1904 = ORIENTED_EDGE('',*,*,#1795,.F.);
#1905 = ORIENTED_EDGE('',*,*,#1856,.T.);
#1906 = ORIENTED_EDGE('',*,*,#1835,.T.);
#1907 = ORIENTED_EDGE('',*,*,#1878,.F.);
#1908 = PLANE('',#1909);
#1909 = AXIS2_PLACEMENT_3D('',#1910,#1911,#1912);
#1910 = CARTESIAN_POINT('',(6.15,11.8,1.4));
#1911 = DIRECTION('',(0.,0.,1.));
#1912 = DIRECTION('',(1.,0.,0.));
#1913 = MANIFOLD_SOLID_BREP('',#1914);
#1914 = CLOSED_SHELL('',(#1915,#1955,#1995,#2017,#2039,#2051));
#1915 = ADVANCED_FACE('',(#1916),#1950,.F.);
#1916 = FACE_BOUND('',#1917,.F.);
#1917 = EDGE_LOOP('',(#1918,#1928,#1936,#1944));
#1918 = ORIENTED_EDGE('',*,*,#1919,.F.);
#1919 = EDGE_CURVE('',#1920,#1922,#1924,.T.);
#1920 = VERTEX_POINT('',#1921);
#1921 = CARTESIAN_POINT('',(9.45,22.95,1.));
#1922 = VERTEX_POINT('',#1923);
#1923 = CARTESIAN_POINT('',(9.45,22.95,1.55));
#1924 = LINE('',#1925,#1926);
#1925 = CARTESIAN_POINT('',(9.45,22.95,1.));
#1926 = VECTOR('',#1927,1.);
#1927 = DIRECTION('',(0.,0.,1.));
#1928 = ORIENTED_EDGE('',*,*,#1929,.T.);
#1929 = EDGE_CURVE('',#1920,#1930,#1932,.T.);
#1930 = VERTEX_POINT('',#1931);
#1931 = CARTESIAN_POINT('',(9.45,24.05,1.));
#1932 = LINE('',#1933,#1934);
#1933 = CARTESIAN_POINT('',(9.45,22.95,1.));
#1934 = VECTOR('',#1935,1.);
#1935 = DIRECTION('',(0.,1.,0.));
#1936 = ORIENTED_EDGE('',*,*,#1937,.T.);
#1937 = EDGE_CURVE('',#1930,#1938,#1940,.T.);
#1938 = VERTEX_POINT('',#1939);
#1939 = CARTESIAN_POINT('',(9.45,24.05,1.55));
#1940 = LINE('',#1941,#1942);
#1941 = CARTESIAN_POINT('',(9.45,24.05,1.));
#1942 = VECTOR('',#1943,1.);
#1943 = DIRECTION('',(0.,0.,1.));
#1944 = ORIENTED_EDGE('',*,*,#1945,.F.);
#1945 = EDGE_CURVE('',#1922,#1938,#1946,.T.);
#1946 = LINE('',#1947,#1948);
#1947 = CARTESIAN_POINT('',(9.45,22.95,1.55));
#1948 = VECTOR('',#1949,1.);
#1949 = DIRECTION('',(0.,1.,0.));
#1950 = PLANE('',#1951);
#1951 = AXIS2_PLACEMENT_3D('',#1952,#1953,#1954);
#1952 = CARTESIAN_POINT('',(9.45,22.95,1.));
#1953 = DIRECTION('',(1.,0.,0.));
#1954 = DIRECTION('',(0.,0.,1.));
#1955 = ADVANCED_FACE('',(#1956),#1990,.T.);
#1956 = FACE_BOUND('',#1957,.T.);
#1957 = EDGE_LOOP('',(#1958,#1968,#1976,#1984));
#1958 = ORIENTED_EDGE('',*,*,#1959,.F.);
#1959 = EDGE_CURVE('',#1960,#1962,#1964,.T.);
#1960 = VERTEX_POINT('',#1961);
#1961 = CARTESIAN_POINT('',(10.05,22.95,1.));
#1962 = VERTEX_POINT('',#1963);
#1963 = CARTESIAN_POINT('',(10.05,22.95,1.55));
#1964 = LINE('',#1965,#1966);
#1965 = CARTESIAN_POINT('',(10.05,22.95,1.));
#1966 = VECTOR('',#1967,1.);
#1967 = DIRECTION('',(0.,0.,1.));
#1968 = ORIENTED_EDGE('',*,*,#1969,.T.);
#1969 = EDGE_CURVE('',#1960,#1970,#1972,.T.);
#1970 = VERTEX_POINT('',#1971);
#1971 = CARTESIAN_POINT('',(10.05,24.05,1.));
#1972 = LINE('',#1973,#1974);
#1973 = CARTESIAN_POINT('',(10.05,22.95,1.));
#1974 = VECTOR('',#1975,1.);
#1975 = DIRECTION('',(0.,1.,0.));
#1976 = ORIENTED_EDGE('',*,*,#1977,.T.);
#1977 = EDGE_CURVE('',#1970,#1978,#1980,.T.);
#1978 = VERTEX_POINT('',#1979);
#1979 = CARTESIAN_POINT('',(10.05,24.05,1.55));
#1980 = LINE('',#1981,#1982);
#1981 = CARTESIAN_POINT('',(10.05,24.05,1.));
#1982 = VECTOR('',#1983,1.);
#1983 = DIRECTION('',(0.,0.,1.));
#1984 = ORIENTED_EDGE('',*,*,#1985,.F.);
#1985 = EDGE_CURVE('',#1962,#1978,#1986,.T.);
#1986 = LINE('',#1987,#1988);
#1987 = CARTESIAN_POINT('',(10.05,22.95,1.55));
#1988 = VECTOR('',#1989,1.);
#1989 = DIRECTION('',(0.,1.,0.));
#1990 = PLANE('',#1991);
#1991 = AXIS2_PLACEMENT_3D('',#1992,#1993,#1994);
#1992 = CARTESIAN_POINT('',(10.05,22.95,1.));
#1993 = DIRECTION('',(1.,0.,0.));
#1994 = DIRECTION('',(0.,0.,1.));
#1995 = ADVANCED_FACE('',(#1996),#2012,.F.);
#1996 = FACE_BOUND('',#1997,.F.);
#1997 = EDGE_LOOP('',(#1998,#2004,#2005,#2011));
#1998 = ORIENTED_EDGE('',*,*,#1999,.F.);
#1999 = EDGE_CURVE('',#1920,#1960,#2000,.T.);
#2000 = LINE('',#2001,#2002);
#2001 = CARTESIAN_POINT('',(9.45,22.95,1.));
#2002 = VECTOR('',#2003,1.);
#2003 = DIRECTION('',(1.,0.,0.));
#2004 = ORIENTED_EDGE('',*,*,#1919,.T.);
#2005 = ORIENTED_EDGE('',*,*,#2006,.T.);
#2006 = EDGE_CURVE('',#1922,#1962,#2007,.T.);
#2007 = LINE('',#2008,#2009);
#2008 = CARTESIAN_POINT('',(9.45,22.95,1.55));
#2009 = VECTOR('',#2010,1.);
#2010 = DIRECTION('',(1.,0.,0.));
#2011 = ORIENTED_EDGE('',*,*,#1959,.F.);
#2012 = PLANE('',#2013);
#2013 = AXIS2_PLACEMENT_3D('',#2014,#2015,#2016);
#2014 = CARTESIAN_POINT('',(9.45,22.95,1.));
#2015 = DIRECTION('',(0.,1.,0.));
#2016 = DIRECTION('',(0.,0.,1.));
#2017 = ADVANCED_FACE('',(#2018),#2034,.T.);
#2018 = FACE_BOUND('',#2019,.T.);
#2019 = EDGE_LOOP('',(#2020,#2026,#2027,#2033));
#2020 = ORIENTED_EDGE('',*,*,#2021,.F.);
#2021 = EDGE_CURVE('',#1930,#1970,#2022,.T.);
#2022 = LINE('',#2023,#2024);
#2023 = CARTESIAN_POINT('',(9.45,24.05,1.));
#2024 = VECTOR('',#2025,1.);
#2025 = DIRECTION('',(1.,0.,0.));
#2026 = ORIENTED_EDGE('',*,*,#1937,.T.);
#2027 = ORIENTED_EDGE('',*,*,#2028,.T.);
#2028 = EDGE_CURVE('',#1938,#1978,#2029,.T.);
#2029 = LINE('',#2030,#2031);
#2030 = CARTESIAN_POINT('',(9.45,24.05,1.55));
#2031 = VECTOR('',#2032,1.);
#2032 = DIRECTION('',(1.,0.,0.));
#2033 = ORIENTED_EDGE('',*,*,#1977,.F.);
#2034 = PLANE('',#2035);
#2035 = AXIS2_PLACEMENT_3D('',#2036,#2037,#2038);
#2036 = CARTESIAN_POINT('',(9.45,24.05,1.));
#2037 = DIRECTION('',(0.,1.,0.));
#2038 = DIRECTION('',(0.,0.,1.));
#2039 = ADVANCED_FACE('',(#2040),#2046,.F.);
#2040 = FACE_BOUND('',#2041,.F.);
#2041 = EDGE_LOOP('',(#2042,#2043,#2044,#2045));
#2042 = ORIENTED_EDGE('',*,*,#1929,.F.);
#2043 = ORIENTED_EDGE('',*,*,#1999,.T.);
#2044 = ORIENTED_EDGE('',*,*,#1969,.T.);
#2045 = ORIENTED_EDGE('',*,*,#2021,.F.);
#2046 = PLANE('',#2047);
#2047 = AXIS2_PLACEMENT_3D('',#2048,#2049,#2050);
#2048 = CARTESIAN_POINT('',(9.45,22.95,1.));
#2049 = DIRECTION('',(0.,0.,1.));
#2050 = DIRECTION('',(1.,0.,0.));
#2051 = ADVANCED_FACE('',(#2052),#2058,.T.);
#2052 = FACE_BOUND('',#2053,.T.);
#2053 = EDGE_LOOP('',(#2054,#2055,#2056,#2057));
#2054 = ORIENTED_EDGE('',*,*,#1945,.F.);
#2055 = ORIENTED_EDGE('',*,*,#2006,.T.);
#2056 = ORIENTED_EDGE('',*,*,#1985,.T.);
#2057 = ORIENTED_EDGE('',*,*,#2028,.F.);
#2058 = PLANE('',#2059);
#2059 = AXIS2_PLACEMENT_3D('',#2060,#2061,#2062);
#2060 = CARTESIAN_POINT('',(9.45,22.95,1.55));
#2061 = DIRECTION('',(0.,0.,1.));
#2062 = DIRECTION('',(1.,0.,0.));
#2063 = MANIFOLD_SOLID_BREP('',#2064);
#2064 = CLOSED_SHELL('',(#2065,#2105,#2145,#2167,#2189,#2201));
#2065 = ADVANCED_FACE('',(#2066),#2100,.F.);
#2066 = FACE_BOUND('',#2067,.F.);
#2067 = EDGE_LOOP('',(#2068,#2078,#2086,#2094));
#2068 = ORIENTED_EDGE('',*,*,#2069,.F.);
#2069 = EDGE_CURVE('',#2070,#2072,#2074,.T.);
#2070 = VERTEX_POINT('',#2071);
#2071 = CARTESIAN_POINT('',(16.05,11.1,1.));
#2072 = VERTEX_POINT('',#2073);
#2073 = CARTESIAN_POINT('',(16.05,11.1,1.7));
#2074 = LINE('',#2075,#2076);
#2075 = CARTESIAN_POINT('',(16.05,11.1,1.));
#2076 = VECTOR('',#2077,1.);
#2077 = DIRECTION('',(0.,0.,1.));
#2078 = ORIENTED_EDGE('',*,*,#2079,.T.);
#2079 = EDGE_CURVE('',#2070,#2080,#2082,.T.);
#2080 = VERTEX_POINT('',#2081);
#2081 = CARTESIAN_POINT('',(16.05,12.7,1.));
#2082 = LINE('',#2083,#2084);
#2083 = CARTESIAN_POINT('',(16.05,11.1,1.));
#2084 = VECTOR('',#2085,1.);
#2085 = DIRECTION('',(0.,1.,0.));
#2086 = ORIENTED_EDGE('',*,*,#2087,.T.);
#2087 = EDGE_CURVE('',#2080,#2088,#2090,.T.);
#2088 = VERTEX_POINT('',#2089);
#2089 = CARTESIAN_POINT('',(16.05,12.7,1.7));
#2090 = LINE('',#2091,#2092);
#2091 = CARTESIAN_POINT('',(16.05,12.7,1.));
#2092 = VECTOR('',#2093,1.);
#2093 = DIRECTION('',(0.,0.,1.));
#2094 = ORIENTED_EDGE('',*,*,#2095,.F.);
#2095 = EDGE_CURVE('',#2072,#2088,#2096,.T.);
#2096 = LINE('',#2097,#2098);
#2097 = CARTESIAN_POINT('',(16.05,11.1,1.7));
#2098 = VECTOR('',#2099,1.);
#2099 = DIRECTION('',(0.,1.,0.));
#2100 = PLANE('',#2101);
#2101 = AXIS2_PLACEMENT_3D('',#2102,#2103,#2104);
#2102 = CARTESIAN_POINT('',(16.05,11.1,1.));
#2103 = DIRECTION('',(1.,0.,0.));
#2104 = DIRECTION('',(0.,0.,1.));
#2105 = ADVANCED_FACE('',(#2106),#2140,.T.);
#2106 = FACE_BOUND('',#2107,.T.);
#2107 = EDGE_LOOP('',(#2108,#2118,#2126,#2134));
#2108 = ORIENTED_EDGE('',*,*,#2109,.F.);
#2109 = EDGE_CURVE('',#2110,#2112,#2114,.T.);
#2110 = VERTEX_POINT('',#2111);
#2111 = CARTESIAN_POINT('',(17.65,11.1,1.));
#2112 = VERTEX_POINT('',#2113);
#2113 = CARTESIAN_POINT('',(17.65,11.1,1.7));
#2114 = LINE('',#2115,#2116);
#2115 = CARTESIAN_POINT('',(17.65,11.1,1.));
#2116 = VECTOR('',#2117,1.);
#2117 = DIRECTION('',(0.,0.,1.));
#2118 = ORIENTED_EDGE('',*,*,#2119,.T.);
#2119 = EDGE_CURVE('',#2110,#2120,#2122,.T.);
#2120 = VERTEX_POINT('',#2121);
#2121 = CARTESIAN_POINT('',(17.65,12.7,1.));
#2122 = LINE('',#2123,#2124);
#2123 = CARTESIAN_POINT('',(17.65,11.1,1.));
#2124 = VECTOR('',#2125,1.);
#2125 = DIRECTION('',(0.,1.,0.));
#2126 = ORIENTED_EDGE('',*,*,#2127,.T.);
#2127 = EDGE_CURVE('',#2120,#2128,#2130,.T.);
#2128 = VERTEX_POINT('',#2129);
#2129 = CARTESIAN_POINT('',(17.65,12.7,1.7));
#2130 = LINE('',#2131,#2132);
#2131 = CARTESIAN_POINT('',(17.65,12.7,1.));
#2132 = VECTOR('',#2133,1.);
#2133 = DIRECTION('',(0.,0.,1.));
#2134 = ORIENTED_EDGE('',*,*,#2135,.F.);
#2135 = EDGE_CURVE('',#2112,#2128,#2136,.T.);
#2136 = LINE('',#2137,#2138);
#2137 = CARTESIAN_POINT('',(17.65,11.1,1.7));
#2138 = VECTOR('',#2139,1.);
#2139 = DIRECTION('',(0.,1.,0.));
#2140 = PLANE('',#2141);
#2141 = AXIS2_PLACEMENT_3D('',#2142,#2143,#2144);
#2142 = CARTESIAN_POINT('',(17.65,11.1,1.));
#2143 = DIRECTION('',(1.,0.,0.));
#2144 = DIRECTION('',(0.,0.,1.));
#2145 = ADVANCED_FACE('',(#2146),#2162,.F.);
#2146 = FACE_BOUND('',#2147,.F.);
#2147 = EDGE_LOOP('',(#2148,#2154,#2155,#2161));
#2148 = ORIENTED_EDGE('',*,*,#2149,.F.);
#2149 = EDGE_CURVE('',#2070,#2110,#2150,.T.);
#2150 = LINE('',#2151,#2152);
#2151 = CARTESIAN_POINT('',(16.05,11.1,1.));
#2152 = VECTOR('',#2153,1.);
#2153 = DIRECTION('',(1.,0.,0.));
#2154 = ORIENTED_EDGE('',*,*,#2069,.T.);
#2155 = ORIENTED_EDGE('',*,*,#2156,.T.);
#2156 = EDGE_CURVE('',#2072,#2112,#2157,.T.);
#2157 = LINE('',#2158,#2159);
#2158 = CARTESIAN_POINT('',(16.05,11.1,1.7));
#2159 = VECTOR('',#2160,1.);
#2160 = DIRECTION('',(1.,0.,0.));
#2161 = ORIENTED_EDGE('',*,*,#2109,.F.);
#2162 = PLANE('',#2163);
#2163 = AXIS2_PLACEMENT_3D('',#2164,#2165,#2166);
#2164 = CARTESIAN_POINT('',(16.05,11.1,1.));
#2165 = DIRECTION('',(0.,1.,0.));
#2166 = DIRECTION('',(0.,0.,1.));
#2167 = ADVANCED_FACE('',(#2168),#2184,.T.);
#2168 = FACE_BOUND('',#2169,.T.);
#2169 = EDGE_LOOP('',(#2170,#2176,#2177,#2183));
#2170 = ORIENTED_EDGE('',*,*,#2171,.F.);
#2171 = EDGE_CURVE('',#2080,#2120,#2172,.T.);
#2172 = LINE('',#2173,#2174);
#2173 = CARTESIAN_POINT('',(16.05,12.7,1.));
#2174 = VECTOR('',#2175,1.);
#2175 = DIRECTION('',(1.,0.,0.));
#2176 = ORIENTED_EDGE('',*,*,#2087,.T.);
#2177 = ORIENTED_EDGE('',*,*,#2178,.T.);
#2178 = EDGE_CURVE('',#2088,#2128,#2179,.T.);
#2179 = LINE('',#2180,#2181);
#2180 = CARTESIAN_POINT('',(16.05,12.7,1.7));
#2181 = VECTOR('',#2182,1.);
#2182 = DIRECTION('',(1.,0.,0.));
#2183 = ORIENTED_EDGE('',*,*,#2127,.F.);
#2184 = PLANE('',#2185);
#2185 = AXIS2_PLACEMENT_3D('',#2186,#2187,#2188);
#2186 = CARTESIAN_POINT('',(16.05,12.7,1.));
#2187 = DIRECTION('',(0.,1.,0.));
#2188 = DIRECTION('',(0.,0.,1.));
#2189 = ADVANCED_FACE('',(#2190),#2196,.F.);
#2190 = FACE_BOUND('',#2191,.F.);
#2191 = EDGE_LOOP('',(#2192,#2193,#2194,#2195));
#2192 = ORIENTED_EDGE('',*,*,#2079,.F.);
#2193 = ORIENTED_EDGE('',*,*,#2149,.T.);
#2194 = ORIENTED_EDGE('',*,*,#2119,.T.);
#2195 = ORIENTED_EDGE('',*,*,#2171,.F.);
#2196 = PLANE('',#2197);
#2197 = AXIS2_PLACEMENT_3D('',#2198,#2199,#2200);
#2198 = CARTESIAN_POINT('',(16.05,11.1,1.));
#2199 = DIRECTION('',(0.,0.,1.));
#2200 = DIRECTION('',(1.,0.,0.));
#2201 = ADVANCED_FACE('',(#2202),#2208,.T.);
#2202 = FACE_BOUND('',#2203,.T.);
#2203 = EDGE_LOOP('',(#2204,#2205,#2206,#2207));
#2204 = ORIENTED_EDGE('',*,*,#2095,.F.);
#2205 = ORIENTED_EDGE('',*,*,#2156,.T.);
#2206 = ORIENTED_EDGE('',*,*,#2135,.T.);
#2207 = ORIENTED_EDGE('',*,*,#2178,.F.);
#2208 = PLANE('',#2209);
#2209 = AXIS2_PLACEMENT_3D('',#2210,#2211,#2212);
#2210 = CARTESIAN_POINT('',(16.05,11.1,1.7));
#2211 = DIRECTION('',(0.,0.,1.));
#2212 = DIRECTION('',(1.,0.,0.));
#2213 = MANIFOLD_SOLID_BREP('',#2214);
#2214 = CLOSED_SHELL('',(#2215,#2255,#2295,#2317,#2339,#2351));
#2215 = ADVANCED_FACE('',(#2216),#2250,.F.);
#2216 = FACE_BOUND('',#2217,.F.);
#2217 = EDGE_LOOP('',(#2218,#2228,#2236,#2244));
#2218 = ORIENTED_EDGE('',*,*,#2219,.F.);
#2219 = EDGE_CURVE('',#2220,#2222,#2224,.T.);
#2220 = VERTEX_POINT('',#2221);
#2221 = CARTESIAN_POINT('',(10.95,19.95,1.));
#2222 = VERTEX_POINT('',#2223);
#2223 = CARTESIAN_POINT('',(10.95,19.95,2.05));
#2224 = LINE('',#2225,#2226);
#2225 = CARTESIAN_POINT('',(10.95,19.95,1.));
#2226 = VECTOR('',#2227,1.);
#2227 = DIRECTION('',(0.,0.,1.));
#2228 = ORIENTED_EDGE('',*,*,#2229,.T.);
#2229 = EDGE_CURVE('',#2220,#2230,#2232,.T.);
#2230 = VERTEX_POINT('',#2231);
#2231 = CARTESIAN_POINT('',(10.95,23.05,1.));
#2232 = LINE('',#2233,#2234);
#2233 = CARTESIAN_POINT('',(10.95,19.95,1.));
#2234 = VECTOR('',#2235,1.);
#2235 = DIRECTION('',(0.,1.,0.));
#2236 = ORIENTED_EDGE('',*,*,#2237,.T.);
#2237 = EDGE_CURVE('',#2230,#2238,#2240,.T.);
#2238 = VERTEX_POINT('',#2239);
#2239 = CARTESIAN_POINT('',(10.95,23.05,2.05));
#2240 = LINE('',#2241,#2242);
#2241 = CARTESIAN_POINT('',(10.95,23.05,1.));
#2242 = VECTOR('',#2243,1.);
#2243 = DIRECTION('',(0.,0.,1.));
#2244 = ORIENTED_EDGE('',*,*,#2245,.F.);
#2245 = EDGE_CURVE('',#2222,#2238,#2246,.T.);
#2246 = LINE('',#2247,#2248);
#2247 = CARTESIAN_POINT('',(10.95,19.95,2.05));
#2248 = VECTOR('',#2249,1.);
#2249 = DIRECTION('',(0.,1.,0.));
#2250 = PLANE('',#2251);
#2251 = AXIS2_PLACEMENT_3D('',#2252,#2253,#2254);
#2252 = CARTESIAN_POINT('',(10.95,19.95,1.));
#2253 = DIRECTION('',(1.,0.,0.));
#2254 = DIRECTION('',(0.,0.,1.));
#2255 = ADVANCED_FACE('',(#2256),#2290,.T.);
#2256 = FACE_BOUND('',#2257,.T.);
#2257 = EDGE_LOOP('',(#2258,#2268,#2276,#2284));
#2258 = ORIENTED_EDGE('',*,*,#2259,.F.);
#2259 = EDGE_CURVE('',#2260,#2262,#2264,.T.);
#2260 = VERTEX_POINT('',#2261);
#2261 = CARTESIAN_POINT('',(14.05,19.95,1.));
#2262 = VERTEX_POINT('',#2263);
#2263 = CARTESIAN_POINT('',(14.05,19.95,2.05));
#2264 = LINE('',#2265,#2266);
#2265 = CARTESIAN_POINT('',(14.05,19.95,1.));
#2266 = VECTOR('',#2267,1.);
#2267 = DIRECTION('',(0.,0.,1.));
#2268 = ORIENTED_EDGE('',*,*,#2269,.T.);
#2269 = EDGE_CURVE('',#2260,#2270,#2272,.T.);
#2270 = VERTEX_POINT('',#2271);
#2271 = CARTESIAN_POINT('',(14.05,23.05,1.));
#2272 = LINE('',#2273,#2274);
#2273 = CARTESIAN_POINT('',(14.05,19.95,1.));
#2274 = VECTOR('',#2275,1.);
#2275 = DIRECTION('',(0.,1.,0.));
#2276 = ORIENTED_EDGE('',*,*,#2277,.T.);
#2277 = EDGE_CURVE('',#2270,#2278,#2280,.T.);
#2278 = VERTEX_POINT('',#2279);
#2279 = CARTESIAN_POINT('',(14.05,23.05,2.05));
#2280 = LINE('',#2281,#2282);
#2281 = CARTESIAN_POINT('',(14.05,23.05,1.));
#2282 = VECTOR('',#2283,1.);
#2283 = DIRECTION('',(0.,0.,1.));
#2284 = ORIENTED_EDGE('',*,*,#2285,.F.);
#2285 = EDGE_CURVE('',#2262,#2278,#2286,.T.);
#2286 = LINE('',#2287,#2288);
#2287 = CARTESIAN_POINT('',(14.05,19.95,2.05));
#2288 = VECTOR('',#2289,1.);
#2289 = DIRECTION('',(0.,1.,0.));
#2290 = PLANE('',#2291);
#2291 = AXIS2_PLACEMENT_3D('',#2292,#2293,#2294);
#2292 = CARTESIAN_POINT('',(14.05,19.95,1.));
#2293 = DIRECTION('',(1.,0.,0.));
#2294 = DIRECTION('',(0.,0.,1.));
#2295 = ADVANCED_FACE('',(#2296),#2312,.F.);
#2296 = FACE_BOUND('',#2297,.F.);
#2297 = EDGE_LOOP('',(#2298,#2304,#2305,#2311));
#2298 = ORIENTED_EDGE('',*,*,#2299,.F.);
#2299 = EDGE_CURVE('',#2220,#2260,#2300,.T.);
#2300 = LINE('',#2301,#2302);
#2301 = CARTESIAN_POINT('',(10.95,19.95,1.));
#2302 = VECTOR('',#2303,1.);
#2303 = DIRECTION('',(1.,0.,0.));
#2304 = ORIENTED_EDGE('',*,*,#2219,.T.);
#2305 = ORIENTED_EDGE('',*,*,#2306,.T.);
#2306 = EDGE_CURVE('',#2222,#2262,#2307,.T.);
#2307 = LINE('',#2308,#2309);
#2308 = CARTESIAN_POINT('',(10.95,19.95,2.05));
#2309 = VECTOR('',#2310,1.);
#2310 = DIRECTION('',(1.,0.,0.));
#2311 = ORIENTED_EDGE('',*,*,#2259,.F.);
#2312 = PLANE('',#2313);
#2313 = AXIS2_PLACEMENT_3D('',#2314,#2315,#2316);
#2314 = CARTESIAN_POINT('',(10.95,19.95,1.));
#2315 = DIRECTION('',(0.,1.,0.));
#2316 = DIRECTION('',(0.,0.,1.));
#2317 = ADVANCED_FACE('',(#2318),#2334,.T.);
#2318 = FACE_BOUND('',#2319,.T.);
#2319 = EDGE_LOOP('',(#2320,#2326,#2327,#2333));
#2320 = ORIENTED_EDGE('',*,*,#2321,.F.);
#2321 = EDGE_CURVE('',#2230,#2270,#2322,.T.);
#2322 = LINE('',#2323,#2324);
#2323 = CARTESIAN_POINT('',(10.95,23.05,1.));
#2324 = VECTOR('',#2325,1.);
#2325 = DIRECTION('',(1.,0.,0.));
#2326 = ORIENTED_EDGE('',*,*,#2237,.T.);
#2327 = ORIENTED_EDGE('',*,*,#2328,.T.);
#2328 = EDGE_CURVE('',#2238,#2278,#2329,.T.);
#2329 = LINE('',#2330,#2331);
#2330 = CARTESIAN_POINT('',(10.95,23.05,2.05));
#2331 = VECTOR('',#2332,1.);
#2332 = DIRECTION('',(1.,0.,0.));
#2333 = ORIENTED_EDGE('',*,*,#2277,.F.);
#2334 = PLANE('',#2335);
#2335 = AXIS2_PLACEMENT_3D('',#2336,#2337,#2338);
#2336 = CARTESIAN_POINT('',(10.95,23.05,1.));
#2337 = DIRECTION('',(0.,1.,0.));
#2338 = DIRECTION('',(0.,0.,1.));
#2339 = ADVANCED_FACE('',(#2340),#2346,.F.);
#2340 = FACE_BOUND('',#2341,.F.);
#2341 = EDGE_LOOP('',(#2342,#2343,#2344,#2345));
#2342 = ORIENTED_EDGE('',*,*,#2229,.F.);
#2343 = ORIENTED_EDGE('',*,*,#2299,.T.);
#2344 = ORIENTED_EDGE('',*,*,#2269,.T.);
#2345 = ORIENTED_EDGE('',*,*,#2321,.F.);
#2346 = PLANE('',#2347);
#2347 = AXIS2_PLACEMENT_3D('',#2348,#2349,#2350);
#2348 = CARTESIAN_POINT('',(10.95,19.95,1.));
#2349 = DIRECTION('',(0.,0.,1.));
#2350 = DIRECTION('',(1.,0.,0.));
#2351 = ADVANCED_FACE('',(#2352),#2358,.T.);
#2352 = FACE_BOUND('',#2353,.T.);
#2353 = EDGE_LOOP('',(#2354,#2355,#2356,#2357));
#2354 = ORIENTED_EDGE('',*,*,#2245,.F.);
#2355 = ORIENTED_EDGE('',*,*,#2306,.T.);
#2356 = ORIENTED_EDGE('',*,*,#2285,.T.);
#2357 = ORIENTED_EDGE('',*,*,#2328,.F.);
#2358 = PLANE('',#2359);
#2359 = AXIS2_PLACEMENT_3D('',#2360,#2361,#2362);
#2360 = CARTESIAN_POINT('',(10.95,19.95,2.05));
#2361 = DIRECTION('',(0.,0.,1.));
#2362 = DIRECTION('',(1.,0.,0.));
#2363 = MANIFOLD_SOLID_BREP('',#2364);
#2364 = CLOSED_SHELL('',(#2365,#2405,#2445,#2467,#2489,#2501));
#2365 = ADVANCED_FACE('',(#2366),#2400,.F.);
#2366 = FACE_BOUND('',#2367,.F.);
#2367 = EDGE_LOOP('',(#2368,#2378,#2386,#2394));
#2368 = ORIENTED_EDGE('',*,*,#2369,.F.);
#2369 = EDGE_CURVE('',#2370,#2372,#2374,.T.);
#2370 = VERTEX_POINT('',#2371);
#2371 = CARTESIAN_POINT('',(5.25,30.75,1.));
#2372 = VERTEX_POINT('',#2373);
#2373 = CARTESIAN_POINT('',(5.25,30.75,1.55));
#2374 = LINE('',#2375,#2376);
#2375 = CARTESIAN_POINT('',(5.25,30.75,1.));
#2376 = VECTOR('',#2377,1.);
#2377 = DIRECTION('',(0.,0.,1.));
#2378 = ORIENTED_EDGE('',*,*,#2379,.T.);
#2379 = EDGE_CURVE('',#2370,#2380,#2382,.T.);
#2380 = VERTEX_POINT('',#2381);
#2381 = CARTESIAN_POINT('',(5.25,31.25,1.));
#2382 = LINE('',#2383,#2384);
#2383 = CARTESIAN_POINT('',(5.25,30.75,1.));
#2384 = VECTOR('',#2385,1.);
#2385 = DIRECTION('',(0.,1.,0.));
#2386 = ORIENTED_EDGE('',*,*,#2387,.T.);
#2387 = EDGE_CURVE('',#2380,#2388,#2390,.T.);
#2388 = VERTEX_POINT('',#2389);
#2389 = CARTESIAN_POINT('',(5.25,31.25,1.55));
#2390 = LINE('',#2391,#2392);
#2391 = CARTESIAN_POINT('',(5.25,31.25,1.));
#2392 = VECTOR('',#2393,1.);
#2393 = DIRECTION('',(0.,0.,1.));
#2394 = ORIENTED_EDGE('',*,*,#2395,.F.);
#2395 = EDGE_CURVE('',#2372,#2388,#2396,.T.);
#2396 = LINE('',#2397,#2398);
#2397 = CARTESIAN_POINT('',(5.25,30.75,1.55));
#2398 = VECTOR('',#2399,1.);
#2399 = DIRECTION('',(0.,1.,0.));
#2400 = PLANE('',#2401);
#2401 = AXIS2_PLACEMENT_3D('',#2402,#2403,#2404);
#2402 = CARTESIAN_POINT('',(5.25,30.75,1.));
#2403 = DIRECTION('',(1.,0.,0.));
#2404 = DIRECTION('',(0.,0.,1.));
#2405 = ADVANCED_FACE('',(#2406),#2440,.T.);
#2406 = FACE_BOUND('',#2407,.T.);
#2407 = EDGE_LOOP('',(#2408,#2418,#2426,#2434));
#2408 = ORIENTED_EDGE('',*,*,#2409,.F.);
#2409 = EDGE_CURVE('',#2410,#2412,#2414,.T.);
#2410 = VERTEX_POINT('',#2411);
#2411 = CARTESIAN_POINT('',(6.25,30.75,1.));
#2412 = VERTEX_POINT('',#2413);
#2413 = CARTESIAN_POINT('',(6.25,30.75,1.55));
#2414 = LINE('',#2415,#2416);
#2415 = CARTESIAN_POINT('',(6.25,30.75,1.));
#2416 = VECTOR('',#2417,1.);
#2417 = DIRECTION('',(0.,0.,1.));
#2418 = ORIENTED_EDGE('',*,*,#2419,.T.);
#2419 = EDGE_CURVE('',#2410,#2420,#2422,.T.);
#2420 = VERTEX_POINT('',#2421);
#2421 = CARTESIAN_POINT('',(6.25,31.25,1.));
#2422 = LINE('',#2423,#2424);
#2423 = CARTESIAN_POINT('',(6.25,30.75,1.));
#2424 = VECTOR('',#2425,1.);
#2425 = DIRECTION('',(0.,1.,0.));
#2426 = ORIENTED_EDGE('',*,*,#2427,.T.);
#2427 = EDGE_CURVE('',#2420,#2428,#2430,.T.);
#2428 = VERTEX_POINT('',#2429);
#2429 = CARTESIAN_POINT('',(6.25,31.25,1.55));
#2430 = LINE('',#2431,#2432);
#2431 = CARTESIAN_POINT('',(6.25,31.25,1.));
#2432 = VECTOR('',#2433,1.);
#2433 = DIRECTION('',(0.,0.,1.));
#2434 = ORIENTED_EDGE('',*,*,#2435,.F.);
#2435 = EDGE_CURVE('',#2412,#2428,#2436,.T.);
#2436 = LINE('',#2437,#2438);
#2437 = CARTESIAN_POINT('',(6.25,30.75,1.55));
#2438 = VECTOR('',#2439,1.);
#2439 = DIRECTION('',(0.,1.,0.));
#2440 = PLANE('',#2441);
#2441 = AXIS2_PLACEMENT_3D('',#2442,#2443,#2444);
#2442 = CARTESIAN_POINT('',(6.25,30.75,1.));
#2443 = DIRECTION('',(1.,0.,0.));
#2444 = DIRECTION('',(0.,0.,1.));
#2445 = ADVANCED_FACE('',(#2446),#2462,.F.);
#2446 = FACE_BOUND('',#2447,.F.);
#2447 = EDGE_LOOP('',(#2448,#2454,#2455,#2461));
#2448 = ORIENTED_EDGE('',*,*,#2449,.F.);
#2449 = EDGE_CURVE('',#2370,#2410,#2450,.T.);
#2450 = LINE('',#2451,#2452);
#2451 = CARTESIAN_POINT('',(5.25,30.75,1.));
#2452 = VECTOR('',#2453,1.);
#2453 = DIRECTION('',(1.,0.,0.));
#2454 = ORIENTED_EDGE('',*,*,#2369,.T.);
#2455 = ORIENTED_EDGE('',*,*,#2456,.T.);
#2456 = EDGE_CURVE('',#2372,#2412,#2457,.T.);
#2457 = LINE('',#2458,#2459);
#2458 = CARTESIAN_POINT('',(5.25,30.75,1.55));
#2459 = VECTOR('',#2460,1.);
#2460 = DIRECTION('',(1.,0.,0.));
#2461 = ORIENTED_EDGE('',*,*,#2409,.F.);
#2462 = PLANE('',#2463);
#2463 = AXIS2_PLACEMENT_3D('',#2464,#2465,#2466);
#2464 = CARTESIAN_POINT('',(5.25,30.75,1.));
#2465 = DIRECTION('',(0.,1.,0.));
#2466 = DIRECTION('',(0.,0.,1.));
#2467 = ADVANCED_FACE('',(#2468),#2484,.T.);
#2468 = FACE_BOUND('',#2469,.T.);
#2469 = EDGE_LOOP('',(#2470,#2476,#2477,#2483));
#2470 = ORIENTED_EDGE('',*,*,#2471,.F.);
#2471 = EDGE_CURVE('',#2380,#2420,#2472,.T.);
#2472 = LINE('',#2473,#2474);
#2473 = CARTESIAN_POINT('',(5.25,31.25,1.));
#2474 = VECTOR('',#2475,1.);
#2475 = DIRECTION('',(1.,0.,0.));
#2476 = ORIENTED_EDGE('',*,*,#2387,.T.);
#2477 = ORIENTED_EDGE('',*,*,#2478,.T.);
#2478 = EDGE_CURVE('',#2388,#2428,#2479,.T.);
#2479 = LINE('',#2480,#2481);
#2480 = CARTESIAN_POINT('',(5.25,31.25,1.55));
#2481 = VECTOR('',#2482,1.);
#2482 = DIRECTION('',(1.,0.,0.));
#2483 = ORIENTED_EDGE('',*,*,#2427,.F.);
#2484 = PLANE('',#2485);
#2485 = AXIS2_PLACEMENT_3D('',#2486,#2487,#2488);
#2486 = CARTESIAN_POINT('',(5.25,31.25,1.));
#2487 = DIRECTION('',(0.,1.,0.));
#2488 = DIRECTION('',(0.,0.,1.));
#2489 = ADVANCED_FACE('',(#2490),#2496,.F.);
#2490 = FACE_BOUND('',#2491,.F.);
#2491 = EDGE_LOOP('',(#2492,#2493,#2494,#2495));
#2492 = ORIENTED_EDGE('',*,*,#2379,.F.);
#2493 = ORIENTED_EDGE('',*,*,#2449,.T.);
#2494 = ORIENTED_EDGE('',*,*,#2419,.T.);
#2495 = ORIENTED_EDGE('',*,*,#2471,.F.);
#2496 = PLANE('',#2497);
#2497 = AXIS2_PLACEMENT_3D('',#2498,#2499,#2500);
#2498 = CARTESIAN_POINT('',(5.25,30.75,1.));
#2499 = DIRECTION('',(0.,0.,1.));
#2500 = DIRECTION('',(1.,0.,0.));
#2501 = ADVANCED_FACE('',(#2502),#2508,.T.);
#2502 = FACE_BOUND('',#2503,.T.);
#2503 = EDGE_LOOP('',(#2504,#2505,#2506,#2507));
#2504 = ORIENTED_EDGE('',*,*,#2395,.F.);
#2505 = ORIENTED_EDGE('',*,*,#2456,.T.);
#2506 = ORIENTED_EDGE('',*,*,#2435,.T.);
#2507 = ORIENTED_EDGE('',*,*,#2478,.F.);
#2508 = PLANE('',#2509);
#2509 = AXIS2_PLACEMENT_3D('',#2510,#2511,#2512);
#2510 = CARTESIAN_POINT('',(5.25,30.75,1.55));
#2511 = DIRECTION('',(0.,0.,1.));
#2512 = DIRECTION('',(1.,0.,0.));
#2513 = MANIFOLD_SOLID_BREP('',#2514);
#2514 = CLOSED_SHELL('',(#2515,#2555,#2595,#2617,#2639,#2651));
#2515 = ADVANCED_FACE('',(#2516),#2550,.F.);
#2516 = FACE_BOUND('',#2517,.F.);
#2517 = EDGE_LOOP('',(#2518,#2528,#2536,#2544));
#2518 = ORIENTED_EDGE('',*,*,#2519,.F.);
#2519 = EDGE_CURVE('',#2520,#2522,#2524,.T.);
#2520 = VERTEX_POINT('',#2521);
#2521 = CARTESIAN_POINT('',(12.475,17.23,1.));
#2522 = VERTEX_POINT('',#2523);
#2523 = CARTESIAN_POINT('',(12.475,17.23,1.55));
#2524 = LINE('',#2525,#2526);
#2525 = CARTESIAN_POINT('',(12.475,17.23,1.));
#2526 = VECTOR('',#2527,1.);
#2527 = DIRECTION('',(0.,0.,1.));
#2528 = ORIENTED_EDGE('',*,*,#2529,.T.);
#2529 = EDGE_CURVE('',#2520,#2530,#2532,.T.);
#2530 = VERTEX_POINT('',#2531);
#2531 = CARTESIAN_POINT('',(12.475,17.77,1.));
#2532 = LINE('',#2533,#2534);
#2533 = CARTESIAN_POINT('',(12.475,17.23,1.));
#2534 = VECTOR('',#2535,1.);
#2535 = DIRECTION('',(0.,1.,0.));
#2536 = ORIENTED_EDGE('',*,*,#2537,.T.);
#2537 = EDGE_CURVE('',#2530,#2538,#2540,.T.);
#2538 = VERTEX_POINT('',#2539);
#2539 = CARTESIAN_POINT('',(12.475,17.77,1.55));
#2540 = LINE('',#2541,#2542);
#2541 = CARTESIAN_POINT('',(12.475,17.77,1.));
#2542 = VECTOR('',#2543,1.);
#2543 = DIRECTION('',(0.,0.,1.));
#2544 = ORIENTED_EDGE('',*,*,#2545,.F.);
#2545 = EDGE_CURVE('',#2522,#2538,#2546,.T.);
#2546 = LINE('',#2547,#2548);
#2547 = CARTESIAN_POINT('',(12.475,17.23,1.55));
#2548 = VECTOR('',#2549,1.);
#2549 = DIRECTION('',(0.,1.,0.));
#2550 = PLANE('',#2551);
#2551 = AXIS2_PLACEMENT_3D('',#2552,#2553,#2554);
#2552 = CARTESIAN_POINT('',(12.475,17.23,1.));
#2553 = DIRECTION('',(1.,0.,0.));
#2554 = DIRECTION('',(0.,0.,1.));
#2555 = ADVANCED_FACE('',(#2556),#2590,.T.);
#2556 = FACE_BOUND('',#2557,.T.);
#2557 = EDGE_LOOP('',(#2558,#2568,#2576,#2584));
#2558 = ORIENTED_EDGE('',*,*,#2559,.F.);
#2559 = EDGE_CURVE('',#2560,#2562,#2564,.T.);
#2560 = VERTEX_POINT('',#2561);
#2561 = CARTESIAN_POINT('',(13.525,17.23,1.));
#2562 = VERTEX_POINT('',#2563);
#2563 = CARTESIAN_POINT('',(13.525,17.23,1.55));
#2564 = LINE('',#2565,#2566);
#2565 = CARTESIAN_POINT('',(13.525,17.23,1.));
#2566 = VECTOR('',#2567,1.);
#2567 = DIRECTION('',(0.,0.,1.));
#2568 = ORIENTED_EDGE('',*,*,#2569,.T.);
#2569 = EDGE_CURVE('',#2560,#2570,#2572,.T.);
#2570 = VERTEX_POINT('',#2571);
#2571 = CARTESIAN_POINT('',(13.525,17.77,1.));
#2572 = LINE('',#2573,#2574);
#2573 = CARTESIAN_POINT('',(13.525,17.23,1.));
#2574 = VECTOR('',#2575,1.);
#2575 = DIRECTION('',(0.,1.,0.));
#2576 = ORIENTED_EDGE('',*,*,#2577,.T.);
#2577 = EDGE_CURVE('',#2570,#2578,#2580,.T.);
#2578 = VERTEX_POINT('',#2579);
#2579 = CARTESIAN_POINT('',(13.525,17.77,1.55));
#2580 = LINE('',#2581,#2582);
#2581 = CARTESIAN_POINT('',(13.525,17.77,1.));
#2582 = VECTOR('',#2583,1.);
#2583 = DIRECTION('',(0.,0.,1.));
#2584 = ORIENTED_EDGE('',*,*,#2585,.F.);
#2585 = EDGE_CURVE('',#2562,#2578,#2586,.T.);
#2586 = LINE('',#2587,#2588);
#2587 = CARTESIAN_POINT('',(13.525,17.23,1.55));
#2588 = VECTOR('',#2589,1.);
#2589 = DIRECTION('',(0.,1.,0.));
#2590 = PLANE('',#2591);
#2591 = AXIS2_PLACEMENT_3D('',#2592,#2593,#2594);
#2592 = CARTESIAN_POINT('',(13.525,17.23,1.));
#2593 = DIRECTION('',(1.,0.,0.));
#2594 = DIRECTION('',(0.,0.,1.));
#2595 = ADVANCED_FACE('',(#2596),#2612,.F.);
#2596 = FACE_BOUND('',#2597,.F.);
#2597 = EDGE_LOOP('',(#2598,#2604,#2605,#2611));
#2598 = ORIENTED_EDGE('',*,*,#2599,.F.);
#2599 = EDGE_CURVE('',#2520,#2560,#2600,.T.);
#2600 = LINE('',#2601,#2602);
#2601 = CARTESIAN_POINT('',(12.475,17.23,1.));
#2602 = VECTOR('',#2603,1.);
#2603 = DIRECTION('',(1.,0.,0.));
#2604 = ORIENTED_EDGE('',*,*,#2519,.T.);
#2605 = ORIENTED_EDGE('',*,*,#2606,.T.);
#2606 = EDGE_CURVE('',#2522,#2562,#2607,.T.);
#2607 = LINE('',#2608,#2609);
#2608 = CARTESIAN_POINT('',(12.475,17.23,1.55));
#2609 = VECTOR('',#2610,1.);
#2610 = DIRECTION('',(1.,0.,0.));
#2611 = ORIENTED_EDGE('',*,*,#2559,.F.);
#2612 = PLANE('',#2613);
#2613 = AXIS2_PLACEMENT_3D('',#2614,#2615,#2616);
#2614 = CARTESIAN_POINT('',(12.475,17.23,1.));
#2615 = DIRECTION('',(0.,1.,0.));
#2616 = DIRECTION('',(0.,0.,1.));
#2617 = ADVANCED_FACE('',(#2618),#2634,.T.);
#2618 = FACE_BOUND('',#2619,.T.);
#2619 = EDGE_LOOP('',(#2620,#2626,#2627,#2633));
#2620 = ORIENTED_EDGE('',*,*,#2621,.F.);
#2621 = EDGE_CURVE('',#2530,#2570,#2622,.T.);
#2622 = LINE('',#2623,#2624);
#2623 = CARTESIAN_POINT('',(12.475,17.77,1.));
#2624 = VECTOR('',#2625,1.);
#2625 = DIRECTION('',(1.,0.,0.));
#2626 = ORIENTED_EDGE('',*,*,#2537,.T.);
#2627 = ORIENTED_EDGE('',*,*,#2628,.T.);
#2628 = EDGE_CURVE('',#2538,#2578,#2629,.T.);
#2629 = LINE('',#2630,#2631);
#2630 = CARTESIAN_POINT('',(12.475,17.77,1.55));
#2631 = VECTOR('',#2632,1.);
#2632 = DIRECTION('',(1.,0.,0.));
#2633 = ORIENTED_EDGE('',*,*,#2577,.F.);
#2634 = PLANE('',#2635);
#2635 = AXIS2_PLACEMENT_3D('',#2636,#2637,#2638);
#2636 = CARTESIAN_POINT('',(12.475,17.77,1.));
#2637 = DIRECTION('',(0.,1.,0.));
#2638 = DIRECTION('',(0.,0.,1.));
#2639 = ADVANCED_FACE('',(#2640),#2646,.F.);
#2640 = FACE_BOUND('',#2641,.F.);
#2641 = EDGE_LOOP('',(#2642,#2643,#2644,#2645));
#2642 = ORIENTED_EDGE('',*,*,#2529,.F.);
#2643 = ORIENTED_EDGE('',*,*,#2599,.T.);
#2644 = ORIENTED_EDGE('',*,*,#2569,.T.);
#2645 = ORIENTED_EDGE('',*,*,#2621,.F.);
#2646 = PLANE('',#2647);
#2647 = AXIS2_PLACEMENT_3D('',#2648,#2649,#2650);
#2648 = CARTESIAN_POINT('',(12.475,17.23,1.));
#2649 = DIRECTION('',(0.,0.,1.));
#2650 = DIRECTION('',(1.,0.,0.));
#2651 = ADVANCED_FACE('',(#2652),#2658,.T.);
#2652 = FACE_BOUND('',#2653,.T.);
#2653 = EDGE_LOOP('',(#2654,#2655,#2656,#2657));
#2654 = ORIENTED_EDGE('',*,*,#2545,.F.);
#2655 = ORIENTED_EDGE('',*,*,#2606,.T.);
#2656 = ORIENTED_EDGE('',*,*,#2585,.T.);
#2657 = ORIENTED_EDGE('',*,*,#2628,.F.);
#2658 = PLANE('',#2659);
#2659 = AXIS2_PLACEMENT_3D('',#2660,#2661,#2662);
#2660 = CARTESIAN_POINT('',(12.475,17.23,1.55));
#2661 = DIRECTION('',(0.,0.,1.));
#2662 = DIRECTION('',(1.,0.,0.));
#2663 = MANIFOLD_SOLID_BREP('',#2664);
#2664 = CLOSED_SHELL('',(#2665,#2705,#2745,#2767,#2789,#2801));
#2665 = ADVANCED_FACE('',(#2666),#2700,.F.);
#2666 = FACE_BOUND('',#2667,.F.);
#2667 = EDGE_LOOP('',(#2668,#2678,#2686,#2694));
#2668 = ORIENTED_EDGE('',*,*,#2669,.F.);
#2669 = EDGE_CURVE('',#2670,#2672,#2674,.T.);
#2670 = VERTEX_POINT('',#2671);
#2671 = CARTESIAN_POINT('',(17.45,17.5,1.));
#2672 = VERTEX_POINT('',#2673);
#2673 = CARTESIAN_POINT('',(17.45,17.5,4.3));
#2674 = LINE('',#2675,#2676);
#2675 = CARTESIAN_POINT('',(17.45,17.5,1.));
#2676 = VECTOR('',#2677,1.);
#2677 = DIRECTION('',(0.,0.,1.));
#2678 = ORIENTED_EDGE('',*,*,#2679,.T.);
#2679 = EDGE_CURVE('',#2670,#2680,#2682,.T.);
#2680 = VERTEX_POINT('',#2681);
#2681 = CARTESIAN_POINT('',(17.45,26.9,1.));
#2682 = LINE('',#2683,#2684);
#2683 = CARTESIAN_POINT('',(17.45,17.5,1.));
#2684 = VECTOR('',#2685,1.);
#2685 = DIRECTION('',(0.,1.,0.));
#2686 = ORIENTED_EDGE('',*,*,#2687,.T.);
#2687 = EDGE_CURVE('',#2680,#2688,#2690,.T.);
#2688 = VERTEX_POINT('',#2689);
#2689 = CARTESIAN_POINT('',(17.45,26.9,4.3));
#2690 = LINE('',#2691,#2692);
#2691 = CARTESIAN_POINT('',(17.45,26.9,1.));
#2692 = VECTOR('',#2693,1.);
#2693 = DIRECTION('',(0.,0.,1.));
#2694 = ORIENTED_EDGE('',*,*,#2695,.F.);
#2695 = EDGE_CURVE('',#2672,#2688,#2696,.T.);
#2696 = LINE('',#2697,#2698);
#2697 = CARTESIAN_POINT('',(17.45,17.5,4.3));
#2698 = VECTOR('',#2699,1.);
#2699 = DIRECTION('',(0.,1.,0.));
#2700 = PLANE('',#2701);
#2701 = AXIS2_PLACEMENT_3D('',#2702,#2703,#2704);
#2702 = CARTESIAN_POINT('',(17.45,17.5,1.));
#2703 = DIRECTION('',(1.,0.,0.));
#2704 = DIRECTION('',(0.,0.,1.));
#2705 = ADVANCED_FACE('',(#2706),#2740,.T.);
#2706 = FACE_BOUND('',#2707,.T.);
#2707 = EDGE_LOOP('',(#2708,#2718,#2726,#2734));
#2708 = ORIENTED_EDGE('',*,*,#2709,.F.);
#2709 = EDGE_CURVE('',#2710,#2712,#2714,.T.);
#2710 = VERTEX_POINT('',#2711);
#2711 = CARTESIAN_POINT('',(25.,17.5,1.));
#2712 = VERTEX_POINT('',#2713);
#2713 = CARTESIAN_POINT('',(25.,17.5,4.3));
#2714 = LINE('',#2715,#2716);
#2715 = CARTESIAN_POINT('',(25.,17.5,1.));
#2716 = VECTOR('',#2717,1.);
#2717 = DIRECTION('',(0.,0.,1.));
#2718 = ORIENTED_EDGE('',*,*,#2719,.T.);
#2719 = EDGE_CURVE('',#2710,#2720,#2722,.T.);
#2720 = VERTEX_POINT('',#2721);
#2721 = CARTESIAN_POINT('',(25.,26.9,1.));
#2722 = LINE('',#2723,#2724);
#2723 = CARTESIAN_POINT('',(25.,17.5,1.));
#2724 = VECTOR('',#2725,1.);
#2725 = DIRECTION('',(0.,1.,0.));
#2726 = ORIENTED_EDGE('',*,*,#2727,.T.);
#2727 = EDGE_CURVE('',#2720,#2728,#2730,.T.);
#2728 = VERTEX_POINT('',#2729);
#2729 = CARTESIAN_POINT('',(25.,26.9,4.3));
#2730 = LINE('',#2731,#2732);
#2731 = CARTESIAN_POINT('',(25.,26.9,1.));
#2732 = VECTOR('',#2733,1.);
#2733 = DIRECTION('',(0.,0.,1.));
#2734 = ORIENTED_EDGE('',*,*,#2735,.F.);
#2735 = EDGE_CURVE('',#2712,#2728,#2736,.T.);
#2736 = LINE('',#2737,#2738);
#2737 = CARTESIAN_POINT('',(25.,17.5,4.3));
#2738 = VECTOR('',#2739,1.);
#2739 = DIRECTION('',(0.,1.,0.));
#2740 = PLANE('',#2741);
#2741 = AXIS2_PLACEMENT_3D('',#2742,#2743,#2744);
#2742 = CARTESIAN_POINT('',(25.,17.5,1.));
#2743 = DIRECTION('',(1.,0.,0.));
#2744 = DIRECTION('',(0.,0.,1.));
#2745 = ADVANCED_FACE('',(#2746),#2762,.F.);
#2746 = FACE_BOUND('',#2747,.F.);
#2747 = EDGE_LOOP('',(#2748,#2754,#2755,#2761));
#2748 = ORIENTED_EDGE('',*,*,#2749,.F.);
#2749 = EDGE_CURVE('',#2670,#2710,#2750,.T.);
#2750 = LINE('',#2751,#2752);
#2751 = CARTESIAN_POINT('',(17.45,17.5,1.));
#2752 = VECTOR('',#2753,1.);
#2753 = DIRECTION('',(1.,0.,0.));
#2754 = ORIENTED_EDGE('',*,*,#2669,.T.);
#2755 = ORIENTED_EDGE('',*,*,#2756,.T.);
#2756 = EDGE_CURVE('',#2672,#2712,#2757,.T.);
#2757 = LINE('',#2758,#2759);
#2758 = CARTESIAN_POINT('',(17.45,17.5,4.3));
#2759 = VECTOR('',#2760,1.);
#2760 = DIRECTION('',(1.,0.,0.));
#2761 = ORIENTED_EDGE('',*,*,#2709,.F.);
#2762 = PLANE('',#2763);
#2763 = AXIS2_PLACEMENT_3D('',#2764,#2765,#2766);
#2764 = CARTESIAN_POINT('',(17.45,17.5,1.));
#2765 = DIRECTION('',(0.,1.,0.));
#2766 = DIRECTION('',(0.,0.,1.));
#2767 = ADVANCED_FACE('',(#2768),#2784,.T.);
#2768 = FACE_BOUND('',#2769,.T.);
#2769 = EDGE_LOOP('',(#2770,#2776,#2777,#2783));
#2770 = ORIENTED_EDGE('',*,*,#2771,.F.);
#2771 = EDGE_CURVE('',#2680,#2720,#2772,.T.);
#2772 = LINE('',#2773,#2774);
#2773 = CARTESIAN_POINT('',(17.45,26.9,1.));
#2774 = VECTOR('',#2775,1.);
#2775 = DIRECTION('',(1.,0.,0.));
#2776 = ORIENTED_EDGE('',*,*,#2687,.T.);
#2777 = ORIENTED_EDGE('',*,*,#2778,.T.);
#2778 = EDGE_CURVE('',#2688,#2728,#2779,.T.);
#2779 = LINE('',#2780,#2781);
#2780 = CARTESIAN_POINT('',(17.45,26.9,4.3));
#2781 = VECTOR('',#2782,1.);
#2782 = DIRECTION('',(1.,0.,0.));
#2783 = ORIENTED_EDGE('',*,*,#2727,.F.);
#2784 = PLANE('',#2785);
#2785 = AXIS2_PLACEMENT_3D('',#2786,#2787,#2788);
#2786 = CARTESIAN_POINT('',(17.45,26.9,1.));
#2787 = DIRECTION('',(0.,1.,0.));
#2788 = DIRECTION('',(0.,0.,1.));
#2789 = ADVANCED_FACE('',(#2790),#2796,.F.);
#2790 = FACE_BOUND('',#2791,.F.);
#2791 = EDGE_LOOP('',(#2792,#2793,#2794,#2795));
#2792 = ORIENTED_EDGE('',*,*,#2679,.F.);
#2793 = ORIENTED_EDGE('',*,*,#2749,.T.);
#2794 = ORIENTED_EDGE('',*,*,#2719,.T.);
#2795 = ORIENTED_EDGE('',*,*,#2771,.F.);
#2796 = PLANE('',#2797);
#2797 = AXIS2_PLACEMENT_3D('',#2798,#2799,#2800);
#2798 = CARTESIAN_POINT('',(17.45,17.5,1.));
#2799 = DIRECTION('',(0.,0.,1.));
#2800 = DIRECTION('',(1.,0.,0.));
#2801 = ADVANCED_FACE('',(#2802),#2808,.T.);
#2802 = FACE_BOUND('',#2803,.T.);
#2803 = EDGE_LOOP('',(#2804,#2805,#2806,#2807));
#2804 = ORIENTED_EDGE('',*,*,#2695,.F.);
#2805 = ORIENTED_EDGE('',*,*,#2756,.T.);
#2806 = ORIENTED_EDGE('',*,*,#2735,.T.);
#2807 = ORIENTED_EDGE('',*,*,#2778,.F.);
#2808 = PLANE('',#2809);
#2809 = AXIS2_PLACEMENT_3D('',#2810,#2811,#2812);
#2810 = CARTESIAN_POINT('',(17.45,17.5,4.3));
#2811 = DIRECTION('',(0.,0.,1.));
#2812 = DIRECTION('',(1.,0.,0.));
#2813 = MANIFOLD_SOLID_BREP('',#2814);
#2814 = CLOSED_SHELL('',(#2815,#2855,#2895,#2917,#2939,#2951));
#2815 = ADVANCED_FACE('',(#2816),#2850,.F.);
#2816 = FACE_BOUND('',#2817,.F.);
#2817 = EDGE_LOOP('',(#2818,#2828,#2836,#2844));
#2818 = ORIENTED_EDGE('',*,*,#2819,.F.);
#2819 = EDGE_CURVE('',#2820,#2822,#2824,.T.);
#2820 = VERTEX_POINT('',#2821);
#2821 = CARTESIAN_POINT('',(10.95,17.7,1.));
#2822 = VERTEX_POINT('',#2823);
#2823 = CARTESIAN_POINT('',(10.95,17.7,1.55));
#2824 = LINE('',#2825,#2826);
#2825 = CARTESIAN_POINT('',(10.95,17.7,1.));
#2826 = VECTOR('',#2827,1.);
#2827 = DIRECTION('',(0.,0.,1.));
#2828 = ORIENTED_EDGE('',*,*,#2829,.T.);
#2829 = EDGE_CURVE('',#2820,#2830,#2832,.T.);
#2830 = VERTEX_POINT('',#2831);
#2831 = CARTESIAN_POINT('',(10.95,18.8,1.));
#2832 = LINE('',#2833,#2834);
#2833 = CARTESIAN_POINT('',(10.95,17.7,1.));
#2834 = VECTOR('',#2835,1.);
#2835 = DIRECTION('',(0.,1.,0.));
#2836 = ORIENTED_EDGE('',*,*,#2837,.T.);
#2837 = EDGE_CURVE('',#2830,#2838,#2840,.T.);
#2838 = VERTEX_POINT('',#2839);
#2839 = CARTESIAN_POINT('',(10.95,18.8,1.55));
#2840 = LINE('',#2841,#2842);
#2841 = CARTESIAN_POINT('',(10.95,18.8,1.));
#2842 = VECTOR('',#2843,1.);
#2843 = DIRECTION('',(0.,0.,1.));
#2844 = ORIENTED_EDGE('',*,*,#2845,.F.);
#2845 = EDGE_CURVE('',#2822,#2838,#2846,.T.);
#2846 = LINE('',#2847,#2848);
#2847 = CARTESIAN_POINT('',(10.95,17.7,1.55));
#2848 = VECTOR('',#2849,1.);
#2849 = DIRECTION('',(0.,1.,0.));
#2850 = PLANE('',#2851);
#2851 = AXIS2_PLACEMENT_3D('',#2852,#2853,#2854);
#2852 = CARTESIAN_POINT('',(10.95,17.7,1.));
#2853 = DIRECTION('',(1.,0.,0.));
#2854 = DIRECTION('',(0.,0.,1.));
#2855 = ADVANCED_FACE('',(#2856),#2890,.T.);
#2856 = FACE_BOUND('',#2857,.T.);
#2857 = EDGE_LOOP('',(#2858,#2868,#2876,#2884));
#2858 = ORIENTED_EDGE('',*,*,#2859,.F.);
#2859 = EDGE_CURVE('',#2860,#2862,#2864,.T.);
#2860 = VERTEX_POINT('',#2861);
#2861 = CARTESIAN_POINT('',(11.55,17.7,1.));
#2862 = VERTEX_POINT('',#2863);
#2863 = CARTESIAN_POINT('',(11.55,17.7,1.55));
#2864 = LINE('',#2865,#2866);
#2865 = CARTESIAN_POINT('',(11.55,17.7,1.));
#2866 = VECTOR('',#2867,1.);
#2867 = DIRECTION('',(0.,0.,1.));
#2868 = ORIENTED_EDGE('',*,*,#2869,.T.);
#2869 = EDGE_CURVE('',#2860,#2870,#2872,.T.);
#2870 = VERTEX_POINT('',#2871);
#2871 = CARTESIAN_POINT('',(11.55,18.8,1.));
#2872 = LINE('',#2873,#2874);
#2873 = CARTESIAN_POINT('',(11.55,17.7,1.));
#2874 = VECTOR('',#2875,1.);
#2875 = DIRECTION('',(0.,1.,0.));
#2876 = ORIENTED_EDGE('',*,*,#2877,.T.);
#2877 = EDGE_CURVE('',#2870,#2878,#2880,.T.);
#2878 = VERTEX_POINT('',#2879);
#2879 = CARTESIAN_POINT('',(11.55,18.8,1.55));
#2880 = LINE('',#2881,#2882);
#2881 = CARTESIAN_POINT('',(11.55,18.8,1.));
#2882 = VECTOR('',#2883,1.);
#2883 = DIRECTION('',(0.,0.,1.));
#2884 = ORIENTED_EDGE('',*,*,#2885,.F.);
#2885 = EDGE_CURVE('',#2862,#2878,#2886,.T.);
#2886 = LINE('',#2887,#2888);
#2887 = CARTESIAN_POINT('',(11.55,17.7,1.55));
#2888 = VECTOR('',#2889,1.);
#2889 = DIRECTION('',(0.,1.,0.));
#2890 = PLANE('',#2891);
#2891 = AXIS2_PLACEMENT_3D('',#2892,#2893,#2894);
#2892 = CARTESIAN_POINT('',(11.55,17.7,1.));
#2893 = DIRECTION('',(1.,0.,0.));
#2894 = DIRECTION('',(0.,0.,1.));
#2895 = ADVANCED_FACE('',(#2896),#2912,.F.);
#2896 = FACE_BOUND('',#2897,.F.);
#2897 = EDGE_LOOP('',(#2898,#2904,#2905,#2911));
#2898 = ORIENTED_EDGE('',*,*,#2899,.F.);
#2899 = EDGE_CURVE('',#2820,#2860,#2900,.T.);
#2900 = LINE('',#2901,#2902);
#2901 = CARTESIAN_POINT('',(10.95,17.7,1.));
#2902 = VECTOR('',#2903,1.);
#2903 = DIRECTION('',(1.,0.,0.));
#2904 = ORIENTED_EDGE('',*,*,#2819,.T.);
#2905 = ORIENTED_EDGE('',*,*,#2906,.T.);
#2906 = EDGE_CURVE('',#2822,#2862,#2907,.T.);
#2907 = LINE('',#2908,#2909);
#2908 = CARTESIAN_POINT('',(10.95,17.7,1.55));
#2909 = VECTOR('',#2910,1.);
#2910 = DIRECTION('',(1.,0.,0.));
#2911 = ORIENTED_EDGE('',*,*,#2859,.F.);
#2912 = PLANE('',#2913);
#2913 = AXIS2_PLACEMENT_3D('',#2914,#2915,#2916);
#2914 = CARTESIAN_POINT('',(10.95,17.7,1.));
#2915 = DIRECTION('',(0.,1.,0.));
#2916 = DIRECTION('',(0.,0.,1.));
#2917 = ADVANCED_FACE('',(#2918),#2934,.T.);
#2918 = FACE_BOUND('',#2919,.T.);
#2919 = EDGE_LOOP('',(#2920,#2926,#2927,#2933));
#2920 = ORIENTED_EDGE('',*,*,#2921,.F.);
#2921 = EDGE_CURVE('',#2830,#2870,#2922,.T.);
#2922 = LINE('',#2923,#2924);
#2923 = CARTESIAN_POINT('',(10.95,18.8,1.));
#2924 = VECTOR('',#2925,1.);
#2925 = DIRECTION('',(1.,0.,0.));
#2926 = ORIENTED_EDGE('',*,*,#2837,.T.);
#2927 = ORIENTED_EDGE('',*,*,#2928,.T.);
#2928 = EDGE_CURVE('',#2838,#2878,#2929,.T.);
#2929 = LINE('',#2930,#2931);
#2930 = CARTESIAN_POINT('',(10.95,18.8,1.55));
#2931 = VECTOR('',#2932,1.);
#2932 = DIRECTION('',(1.,0.,0.));
#2933 = ORIENTED_EDGE('',*,*,#2877,.F.);
#2934 = PLANE('',#2935);
#2935 = AXIS2_PLACEMENT_3D('',#2936,#2937,#2938);
#2936 = CARTESIAN_POINT('',(10.95,18.8,1.));
#2937 = DIRECTION('',(0.,1.,0.));
#2938 = DIRECTION('',(0.,0.,1.));
#2939 = ADVANCED_FACE('',(#2940),#2946,.F.);
#2940 = FACE_BOUND('',#2941,.F.);
#2941 = EDGE_LOOP('',(#2942,#2943,#2944,#2945));
#2942 = ORIENTED_EDGE('',*,*,#2829,.F.);
#2943 = ORIENTED_EDGE('',*,*,#2899,.T.);
#2944 = ORIENTED_EDGE('',*,*,#2869,.T.);
#2945 = ORIENTED_EDGE('',*,*,#2921,.F.);
#2946 = PLANE('',#2947);
#2947 = AXIS2_PLACEMENT_3D('',#2948,#2949,#2950);
#2948 = CARTESIAN_POINT('',(10.95,17.7,1.));
#2949 = DIRECTION('',(0.,0.,1.));
#2950 = DIRECTION('',(1.,0.,0.));
#2951 = ADVANCED_FACE('',(#2952),#2958,.T.);
#2952 = FACE_BOUND('',#2953,.T.);
#2953 = EDGE_LOOP('',(#2954,#2955,#2956,#2957));
#2954 = ORIENTED_EDGE('',*,*,#2845,.F.);
#2955 = ORIENTED_EDGE('',*,*,#2906,.T.);
#2956 = ORIENTED_EDGE('',*,*,#2885,.T.);
#2957 = ORIENTED_EDGE('',*,*,#2928,.F.);
#2958 = PLANE('',#2959);
#2959 = AXIS2_PLACEMENT_3D('',#2960,#2961,#2962);
#2960 = CARTESIAN_POINT('',(10.95,17.7,1.55));
#2961 = DIRECTION('',(0.,0.,1.));
#2962 = DIRECTION('',(1.,0.,0.));
#2963 = MANIFOLD_SOLID_BREP('',#2964);
#2964 = CLOSED_SHELL('',(#2965,#3005,#3045,#3067,#3089,#3101));
#2965 = ADVANCED_FACE('',(#2966),#3000,.F.);
#2966 = FACE_BOUND('',#2967,.F.);
#2967 = EDGE_LOOP('',(#2968,#2978,#2986,#2994));
#2968 = ORIENTED_EDGE('',*,*,#2969,.F.);
#2969 = EDGE_CURVE('',#2970,#2972,#2974,.T.);
#2970 = VERTEX_POINT('',#2971);
#2971 = CARTESIAN_POINT('',(2.725,14.33,1.));
#2972 = VERTEX_POINT('',#2973);
#2973 = CARTESIAN_POINT('',(2.725,14.33,1.55));
#2974 = LINE('',#2975,#2976);
#2975 = CARTESIAN_POINT('',(2.725,14.33,1.));
#2976 = VECTOR('',#2977,1.);
#2977 = DIRECTION('',(0.,0.,1.));
#2978 = ORIENTED_EDGE('',*,*,#2979,.T.);
#2979 = EDGE_CURVE('',#2970,#2980,#2982,.T.);
#2980 = VERTEX_POINT('',#2981);
#2981 = CARTESIAN_POINT('',(2.725,14.87,1.));
#2982 = LINE('',#2983,#2984);
#2983 = CARTESIAN_POINT('',(2.725,14.33,1.));
#2984 = VECTOR('',#2985,1.);
#2985 = DIRECTION('',(0.,1.,0.));
#2986 = ORIENTED_EDGE('',*,*,#2987,.T.);
#2987 = EDGE_CURVE('',#2980,#2988,#2990,.T.);
#2988 = VERTEX_POINT('',#2989);
#2989 = CARTESIAN_POINT('',(2.725,14.87,1.55));
#2990 = LINE('',#2991,#2992);
#2991 = CARTESIAN_POINT('',(2.725,14.87,1.));
#2992 = VECTOR('',#2993,1.);
#2993 = DIRECTION('',(0.,0.,1.));
#2994 = ORIENTED_EDGE('',*,*,#2995,.F.);
#2995 = EDGE_CURVE('',#2972,#2988,#2996,.T.);
#2996 = LINE('',#2997,#2998);
#2997 = CARTESIAN_POINT('',(2.725,14.33,1.55));
#2998 = VECTOR('',#2999,1.);
#2999 = DIRECTION('',(0.,1.,0.));
#3000 = PLANE('',#3001);
#3001 = AXIS2_PLACEMENT_3D('',#3002,#3003,#3004);
#3002 = CARTESIAN_POINT('',(2.725,14.33,1.));
#3003 = DIRECTION('',(1.,0.,0.));
#3004 = DIRECTION('',(0.,0.,1.));
#3005 = ADVANCED_FACE('',(#3006),#3040,.T.);
#3006 = FACE_BOUND('',#3007,.T.);
#3007 = EDGE_LOOP('',(#3008,#3018,#3026,#3034));
#3008 = ORIENTED_EDGE('',*,*,#3009,.F.);
#3009 = EDGE_CURVE('',#3010,#3012,#3014,.T.);
#3010 = VERTEX_POINT('',#3011);
#3011 = CARTESIAN_POINT('',(3.775,14.33,1.));
#3012 = VERTEX_POINT('',#3013);
#3013 = CARTESIAN_POINT('',(3.775,14.33,1.55));
#3014 = LINE('',#3015,#3016);
#3015 = CARTESIAN_POINT('',(3.775,14.33,1.));
#3016 = VECTOR('',#3017,1.);
#3017 = DIRECTION('',(0.,0.,1.));
#3018 = ORIENTED_EDGE('',*,*,#3019,.T.);
#3019 = EDGE_CURVE('',#3010,#3020,#3022,.T.);
#3020 = VERTEX_POINT('',#3021);
#3021 = CARTESIAN_POINT('',(3.775,14.87,1.));
#3022 = LINE('',#3023,#3024);
#3023 = CARTESIAN_POINT('',(3.775,14.33,1.));
#3024 = VECTOR('',#3025,1.);
#3025 = DIRECTION('',(0.,1.,0.));
#3026 = ORIENTED_EDGE('',*,*,#3027,.T.);
#3027 = EDGE_CURVE('',#3020,#3028,#3030,.T.);
#3028 = VERTEX_POINT('',#3029);
#3029 = CARTESIAN_POINT('',(3.775,14.87,1.55));
#3030 = LINE('',#3031,#3032);
#3031 = CARTESIAN_POINT('',(3.775,14.87,1.));
#3032 = VECTOR('',#3033,1.);
#3033 = DIRECTION('',(0.,0.,1.));
#3034 = ORIENTED_EDGE('',*,*,#3035,.F.);
#3035 = EDGE_CURVE('',#3012,#3028,#3036,.T.);
#3036 = LINE('',#3037,#3038);
#3037 = CARTESIAN_POINT('',(3.775,14.33,1.55));
#3038 = VECTOR('',#3039,1.);
#3039 = DIRECTION('',(0.,1.,0.));
#3040 = PLANE('',#3041);
#3041 = AXIS2_PLACEMENT_3D('',#3042,#3043,#3044);
#3042 = CARTESIAN_POINT('',(3.775,14.33,1.));
#3043 = DIRECTION('',(1.,0.,0.));
#3044 = DIRECTION('',(0.,0.,1.));
#3045 = ADVANCED_FACE('',(#3046),#3062,.F.);
#3046 = FACE_BOUND('',#3047,.F.);
#3047 = EDGE_LOOP('',(#3048,#3054,#3055,#3061));
#3048 = ORIENTED_EDGE('',*,*,#3049,.F.);
#3049 = EDGE_CURVE('',#2970,#3010,#3050,.T.);
#3050 = LINE('',#3051,#3052);
#3051 = CARTESIAN_POINT('',(2.725,14.33,1.));
#3052 = VECTOR('',#3053,1.);
#3053 = DIRECTION('',(1.,0.,0.));
#3054 = ORIENTED_EDGE('',*,*,#2969,.T.);
#3055 = ORIENTED_EDGE('',*,*,#3056,.T.);
#3056 = EDGE_CURVE('',#2972,#3012,#3057,.T.);
#3057 = LINE('',#3058,#3059);
#3058 = CARTESIAN_POINT('',(2.725,14.33,1.55));
#3059 = VECTOR('',#3060,1.);
#3060 = DIRECTION('',(1.,0.,0.));
#3061 = ORIENTED_EDGE('',*,*,#3009,.F.);
#3062 = PLANE('',#3063);
#3063 = AXIS2_PLACEMENT_3D('',#3064,#3065,#3066);
#3064 = CARTESIAN_POINT('',(2.725,14.33,1.));
#3065 = DIRECTION('',(0.,1.,0.));
#3066 = DIRECTION('',(0.,0.,1.));
#3067 = ADVANCED_FACE('',(#3068),#3084,.T.);
#3068 = FACE_BOUND('',#3069,.T.);
#3069 = EDGE_LOOP('',(#3070,#3076,#3077,#3083));
#3070 = ORIENTED_EDGE('',*,*,#3071,.F.);
#3071 = EDGE_CURVE('',#2980,#3020,#3072,.T.);
#3072 = LINE('',#3073,#3074);
#3073 = CARTESIAN_POINT('',(2.725,14.87,1.));
#3074 = VECTOR('',#3075,1.);
#3075 = DIRECTION('',(1.,0.,0.));
#3076 = ORIENTED_EDGE('',*,*,#2987,.T.);
#3077 = ORIENTED_EDGE('',*,*,#3078,.T.);
#3078 = EDGE_CURVE('',#2988,#3028,#3079,.T.);
#3079 = LINE('',#3080,#3081);
#3080 = CARTESIAN_POINT('',(2.725,14.87,1.55));
#3081 = VECTOR('',#3082,1.);
#3082 = DIRECTION('',(1.,0.,0.));
#3083 = ORIENTED_EDGE('',*,*,#3027,.F.);
#3084 = PLANE('',#3085);
#3085 = AXIS2_PLACEMENT_3D('',#3086,#3087,#3088);
#3086 = CARTESIAN_POINT('',(2.725,14.87,1.));
#3087 = DIRECTION('',(0.,1.,0.));
#3088 = DIRECTION('',(0.,0.,1.));
#3089 = ADVANCED_FACE('',(#3090),#3096,.F.);
#3090 = FACE_BOUND('',#3091,.F.);
#3091 = EDGE_LOOP('',(#3092,#3093,#3094,#3095));
#3092 = ORIENTED_EDGE('',*,*,#2979,.F.);
#3093 = ORIENTED_EDGE('',*,*,#3049,.T.);
#3094 = ORIENTED_EDGE('',*,*,#3019,.T.);
#3095 = ORIENTED_EDGE('',*,*,#3071,.F.);
#3096 = PLANE('',#3097);
#3097 = AXIS2_PLACEMENT_3D('',#3098,#3099,#3100);
#3098 = CARTESIAN_POINT('',(2.725,14.33,1.));
#3099 = DIRECTION('',(0.,0.,1.));
#3100 = DIRECTION('',(1.,0.,0.));
#3101 = ADVANCED_FACE('',(#3102),#3108,.T.);
#3102 = FACE_BOUND('',#3103,.T.);
#3103 = EDGE_LOOP('',(#3104,#3105,#3106,#3107));
#3104 = ORIENTED_EDGE('',*,*,#2995,.F.);
#3105 = ORIENTED_EDGE('',*,*,#3056,.T.);
#3106 = ORIENTED_EDGE('',*,*,#3035,.T.);
#3107 = ORIENTED_EDGE('',*,*,#3078,.F.);
#3108 = PLANE('',#3109);
#3109 = AXIS2_PLACEMENT_3D('',#3110,#3111,#3112);
#3110 = CARTESIAN_POINT('',(2.725,14.33,1.55));
#3111 = DIRECTION('',(0.,0.,1.));
#3112 = DIRECTION('',(1.,0.,0.));
#3113 = MANIFOLD_SOLID_BREP('',#3114);
#3114 = CLOSED_SHELL('',(#3115,#3155,#3195,#3217,#3239,#3251));
#3115 = ADVANCED_FACE('',(#3116),#3150,.F.);
#3116 = FACE_BOUND('',#3117,.F.);
#3117 = EDGE_LOOP('',(#3118,#3128,#3136,#3144));
#3118 = ORIENTED_EDGE('',*,*,#3119,.F.);
#3119 = EDGE_CURVE('',#3120,#3122,#3124,.T.);
#3120 = VERTEX_POINT('',#3121);
#3121 = CARTESIAN_POINT('',(4.05,15.525,1.));
#3122 = VERTEX_POINT('',#3123);
#3123 = CARTESIAN_POINT('',(4.05,15.525,1.9));
#3124 = LINE('',#3125,#3126);
#3125 = CARTESIAN_POINT('',(4.05,15.525,1.));
#3126 = VECTOR('',#3127,1.);
#3127 = DIRECTION('',(0.,0.,1.));
#3128 = ORIENTED_EDGE('',*,*,#3129,.T.);
#3129 = EDGE_CURVE('',#3120,#3130,#3132,.T.);
#3130 = VERTEX_POINT('',#3131);
#3131 = CARTESIAN_POINT('',(4.05,19.475,1.));
#3132 = LINE('',#3133,#3134);
#3133 = CARTESIAN_POINT('',(4.05,15.525,1.));
#3134 = VECTOR('',#3135,1.);
#3135 = DIRECTION('',(0.,1.,0.));
#3136 = ORIENTED_EDGE('',*,*,#3137,.T.);
#3137 = EDGE_CURVE('',#3130,#3138,#3140,.T.);
#3138 = VERTEX_POINT('',#3139);
#3139 = CARTESIAN_POINT('',(4.05,19.475,1.9));
#3140 = LINE('',#3141,#3142);
#3141 = CARTESIAN_POINT('',(4.05,19.475,1.));
#3142 = VECTOR('',#3143,1.);
#3143 = DIRECTION('',(0.,0.,1.));
#3144 = ORIENTED_EDGE('',*,*,#3145,.F.);
#3145 = EDGE_CURVE('',#3122,#3138,#3146,.T.);
#3146 = LINE('',#3147,#3148);
#3147 = CARTESIAN_POINT('',(4.05,15.525,1.9));
#3148 = VECTOR('',#3149,1.);
#3149 = DIRECTION('',(0.,1.,0.));
#3150 = PLANE('',#3151);
#3151 = AXIS2_PLACEMENT_3D('',#3152,#3153,#3154);
#3152 = CARTESIAN_POINT('',(4.05,15.525,1.));
#3153 = DIRECTION('',(1.,0.,0.));
#3154 = DIRECTION('',(0.,0.,1.));
#3155 = ADVANCED_FACE('',(#3156),#3190,.T.);
#3156 = FACE_BOUND('',#3157,.T.);
#3157 = EDGE_LOOP('',(#3158,#3168,#3176,#3184));
#3158 = ORIENTED_EDGE('',*,*,#3159,.F.);
#3159 = EDGE_CURVE('',#3160,#3162,#3164,.T.);
#3160 = VERTEX_POINT('',#3161);
#3161 = CARTESIAN_POINT('',(6.45,15.525,1.));
#3162 = VERTEX_POINT('',#3163);
#3163 = CARTESIAN_POINT('',(6.45,15.525,1.9));
#3164 = LINE('',#3165,#3166);
#3165 = CARTESIAN_POINT('',(6.45,15.525,1.));
#3166 = VECTOR('',#3167,1.);
#3167 = DIRECTION('',(0.,0.,1.));
#3168 = ORIENTED_EDGE('',*,*,#3169,.T.);
#3169 = EDGE_CURVE('',#3160,#3170,#3172,.T.);
#3170 = VERTEX_POINT('',#3171);
#3171 = CARTESIAN_POINT('',(6.45,19.475,1.));
#3172 = LINE('',#3173,#3174);
#3173 = CARTESIAN_POINT('',(6.45,15.525,1.));
#3174 = VECTOR('',#3175,1.);
#3175 = DIRECTION('',(0.,1.,0.));
#3176 = ORIENTED_EDGE('',*,*,#3177,.T.);
#3177 = EDGE_CURVE('',#3170,#3178,#3180,.T.);
#3178 = VERTEX_POINT('',#3179);
#3179 = CARTESIAN_POINT('',(6.45,19.475,1.9));
#3180 = LINE('',#3181,#3182);
#3181 = CARTESIAN_POINT('',(6.45,19.475,1.));
#3182 = VECTOR('',#3183,1.);
#3183 = DIRECTION('',(0.,0.,1.));
#3184 = ORIENTED_EDGE('',*,*,#3185,.F.);
#3185 = EDGE_CURVE('',#3162,#3178,#3186,.T.);
#3186 = LINE('',#3187,#3188);
#3187 = CARTESIAN_POINT('',(6.45,15.525,1.9));
#3188 = VECTOR('',#3189,1.);
#3189 = DIRECTION('',(0.,1.,0.));
#3190 = PLANE('',#3191);
#3191 = AXIS2_PLACEMENT_3D('',#3192,#3193,#3194);
#3192 = CARTESIAN_POINT('',(6.45,15.525,1.));
#3193 = DIRECTION('',(1.,0.,0.));
#3194 = DIRECTION('',(0.,0.,1.));
#3195 = ADVANCED_FACE('',(#3196),#3212,.F.);
#3196 = FACE_BOUND('',#3197,.F.);
#3197 = EDGE_LOOP('',(#3198,#3204,#3205,#3211));
#3198 = ORIENTED_EDGE('',*,*,#3199,.F.);
#3199 = EDGE_CURVE('',#3120,#3160,#3200,.T.);
#3200 = LINE('',#3201,#3202);
#3201 = CARTESIAN_POINT('',(4.05,15.525,1.));
#3202 = VECTOR('',#3203,1.);
#3203 = DIRECTION('',(1.,0.,0.));
#3204 = ORIENTED_EDGE('',*,*,#3119,.T.);
#3205 = ORIENTED_EDGE('',*,*,#3206,.T.);
#3206 = EDGE_CURVE('',#3122,#3162,#3207,.T.);
#3207 = LINE('',#3208,#3209);
#3208 = CARTESIAN_POINT('',(4.05,15.525,1.9));
#3209 = VECTOR('',#3210,1.);
#3210 = DIRECTION('',(1.,0.,0.));
#3211 = ORIENTED_EDGE('',*,*,#3159,.F.);
#3212 = PLANE('',#3213);
#3213 = AXIS2_PLACEMENT_3D('',#3214,#3215,#3216);
#3214 = CARTESIAN_POINT('',(4.05,15.525,1.));
#3215 = DIRECTION('',(0.,1.,0.));
#3216 = DIRECTION('',(0.,0.,1.));
#3217 = ADVANCED_FACE('',(#3218),#3234,.T.);
#3218 = FACE_BOUND('',#3219,.T.);
#3219 = EDGE_LOOP('',(#3220,#3226,#3227,#3233));
#3220 = ORIENTED_EDGE('',*,*,#3221,.F.);
#3221 = EDGE_CURVE('',#3130,#3170,#3222,.T.);
#3222 = LINE('',#3223,#3224);
#3223 = CARTESIAN_POINT('',(4.05,19.475,1.));
#3224 = VECTOR('',#3225,1.);
#3225 = DIRECTION('',(1.,0.,0.));
#3226 = ORIENTED_EDGE('',*,*,#3137,.T.);
#3227 = ORIENTED_EDGE('',*,*,#3228,.T.);
#3228 = EDGE_CURVE('',#3138,#3178,#3229,.T.);
#3229 = LINE('',#3230,#3231);
#3230 = CARTESIAN_POINT('',(4.05,19.475,1.9));
#3231 = VECTOR('',#3232,1.);
#3232 = DIRECTION('',(1.,0.,0.));
#3233 = ORIENTED_EDGE('',*,*,#3177,.F.);
#3234 = PLANE('',#3235);
#3235 = AXIS2_PLACEMENT_3D('',#3236,#3237,#3238);
#3236 = CARTESIAN_POINT('',(4.05,19.475,1.));
#3237 = DIRECTION('',(0.,1.,0.));
#3238 = DIRECTION('',(0.,0.,1.));
#3239 = ADVANCED_FACE('',(#3240),#3246,.F.);
#3240 = FACE_BOUND('',#3241,.F.);
#3241 = EDGE_LOOP('',(#3242,#3243,#3244,#3245));
#3242 = ORIENTED_EDGE('',*,*,#3129,.F.);
#3243 = ORIENTED_EDGE('',*,*,#3199,.T.);
#3244 = ORIENTED_EDGE('',*,*,#3169,.T.);
#3245 = ORIENTED_EDGE('',*,*,#3221,.F.);
#3246 = PLANE('',#3247);
#3247 = AXIS2_PLACEMENT_3D('',#3248,#3249,#3250);
#3248 = CARTESIAN_POINT('',(4.05,15.525,1.));
#3249 = DIRECTION('',(0.,0.,1.));
#3250 = DIRECTION('',(1.,0.,0.));
#3251 = ADVANCED_FACE('',(#3252),#3258,.T.);
#3252 = FACE_BOUND('',#3253,.T.);
#3253 = EDGE_LOOP('',(#3254,#3255,#3256,#3257));
#3254 = ORIENTED_EDGE('',*,*,#3145,.F.);
#3255 = ORIENTED_EDGE('',*,*,#3206,.T.);
#3256 = ORIENTED_EDGE('',*,*,#3185,.T.);
#3257 = ORIENTED_EDGE('',*,*,#3228,.F.);
#3258 = PLANE('',#3259);
#3259 = AXIS2_PLACEMENT_3D('',#3260,#3261,#3262);
#3260 = CARTESIAN_POINT('',(4.05,15.525,1.9));
#3261 = DIRECTION('',(0.,0.,1.));
#3262 = DIRECTION('',(1.,0.,0.));
#3263 = MANIFOLD_SOLID_BREP('',#3264);
#3264 = CLOSED_SHELL('',(#3265,#3305,#3345,#3367,#3389,#3401));
#3265 = ADVANCED_FACE('',(#3266),#3300,.F.);
#3266 = FACE_BOUND('',#3267,.F.);
#3267 = EDGE_LOOP('',(#3268,#3278,#3286,#3294));
#3268 = ORIENTED_EDGE('',*,*,#3269,.F.);
#3269 = EDGE_CURVE('',#3270,#3272,#3274,.T.);
#3270 = VERTEX_POINT('',#3271);
#3271 = CARTESIAN_POINT('',(8.7,20.95,1.));
#3272 = VERTEX_POINT('',#3273);
#3273 = CARTESIAN_POINT('',(8.7,20.95,1.55));
#3274 = LINE('',#3275,#3276);
#3275 = CARTESIAN_POINT('',(8.7,20.95,1.));
#3276 = VECTOR('',#3277,1.);
#3277 = DIRECTION('',(0.,0.,1.));
#3278 = ORIENTED_EDGE('',*,*,#3279,.T.);
#3279 = EDGE_CURVE('',#3270,#3280,#3282,.T.);
#3280 = VERTEX_POINT('',#3281);
#3281 = CARTESIAN_POINT('',(8.7,21.55,1.));
#3282 = LINE('',#3283,#3284);
#3283 = CARTESIAN_POINT('',(8.7,20.95,1.));
#3284 = VECTOR('',#3285,1.);
#3285 = DIRECTION('',(0.,1.,0.));
#3286 = ORIENTED_EDGE('',*,*,#3287,.T.);
#3287 = EDGE_CURVE('',#3280,#3288,#3290,.T.);
#3288 = VERTEX_POINT('',#3289);
#3289 = CARTESIAN_POINT('',(8.7,21.55,1.55));
#3290 = LINE('',#3291,#3292);
#3291 = CARTESIAN_POINT('',(8.7,21.55,1.));
#3292 = VECTOR('',#3293,1.);
#3293 = DIRECTION('',(0.,0.,1.));
#3294 = ORIENTED_EDGE('',*,*,#3295,.F.);
#3295 = EDGE_CURVE('',#3272,#3288,#3296,.T.);
#3296 = LINE('',#3297,#3298);
#3297 = CARTESIAN_POINT('',(8.7,20.95,1.55));
#3298 = VECTOR('',#3299,1.);
#3299 = DIRECTION('',(0.,1.,0.));
#3300 = PLANE('',#3301);
#3301 = AXIS2_PLACEMENT_3D('',#3302,#3303,#3304);
#3302 = CARTESIAN_POINT('',(8.7,20.95,1.));
#3303 = DIRECTION('',(1.,0.,0.));
#3304 = DIRECTION('',(0.,0.,1.));
#3305 = ADVANCED_FACE('',(#3306),#3340,.T.);
#3306 = FACE_BOUND('',#3307,.T.);
#3307 = EDGE_LOOP('',(#3308,#3318,#3326,#3334));
#3308 = ORIENTED_EDGE('',*,*,#3309,.F.);
#3309 = EDGE_CURVE('',#3310,#3312,#3314,.T.);
#3310 = VERTEX_POINT('',#3311);
#3311 = CARTESIAN_POINT('',(9.8,20.95,1.));
#3312 = VERTEX_POINT('',#3313);
#3313 = CARTESIAN_POINT('',(9.8,20.95,1.55));
#3314 = LINE('',#3315,#3316);
#3315 = CARTESIAN_POINT('',(9.8,20.95,1.));
#3316 = VECTOR('',#3317,1.);
#3317 = DIRECTION('',(0.,0.,1.));
#3318 = ORIENTED_EDGE('',*,*,#3319,.T.);
#3319 = EDGE_CURVE('',#3310,#3320,#3322,.T.);
#3320 = VERTEX_POINT('',#3321);
#3321 = CARTESIAN_POINT('',(9.8,21.55,1.));
#3322 = LINE('',#3323,#3324);
#3323 = CARTESIAN_POINT('',(9.8,20.95,1.));
#3324 = VECTOR('',#3325,1.);
#3325 = DIRECTION('',(0.,1.,0.));
#3326 = ORIENTED_EDGE('',*,*,#3327,.T.);
#3327 = EDGE_CURVE('',#3320,#3328,#3330,.T.);
#3328 = VERTEX_POINT('',#3329);
#3329 = CARTESIAN_POINT('',(9.8,21.55,1.55));
#3330 = LINE('',#3331,#3332);
#3331 = CARTESIAN_POINT('',(9.8,21.55,1.));
#3332 = VECTOR('',#3333,1.);
#3333 = DIRECTION('',(0.,0.,1.));
#3334 = ORIENTED_EDGE('',*,*,#3335,.F.);
#3335 = EDGE_CURVE('',#3312,#3328,#3336,.T.);
#3336 = LINE('',#3337,#3338);
#3337 = CARTESIAN_POINT('',(9.8,20.95,1.55));
#3338 = VECTOR('',#3339,1.);
#3339 = DIRECTION('',(0.,1.,0.));
#3340 = PLANE('',#3341);
#3341 = AXIS2_PLACEMENT_3D('',#3342,#3343,#3344);
#3342 = CARTESIAN_POINT('',(9.8,20.95,1.));
#3343 = DIRECTION('',(1.,0.,0.));
#3344 = DIRECTION('',(0.,0.,1.));
#3345 = ADVANCED_FACE('',(#3346),#3362,.F.);
#3346 = FACE_BOUND('',#3347,.F.);
#3347 = EDGE_LOOP('',(#3348,#3354,#3355,#3361));
#3348 = ORIENTED_EDGE('',*,*,#3349,.F.);
#3349 = EDGE_CURVE('',#3270,#3310,#3350,.T.);
#3350 = LINE('',#3351,#3352);
#3351 = CARTESIAN_POINT('',(8.7,20.95,1.));
#3352 = VECTOR('',#3353,1.);
#3353 = DIRECTION('',(1.,0.,0.));
#3354 = ORIENTED_EDGE('',*,*,#3269,.T.);
#3355 = ORIENTED_EDGE('',*,*,#3356,.T.);
#3356 = EDGE_CURVE('',#3272,#3312,#3357,.T.);
#3357 = LINE('',#3358,#3359);
#3358 = CARTESIAN_POINT('',(8.7,20.95,1.55));
#3359 = VECTOR('',#3360,1.);
#3360 = DIRECTION('',(1.,0.,0.));
#3361 = ORIENTED_EDGE('',*,*,#3309,.F.);
#3362 = PLANE('',#3363);
#3363 = AXIS2_PLACEMENT_3D('',#3364,#3365,#3366);
#3364 = CARTESIAN_POINT('',(8.7,20.95,1.));
#3365 = DIRECTION('',(0.,1.,0.));
#3366 = DIRECTION('',(0.,0.,1.));
#3367 = ADVANCED_FACE('',(#3368),#3384,.T.);
#3368 = FACE_BOUND('',#3369,.T.);
#3369 = EDGE_LOOP('',(#3370,#3376,#3377,#3383));
#3370 = ORIENTED_EDGE('',*,*,#3371,.F.);
#3371 = EDGE_CURVE('',#3280,#3320,#3372,.T.);
#3372 = LINE('',#3373,#3374);
#3373 = CARTESIAN_POINT('',(8.7,21.55,1.));
#3374 = VECTOR('',#3375,1.);
#3375 = DIRECTION('',(1.,0.,0.));
#3376 = ORIENTED_EDGE('',*,*,#3287,.T.);
#3377 = ORIENTED_EDGE('',*,*,#3378,.T.);
#3378 = EDGE_CURVE('',#3288,#3328,#3379,.T.);
#3379 = LINE('',#3380,#3381);
#3380 = CARTESIAN_POINT('',(8.7,21.55,1.55));
#3381 = VECTOR('',#3382,1.);
#3382 = DIRECTION('',(1.,0.,0.));
#3383 = ORIENTED_EDGE('',*,*,#3327,.F.);
#3384 = PLANE('',#3385);
#3385 = AXIS2_PLACEMENT_3D('',#3386,#3387,#3388);
#3386 = CARTESIAN_POINT('',(8.7,21.55,1.));
#3387 = DIRECTION('',(0.,1.,0.));
#3388 = DIRECTION('',(0.,0.,1.));
#3389 = ADVANCED_FACE('',(#3390),#3396,.F.);
#3390 = FACE_BOUND('',#3391,.F.);
#3391 = EDGE_LOOP('',(#3392,#3393,#3394,#3395));
#3392 = ORIENTED_EDGE('',*,*,#3279,.F.);
#3393 = ORIENTED_EDGE('',*,*,#3349,.T.);
#3394 = ORIENTED_EDGE('',*,*,#3319,.T.);
#3395 = ORIENTED_EDGE('',*,*,#3371,.F.);
#3396 = PLANE('',#3397);
#3397 = AXIS2_PLACEMENT_3D('',#3398,#3399,#3400);
#3398 = CARTESIAN_POINT('',(8.7,20.95,1.));
#3399 = DIRECTION('',(0.,0.,1.));
#3400 = DIRECTION('',(1.,0.,0.));
#3401 = ADVANCED_FACE('',(#3402),#3408,.T.);
#3402 = FACE_BOUND('',#3403,.T.);
#3403 = EDGE_LOOP('',(#3404,#3405,#3406,#3407));
#3404 = ORIENTED_EDGE('',*,*,#3295,.F.);
#3405 = ORIENTED_EDGE('',*,*,#3356,.T.);
#3406 = ORIENTED_EDGE('',*,*,#3335,.T.);
#3407 = ORIENTED_EDGE('',*,*,#3378,.F.);
#3408 = PLANE('',#3409);
#3409 = AXIS2_PLACEMENT_3D('',#3410,#3411,#3412);
#3410 = CARTESIAN_POINT('',(8.7,20.95,1.55));
#3411 = DIRECTION('',(0.,0.,1.));
#3412 = DIRECTION('',(1.,0.,0.));
#3413 = MANIFOLD_SOLID_BREP('',#3414);
#3414 = CLOSED_SHELL('',(#3415,#3455,#3495,#3517,#3539,#3551));
#3415 = ADVANCED_FACE('',(#3416),#3450,.F.);
#3416 = FACE_BOUND('',#3417,.F.);
#3417 = EDGE_LOOP('',(#3418,#3428,#3436,#3444));
#3418 = ORIENTED_EDGE('',*,*,#3419,.F.);
#3419 = EDGE_CURVE('',#3420,#3422,#3424,.T.);
#3420 = VERTEX_POINT('',#3421);
#3421 = CARTESIAN_POINT('',(21.725,28.23,1.));
#3422 = VERTEX_POINT('',#3423);
#3423 = CARTESIAN_POINT('',(21.725,28.23,1.55));
#3424 = LINE('',#3425,#3426);
#3425 = CARTESIAN_POINT('',(21.725,28.23,1.));
#3426 = VECTOR('',#3427,1.);
#3427 = DIRECTION('',(0.,0.,1.));
#3428 = ORIENTED_EDGE('',*,*,#3429,.T.);
#3429 = EDGE_CURVE('',#3420,#3430,#3432,.T.);
#3430 = VERTEX_POINT('',#3431);
#3431 = CARTESIAN_POINT('',(21.725,28.77,1.));
#3432 = LINE('',#3433,#3434);
#3433 = CARTESIAN_POINT('',(21.725,28.23,1.));
#3434 = VECTOR('',#3435,1.);
#3435 = DIRECTION('',(0.,1.,0.));
#3436 = ORIENTED_EDGE('',*,*,#3437,.T.);
#3437 = EDGE_CURVE('',#3430,#3438,#3440,.T.);
#3438 = VERTEX_POINT('',#3439);
#3439 = CARTESIAN_POINT('',(21.725,28.77,1.55));
#3440 = LINE('',#3441,#3442);
#3441 = CARTESIAN_POINT('',(21.725,28.77,1.));
#3442 = VECTOR('',#3443,1.);
#3443 = DIRECTION('',(0.,0.,1.));
#3444 = ORIENTED_EDGE('',*,*,#3445,.F.);
#3445 = EDGE_CURVE('',#3422,#3438,#3446,.T.);
#3446 = LINE('',#3447,#3448);
#3447 = CARTESIAN_POINT('',(21.725,28.23,1.55));
#3448 = VECTOR('',#3449,1.);
#3449 = DIRECTION('',(0.,1.,0.));
#3450 = PLANE('',#3451);
#3451 = AXIS2_PLACEMENT_3D('',#3452,#3453,#3454);
#3452 = CARTESIAN_POINT('',(21.725,28.23,1.));
#3453 = DIRECTION('',(1.,0.,0.));
#3454 = DIRECTION('',(0.,0.,1.));
#3455 = ADVANCED_FACE('',(#3456),#3490,.T.);
#3456 = FACE_BOUND('',#3457,.T.);
#3457 = EDGE_LOOP('',(#3458,#3468,#3476,#3484));
#3458 = ORIENTED_EDGE('',*,*,#3459,.F.);
#3459 = EDGE_CURVE('',#3460,#3462,#3464,.T.);
#3460 = VERTEX_POINT('',#3461);
#3461 = CARTESIAN_POINT('',(22.775,28.23,1.));
#3462 = VERTEX_POINT('',#3463);
#3463 = CARTESIAN_POINT('',(22.775,28.23,1.55));
#3464 = LINE('',#3465,#3466);
#3465 = CARTESIAN_POINT('',(22.775,28.23,1.));
#3466 = VECTOR('',#3467,1.);
#3467 = DIRECTION('',(0.,0.,1.));
#3468 = ORIENTED_EDGE('',*,*,#3469,.T.);
#3469 = EDGE_CURVE('',#3460,#3470,#3472,.T.);
#3470 = VERTEX_POINT('',#3471);
#3471 = CARTESIAN_POINT('',(22.775,28.77,1.));
#3472 = LINE('',#3473,#3474);
#3473 = CARTESIAN_POINT('',(22.775,28.23,1.));
#3474 = VECTOR('',#3475,1.);
#3475 = DIRECTION('',(0.,1.,0.));
#3476 = ORIENTED_EDGE('',*,*,#3477,.T.);
#3477 = EDGE_CURVE('',#3470,#3478,#3480,.T.);
#3478 = VERTEX_POINT('',#3479);
#3479 = CARTESIAN_POINT('',(22.775,28.77,1.55));
#3480 = LINE('',#3481,#3482);
#3481 = CARTESIAN_POINT('',(22.775,28.77,1.));
#3482 = VECTOR('',#3483,1.);
#3483 = DIRECTION('',(0.,0.,1.));
#3484 = ORIENTED_EDGE('',*,*,#3485,.F.);
#3485 = EDGE_CURVE('',#3462,#3478,#3486,.T.);
#3486 = LINE('',#3487,#3488);
#3487 = CARTESIAN_POINT('',(22.775,28.23,1.55));
#3488 = VECTOR('',#3489,1.);
#3489 = DIRECTION('',(0.,1.,0.));
#3490 = PLANE('',#3491);
#3491 = AXIS2_PLACEMENT_3D('',#3492,#3493,#3494);
#3492 = CARTESIAN_POINT('',(22.775,28.23,1.));
#3493 = DIRECTION('',(1.,0.,0.));
#3494 = DIRECTION('',(0.,0.,1.));
#3495 = ADVANCED_FACE('',(#3496),#3512,.F.);
#3496 = FACE_BOUND('',#3497,.F.);
#3497 = EDGE_LOOP('',(#3498,#3504,#3505,#3511));
#3498 = ORIENTED_EDGE('',*,*,#3499,.F.);
#3499 = EDGE_CURVE('',#3420,#3460,#3500,.T.);
#3500 = LINE('',#3501,#3502);
#3501 = CARTESIAN_POINT('',(21.725,28.23,1.));
#3502 = VECTOR('',#3503,1.);
#3503 = DIRECTION('',(1.,0.,0.));
#3504 = ORIENTED_EDGE('',*,*,#3419,.T.);
#3505 = ORIENTED_EDGE('',*,*,#3506,.T.);
#3506 = EDGE_CURVE('',#3422,#3462,#3507,.T.);
#3507 = LINE('',#3508,#3509);
#3508 = CARTESIAN_POINT('',(21.725,28.23,1.55));
#3509 = VECTOR('',#3510,1.);
#3510 = DIRECTION('',(1.,0.,0.));
#3511 = ORIENTED_EDGE('',*,*,#3459,.F.);
#3512 = PLANE('',#3513);
#3513 = AXIS2_PLACEMENT_3D('',#3514,#3515,#3516);
#3514 = CARTESIAN_POINT('',(21.725,28.23,1.));
#3515 = DIRECTION('',(0.,1.,0.));
#3516 = DIRECTION('',(0.,0.,1.));
#3517 = ADVANCED_FACE('',(#3518),#3534,.T.);
#3518 = FACE_BOUND('',#3519,.T.);
#3519 = EDGE_LOOP('',(#3520,#3526,#3527,#3533));
#3520 = ORIENTED_EDGE('',*,*,#3521,.F.);
#3521 = EDGE_CURVE('',#3430,#3470,#3522,.T.);
#3522 = LINE('',#3523,#3524);
#3523 = CARTESIAN_POINT('',(21.725,28.77,1.));
#3524 = VECTOR('',#3525,1.);
#3525 = DIRECTION('',(1.,0.,0.));
#3526 = ORIENTED_EDGE('',*,*,#3437,.T.);
#3527 = ORIENTED_EDGE('',*,*,#3528,.T.);
#3528 = EDGE_CURVE('',#3438,#3478,#3529,.T.);
#3529 = LINE('',#3530,#3531);
#3530 = CARTESIAN_POINT('',(21.725,28.77,1.55));
#3531 = VECTOR('',#3532,1.);
#3532 = DIRECTION('',(1.,0.,0.));
#3533 = ORIENTED_EDGE('',*,*,#3477,.F.);
#3534 = PLANE('',#3535);
#3535 = AXIS2_PLACEMENT_3D('',#3536,#3537,#3538);
#3536 = CARTESIAN_POINT('',(21.725,28.77,1.));
#3537 = DIRECTION('',(0.,1.,0.));
#3538 = DIRECTION('',(0.,0.,1.));
#3539 = ADVANCED_FACE('',(#3540),#3546,.F.);
#3540 = FACE_BOUND('',#3541,.F.);
#3541 = EDGE_LOOP('',(#3542,#3543,#3544,#3545));
#3542 = ORIENTED_EDGE('',*,*,#3429,.F.);
#3543 = ORIENTED_EDGE('',*,*,#3499,.T.);
#3544 = ORIENTED_EDGE('',*,*,#3469,.T.);
#3545 = ORIENTED_EDGE('',*,*,#3521,.F.);
#3546 = PLANE('',#3547);
#3547 = AXIS2_PLACEMENT_3D('',#3548,#3549,#3550);
#3548 = CARTESIAN_POINT('',(21.725,28.23,1.));
#3549 = DIRECTION('',(0.,0.,1.));
#3550 = DIRECTION('',(1.,0.,0.));
#3551 = ADVANCED_FACE('',(#3552),#3558,.T.);
#3552 = FACE_BOUND('',#3553,.T.);
#3553 = EDGE_LOOP('',(#3554,#3555,#3556,#3557));
#3554 = ORIENTED_EDGE('',*,*,#3445,.F.);
#3555 = ORIENTED_EDGE('',*,*,#3506,.T.);
#3556 = ORIENTED_EDGE('',*,*,#3485,.T.);
#3557 = ORIENTED_EDGE('',*,*,#3528,.F.);
#3558 = PLANE('',#3559);
#3559 = AXIS2_PLACEMENT_3D('',#3560,#3561,#3562);
#3560 = CARTESIAN_POINT('',(21.725,28.23,1.55));
#3561 = DIRECTION('',(0.,0.,1.));
#3562 = DIRECTION('',(1.,0.,0.));
#3563 = MANIFOLD_SOLID_BREP('',#3564);
#3564 = CLOSED_SHELL('',(#3565,#3605,#3645,#3667,#3689,#3701));
#3565 = ADVANCED_FACE('',(#3566),#3600,.F.);
#3566 = FACE_BOUND('',#3567,.F.);
#3567 = EDGE_LOOP('',(#3568,#3578,#3586,#3594));
#3568 = ORIENTED_EDGE('',*,*,#3569,.F.);
#3569 = EDGE_CURVE('',#3570,#3572,#3574,.T.);
#3570 = VERTEX_POINT('',#3571);
#3571 = CARTESIAN_POINT('',(7.45,22.2,1.));
#3572 = VERTEX_POINT('',#3573);
#3573 = CARTESIAN_POINT('',(7.45,22.2,1.4));
#3574 = LINE('',#3575,#3576);
#3575 = CARTESIAN_POINT('',(7.45,22.2,1.));
#3576 = VECTOR('',#3577,1.);
#3577 = DIRECTION('',(0.,0.,1.));
#3578 = ORIENTED_EDGE('',*,*,#3579,.T.);
#3579 = EDGE_CURVE('',#3570,#3580,#3582,.T.);
#3580 = VERTEX_POINT('',#3581);
#3581 = CARTESIAN_POINT('',(7.45,22.8,1.));
#3582 = LINE('',#3583,#3584);
#3583 = CARTESIAN_POINT('',(7.45,22.2,1.));
#3584 = VECTOR('',#3585,1.);
#3585 = DIRECTION('',(0.,1.,0.));
#3586 = ORIENTED_EDGE('',*,*,#3587,.T.);
#3587 = EDGE_CURVE('',#3580,#3588,#3590,.T.);
#3588 = VERTEX_POINT('',#3589);
#3589 = CARTESIAN_POINT('',(7.45,22.8,1.4));
#3590 = LINE('',#3591,#3592);
#3591 = CARTESIAN_POINT('',(7.45,22.8,1.));
#3592 = VECTOR('',#3593,1.);
#3593 = DIRECTION('',(0.,0.,1.));
#3594 = ORIENTED_EDGE('',*,*,#3595,.F.);
#3595 = EDGE_CURVE('',#3572,#3588,#3596,.T.);
#3596 = LINE('',#3597,#3598);
#3597 = CARTESIAN_POINT('',(7.45,22.2,1.4));
#3598 = VECTOR('',#3599,1.);
#3599 = DIRECTION('',(0.,1.,0.));
#3600 = PLANE('',#3601);
#3601 = AXIS2_PLACEMENT_3D('',#3602,#3603,#3604);
#3602 = CARTESIAN_POINT('',(7.45,22.2,1.));
#3603 = DIRECTION('',(1.,0.,0.));
#3604 = DIRECTION('',(0.,0.,1.));
#3605 = ADVANCED_FACE('',(#3606),#3640,.T.);
#3606 = FACE_BOUND('',#3607,.T.);
#3607 = EDGE_LOOP('',(#3608,#3618,#3626,#3634));
#3608 = ORIENTED_EDGE('',*,*,#3609,.F.);
#3609 = EDGE_CURVE('',#3610,#3612,#3614,.T.);
#3610 = VERTEX_POINT('',#3611);
#3611 = CARTESIAN_POINT('',(8.55,22.2,1.));
#3612 = VERTEX_POINT('',#3613);
#3613 = CARTESIAN_POINT('',(8.55,22.2,1.4));
#3614 = LINE('',#3615,#3616);
#3615 = CARTESIAN_POINT('',(8.55,22.2,1.));
#3616 = VECTOR('',#3617,1.);
#3617 = DIRECTION('',(0.,0.,1.));
#3618 = ORIENTED_EDGE('',*,*,#3619,.T.);
#3619 = EDGE_CURVE('',#3610,#3620,#3622,.T.);
#3620 = VERTEX_POINT('',#3621);
#3621 = CARTESIAN_POINT('',(8.55,22.8,1.));
#3622 = LINE('',#3623,#3624);
#3623 = CARTESIAN_POINT('',(8.55,22.2,1.));
#3624 = VECTOR('',#3625,1.);
#3625 = DIRECTION('',(0.,1.,0.));
#3626 = ORIENTED_EDGE('',*,*,#3627,.T.);
#3627 = EDGE_CURVE('',#3620,#3628,#3630,.T.);
#3628 = VERTEX_POINT('',#3629);
#3629 = CARTESIAN_POINT('',(8.55,22.8,1.4));
#3630 = LINE('',#3631,#3632);
#3631 = CARTESIAN_POINT('',(8.55,22.8,1.));
#3632 = VECTOR('',#3633,1.);
#3633 = DIRECTION('',(0.,0.,1.));
#3634 = ORIENTED_EDGE('',*,*,#3635,.F.);
#3635 = EDGE_CURVE('',#3612,#3628,#3636,.T.);
#3636 = LINE('',#3637,#3638);
#3637 = CARTESIAN_POINT('',(8.55,22.2,1.4));
#3638 = VECTOR('',#3639,1.);
#3639 = DIRECTION('',(0.,1.,0.));
#3640 = PLANE('',#3641);
#3641 = AXIS2_PLACEMENT_3D('',#3642,#3643,#3644);
#3642 = CARTESIAN_POINT('',(8.55,22.2,1.));
#3643 = DIRECTION('',(1.,0.,0.));
#3644 = DIRECTION('',(0.,0.,1.));
#3645 = ADVANCED_FACE('',(#3646),#3662,.F.);
#3646 = FACE_BOUND('',#3647,.F.);
#3647 = EDGE_LOOP('',(#3648,#3654,#3655,#3661));
#3648 = ORIENTED_EDGE('',*,*,#3649,.F.);
#3649 = EDGE_CURVE('',#3570,#3610,#3650,.T.);
#3650 = LINE('',#3651,#3652);
#3651 = CARTESIAN_POINT('',(7.45,22.2,1.));
#3652 = VECTOR('',#3653,1.);
#3653 = DIRECTION('',(1.,0.,0.));
#3654 = ORIENTED_EDGE('',*,*,#3569,.T.);
#3655 = ORIENTED_EDGE('',*,*,#3656,.T.);
#3656 = EDGE_CURVE('',#3572,#3612,#3657,.T.);
#3657 = LINE('',#3658,#3659);
#3658 = CARTESIAN_POINT('',(7.45,22.2,1.4));
#3659 = VECTOR('',#3660,1.);
#3660 = DIRECTION('',(1.,0.,0.));
#3661 = ORIENTED_EDGE('',*,*,#3609,.F.);
#3662 = PLANE('',#3663);
#3663 = AXIS2_PLACEMENT_3D('',#3664,#3665,#3666);
#3664 = CARTESIAN_POINT('',(7.45,22.2,1.));
#3665 = DIRECTION('',(0.,1.,0.));
#3666 = DIRECTION('',(0.,0.,1.));
#3667 = ADVANCED_FACE('',(#3668),#3684,.T.);
#3668 = FACE_BOUND('',#3669,.T.);
#3669 = EDGE_LOOP('',(#3670,#3676,#3677,#3683));
#3670 = ORIENTED_EDGE('',*,*,#3671,.F.);
#3671 = EDGE_CURVE('',#3580,#3620,#3672,.T.);
#3672 = LINE('',#3673,#3674);
#3673 = CARTESIAN_POINT('',(7.45,22.8,1.));
#3674 = VECTOR('',#3675,1.);
#3675 = DIRECTION('',(1.,0.,0.));
#3676 = ORIENTED_EDGE('',*,*,#3587,.T.);
#3677 = ORIENTED_EDGE('',*,*,#3678,.T.);
#3678 = EDGE_CURVE('',#3588,#3628,#3679,.T.);
#3679 = LINE('',#3680,#3681);
#3680 = CARTESIAN_POINT('',(7.45,22.8,1.4));
#3681 = VECTOR('',#3682,1.);
#3682 = DIRECTION('',(1.,0.,0.));
#3683 = ORIENTED_EDGE('',*,*,#3627,.F.);
#3684 = PLANE('',#3685);
#3685 = AXIS2_PLACEMENT_3D('',#3686,#3687,#3688);
#3686 = CARTESIAN_POINT('',(7.45,22.8,1.));
#3687 = DIRECTION('',(0.,1.,0.));
#3688 = DIRECTION('',(0.,0.,1.));
#3689 = ADVANCED_FACE('',(#3690),#3696,.F.);
#3690 = FACE_BOUND('',#3691,.F.);
#3691 = EDGE_LOOP('',(#3692,#3693,#3694,#3695));
#3692 = ORIENTED_EDGE('',*,*,#3579,.F.);
#3693 = ORIENTED_EDGE('',*,*,#3649,.T.);
#3694 = ORIENTED_EDGE('',*,*,#3619,.T.);
#3695 = ORIENTED_EDGE('',*,*,#3671,.F.);
#3696 = PLANE('',#3697);
#3697 = AXIS2_PLACEMENT_3D('',#3698,#3699,#3700);
#3698 = CARTESIAN_POINT('',(7.45,22.2,1.));
#3699 = DIRECTION('',(0.,0.,1.));
#3700 = DIRECTION('',(1.,0.,0.));
#3701 = ADVANCED_FACE('',(#3702),#3708,.T.);
#3702 = FACE_BOUND('',#3703,.T.);
#3703 = EDGE_LOOP('',(#3704,#3705,#3706,#3707));
#3704 = ORIENTED_EDGE('',*,*,#3595,.F.);
#3705 = ORIENTED_EDGE('',*,*,#3656,.T.);
#3706 = ORIENTED_EDGE('',*,*,#3635,.T.);
#3707 = ORIENTED_EDGE('',*,*,#3678,.F.);
#3708 = PLANE('',#3709);
#3709 = AXIS2_PLACEMENT_3D('',#3710,#3711,#3712);
#3710 = CARTESIAN_POINT('',(7.45,22.2,1.4));
#3711 = DIRECTION('',(0.,0.,1.));
#3712 = DIRECTION('',(1.,0.,0.));
#3713 = MANIFOLD_SOLID_BREP('',#3714);
#3714 = CLOSED_SHELL('',(#3715,#3755,#3795,#3817,#3839,#3851));
#3715 = ADVANCED_FACE('',(#3716),#3750,.F.);
#3716 = FACE_BOUND('',#3717,.F.);
#3717 = EDGE_LOOP('',(#3718,#3728,#3736,#3744));
#3718 = ORIENTED_EDGE('',*,*,#3719,.F.);
#3719 = EDGE_CURVE('',#3720,#3722,#3724,.T.);
#3720 = VERTEX_POINT('',#3721);
#3721 = CARTESIAN_POINT('',(16.53,15.175,1.));
#3722 = VERTEX_POINT('',#3723);
#3723 = CARTESIAN_POINT('',(16.53,15.175,1.55));
#3724 = LINE('',#3725,#3726);
#3725 = CARTESIAN_POINT('',(16.53,15.175,1.));
#3726 = VECTOR('',#3727,1.);
#3727 = DIRECTION('',(0.,0.,1.));
#3728 = ORIENTED_EDGE('',*,*,#3729,.T.);
#3729 = EDGE_CURVE('',#3720,#3730,#3732,.T.);
#3730 = VERTEX_POINT('',#3731);
#3731 = CARTESIAN_POINT('',(16.53,16.225,1.));
#3732 = LINE('',#3733,#3734);
#3733 = CARTESIAN_POINT('',(16.53,15.175,1.));
#3734 = VECTOR('',#3735,1.);
#3735 = DIRECTION('',(0.,1.,0.));
#3736 = ORIENTED_EDGE('',*,*,#3737,.T.);
#3737 = EDGE_CURVE('',#3730,#3738,#3740,.T.);
#3738 = VERTEX_POINT('',#3739);
#3739 = CARTESIAN_POINT('',(16.53,16.225,1.55));
#3740 = LINE('',#3741,#3742);
#3741 = CARTESIAN_POINT('',(16.53,16.225,1.));
#3742 = VECTOR('',#3743,1.);
#3743 = DIRECTION('',(0.,0.,1.));
#3744 = ORIENTED_EDGE('',*,*,#3745,.F.);
#3745 = EDGE_CURVE('',#3722,#3738,#3746,.T.);
#3746 = LINE('',#3747,#3748);
#3747 = CARTESIAN_POINT('',(16.53,15.175,1.55));
#3748 = VECTOR('',#3749,1.);
#3749 = DIRECTION('',(0.,1.,0.));
#3750 = PLANE('',#3751);
#3751 = AXIS2_PLACEMENT_3D('',#3752,#3753,#3754);
#3752 = CARTESIAN_POINT('',(16.53,15.175,1.));
#3753 = DIRECTION('',(1.,0.,0.));
#3754 = DIRECTION('',(0.,0.,1.));
#3755 = ADVANCED_FACE('',(#3756),#3790,.T.);
#3756 = FACE_BOUND('',#3757,.T.);
#3757 = EDGE_LOOP('',(#3758,#3768,#3776,#3784));
#3758 = ORIENTED_EDGE('',*,*,#3759,.F.);
#3759 = EDGE_CURVE('',#3760,#3762,#3764,.T.);
#3760 = VERTEX_POINT('',#3761);
#3761 = CARTESIAN_POINT('',(17.07,15.175,1.));
#3762 = VERTEX_POINT('',#3763);
#3763 = CARTESIAN_POINT('',(17.07,15.175,1.55));
#3764 = LINE('',#3765,#3766);
#3765 = CARTESIAN_POINT('',(17.07,15.175,1.));
#3766 = VECTOR('',#3767,1.);
#3767 = DIRECTION('',(0.,0.,1.));
#3768 = ORIENTED_EDGE('',*,*,#3769,.T.);
#3769 = EDGE_CURVE('',#3760,#3770,#3772,.T.);
#3770 = VERTEX_POINT('',#3771);
#3771 = CARTESIAN_POINT('',(17.07,16.225,1.));
#3772 = LINE('',#3773,#3774);
#3773 = CARTESIAN_POINT('',(17.07,15.175,1.));
#3774 = VECTOR('',#3775,1.);
#3775 = DIRECTION('',(0.,1.,0.));
#3776 = ORIENTED_EDGE('',*,*,#3777,.T.);
#3777 = EDGE_CURVE('',#3770,#3778,#3780,.T.);
#3778 = VERTEX_POINT('',#3779);
#3779 = CARTESIAN_POINT('',(17.07,16.225,1.55));
#3780 = LINE('',#3781,#3782);
#3781 = CARTESIAN_POINT('',(17.07,16.225,1.));
#3782 = VECTOR('',#3783,1.);
#3783 = DIRECTION('',(0.,0.,1.));
#3784 = ORIENTED_EDGE('',*,*,#3785,.F.);
#3785 = EDGE_CURVE('',#3762,#3778,#3786,.T.);
#3786 = LINE('',#3787,#3788);
#3787 = CARTESIAN_POINT('',(17.07,15.175,1.55));
#3788 = VECTOR('',#3789,1.);
#3789 = DIRECTION('',(0.,1.,0.));
#3790 = PLANE('',#3791);
#3791 = AXIS2_PLACEMENT_3D('',#3792,#3793,#3794);
#3792 = CARTESIAN_POINT('',(17.07,15.175,1.));
#3793 = DIRECTION('',(1.,0.,0.));
#3794 = DIRECTION('',(0.,0.,1.));
#3795 = ADVANCED_FACE('',(#3796),#3812,.F.);
#3796 = FACE_BOUND('',#3797,.F.);
#3797 = EDGE_LOOP('',(#3798,#3804,#3805,#3811));
#3798 = ORIENTED_EDGE('',*,*,#3799,.F.);
#3799 = EDGE_CURVE('',#3720,#3760,#3800,.T.);
#3800 = LINE('',#3801,#3802);
#3801 = CARTESIAN_POINT('',(16.53,15.175,1.));
#3802 = VECTOR('',#3803,1.);
#3803 = DIRECTION('',(1.,0.,0.));
#3804 = ORIENTED_EDGE('',*,*,#3719,.T.);
#3805 = ORIENTED_EDGE('',*,*,#3806,.T.);
#3806 = EDGE_CURVE('',#3722,#3762,#3807,.T.);
#3807 = LINE('',#3808,#3809);
#3808 = CARTESIAN_POINT('',(16.53,15.175,1.55));
#3809 = VECTOR('',#3810,1.);
#3810 = DIRECTION('',(1.,0.,0.));
#3811 = ORIENTED_EDGE('',*,*,#3759,.F.);
#3812 = PLANE('',#3813);
#3813 = AXIS2_PLACEMENT_3D('',#3814,#3815,#3816);
#3814 = CARTESIAN_POINT('',(16.53,15.175,1.));
#3815 = DIRECTION('',(0.,1.,0.));
#3816 = DIRECTION('',(0.,0.,1.));
#3817 = ADVANCED_FACE('',(#3818),#3834,.T.);
#3818 = FACE_BOUND('',#3819,.T.);
#3819 = EDGE_LOOP('',(#3820,#3826,#3827,#3833));
#3820 = ORIENTED_EDGE('',*,*,#3821,.F.);
#3821 = EDGE_CURVE('',#3730,#3770,#3822,.T.);
#3822 = LINE('',#3823,#3824);
#3823 = CARTESIAN_POINT('',(16.53,16.225,1.));
#3824 = VECTOR('',#3825,1.);
#3825 = DIRECTION('',(1.,0.,0.));
#3826 = ORIENTED_EDGE('',*,*,#3737,.T.);
#3827 = ORIENTED_EDGE('',*,*,#3828,.T.);
#3828 = EDGE_CURVE('',#3738,#3778,#3829,.T.);
#3829 = LINE('',#3830,#3831);
#3830 = CARTESIAN_POINT('',(16.53,16.225,1.55));
#3831 = VECTOR('',#3832,1.);
#3832 = DIRECTION('',(1.,0.,0.));
#3833 = ORIENTED_EDGE('',*,*,#3777,.F.);
#3834 = PLANE('',#3835);
#3835 = AXIS2_PLACEMENT_3D('',#3836,#3837,#3838);
#3836 = CARTESIAN_POINT('',(16.53,16.225,1.));
#3837 = DIRECTION('',(0.,1.,0.));
#3838 = DIRECTION('',(0.,0.,1.));
#3839 = ADVANCED_FACE('',(#3840),#3846,.F.);
#3840 = FACE_BOUND('',#3841,.F.);
#3841 = EDGE_LOOP('',(#3842,#3843,#3844,#3845));
#3842 = ORIENTED_EDGE('',*,*,#3729,.F.);
#3843 = ORIENTED_EDGE('',*,*,#3799,.T.);
#3844 = ORIENTED_EDGE('',*,*,#3769,.T.);
#3845 = ORIENTED_EDGE('',*,*,#3821,.F.);
#3846 = PLANE('',#3847);
#3847 = AXIS2_PLACEMENT_3D('',#3848,#3849,#3850);
#3848 = CARTESIAN_POINT('',(16.53,15.175,1.));
#3849 = DIRECTION('',(0.,0.,1.));
#3850 = DIRECTION('',(1.,0.,0.));
#3851 = ADVANCED_FACE('',(#3852),#3858,.T.);
#3852 = FACE_BOUND('',#3853,.T.);
#3853 = EDGE_LOOP('',(#3854,#3855,#3856,#3857));
#3854 = ORIENTED_EDGE('',*,*,#3745,.F.);
#3855 = ORIENTED_EDGE('',*,*,#3806,.T.);
#3856 = ORIENTED_EDGE('',*,*,#3785,.T.);
#3857 = ORIENTED_EDGE('',*,*,#3828,.F.);
#3858 = PLANE('',#3859);
#3859 = AXIS2_PLACEMENT_3D('',#3860,#3861,#3862);
#3860 = CARTESIAN_POINT('',(16.53,15.175,1.55));
#3861 = DIRECTION('',(0.,0.,1.));
#3862 = DIRECTION('',(1.,0.,0.));
#3863 = MANIFOLD_SOLID_BREP('',#3864);
#3864 = CLOSED_SHELL('',(#3865,#3905,#3945,#3967,#3989,#4001));
#3865 = ADVANCED_FACE('',(#3866),#3900,.F.);
#3866 = FACE_BOUND('',#3867,.F.);
#3867 = EDGE_LOOP('',(#3868,#3878,#3886,#3894));
#3868 = ORIENTED_EDGE('',*,*,#3869,.F.);
#3869 = EDGE_CURVE('',#3870,#3872,#3874,.T.);
#3870 = VERTEX_POINT('',#3871);
#3871 = CARTESIAN_POINT('',(10.48,25.725,1.));
#3872 = VERTEX_POINT('',#3873);
#3873 = CARTESIAN_POINT('',(10.48,25.725,1.55));
#3874 = LINE('',#3875,#3876);
#3875 = CARTESIAN_POINT('',(10.48,25.725,1.));
#3876 = VECTOR('',#3877,1.);
#3877 = DIRECTION('',(0.,0.,1.));
#3878 = ORIENTED_EDGE('',*,*,#3879,.T.);
#3879 = EDGE_CURVE('',#3870,#3880,#3882,.T.);
#3880 = VERTEX_POINT('',#3881);
#3881 = CARTESIAN_POINT('',(10.48,26.775,1.));
#3882 = LINE('',#3883,#3884);
#3883 = CARTESIAN_POINT('',(10.48,25.725,1.));
#3884 = VECTOR('',#3885,1.);
#3885 = DIRECTION('',(0.,1.,0.));
#3886 = ORIENTED_EDGE('',*,*,#3887,.T.);
#3887 = EDGE_CURVE('',#3880,#3888,#3890,.T.);
#3888 = VERTEX_POINT('',#3889);
#3889 = CARTESIAN_POINT('',(10.48,26.775,1.55));
#3890 = LINE('',#3891,#3892);
#3891 = CARTESIAN_POINT('',(10.48,26.775,1.));
#3892 = VECTOR('',#3893,1.);
#3893 = DIRECTION('',(0.,0.,1.));
#3894 = ORIENTED_EDGE('',*,*,#3895,.F.);
#3895 = EDGE_CURVE('',#3872,#3888,#3896,.T.);
#3896 = LINE('',#3897,#3898);
#3897 = CARTESIAN_POINT('',(10.48,25.725,1.55));
#3898 = VECTOR('',#3899,1.);
#3899 = DIRECTION('',(0.,1.,0.));
#3900 = PLANE('',#3901);
#3901 = AXIS2_PLACEMENT_3D('',#3902,#3903,#3904);
#3902 = CARTESIAN_POINT('',(10.48,25.725,1.));
#3903 = DIRECTION('',(1.,0.,0.));
#3904 = DIRECTION('',(0.,0.,1.));
#3905 = ADVANCED_FACE('',(#3906),#3940,.T.);
#3906 = FACE_BOUND('',#3907,.T.);
#3907 = EDGE_LOOP('',(#3908,#3918,#3926,#3934));
#3908 = ORIENTED_EDGE('',*,*,#3909,.F.);
#3909 = EDGE_CURVE('',#3910,#3912,#3914,.T.);
#3910 = VERTEX_POINT('',#3911);
#3911 = CARTESIAN_POINT('',(11.02,25.725,1.));
#3912 = VERTEX_POINT('',#3913);
#3913 = CARTESIAN_POINT('',(11.02,25.725,1.55));
#3914 = LINE('',#3915,#3916);
#3915 = CARTESIAN_POINT('',(11.02,25.725,1.));
#3916 = VECTOR('',#3917,1.);
#3917 = DIRECTION('',(0.,0.,1.));
#3918 = ORIENTED_EDGE('',*,*,#3919,.T.);
#3919 = EDGE_CURVE('',#3910,#3920,#3922,.T.);
#3920 = VERTEX_POINT('',#3921);
#3921 = CARTESIAN_POINT('',(11.02,26.775,1.));
#3922 = LINE('',#3923,#3924);
#3923 = CARTESIAN_POINT('',(11.02,25.725,1.));
#3924 = VECTOR('',#3925,1.);
#3925 = DIRECTION('',(0.,1.,0.));
#3926 = ORIENTED_EDGE('',*,*,#3927,.T.);
#3927 = EDGE_CURVE('',#3920,#3928,#3930,.T.);
#3928 = VERTEX_POINT('',#3929);
#3929 = CARTESIAN_POINT('',(11.02,26.775,1.55));
#3930 = LINE('',#3931,#3932);
#3931 = CARTESIAN_POINT('',(11.02,26.775,1.));
#3932 = VECTOR('',#3933,1.);
#3933 = DIRECTION('',(0.,0.,1.));
#3934 = ORIENTED_EDGE('',*,*,#3935,.F.);
#3935 = EDGE_CURVE('',#3912,#3928,#3936,.T.);
#3936 = LINE('',#3937,#3938);
#3937 = CARTESIAN_POINT('',(11.02,25.725,1.55));
#3938 = VECTOR('',#3939,1.);
#3939 = DIRECTION('',(0.,1.,0.));
#3940 = PLANE('',#3941);
#3941 = AXIS2_PLACEMENT_3D('',#3942,#3943,#3944);
#3942 = CARTESIAN_POINT('',(11.02,25.725,1.));
#3943 = DIRECTION('',(1.,0.,0.));
#3944 = DIRECTION('',(0.,0.,1.));
#3945 = ADVANCED_FACE('',(#3946),#3962,.F.);
#3946 = FACE_BOUND('',#3947,.F.);
#3947 = EDGE_LOOP('',(#3948,#3954,#3955,#3961));
#3948 = ORIENTED_EDGE('',*,*,#3949,.F.);
#3949 = EDGE_CURVE('',#3870,#3910,#3950,.T.);
#3950 = LINE('',#3951,#3952);
#3951 = CARTESIAN_POINT('',(10.48,25.725,1.));
#3952 = VECTOR('',#3953,1.);
#3953 = DIRECTION('',(1.,0.,0.));
#3954 = ORIENTED_EDGE('',*,*,#3869,.T.);
#3955 = ORIENTED_EDGE('',*,*,#3956,.T.);
#3956 = EDGE_CURVE('',#3872,#3912,#3957,.T.);
#3957 = LINE('',#3958,#3959);
#3958 = CARTESIAN_POINT('',(10.48,25.725,1.55));
#3959 = VECTOR('',#3960,1.);
#3960 = DIRECTION('',(1.,0.,0.));
#3961 = ORIENTED_EDGE('',*,*,#3909,.F.);
#3962 = PLANE('',#3963);
#3963 = AXIS2_PLACEMENT_3D('',#3964,#3965,#3966);
#3964 = CARTESIAN_POINT('',(10.48,25.725,1.));
#3965 = DIRECTION('',(0.,1.,0.));
#3966 = DIRECTION('',(0.,0.,1.));
#3967 = ADVANCED_FACE('',(#3968),#3984,.T.);
#3968 = FACE_BOUND('',#3969,.T.);
#3969 = EDGE_LOOP('',(#3970,#3976,#3977,#3983));
#3970 = ORIENTED_EDGE('',*,*,#3971,.F.);
#3971 = EDGE_CURVE('',#3880,#3920,#3972,.T.);
#3972 = LINE('',#3973,#3974);
#3973 = CARTESIAN_POINT('',(10.48,26.775,1.));
#3974 = VECTOR('',#3975,1.);
#3975 = DIRECTION('',(1.,0.,0.));
#3976 = ORIENTED_EDGE('',*,*,#3887,.T.);
#3977 = ORIENTED_EDGE('',*,*,#3978,.T.);
#3978 = EDGE_CURVE('',#3888,#3928,#3979,.T.);
#3979 = LINE('',#3980,#3981);
#3980 = CARTESIAN_POINT('',(10.48,26.775,1.55));
#3981 = VECTOR('',#3982,1.);
#3982 = DIRECTION('',(1.,0.,0.));
#3983 = ORIENTED_EDGE('',*,*,#3927,.F.);
#3984 = PLANE('',#3985);
#3985 = AXIS2_PLACEMENT_3D('',#3986,#3987,#3988);
#3986 = CARTESIAN_POINT('',(10.48,26.775,1.));
#3987 = DIRECTION('',(0.,1.,0.));
#3988 = DIRECTION('',(0.,0.,1.));
#3989 = ADVANCED_FACE('',(#3990),#3996,.F.);
#3990 = FACE_BOUND('',#3991,.F.);
#3991 = EDGE_LOOP('',(#3992,#3993,#3994,#3995));
#3992 = ORIENTED_EDGE('',*,*,#3879,.F.);
#3993 = ORIENTED_EDGE('',*,*,#3949,.T.);
#3994 = ORIENTED_EDGE('',*,*,#3919,.T.);
#3995 = ORIENTED_EDGE('',*,*,#3971,.F.);
#3996 = PLANE('',#3997);
#3997 = AXIS2_PLACEMENT_3D('',#3998,#3999,#4000);
#3998 = CARTESIAN_POINT('',(10.48,25.725,1.));
#3999 = DIRECTION('',(0.,0.,1.));
#4000 = DIRECTION('',(1.,0.,0.));
#4001 = ADVANCED_FACE('',(#4002),#4008,.T.);
#4002 = FACE_BOUND('',#4003,.T.);
#4003 = EDGE_LOOP('',(#4004,#4005,#4006,#4007));
#4004 = ORIENTED_EDGE('',*,*,#3895,.F.);
#4005 = ORIENTED_EDGE('',*,*,#3956,.T.);
#4006 = ORIENTED_EDGE('',*,*,#3935,.T.);
#4007 = ORIENTED_EDGE('',*,*,#3978,.F.);
#4008 = PLANE('',#4009);
#4009 = AXIS2_PLACEMENT_3D('',#4010,#4011,#4012);
#4010 = CARTESIAN_POINT('',(10.48,25.725,1.55));
#4011 = DIRECTION('',(0.,0.,1.));
#4012 = DIRECTION('',(1.,0.,0.));
#4013 = MANIFOLD_SOLID_BREP('',#4014);
#4014 = CLOSED_SHELL('',(#4015,#4055,#4095,#4117,#4139,#4151));
#4015 = ADVANCED_FACE('',(#4016),#4050,.F.);
#4016 = FACE_BOUND('',#4017,.F.);
#4017 = EDGE_LOOP('',(#4018,#4028,#4036,#4044));
#4018 = ORIENTED_EDGE('',*,*,#4019,.F.);
#4019 = EDGE_CURVE('',#4020,#4022,#4024,.T.);
#4020 = VERTEX_POINT('',#4021);
#4021 = CARTESIAN_POINT('',(1.75,30.125,1.));
#4022 = VERTEX_POINT('',#4023);
#4023 = CARTESIAN_POINT('',(1.75,30.125,2.45));
#4024 = LINE('',#4025,#4026);
#4025 = CARTESIAN_POINT('',(1.75,30.125,1.));
#4026 = VECTOR('',#4027,1.);
#4027 = DIRECTION('',(0.,0.,1.));
#4028 = ORIENTED_EDGE('',*,*,#4029,.T.);
#4029 = EDGE_CURVE('',#4020,#4030,#4032,.T.);
#4030 = VERTEX_POINT('',#4031);
#4031 = CARTESIAN_POINT('',(1.75,31.375,1.));
#4032 = LINE('',#4033,#4034);
#4033 = CARTESIAN_POINT('',(1.75,30.125,1.));
#4034 = VECTOR('',#4035,1.);
#4035 = DIRECTION('',(0.,1.,0.));
#4036 = ORIENTED_EDGE('',*,*,#4037,.T.);
#4037 = EDGE_CURVE('',#4030,#4038,#4040,.T.);
#4038 = VERTEX_POINT('',#4039);
#4039 = CARTESIAN_POINT('',(1.75,31.375,2.45));
#4040 = LINE('',#4041,#4042);
#4041 = CARTESIAN_POINT('',(1.75,31.375,1.));
#4042 = VECTOR('',#4043,1.);
#4043 = DIRECTION('',(0.,0.,1.));
#4044 = ORIENTED_EDGE('',*,*,#4045,.F.);
#4045 = EDGE_CURVE('',#4022,#4038,#4046,.T.);
#4046 = LINE('',#4047,#4048);
#4047 = CARTESIAN_POINT('',(1.75,30.125,2.45));
#4048 = VECTOR('',#4049,1.);
#4049 = DIRECTION('',(0.,1.,0.));
#4050 = PLANE('',#4051);
#4051 = AXIS2_PLACEMENT_3D('',#4052,#4053,#4054);
#4052 = CARTESIAN_POINT('',(1.75,30.125,1.));
#4053 = DIRECTION('',(1.,0.,0.));
#4054 = DIRECTION('',(0.,0.,1.));
#4055 = ADVANCED_FACE('',(#4056),#4090,.T.);
#4056 = FACE_BOUND('',#4057,.T.);
#4057 = EDGE_LOOP('',(#4058,#4068,#4076,#4084));
#4058 = ORIENTED_EDGE('',*,*,#4059,.F.);
#4059 = EDGE_CURVE('',#4060,#4062,#4064,.T.);
#4060 = VERTEX_POINT('',#4061);
#4061 = CARTESIAN_POINT('',(3.75,30.125,1.));
#4062 = VERTEX_POINT('',#4063);
#4063 = CARTESIAN_POINT('',(3.75,30.125,2.45));
#4064 = LINE('',#4065,#4066);
#4065 = CARTESIAN_POINT('',(3.75,30.125,1.));
#4066 = VECTOR('',#4067,1.);
#4067 = DIRECTION('',(0.,0.,1.));
#4068 = ORIENTED_EDGE('',*,*,#4069,.T.);
#4069 = EDGE_CURVE('',#4060,#4070,#4072,.T.);
#4070 = VERTEX_POINT('',#4071);
#4071 = CARTESIAN_POINT('',(3.75,31.375,1.));
#4072 = LINE('',#4073,#4074);
#4073 = CARTESIAN_POINT('',(3.75,30.125,1.));
#4074 = VECTOR('',#4075,1.);
#4075 = DIRECTION('',(0.,1.,0.));
#4076 = ORIENTED_EDGE('',*,*,#4077,.T.);
#4077 = EDGE_CURVE('',#4070,#4078,#4080,.T.);
#4078 = VERTEX_POINT('',#4079);
#4079 = CARTESIAN_POINT('',(3.75,31.375,2.45));
#4080 = LINE('',#4081,#4082);
#4081 = CARTESIAN_POINT('',(3.75,31.375,1.));
#4082 = VECTOR('',#4083,1.);
#4083 = DIRECTION('',(0.,0.,1.));
#4084 = ORIENTED_EDGE('',*,*,#4085,.F.);
#4085 = EDGE_CURVE('',#4062,#4078,#4086,.T.);
#4086 = LINE('',#4087,#4088);
#4087 = CARTESIAN_POINT('',(3.75,30.125,2.45));
#4088 = VECTOR('',#4089,1.);
#4089 = DIRECTION('',(0.,1.,0.));
#4090 = PLANE('',#4091);
#4091 = AXIS2_PLACEMENT_3D('',#4092,#4093,#4094);
#4092 = CARTESIAN_POINT('',(3.75,30.125,1.));
#4093 = DIRECTION('',(1.,0.,0.));
#4094 = DIRECTION('',(0.,0.,1.));
#4095 = ADVANCED_FACE('',(#4096),#4112,.F.);
#4096 = FACE_BOUND('',#4097,.F.);
#4097 = EDGE_LOOP('',(#4098,#4104,#4105,#4111));
#4098 = ORIENTED_EDGE('',*,*,#4099,.F.);
#4099 = EDGE_CURVE('',#4020,#4060,#4100,.T.);
#4100 = LINE('',#4101,#4102);
#4101 = CARTESIAN_POINT('',(1.75,30.125,1.));
#4102 = VECTOR('',#4103,1.);
#4103 = DIRECTION('',(1.,0.,0.));
#4104 = ORIENTED_EDGE('',*,*,#4019,.T.);
#4105 = ORIENTED_EDGE('',*,*,#4106,.T.);
#4106 = EDGE_CURVE('',#4022,#4062,#4107,.T.);
#4107 = LINE('',#4108,#4109);
#4108 = CARTESIAN_POINT('',(1.75,30.125,2.45));
#4109 = VECTOR('',#4110,1.);
#4110 = DIRECTION('',(1.,0.,0.));
#4111 = ORIENTED_EDGE('',*,*,#4059,.F.);
#4112 = PLANE('',#4113);
#4113 = AXIS2_PLACEMENT_3D('',#4114,#4115,#4116);
#4114 = CARTESIAN_POINT('',(1.75,30.125,1.));
#4115 = DIRECTION('',(0.,1.,0.));
#4116 = DIRECTION('',(0.,0.,1.));
#4117 = ADVANCED_FACE('',(#4118),#4134,.T.);
#4118 = FACE_BOUND('',#4119,.T.);
#4119 = EDGE_LOOP('',(#4120,#4126,#4127,#4133));
#4120 = ORIENTED_EDGE('',*,*,#4121,.F.);
#4121 = EDGE_CURVE('',#4030,#4070,#4122,.T.);
#4122 = LINE('',#4123,#4124);
#4123 = CARTESIAN_POINT('',(1.75,31.375,1.));
#4124 = VECTOR('',#4125,1.);
#4125 = DIRECTION('',(1.,0.,0.));
#4126 = ORIENTED_EDGE('',*,*,#4037,.T.);
#4127 = ORIENTED_EDGE('',*,*,#4128,.T.);
#4128 = EDGE_CURVE('',#4038,#4078,#4129,.T.);
#4129 = LINE('',#4130,#4131);
#4130 = CARTESIAN_POINT('',(1.75,31.375,2.45));
#4131 = VECTOR('',#4132,1.);
#4132 = DIRECTION('',(1.,0.,0.));
#4133 = ORIENTED_EDGE('',*,*,#4077,.F.);
#4134 = PLANE('',#4135);
#4135 = AXIS2_PLACEMENT_3D('',#4136,#4137,#4138);
#4136 = CARTESIAN_POINT('',(1.75,31.375,1.));
#4137 = DIRECTION('',(0.,1.,0.));
#4138 = DIRECTION('',(0.,0.,1.));
#4139 = ADVANCED_FACE('',(#4140),#4146,.F.);
#4140 = FACE_BOUND('',#4141,.F.);
#4141 = EDGE_LOOP('',(#4142,#4143,#4144,#4145));
#4142 = ORIENTED_EDGE('',*,*,#4029,.F.);
#4143 = ORIENTED_EDGE('',*,*,#4099,.T.);
#4144 = ORIENTED_EDGE('',*,*,#4069,.T.);
#4145 = ORIENTED_EDGE('',*,*,#4121,.F.);
#4146 = PLANE('',#4147);
#4147 = AXIS2_PLACEMENT_3D('',#4148,#4149,#4150);
#4148 = CARTESIAN_POINT('',(1.75,30.125,1.));
#4149 = DIRECTION('',(0.,0.,1.));
#4150 = DIRECTION('',(1.,0.,0.));
#4151 = ADVANCED_FACE('',(#4152),#4158,.T.);
#4152 = FACE_BOUND('',#4153,.T.);
#4153 = EDGE_LOOP('',(#4154,#4155,#4156,#4157));
#4154 = ORIENTED_EDGE('',*,*,#4045,.F.);
#4155 = ORIENTED_EDGE('',*,*,#4106,.T.);
#4156 = ORIENTED_EDGE('',*,*,#4085,.T.);
#4157 = ORIENTED_EDGE('',*,*,#4128,.F.);
#4158 = PLANE('',#4159);
#4159 = AXIS2_PLACEMENT_3D('',#4160,#4161,#4162);
#4160 = CARTESIAN_POINT('',(1.75,30.125,2.45));
#4161 = DIRECTION('',(0.,0.,1.));
#4162 = DIRECTION('',(1.,0.,0.));
#4163 = MANIFOLD_SOLID_BREP('',#4164);
#4164 = CLOSED_SHELL('',(#4165,#4205,#4245,#4267,#4289,#4301));
#4165 = ADVANCED_FACE('',(#4166),#4200,.F.);
#4166 = FACE_BOUND('',#4167,.F.);
#4167 = EDGE_LOOP('',(#4168,#4178,#4186,#4194));
#4168 = ORIENTED_EDGE('',*,*,#4169,.F.);
#4169 = EDGE_CURVE('',#4170,#4172,#4174,.T.);
#4170 = VERTEX_POINT('',#4171);
#4171 = CARTESIAN_POINT('',(2.48,17.225,1.));
#4172 = VERTEX_POINT('',#4173);
#4173 = CARTESIAN_POINT('',(2.48,17.225,1.55));
#4174 = LINE('',#4175,#4176);
#4175 = CARTESIAN_POINT('',(2.48,17.225,1.));
#4176 = VECTOR('',#4177,1.);
#4177 = DIRECTION('',(0.,0.,1.));
#4178 = ORIENTED_EDGE('',*,*,#4179,.T.);
#4179 = EDGE_CURVE('',#4170,#4180,#4182,.T.);
#4180 = VERTEX_POINT('',#4181);
#4181 = CARTESIAN_POINT('',(2.48,18.275,1.));
#4182 = LINE('',#4183,#4184);
#4183 = CARTESIAN_POINT('',(2.48,17.225,1.));
#4184 = VECTOR('',#4185,1.);
#4185 = DIRECTION('',(0.,1.,0.));
#4186 = ORIENTED_EDGE('',*,*,#4187,.T.);
#4187 = EDGE_CURVE('',#4180,#4188,#4190,.T.);
#4188 = VERTEX_POINT('',#4189);
#4189 = CARTESIAN_POINT('',(2.48,18.275,1.55));
#4190 = LINE('',#4191,#4192);
#4191 = CARTESIAN_POINT('',(2.48,18.275,1.));
#4192 = VECTOR('',#4193,1.);
#4193 = DIRECTION('',(0.,0.,1.));
#4194 = ORIENTED_EDGE('',*,*,#4195,.F.);
#4195 = EDGE_CURVE('',#4172,#4188,#4196,.T.);
#4196 = LINE('',#4197,#4198);
#4197 = CARTESIAN_POINT('',(2.48,17.225,1.55));
#4198 = VECTOR('',#4199,1.);
#4199 = DIRECTION('',(0.,1.,0.));
#4200 = PLANE('',#4201);
#4201 = AXIS2_PLACEMENT_3D('',#4202,#4203,#4204);
#4202 = CARTESIAN_POINT('',(2.48,17.225,1.));
#4203 = DIRECTION('',(1.,0.,0.));
#4204 = DIRECTION('',(0.,0.,1.));
#4205 = ADVANCED_FACE('',(#4206),#4240,.T.);
#4206 = FACE_BOUND('',#4207,.T.);
#4207 = EDGE_LOOP('',(#4208,#4218,#4226,#4234));
#4208 = ORIENTED_EDGE('',*,*,#4209,.F.);
#4209 = EDGE_CURVE('',#4210,#4212,#4214,.T.);
#4210 = VERTEX_POINT('',#4211);
#4211 = CARTESIAN_POINT('',(3.02,17.225,1.));
#4212 = VERTEX_POINT('',#4213);
#4213 = CARTESIAN_POINT('',(3.02,17.225,1.55));
#4214 = LINE('',#4215,#4216);
#4215 = CARTESIAN_POINT('',(3.02,17.225,1.));
#4216 = VECTOR('',#4217,1.);
#4217 = DIRECTION('',(0.,0.,1.));
#4218 = ORIENTED_EDGE('',*,*,#4219,.T.);
#4219 = EDGE_CURVE('',#4210,#4220,#4222,.T.);
#4220 = VERTEX_POINT('',#4221);
#4221 = CARTESIAN_POINT('',(3.02,18.275,1.));
#4222 = LINE('',#4223,#4224);
#4223 = CARTESIAN_POINT('',(3.02,17.225,1.));
#4224 = VECTOR('',#4225,1.);
#4225 = DIRECTION('',(0.,1.,0.));
#4226 = ORIENTED_EDGE('',*,*,#4227,.T.);
#4227 = EDGE_CURVE('',#4220,#4228,#4230,.T.);
#4228 = VERTEX_POINT('',#4229);
#4229 = CARTESIAN_POINT('',(3.02,18.275,1.55));
#4230 = LINE('',#4231,#4232);
#4231 = CARTESIAN_POINT('',(3.02,18.275,1.));
#4232 = VECTOR('',#4233,1.);
#4233 = DIRECTION('',(0.,0.,1.));
#4234 = ORIENTED_EDGE('',*,*,#4235,.F.);
#4235 = EDGE_CURVE('',#4212,#4228,#4236,.T.);
#4236 = LINE('',#4237,#4238);
#4237 = CARTESIAN_POINT('',(3.02,17.225,1.55));
#4238 = VECTOR('',#4239,1.);
#4239 = DIRECTION('',(0.,1.,0.));
#4240 = PLANE('',#4241);
#4241 = AXIS2_PLACEMENT_3D('',#4242,#4243,#4244);
#4242 = CARTESIAN_POINT('',(3.02,17.225,1.));
#4243 = DIRECTION('',(1.,0.,0.));
#4244 = DIRECTION('',(0.,0.,1.));
#4245 = ADVANCED_FACE('',(#4246),#4262,.F.);
#4246 = FACE_BOUND('',#4247,.F.);
#4247 = EDGE_LOOP('',(#4248,#4254,#4255,#4261));
#4248 = ORIENTED_EDGE('',*,*,#4249,.F.);
#4249 = EDGE_CURVE('',#4170,#4210,#4250,.T.);
#4250 = LINE('',#4251,#4252);
#4251 = CARTESIAN_POINT('',(2.48,17.225,1.));
#4252 = VECTOR('',#4253,1.);
#4253 = DIRECTION('',(1.,0.,0.));
#4254 = ORIENTED_EDGE('',*,*,#4169,.T.);
#4255 = ORIENTED_EDGE('',*,*,#4256,.T.);
#4256 = EDGE_CURVE('',#4172,#4212,#4257,.T.);
#4257 = LINE('',#4258,#4259);
#4258 = CARTESIAN_POINT('',(2.48,17.225,1.55));
#4259 = VECTOR('',#4260,1.);
#4260 = DIRECTION('',(1.,0.,0.));
#4261 = ORIENTED_EDGE('',*,*,#4209,.F.);
#4262 = PLANE('',#4263);
#4263 = AXIS2_PLACEMENT_3D('',#4264,#4265,#4266);
#4264 = CARTESIAN_POINT('',(2.48,17.225,1.));
#4265 = DIRECTION('',(0.,1.,0.));
#4266 = DIRECTION('',(0.,0.,1.));
#4267 = ADVANCED_FACE('',(#4268),#4284,.T.);
#4268 = FACE_BOUND('',#4269,.T.);
#4269 = EDGE_LOOP('',(#4270,#4276,#4277,#4283));
#4270 = ORIENTED_EDGE('',*,*,#4271,.F.);
#4271 = EDGE_CURVE('',#4180,#4220,#4272,.T.);
#4272 = LINE('',#4273,#4274);
#4273 = CARTESIAN_POINT('',(2.48,18.275,1.));
#4274 = VECTOR('',#4275,1.);
#4275 = DIRECTION('',(1.,0.,0.));
#4276 = ORIENTED_EDGE('',*,*,#4187,.T.);
#4277 = ORIENTED_EDGE('',*,*,#4278,.T.);
#4278 = EDGE_CURVE('',#4188,#4228,#4279,.T.);
#4279 = LINE('',#4280,#4281);
#4280 = CARTESIAN_POINT('',(2.48,18.275,1.55));
#4281 = VECTOR('',#4282,1.);
#4282 = DIRECTION('',(1.,0.,0.));
#4283 = ORIENTED_EDGE('',*,*,#4227,.F.);
#4284 = PLANE('',#4285);
#4285 = AXIS2_PLACEMENT_3D('',#4286,#4287,#4288);
#4286 = CARTESIAN_POINT('',(2.48,18.275,1.));
#4287 = DIRECTION('',(0.,1.,0.));
#4288 = DIRECTION('',(0.,0.,1.));
#4289 = ADVANCED_FACE('',(#4290),#4296,.F.);
#4290 = FACE_BOUND('',#4291,.F.);
#4291 = EDGE_LOOP('',(#4292,#4293,#4294,#4295));
#4292 = ORIENTED_EDGE('',*,*,#4179,.F.);
#4293 = ORIENTED_EDGE('',*,*,#4249,.T.);
#4294 = ORIENTED_EDGE('',*,*,#4219,.T.);
#4295 = ORIENTED_EDGE('',*,*,#4271,.F.);
#4296 = PLANE('',#4297);
#4297 = AXIS2_PLACEMENT_3D('',#4298,#4299,#4300);
#4298 = CARTESIAN_POINT('',(2.48,17.225,1.));
#4299 = DIRECTION('',(0.,0.,1.));
#4300 = DIRECTION('',(1.,0.,0.));
#4301 = ADVANCED_FACE('',(#4302),#4308,.T.);
#4302 = FACE_BOUND('',#4303,.T.);
#4303 = EDGE_LOOP('',(#4304,#4305,#4306,#4307));
#4304 = ORIENTED_EDGE('',*,*,#4195,.F.);
#4305 = ORIENTED_EDGE('',*,*,#4256,.T.);
#4306 = ORIENTED_EDGE('',*,*,#4235,.T.);
#4307 = ORIENTED_EDGE('',*,*,#4278,.F.);
#4308 = PLANE('',#4309);
#4309 = AXIS2_PLACEMENT_3D('',#4310,#4311,#4312);
#4310 = CARTESIAN_POINT('',(2.48,17.225,1.55));
#4311 = DIRECTION('',(0.,0.,1.));
#4312 = DIRECTION('',(1.,0.,0.));
#4313 = MANIFOLD_SOLID_BREP('',#4314);
#4314 = CLOSED_SHELL('',(#4315,#4355,#4395,#4417,#4439,#4451));
#4315 = ADVANCED_FACE('',(#4316),#4350,.F.);
#4316 = FACE_BOUND('',#4317,.F.);
#4317 = EDGE_LOOP('',(#4318,#4328,#4336,#4344));
#4318 = ORIENTED_EDGE('',*,*,#4319,.F.);
#4319 = EDGE_CURVE('',#4320,#4322,#4324,.T.);
#4320 = VERTEX_POINT('',#4321);
#4321 = CARTESIAN_POINT('',(0.905,26.005,1.));
#4322 = VERTEX_POINT('',#4323);
#4323 = CARTESIAN_POINT('',(0.905,26.005,2.45));
#4324 = LINE('',#4325,#4326);
#4325 = CARTESIAN_POINT('',(0.905,26.005,1.));
#4326 = VECTOR('',#4327,1.);
#4327 = DIRECTION('',(0.,0.,1.));
#4328 = ORIENTED_EDGE('',*,*,#4329,.T.);
#4329 = EDGE_CURVE('',#4320,#4330,#4332,.T.);
#4330 = VERTEX_POINT('',#4331);
#4331 = CARTESIAN_POINT('',(0.905,29.495,1.));
#4332 = LINE('',#4333,#4334);
#4333 = CARTESIAN_POINT('',(0.905,26.005,1.));
#4334 = VECTOR('',#4335,1.);
#4335 = DIRECTION('',(0.,1.,0.));
#4336 = ORIENTED_EDGE('',*,*,#4337,.T.);
#4337 = EDGE_CURVE('',#4330,#4338,#4340,.T.);
#4338 = VERTEX_POINT('',#4339);
#4339 = CARTESIAN_POINT('',(0.905,29.495,2.45));
#4340 = LINE('',#4341,#4342);
#4341 = CARTESIAN_POINT('',(0.905,29.495,1.));
#4342 = VECTOR('',#4343,1.);
#4343 = DIRECTION('',(0.,0.,1.));
#4344 = ORIENTED_EDGE('',*,*,#4345,.F.);
#4345 = EDGE_CURVE('',#4322,#4338,#4346,.T.);
#4346 = LINE('',#4347,#4348);
#4347 = CARTESIAN_POINT('',(0.905,26.005,2.45));
#4348 = VECTOR('',#4349,1.);
#4349 = DIRECTION('',(0.,1.,0.));
#4350 = PLANE('',#4351);
#4351 = AXIS2_PLACEMENT_3D('',#4352,#4353,#4354);
#4352 = CARTESIAN_POINT('',(0.905,26.005,1.));
#4353 = DIRECTION('',(1.,0.,0.));
#4354 = DIRECTION('',(0.,0.,1.));
#4355 = ADVANCED_FACE('',(#4356),#4390,.T.);
#4356 = FACE_BOUND('',#4357,.T.);
#4357 = EDGE_LOOP('',(#4358,#4368,#4376,#4384));
#4358 = ORIENTED_EDGE('',*,*,#4359,.F.);
#4359 = EDGE_CURVE('',#4360,#4362,#4364,.T.);
#4360 = VERTEX_POINT('',#4361);
#4361 = CARTESIAN_POINT('',(5.095,26.005,1.));
#4362 = VERTEX_POINT('',#4363);
#4363 = CARTESIAN_POINT('',(5.095,26.005,2.45));
#4364 = LINE('',#4365,#4366);
#4365 = CARTESIAN_POINT('',(5.095,26.005,1.));
#4366 = VECTOR('',#4367,1.);
#4367 = DIRECTION('',(0.,0.,1.));
#4368 = ORIENTED_EDGE('',*,*,#4369,.T.);
#4369 = EDGE_CURVE('',#4360,#4370,#4372,.T.);
#4370 = VERTEX_POINT('',#4371);
#4371 = CARTESIAN_POINT('',(5.095,29.495,1.));
#4372 = LINE('',#4373,#4374);
#4373 = CARTESIAN_POINT('',(5.095,26.005,1.));
#4374 = VECTOR('',#4375,1.);
#4375 = DIRECTION('',(0.,1.,0.));
#4376 = ORIENTED_EDGE('',*,*,#4377,.T.);
#4377 = EDGE_CURVE('',#4370,#4378,#4380,.T.);
#4378 = VERTEX_POINT('',#4379);
#4379 = CARTESIAN_POINT('',(5.095,29.495,2.45));
#4380 = LINE('',#4381,#4382);
#4381 = CARTESIAN_POINT('',(5.095,29.495,1.));
#4382 = VECTOR('',#4383,1.);
#4383 = DIRECTION('',(0.,0.,1.));
#4384 = ORIENTED_EDGE('',*,*,#4385,.F.);
#4385 = EDGE_CURVE('',#4362,#4378,#4386,.T.);
#4386 = LINE('',#4387,#4388);
#4387 = CARTESIAN_POINT('',(5.095,26.005,2.45));
#4388 = VECTOR('',#4389,1.);
#4389 = DIRECTION('',(0.,1.,0.));
#4390 = PLANE('',#4391);
#4391 = AXIS2_PLACEMENT_3D('',#4392,#4393,#4394);
#4392 = CARTESIAN_POINT('',(5.095,26.005,1.));
#4393 = DIRECTION('',(1.,0.,0.));
#4394 = DIRECTION('',(0.,0.,1.));
#4395 = ADVANCED_FACE('',(#4396),#4412,.F.);
#4396 = FACE_BOUND('',#4397,.F.);
#4397 = EDGE_LOOP('',(#4398,#4404,#4405,#4411));
#4398 = ORIENTED_EDGE('',*,*,#4399,.F.);
#4399 = EDGE_CURVE('',#4320,#4360,#4400,.T.);
#4400 = LINE('',#4401,#4402);
#4401 = CARTESIAN_POINT('',(0.905,26.005,1.));
#4402 = VECTOR('',#4403,1.);
#4403 = DIRECTION('',(1.,0.,0.));
#4404 = ORIENTED_EDGE('',*,*,#4319,.T.);
#4405 = ORIENTED_EDGE('',*,*,#4406,.T.);
#4406 = EDGE_CURVE('',#4322,#4362,#4407,.T.);
#4407 = LINE('',#4408,#4409);
#4408 = CARTESIAN_POINT('',(0.905,26.005,2.45));
#4409 = VECTOR('',#4410,1.);
#4410 = DIRECTION('',(1.,0.,0.));
#4411 = ORIENTED_EDGE('',*,*,#4359,.F.);
#4412 = PLANE('',#4413);
#4413 = AXIS2_PLACEMENT_3D('',#4414,#4415,#4416);
#4414 = CARTESIAN_POINT('',(0.905,26.005,1.));
#4415 = DIRECTION('',(0.,1.,0.));
#4416 = DIRECTION('',(0.,0.,1.));
#4417 = ADVANCED_FACE('',(#4418),#4434,.T.);
#4418 = FACE_BOUND('',#4419,.T.);
#4419 = EDGE_LOOP('',(#4420,#4426,#4427,#4433));
#4420 = ORIENTED_EDGE('',*,*,#4421,.F.);
#4421 = EDGE_CURVE('',#4330,#4370,#4422,.T.);
#4422 = LINE('',#4423,#4424);
#4423 = CARTESIAN_POINT('',(0.905,29.495,1.));
#4424 = VECTOR('',#4425,1.);
#4425 = DIRECTION('',(1.,0.,0.));
#4426 = ORIENTED_EDGE('',*,*,#4337,.T.);
#4427 = ORIENTED_EDGE('',*,*,#4428,.T.);
#4428 = EDGE_CURVE('',#4338,#4378,#4429,.T.);
#4429 = LINE('',#4430,#4431);
#4430 = CARTESIAN_POINT('',(0.905,29.495,2.45));
#4431 = VECTOR('',#4432,1.);
#4432 = DIRECTION('',(1.,0.,0.));
#4433 = ORIENTED_EDGE('',*,*,#4377,.F.);
#4434 = PLANE('',#4435);
#4435 = AXIS2_PLACEMENT_3D('',#4436,#4437,#4438);
#4436 = CARTESIAN_POINT('',(0.905,29.495,1.));
#4437 = DIRECTION('',(0.,1.,0.));
#4438 = DIRECTION('',(0.,0.,1.));
#4439 = ADVANCED_FACE('',(#4440),#4446,.F.);
#4440 = FACE_BOUND('',#4441,.F.);
#4441 = EDGE_LOOP('',(#4442,#4443,#4444,#4445));
#4442 = ORIENTED_EDGE('',*,*,#4329,.F.);
#4443 = ORIENTED_EDGE('',*,*,#4399,.T.);
#4444 = ORIENTED_EDGE('',*,*,#4369,.T.);
#4445 = ORIENTED_EDGE('',*,*,#4421,.F.);
#4446 = PLANE('',#4447);
#4447 = AXIS2_PLACEMENT_3D('',#4448,#4449,#4450);
#4448 = CARTESIAN_POINT('',(0.905,26.005,1.));
#4449 = DIRECTION('',(0.,0.,1.));
#4450 = DIRECTION('',(1.,0.,0.));
#4451 = ADVANCED_FACE('',(#4452),#4458,.T.);
#4452 = FACE_BOUND('',#4453,.T.);
#4453 = EDGE_LOOP('',(#4454,#4455,#4456,#4457));
#4454 = ORIENTED_EDGE('',*,*,#4345,.F.);
#4455 = ORIENTED_EDGE('',*,*,#4406,.T.);
#4456 = ORIENTED_EDGE('',*,*,#4385,.T.);
#4457 = ORIENTED_EDGE('',*,*,#4428,.F.);
#4458 = PLANE('',#4459);
#4459 = AXIS2_PLACEMENT_3D('',#4460,#4461,#4462);
#4460 = CARTESIAN_POINT('',(0.905,26.005,2.45));
#4461 = DIRECTION('',(0.,0.,1.));
#4462 = DIRECTION('',(1.,0.,0.));
#4463 = MANIFOLD_SOLID_BREP('',#4464);
#4464 = CLOSED_SHELL('',(#4465,#4505,#4545,#4567,#4589,#4601));
#4465 = ADVANCED_FACE('',(#4466),#4500,.F.);
#4466 = FACE_BOUND('',#4467,.F.);
#4467 = EDGE_LOOP('',(#4468,#4478,#4486,#4494));
#4468 = ORIENTED_EDGE('',*,*,#4469,.F.);
#4469 = EDGE_CURVE('',#4470,#4472,#4474,.T.);
#4470 = VERTEX_POINT('',#4471);
#4471 = CARTESIAN_POINT('',(21.48,29.725,1.));
#4472 = VERTEX_POINT('',#4473);
#4473 = CARTESIAN_POINT('',(21.48,29.725,1.55));
#4474 = LINE('',#4475,#4476);
#4475 = CARTESIAN_POINT('',(21.48,29.725,1.));
#4476 = VECTOR('',#4477,1.);
#4477 = DIRECTION('',(0.,0.,1.));
#4478 = ORIENTED_EDGE('',*,*,#4479,.T.);
#4479 = EDGE_CURVE('',#4470,#4480,#4482,.T.);
#4480 = VERTEX_POINT('',#4481);
#4481 = CARTESIAN_POINT('',(21.48,30.775,1.));
#4482 = LINE('',#4483,#4484);
#4483 = CARTESIAN_POINT('',(21.48,29.725,1.));
#4484 = VECTOR('',#4485,1.);
#4485 = DIRECTION('',(0.,1.,0.));
#4486 = ORIENTED_EDGE('',*,*,#4487,.T.);
#4487 = EDGE_CURVE('',#4480,#4488,#4490,.T.);
#4488 = VERTEX_POINT('',#4489);
#4489 = CARTESIAN_POINT('',(21.48,30.775,1.55));
#4490 = LINE('',#4491,#4492);
#4491 = CARTESIAN_POINT('',(21.48,30.775,1.));
#4492 = VECTOR('',#4493,1.);
#4493 = DIRECTION('',(0.,0.,1.));
#4494 = ORIENTED_EDGE('',*,*,#4495,.F.);
#4495 = EDGE_CURVE('',#4472,#4488,#4496,.T.);
#4496 = LINE('',#4497,#4498);
#4497 = CARTESIAN_POINT('',(21.48,29.725,1.55));
#4498 = VECTOR('',#4499,1.);
#4499 = DIRECTION('',(0.,1.,0.));
#4500 = PLANE('',#4501);
#4501 = AXIS2_PLACEMENT_3D('',#4502,#4503,#4504);
#4502 = CARTESIAN_POINT('',(21.48,29.725,1.));
#4503 = DIRECTION('',(1.,0.,0.));
#4504 = DIRECTION('',(0.,0.,1.));
#4505 = ADVANCED_FACE('',(#4506),#4540,.T.);
#4506 = FACE_BOUND('',#4507,.T.);
#4507 = EDGE_LOOP('',(#4508,#4518,#4526,#4534));
#4508 = ORIENTED_EDGE('',*,*,#4509,.F.);
#4509 = EDGE_CURVE('',#4510,#4512,#4514,.T.);
#4510 = VERTEX_POINT('',#4511);
#4511 = CARTESIAN_POINT('',(22.02,29.725,1.));
#4512 = VERTEX_POINT('',#4513);
#4513 = CARTESIAN_POINT('',(22.02,29.725,1.55));
#4514 = LINE('',#4515,#4516);
#4515 = CARTESIAN_POINT('',(22.02,29.725,1.));
#4516 = VECTOR('',#4517,1.);
#4517 = DIRECTION('',(0.,0.,1.));
#4518 = ORIENTED_EDGE('',*,*,#4519,.T.);
#4519 = EDGE_CURVE('',#4510,#4520,#4522,.T.);
#4520 = VERTEX_POINT('',#4521);
#4521 = CARTESIAN_POINT('',(22.02,30.775,1.));
#4522 = LINE('',#4523,#4524);
#4523 = CARTESIAN_POINT('',(22.02,29.725,1.));
#4524 = VECTOR('',#4525,1.);
#4525 = DIRECTION('',(0.,1.,0.));
#4526 = ORIENTED_EDGE('',*,*,#4527,.T.);
#4527 = EDGE_CURVE('',#4520,#4528,#4530,.T.);
#4528 = VERTEX_POINT('',#4529);
#4529 = CARTESIAN_POINT('',(22.02,30.775,1.55));
#4530 = LINE('',#4531,#4532);
#4531 = CARTESIAN_POINT('',(22.02,30.775,1.));
#4532 = VECTOR('',#4533,1.);
#4533 = DIRECTION('',(0.,0.,1.));
#4534 = ORIENTED_EDGE('',*,*,#4535,.F.);
#4535 = EDGE_CURVE('',#4512,#4528,#4536,.T.);
#4536 = LINE('',#4537,#4538);
#4537 = CARTESIAN_POINT('',(22.02,29.725,1.55));
#4538 = VECTOR('',#4539,1.);
#4539 = DIRECTION('',(0.,1.,0.));
#4540 = PLANE('',#4541);
#4541 = AXIS2_PLACEMENT_3D('',#4542,#4543,#4544);
#4542 = CARTESIAN_POINT('',(22.02,29.725,1.));
#4543 = DIRECTION('',(1.,0.,0.));
#4544 = DIRECTION('',(0.,0.,1.));
#4545 = ADVANCED_FACE('',(#4546),#4562,.F.);
#4546 = FACE_BOUND('',#4547,.F.);
#4547 = EDGE_LOOP('',(#4548,#4554,#4555,#4561));
#4548 = ORIENTED_EDGE('',*,*,#4549,.F.);
#4549 = EDGE_CURVE('',#4470,#4510,#4550,.T.);
#4550 = LINE('',#4551,#4552);
#4551 = CARTESIAN_POINT('',(21.48,29.725,1.));
#4552 = VECTOR('',#4553,1.);
#4553 = DIRECTION('',(1.,0.,0.));
#4554 = ORIENTED_EDGE('',*,*,#4469,.T.);
#4555 = ORIENTED_EDGE('',*,*,#4556,.T.);
#4556 = EDGE_CURVE('',#4472,#4512,#4557,.T.);
#4557 = LINE('',#4558,#4559);
#4558 = CARTESIAN_POINT('',(21.48,29.725,1.55));
#4559 = VECTOR('',#4560,1.);
#4560 = DIRECTION('',(1.,0.,0.));
#4561 = ORIENTED_EDGE('',*,*,#4509,.F.);
#4562 = PLANE('',#4563);
#4563 = AXIS2_PLACEMENT_3D('',#4564,#4565,#4566);
#4564 = CARTESIAN_POINT('',(21.48,29.725,1.));
#4565 = DIRECTION('',(0.,1.,0.));
#4566 = DIRECTION('',(0.,0.,1.));
#4567 = ADVANCED_FACE('',(#4568),#4584,.T.);
#4568 = FACE_BOUND('',#4569,.T.);
#4569 = EDGE_LOOP('',(#4570,#4576,#4577,#4583));
#4570 = ORIENTED_EDGE('',*,*,#4571,.F.);
#4571 = EDGE_CURVE('',#4480,#4520,#4572,.T.);
#4572 = LINE('',#4573,#4574);
#4573 = CARTESIAN_POINT('',(21.48,30.775,1.));
#4574 = VECTOR('',#4575,1.);
#4575 = DIRECTION('',(1.,0.,0.));
#4576 = ORIENTED_EDGE('',*,*,#4487,.T.);
#4577 = ORIENTED_EDGE('',*,*,#4578,.T.);
#4578 = EDGE_CURVE('',#4488,#4528,#4579,.T.);
#4579 = LINE('',#4580,#4581);
#4580 = CARTESIAN_POINT('',(21.48,30.775,1.55));
#4581 = VECTOR('',#4582,1.);
#4582 = DIRECTION('',(1.,0.,0.));
#4583 = ORIENTED_EDGE('',*,*,#4527,.F.);
#4584 = PLANE('',#4585);
#4585 = AXIS2_PLACEMENT_3D('',#4586,#4587,#4588);
#4586 = CARTESIAN_POINT('',(21.48,30.775,1.));
#4587 = DIRECTION('',(0.,1.,0.));
#4588 = DIRECTION('',(0.,0.,1.));
#4589 = ADVANCED_FACE('',(#4590),#4596,.F.);
#4590 = FACE_BOUND('',#4591,.F.);
#4591 = EDGE_LOOP('',(#4592,#4593,#4594,#4595));
#4592 = ORIENTED_EDGE('',*,*,#4479,.F.);
#4593 = ORIENTED_EDGE('',*,*,#4549,.T.);
#4594 = ORIENTED_EDGE('',*,*,#4519,.T.);
#4595 = ORIENTED_EDGE('',*,*,#4571,.F.);
#4596 = PLANE('',#4597);
#4597 = AXIS2_PLACEMENT_3D('',#4598,#4599,#4600);
#4598 = CARTESIAN_POINT('',(21.48,29.725,1.));
#4599 = DIRECTION('',(0.,0.,1.));
#4600 = DIRECTION('',(1.,0.,0.));
#4601 = ADVANCED_FACE('',(#4602),#4608,.T.);
#4602 = FACE_BOUND('',#4603,.T.);
#4603 = EDGE_LOOP('',(#4604,#4605,#4606,#4607));
#4604 = ORIENTED_EDGE('',*,*,#4495,.F.);
#4605 = ORIENTED_EDGE('',*,*,#4556,.T.);
#4606 = ORIENTED_EDGE('',*,*,#4535,.T.);
#4607 = ORIENTED_EDGE('',*,*,#4578,.F.);
#4608 = PLANE('',#4609);
#4609 = AXIS2_PLACEMENT_3D('',#4610,#4611,#4612);
#4610 = CARTESIAN_POINT('',(21.48,29.725,1.55));
#4611 = DIRECTION('',(0.,0.,1.));
#4612 = DIRECTION('',(1.,0.,0.));
#4613 = MANIFOLD_SOLID_BREP('',#4614);
#4614 = CLOSED_SHELL('',(#4615,#4655,#4695,#4717,#4739,#4751));
#4615 = ADVANCED_FACE('',(#4616),#4650,.F.);
#4616 = FACE_BOUND('',#4617,.F.);
#4617 = EDGE_LOOP('',(#4618,#4628,#4636,#4644));
#4618 = ORIENTED_EDGE('',*,*,#4619,.F.);
#4619 = EDGE_CURVE('',#4620,#4622,#4624,.T.);
#4620 = VERTEX_POINT('',#4621);
#4621 = CARTESIAN_POINT('',(1.1,19.25,1.));
#4622 = VERTEX_POINT('',#4623);
#4623 = CARTESIAN_POINT('',(1.1,19.25,1.9));
#4624 = LINE('',#4625,#4626);
#4625 = CARTESIAN_POINT('',(1.1,19.25,1.));
#4626 = VECTOR('',#4627,1.);
#4627 = DIRECTION('',(0.,0.,1.));
#4628 = ORIENTED_EDGE('',*,*,#4629,.T.);
#4629 = EDGE_CURVE('',#4620,#4630,#4632,.T.);
#4630 = VERTEX_POINT('',#4631);
#4631 = CARTESIAN_POINT('',(1.1,20.25,1.));
#4632 = LINE('',#4633,#4634);
#4633 = CARTESIAN_POINT('',(1.1,19.25,1.));
#4634 = VECTOR('',#4635,1.);
#4635 = DIRECTION('',(0.,1.,0.));
#4636 = ORIENTED_EDGE('',*,*,#4637,.T.);
#4637 = EDGE_CURVE('',#4630,#4638,#4640,.T.);
#4638 = VERTEX_POINT('',#4639);
#4639 = CARTESIAN_POINT('',(1.1,20.25,1.9));
#4640 = LINE('',#4641,#4642);
#4641 = CARTESIAN_POINT('',(1.1,20.25,1.));
#4642 = VECTOR('',#4643,1.);
#4643 = DIRECTION('',(0.,0.,1.));
#4644 = ORIENTED_EDGE('',*,*,#4645,.F.);
#4645 = EDGE_CURVE('',#4622,#4638,#4646,.T.);
#4646 = LINE('',#4647,#4648);
#4647 = CARTESIAN_POINT('',(1.1,19.25,1.9));
#4648 = VECTOR('',#4649,1.);
#4649 = DIRECTION('',(0.,1.,0.));
#4650 = PLANE('',#4651);
#4651 = AXIS2_PLACEMENT_3D('',#4652,#4653,#4654);
#4652 = CARTESIAN_POINT('',(1.1,19.25,1.));
#4653 = DIRECTION('',(1.,0.,0.));
#4654 = DIRECTION('',(0.,0.,1.));
#4655 = ADVANCED_FACE('',(#4656),#4690,.T.);
#4656 = FACE_BOUND('',#4657,.T.);
#4657 = EDGE_LOOP('',(#4658,#4668,#4676,#4684));
#4658 = ORIENTED_EDGE('',*,*,#4659,.F.);
#4659 = EDGE_CURVE('',#4660,#4662,#4664,.T.);
#4660 = VERTEX_POINT('',#4661);
#4661 = CARTESIAN_POINT('',(2.9,19.25,1.));
#4662 = VERTEX_POINT('',#4663);
#4663 = CARTESIAN_POINT('',(2.9,19.25,1.9));
#4664 = LINE('',#4665,#4666);
#4665 = CARTESIAN_POINT('',(2.9,19.25,1.));
#4666 = VECTOR('',#4667,1.);
#4667 = DIRECTION('',(0.,0.,1.));
#4668 = ORIENTED_EDGE('',*,*,#4669,.T.);
#4669 = EDGE_CURVE('',#4660,#4670,#4672,.T.);
#4670 = VERTEX_POINT('',#4671);
#4671 = CARTESIAN_POINT('',(2.9,20.25,1.));
#4672 = LINE('',#4673,#4674);
#4673 = CARTESIAN_POINT('',(2.9,19.25,1.));
#4674 = VECTOR('',#4675,1.);
#4675 = DIRECTION('',(0.,1.,0.));
#4676 = ORIENTED_EDGE('',*,*,#4677,.T.);
#4677 = EDGE_CURVE('',#4670,#4678,#4680,.T.);
#4678 = VERTEX_POINT('',#4679);
#4679 = CARTESIAN_POINT('',(2.9,20.25,1.9));
#4680 = LINE('',#4681,#4682);
#4681 = CARTESIAN_POINT('',(2.9,20.25,1.));
#4682 = VECTOR('',#4683,1.);
#4683 = DIRECTION('',(0.,0.,1.));
#4684 = ORIENTED_EDGE('',*,*,#4685,.F.);
#4685 = EDGE_CURVE('',#4662,#4678,#4686,.T.);
#4686 = LINE('',#4687,#4688);
#4687 = CARTESIAN_POINT('',(2.9,19.25,1.9));
#4688 = VECTOR('',#4689,1.);
#4689 = DIRECTION('',(0.,1.,0.));
#4690 = PLANE('',#4691);
#4691 = AXIS2_PLACEMENT_3D('',#4692,#4693,#4694);
#4692 = CARTESIAN_POINT('',(2.9,19.25,1.));
#4693 = DIRECTION('',(1.,0.,0.));
#4694 = DIRECTION('',(0.,0.,1.));
#4695 = ADVANCED_FACE('',(#4696),#4712,.F.);
#4696 = FACE_BOUND('',#4697,.F.);
#4697 = EDGE_LOOP('',(#4698,#4704,#4705,#4711));
#4698 = ORIENTED_EDGE('',*,*,#4699,.F.);
#4699 = EDGE_CURVE('',#4620,#4660,#4700,.T.);
#4700 = LINE('',#4701,#4702);
#4701 = CARTESIAN_POINT('',(1.1,19.25,1.));
#4702 = VECTOR('',#4703,1.);
#4703 = DIRECTION('',(1.,0.,0.));
#4704 = ORIENTED_EDGE('',*,*,#4619,.T.);
#4705 = ORIENTED_EDGE('',*,*,#4706,.T.);
#4706 = EDGE_CURVE('',#4622,#4662,#4707,.T.);
#4707 = LINE('',#4708,#4709);
#4708 = CARTESIAN_POINT('',(1.1,19.25,1.9));
#4709 = VECTOR('',#4710,1.);
#4710 = DIRECTION('',(1.,0.,0.));
#4711 = ORIENTED_EDGE('',*,*,#4659,.F.);
#4712 = PLANE('',#4713);
#4713 = AXIS2_PLACEMENT_3D('',#4714,#4715,#4716);
#4714 = CARTESIAN_POINT('',(1.1,19.25,1.));
#4715 = DIRECTION('',(0.,1.,0.));
#4716 = DIRECTION('',(0.,0.,1.));
#4717 = ADVANCED_FACE('',(#4718),#4734,.T.);
#4718 = FACE_BOUND('',#4719,.T.);
#4719 = EDGE_LOOP('',(#4720,#4726,#4727,#4733));
#4720 = ORIENTED_EDGE('',*,*,#4721,.F.);
#4721 = EDGE_CURVE('',#4630,#4670,#4722,.T.);
#4722 = LINE('',#4723,#4724);
#4723 = CARTESIAN_POINT('',(1.1,20.25,1.));
#4724 = VECTOR('',#4725,1.);
#4725 = DIRECTION('',(1.,0.,0.));
#4726 = ORIENTED_EDGE('',*,*,#4637,.T.);
#4727 = ORIENTED_EDGE('',*,*,#4728,.T.);
#4728 = EDGE_CURVE('',#4638,#4678,#4729,.T.);
#4729 = LINE('',#4730,#4731);
#4730 = CARTESIAN_POINT('',(1.1,20.25,1.9));
#4731 = VECTOR('',#4732,1.);
#4732 = DIRECTION('',(1.,0.,0.));
#4733 = ORIENTED_EDGE('',*,*,#4677,.F.);
#4734 = PLANE('',#4735);
#4735 = AXIS2_PLACEMENT_3D('',#4736,#4737,#4738);
#4736 = CARTESIAN_POINT('',(1.1,20.25,1.));
#4737 = DIRECTION('',(0.,1.,0.));
#4738 = DIRECTION('',(0.,0.,1.));
#4739 = ADVANCED_FACE('',(#4740),#4746,.F.);
#4740 = FACE_BOUND('',#4741,.F.);
#4741 = EDGE_LOOP('',(#4742,#4743,#4744,#4745));
#4742 = ORIENTED_EDGE('',*,*,#4629,.F.);
#4743 = ORIENTED_EDGE('',*,*,#4699,.T.);
#4744 = ORIENTED_EDGE('',*,*,#4669,.T.);
#4745 = ORIENTED_EDGE('',*,*,#4721,.F.);
#4746 = PLANE('',#4747);
#4747 = AXIS2_PLACEMENT_3D('',#4748,#4749,#4750);
#4748 = CARTESIAN_POINT('',(1.1,19.25,1.));
#4749 = DIRECTION('',(0.,0.,1.));
#4750 = DIRECTION('',(1.,0.,0.));
#4751 = ADVANCED_FACE('',(#4752),#4758,.T.);
#4752 = FACE_BOUND('',#4753,.T.);
#4753 = EDGE_LOOP('',(#4754,#4755,#4756,#4757));
#4754 = ORIENTED_EDGE('',*,*,#4645,.F.);
#4755 = ORIENTED_EDGE('',*,*,#4706,.T.);
#4756 = ORIENTED_EDGE('',*,*,#4685,.T.);
#4757 = ORIENTED_EDGE('',*,*,#4728,.F.);
#4758 = PLANE('',#4759);
#4759 = AXIS2_PLACEMENT_3D('',#4760,#4761,#4762);
#4760 = CARTESIAN_POINT('',(1.1,19.25,1.9));
#4761 = DIRECTION('',(0.,0.,1.));
#4762 = DIRECTION('',(1.,0.,0.));
#4763 = MANIFOLD_SOLID_BREP('',#4764);
#4764 = CLOSED_SHELL('',(#4765,#4805,#4845,#4867,#4889,#4901));
#4765 = ADVANCED_FACE('',(#4766),#4800,.F.);
#4766 = FACE_BOUND('',#4767,.F.);
#4767 = EDGE_LOOP('',(#4768,#4778,#4786,#4794));
#4768 = ORIENTED_EDGE('',*,*,#4769,.F.);
#4769 = EDGE_CURVE('',#4770,#4772,#4774,.T.);
#4770 = VERTEX_POINT('',#4771);
#4771 = CARTESIAN_POINT('',(5.25,21.85,1.));
#4772 = VERTEX_POINT('',#4773);
#4773 = CARTESIAN_POINT('',(5.25,21.85,1.9));
#4774 = LINE('',#4775,#4776);
#4775 = CARTESIAN_POINT('',(5.25,21.85,1.));
#4776 = VECTOR('',#4777,1.);
#4777 = DIRECTION('',(0.,0.,1.));
#4778 = ORIENTED_EDGE('',*,*,#4779,.T.);
#4779 = EDGE_CURVE('',#4770,#4780,#4782,.T.);
#4780 = VERTEX_POINT('',#4781);
#4781 = CARTESIAN_POINT('',(5.25,23.65,1.));
#4782 = LINE('',#4783,#4784);
#4783 = CARTESIAN_POINT('',(5.25,21.85,1.));
#4784 = VECTOR('',#4785,1.);
#4785 = DIRECTION('',(0.,1.,0.));
#4786 = ORIENTED_EDGE('',*,*,#4787,.T.);
#4787 = EDGE_CURVE('',#4780,#4788,#4790,.T.);
#4788 = VERTEX_POINT('',#4789);
#4789 = CARTESIAN_POINT('',(5.25,23.65,1.9));
#4790 = LINE('',#4791,#4792);
#4791 = CARTESIAN_POINT('',(5.25,23.65,1.));
#4792 = VECTOR('',#4793,1.);
#4793 = DIRECTION('',(0.,0.,1.));
#4794 = ORIENTED_EDGE('',*,*,#4795,.F.);
#4795 = EDGE_CURVE('',#4772,#4788,#4796,.T.);
#4796 = LINE('',#4797,#4798);
#4797 = CARTESIAN_POINT('',(5.25,21.85,1.9));
#4798 = VECTOR('',#4799,1.);
#4799 = DIRECTION('',(0.,1.,0.));
#4800 = PLANE('',#4801);
#4801 = AXIS2_PLACEMENT_3D('',#4802,#4803,#4804);
#4802 = CARTESIAN_POINT('',(5.25,21.85,1.));
#4803 = DIRECTION('',(1.,0.,0.));
#4804 = DIRECTION('',(0.,0.,1.));
#4805 = ADVANCED_FACE('',(#4806),#4840,.T.);
#4806 = FACE_BOUND('',#4807,.T.);
#4807 = EDGE_LOOP('',(#4808,#4818,#4826,#4834));
#4808 = ORIENTED_EDGE('',*,*,#4809,.F.);
#4809 = EDGE_CURVE('',#4810,#4812,#4814,.T.);
#4810 = VERTEX_POINT('',#4811);
#4811 = CARTESIAN_POINT('',(6.25,21.85,1.));
#4812 = VERTEX_POINT('',#4813);
#4813 = CARTESIAN_POINT('',(6.25,21.85,1.9));
#4814 = LINE('',#4815,#4816);
#4815 = CARTESIAN_POINT('',(6.25,21.85,1.));
#4816 = VECTOR('',#4817,1.);
#4817 = DIRECTION('',(0.,0.,1.));
#4818 = ORIENTED_EDGE('',*,*,#4819,.T.);
#4819 = EDGE_CURVE('',#4810,#4820,#4822,.T.);
#4820 = VERTEX_POINT('',#4821);
#4821 = CARTESIAN_POINT('',(6.25,23.65,1.));
#4822 = LINE('',#4823,#4824);
#4823 = CARTESIAN_POINT('',(6.25,21.85,1.));
#4824 = VECTOR('',#4825,1.);
#4825 = DIRECTION('',(0.,1.,0.));
#4826 = ORIENTED_EDGE('',*,*,#4827,.T.);
#4827 = EDGE_CURVE('',#4820,#4828,#4830,.T.);
#4828 = VERTEX_POINT('',#4829);
#4829 = CARTESIAN_POINT('',(6.25,23.65,1.9));
#4830 = LINE('',#4831,#4832);
#4831 = CARTESIAN_POINT('',(6.25,23.65,1.));
#4832 = VECTOR('',#4833,1.);
#4833 = DIRECTION('',(0.,0.,1.));
#4834 = ORIENTED_EDGE('',*,*,#4835,.F.);
#4835 = EDGE_CURVE('',#4812,#4828,#4836,.T.);
#4836 = LINE('',#4837,#4838);
#4837 = CARTESIAN_POINT('',(6.25,21.85,1.9));
#4838 = VECTOR('',#4839,1.);
#4839 = DIRECTION('',(0.,1.,0.));
#4840 = PLANE('',#4841);
#4841 = AXIS2_PLACEMENT_3D('',#4842,#4843,#4844);
#4842 = CARTESIAN_POINT('',(6.25,21.85,1.));
#4843 = DIRECTION('',(1.,0.,0.));
#4844 = DIRECTION('',(0.,0.,1.));
#4845 = ADVANCED_FACE('',(#4846),#4862,.F.);
#4846 = FACE_BOUND('',#4847,.F.);
#4847 = EDGE_LOOP('',(#4848,#4854,#4855,#4861));
#4848 = ORIENTED_EDGE('',*,*,#4849,.F.);
#4849 = EDGE_CURVE('',#4770,#4810,#4850,.T.);
#4850 = LINE('',#4851,#4852);
#4851 = CARTESIAN_POINT('',(5.25,21.85,1.));
#4852 = VECTOR('',#4853,1.);
#4853 = DIRECTION('',(1.,0.,0.));
#4854 = ORIENTED_EDGE('',*,*,#4769,.T.);
#4855 = ORIENTED_EDGE('',*,*,#4856,.T.);
#4856 = EDGE_CURVE('',#4772,#4812,#4857,.T.);
#4857 = LINE('',#4858,#4859);
#4858 = CARTESIAN_POINT('',(5.25,21.85,1.9));
#4859 = VECTOR('',#4860,1.);
#4860 = DIRECTION('',(1.,0.,0.));
#4861 = ORIENTED_EDGE('',*,*,#4809,.F.);
#4862 = PLANE('',#4863);
#4863 = AXIS2_PLACEMENT_3D('',#4864,#4865,#4866);
#4864 = CARTESIAN_POINT('',(5.25,21.85,1.));
#4865 = DIRECTION('',(0.,1.,0.));
#4866 = DIRECTION('',(0.,0.,1.));
#4867 = ADVANCED_FACE('',(#4868),#4884,.T.);
#4868 = FACE_BOUND('',#4869,.T.);
#4869 = EDGE_LOOP('',(#4870,#4876,#4877,#4883));
#4870 = ORIENTED_EDGE('',*,*,#4871,.F.);
#4871 = EDGE_CURVE('',#4780,#4820,#4872,.T.);
#4872 = LINE('',#4873,#4874);
#4873 = CARTESIAN_POINT('',(5.25,23.65,1.));
#4874 = VECTOR('',#4875,1.);
#4875 = DIRECTION('',(1.,0.,0.));
#4876 = ORIENTED_EDGE('',*,*,#4787,.T.);
#4877 = ORIENTED_EDGE('',*,*,#4878,.T.);
#4878 = EDGE_CURVE('',#4788,#4828,#4879,.T.);
#4879 = LINE('',#4880,#4881);
#4880 = CARTESIAN_POINT('',(5.25,23.65,1.9));
#4881 = VECTOR('',#4882,1.);
#4882 = DIRECTION('',(1.,0.,0.));
#4883 = ORIENTED_EDGE('',*,*,#4827,.F.);
#4884 = PLANE('',#4885);
#4885 = AXIS2_PLACEMENT_3D('',#4886,#4887,#4888);
#4886 = CARTESIAN_POINT('',(5.25,23.65,1.));
#4887 = DIRECTION('',(0.,1.,0.));
#4888 = DIRECTION('',(0.,0.,1.));
#4889 = ADVANCED_FACE('',(#4890),#4896,.F.);
#4890 = FACE_BOUND('',#4891,.F.);
#4891 = EDGE_LOOP('',(#4892,#4893,#4894,#4895));
#4892 = ORIENTED_EDGE('',*,*,#4779,.F.);
#4893 = ORIENTED_EDGE('',*,*,#4849,.T.);
#4894 = ORIENTED_EDGE('',*,*,#4819,.T.);
#4895 = ORIENTED_EDGE('',*,*,#4871,.F.);
#4896 = PLANE('',#4897);
#4897 = AXIS2_PLACEMENT_3D('',#4898,#4899,#4900);
#4898 = CARTESIAN_POINT('',(5.25,21.85,1.));
#4899 = DIRECTION('',(0.,0.,1.));
#4900 = DIRECTION('',(1.,0.,0.));
#4901 = ADVANCED_FACE('',(#4902),#4908,.T.);
#4902 = FACE_BOUND('',#4903,.T.);
#4903 = EDGE_LOOP('',(#4904,#4905,#4906,#4907));
#4904 = ORIENTED_EDGE('',*,*,#4795,.F.);
#4905 = ORIENTED_EDGE('',*,*,#4856,.T.);
#4906 = ORIENTED_EDGE('',*,*,#4835,.T.);
#4907 = ORIENTED_EDGE('',*,*,#4878,.F.);
#4908 = PLANE('',#4909);
#4909 = AXIS2_PLACEMENT_3D('',#4910,#4911,#4912);
#4910 = CARTESIAN_POINT('',(5.25,21.85,1.9));
#4911 = DIRECTION('',(0.,0.,1.));
#4912 = DIRECTION('',(1.,0.,0.));
#4913 = MANIFOLD_SOLID_BREP('',#4914);
#4914 = CLOSED_SHELL('',(#4915,#4955,#4995,#5017,#5039,#5051));
#4915 = ADVANCED_FACE('',(#4916),#4950,.F.);
#4916 = FACE_BOUND('',#4917,.F.);
#4917 = EDGE_LOOP('',(#4918,#4928,#4936,#4944));
#4918 = ORIENTED_EDGE('',*,*,#4919,.F.);
#4919 = EDGE_CURVE('',#4920,#4922,#4924,.T.);
#4920 = VERTEX_POINT('',#4921);
#4921 = CARTESIAN_POINT('',(7.6,27.8,1.));
#4922 = VERTEX_POINT('',#4923);
#4923 = CARTESIAN_POINT('',(7.6,27.8,3.4));
#4924 = LINE('',#4925,#4926);
#4925 = CARTESIAN_POINT('',(7.6,27.8,1.));
#4926 = VECTOR('',#4927,1.);
#4927 = DIRECTION('',(0.,0.,1.));
#4928 = ORIENTED_EDGE('',*,*,#4929,.T.);
#4929 = EDGE_CURVE('',#4920,#4930,#4932,.T.);
#4930 = VERTEX_POINT('',#4931);
#4931 = CARTESIAN_POINT('',(7.6,44.4,1.));
#4932 = LINE('',#4933,#4934);
#4933 = CARTESIAN_POINT('',(7.6,27.8,1.));
#4934 = VECTOR('',#4935,1.);
#4935 = DIRECTION('',(0.,1.,0.));
#4936 = ORIENTED_EDGE('',*,*,#4937,.T.);
#4937 = EDGE_CURVE('',#4930,#4938,#4940,.T.);
#4938 = VERTEX_POINT('',#4939);
#4939 = CARTESIAN_POINT('',(7.6,44.4,3.4));
#4940 = LINE('',#4941,#4942);
#4941 = CARTESIAN_POINT('',(7.6,44.4,1.));
#4942 = VECTOR('',#4943,1.);
#4943 = DIRECTION('',(0.,0.,1.));
#4944 = ORIENTED_EDGE('',*,*,#4945,.F.);
#4945 = EDGE_CURVE('',#4922,#4938,#4946,.T.);
#4946 = LINE('',#4947,#4948);
#4947 = CARTESIAN_POINT('',(7.6,27.8,3.4));
#4948 = VECTOR('',#4949,1.);
#4949 = DIRECTION('',(0.,1.,0.));
#4950 = PLANE('',#4951);
#4951 = AXIS2_PLACEMENT_3D('',#4952,#4953,#4954);
#4952 = CARTESIAN_POINT('',(7.6,27.8,1.));
#4953 = DIRECTION('',(1.,0.,0.));
#4954 = DIRECTION('',(0.,0.,1.));
#4955 = ADVANCED_FACE('',(#4956),#4990,.T.);
#4956 = FACE_BOUND('',#4957,.T.);
#4957 = EDGE_LOOP('',(#4958,#4968,#4976,#4984));
#4958 = ORIENTED_EDGE('',*,*,#4959,.F.);
#4959 = EDGE_CURVE('',#4960,#4962,#4964,.T.);
#4960 = VERTEX_POINT('',#4961);
#4961 = CARTESIAN_POINT('',(20.8,27.8,1.));
#4962 = VERTEX_POINT('',#4963);
#4963 = CARTESIAN_POINT('',(20.8,27.8,3.4));
#4964 = LINE('',#4965,#4966);
#4965 = CARTESIAN_POINT('',(20.8,27.8,1.));
#4966 = VECTOR('',#4967,1.);
#4967 = DIRECTION('',(0.,0.,1.));
#4968 = ORIENTED_EDGE('',*,*,#4969,.T.);
#4969 = EDGE_CURVE('',#4960,#4970,#4972,.T.);
#4970 = VERTEX_POINT('',#4971);
#4971 = CARTESIAN_POINT('',(20.8,44.4,1.));
#4972 = LINE('',#4973,#4974);
#4973 = CARTESIAN_POINT('',(20.8,27.8,1.));
#4974 = VECTOR('',#4975,1.);
#4975 = DIRECTION('',(0.,1.,0.));
#4976 = ORIENTED_EDGE('',*,*,#4977,.T.);
#4977 = EDGE_CURVE('',#4970,#4978,#4980,.T.);
#4978 = VERTEX_POINT('',#4979);
#4979 = CARTESIAN_POINT('',(20.8,44.4,3.4));
#4980 = LINE('',#4981,#4982);
#4981 = CARTESIAN_POINT('',(20.8,44.4,1.));
#4982 = VECTOR('',#4983,1.);
#4983 = DIRECTION('',(0.,0.,1.));
#4984 = ORIENTED_EDGE('',*,*,#4985,.F.);
#4985 = EDGE_CURVE('',#4962,#4978,#4986,.T.);
#4986 = LINE('',#4987,#4988);
#4987 = CARTESIAN_POINT('',(20.8,27.8,3.4));
#4988 = VECTOR('',#4989,1.);
#4989 = DIRECTION('',(0.,1.,0.));
#4990 = PLANE('',#4991);
#4991 = AXIS2_PLACEMENT_3D('',#4992,#4993,#4994);
#4992 = CARTESIAN_POINT('',(20.8,27.8,1.));
#4993 = DIRECTION('',(1.,0.,0.));
#4994 = DIRECTION('',(0.,0.,1.));
#4995 = ADVANCED_FACE('',(#4996),#5012,.F.);
#4996 = FACE_BOUND('',#4997,.F.);
#4997 = EDGE_LOOP('',(#4998,#5004,#5005,#5011));
#4998 = ORIENTED_EDGE('',*,*,#4999,.F.);
#4999 = EDGE_CURVE('',#4920,#4960,#5000,.T.);
#5000 = LINE('',#5001,#5002);
#5001 = CARTESIAN_POINT('',(7.6,27.8,1.));
#5002 = VECTOR('',#5003,1.);
#5003 = DIRECTION('',(1.,0.,0.));
#5004 = ORIENTED_EDGE('',*,*,#4919,.T.);
#5005 = ORIENTED_EDGE('',*,*,#5006,.T.);
#5006 = EDGE_CURVE('',#4922,#4962,#5007,.T.);
#5007 = LINE('',#5008,#5009);
#5008 = CARTESIAN_POINT('',(7.6,27.8,3.4));
#5009 = VECTOR('',#5010,1.);
#5010 = DIRECTION('',(1.,0.,0.));
#5011 = ORIENTED_EDGE('',*,*,#4959,.F.);
#5012 = PLANE('',#5013);
#5013 = AXIS2_PLACEMENT_3D('',#5014,#5015,#5016);
#5014 = CARTESIAN_POINT('',(7.6,27.8,1.));
#5015 = DIRECTION('',(0.,1.,0.));
#5016 = DIRECTION('',(0.,0.,1.));
#5017 = ADVANCED_FACE('',(#5018),#5034,.T.);
#5018 = FACE_BOUND('',#5019,.T.);
#5019 = EDGE_LOOP('',(#5020,#5026,#5027,#5033));
#5020 = ORIENTED_EDGE('',*,*,#5021,.F.);
#5021 = EDGE_CURVE('',#4930,#4970,#5022,.T.);
#5022 = LINE('',#5023,#5024);
#5023 = CARTESIAN_POINT('',(7.6,44.4,1.));
#5024 = VECTOR('',#5025,1.);
#5025 = DIRECTION('',(1.,0.,0.));
#5026 = ORIENTED_EDGE('',*,*,#4937,.T.);
#5027 = ORIENTED_EDGE('',*,*,#5028,.T.);
#5028 = EDGE_CURVE('',#4938,#4978,#5029,.T.);
#5029 = LINE('',#5030,#5031);
#5030 = CARTESIAN_POINT('',(7.6,44.4,3.4));
#5031 = VECTOR('',#5032,1.);
#5032 = DIRECTION('',(1.,0.,0.));
#5033 = ORIENTED_EDGE('',*,*,#4977,.F.);
#5034 = PLANE('',#5035);
#5035 = AXIS2_PLACEMENT_3D('',#5036,#5037,#5038);
#5036 = CARTESIAN_POINT('',(7.6,44.4,1.));
#5037 = DIRECTION('',(0.,1.,0.));
#5038 = DIRECTION('',(0.,0.,1.));
#5039 = ADVANCED_FACE('',(#5040),#5046,.F.);
#5040 = FACE_BOUND('',#5041,.F.);
#5041 = EDGE_LOOP('',(#5042,#5043,#5044,#5045));
#5042 = ORIENTED_EDGE('',*,*,#4929,.F.);
#5043 = ORIENTED_EDGE('',*,*,#4999,.T.);
#5044 = ORIENTED_EDGE('',*,*,#4969,.T.);
#5045 = ORIENTED_EDGE('',*,*,#5021,.F.);
#5046 = PLANE('',#5047);
#5047 = AXIS2_PLACEMENT_3D('',#5048,#5049,#5050);
#5048 = CARTESIAN_POINT('',(7.6,27.8,1.));
#5049 = DIRECTION('',(0.,0.,1.));
#5050 = DIRECTION('',(1.,0.,0.));
#5051 = ADVANCED_FACE('',(#5052),#5058,.T.);
#5052 = FACE_BOUND('',#5053,.T.);
#5053 = EDGE_LOOP('',(#5054,#5055,#5056,#5057));
#5054 = ORIENTED_EDGE('',*,*,#4945,.F.);
#5055 = ORIENTED_EDGE('',*,*,#5006,.T.);
#5056 = ORIENTED_EDGE('',*,*,#4985,.T.);
#5057 = ORIENTED_EDGE('',*,*,#5028,.F.);
#5058 = PLANE('',#5059);
#5059 = AXIS2_PLACEMENT_3D('',#5060,#5061,#5062);
#5060 = CARTESIAN_POINT('',(7.6,27.8,3.4));
#5061 = DIRECTION('',(0.,0.,1.));
#5062 = DIRECTION('',(1.,0.,0.));
#5063 = MANIFOLD_SOLID_BREP('',#5064);
#5064 = CLOSED_SHELL('',(#5065,#5105,#5145,#5167,#5189,#5201));
#5065 = ADVANCED_FACE('',(#5066),#5100,.F.);
#5066 = FACE_BOUND('',#5067,.F.);
#5067 = EDGE_LOOP('',(#5068,#5078,#5086,#5094));
#5068 = ORIENTED_EDGE('',*,*,#5069,.F.);
#5069 = EDGE_CURVE('',#5070,#5072,#5074,.T.);
#5070 = VERTEX_POINT('',#5071);
#5071 = CARTESIAN_POINT('',(5.7,13.1,1.));
#5072 = VERTEX_POINT('',#5073);
#5073 = CARTESIAN_POINT('',(5.7,13.1,1.95));
#5074 = LINE('',#5075,#5076);
#5075 = CARTESIAN_POINT('',(5.7,13.1,1.));
#5076 = VECTOR('',#5077,1.);
#5077 = DIRECTION('',(0.,0.,1.));
#5078 = ORIENTED_EDGE('',*,*,#5079,.T.);
#5079 = EDGE_CURVE('',#5070,#5080,#5082,.T.);
#5080 = VERTEX_POINT('',#5081);
#5081 = CARTESIAN_POINT('',(5.7,13.9,1.));
#5082 = LINE('',#5083,#5084);
#5083 = CARTESIAN_POINT('',(5.7,13.1,1.));
#5084 = VECTOR('',#5085,1.);
#5085 = DIRECTION('',(0.,1.,0.));
#5086 = ORIENTED_EDGE('',*,*,#5087,.T.);
#5087 = EDGE_CURVE('',#5080,#5088,#5090,.T.);
#5088 = VERTEX_POINT('',#5089);
#5089 = CARTESIAN_POINT('',(5.7,13.9,1.95));
#5090 = LINE('',#5091,#5092);
#5091 = CARTESIAN_POINT('',(5.7,13.9,1.));
#5092 = VECTOR('',#5093,1.);
#5093 = DIRECTION('',(0.,0.,1.));
#5094 = ORIENTED_EDGE('',*,*,#5095,.F.);
#5095 = EDGE_CURVE('',#5072,#5088,#5096,.T.);
#5096 = LINE('',#5097,#5098);
#5097 = CARTESIAN_POINT('',(5.7,13.1,1.95));
#5098 = VECTOR('',#5099,1.);
#5099 = DIRECTION('',(0.,1.,0.));
#5100 = PLANE('',#5101);
#5101 = AXIS2_PLACEMENT_3D('',#5102,#5103,#5104);
#5102 = CARTESIAN_POINT('',(5.7,13.1,1.));
#5103 = DIRECTION('',(1.,0.,0.));
#5104 = DIRECTION('',(0.,0.,1.));
#5105 = ADVANCED_FACE('',(#5106),#5140,.T.);
#5106 = FACE_BOUND('',#5107,.T.);
#5107 = EDGE_LOOP('',(#5108,#5118,#5126,#5134));
#5108 = ORIENTED_EDGE('',*,*,#5109,.F.);
#5109 = EDGE_CURVE('',#5110,#5112,#5114,.T.);
#5110 = VERTEX_POINT('',#5111);
#5111 = CARTESIAN_POINT('',(7.3,13.1,1.));
#5112 = VERTEX_POINT('',#5113);
#5113 = CARTESIAN_POINT('',(7.3,13.1,1.95));
#5114 = LINE('',#5115,#5116);
#5115 = CARTESIAN_POINT('',(7.3,13.1,1.));
#5116 = VECTOR('',#5117,1.);
#5117 = DIRECTION('',(0.,0.,1.));
#5118 = ORIENTED_EDGE('',*,*,#5119,.T.);
#5119 = EDGE_CURVE('',#5110,#5120,#5122,.T.);
#5120 = VERTEX_POINT('',#5121);
#5121 = CARTESIAN_POINT('',(7.3,13.9,1.));
#5122 = LINE('',#5123,#5124);
#5123 = CARTESIAN_POINT('',(7.3,13.1,1.));
#5124 = VECTOR('',#5125,1.);
#5125 = DIRECTION('',(0.,1.,0.));
#5126 = ORIENTED_EDGE('',*,*,#5127,.T.);
#5127 = EDGE_CURVE('',#5120,#5128,#5130,.T.);
#5128 = VERTEX_POINT('',#5129);
#5129 = CARTESIAN_POINT('',(7.3,13.9,1.95));
#5130 = LINE('',#5131,#5132);
#5131 = CARTESIAN_POINT('',(7.3,13.9,1.));
#5132 = VECTOR('',#5133,1.);
#5133 = DIRECTION('',(0.,0.,1.));
#5134 = ORIENTED_EDGE('',*,*,#5135,.F.);
#5135 = EDGE_CURVE('',#5112,#5128,#5136,.T.);
#5136 = LINE('',#5137,#5138);
#5137 = CARTESIAN_POINT('',(7.3,13.1,1.95));
#5138 = VECTOR('',#5139,1.);
#5139 = DIRECTION('',(0.,1.,0.));
#5140 = PLANE('',#5141);
#5141 = AXIS2_PLACEMENT_3D('',#5142,#5143,#5144);
#5142 = CARTESIAN_POINT('',(7.3,13.1,1.));
#5143 = DIRECTION('',(1.,0.,0.));
#5144 = DIRECTION('',(0.,0.,1.));
#5145 = ADVANCED_FACE('',(#5146),#5162,.F.);
#5146 = FACE_BOUND('',#5147,.F.);
#5147 = EDGE_LOOP('',(#5148,#5154,#5155,#5161));
#5148 = ORIENTED_EDGE('',*,*,#5149,.F.);
#5149 = EDGE_CURVE('',#5070,#5110,#5150,.T.);
#5150 = LINE('',#5151,#5152);
#5151 = CARTESIAN_POINT('',(5.7,13.1,1.));
#5152 = VECTOR('',#5153,1.);
#5153 = DIRECTION('',(1.,0.,0.));
#5154 = ORIENTED_EDGE('',*,*,#5069,.T.);
#5155 = ORIENTED_EDGE('',*,*,#5156,.T.);
#5156 = EDGE_CURVE('',#5072,#5112,#5157,.T.);
#5157 = LINE('',#5158,#5159);
#5158 = CARTESIAN_POINT('',(5.7,13.1,1.95));
#5159 = VECTOR('',#5160,1.);
#5160 = DIRECTION('',(1.,0.,0.));
#5161 = ORIENTED_EDGE('',*,*,#5109,.F.);
#5162 = PLANE('',#5163);
#5163 = AXIS2_PLACEMENT_3D('',#5164,#5165,#5166);
#5164 = CARTESIAN_POINT('',(5.7,13.1,1.));
#5165 = DIRECTION('',(0.,1.,0.));
#5166 = DIRECTION('',(0.,0.,1.));
#5167 = ADVANCED_FACE('',(#5168),#5184,.T.);
#5168 = FACE_BOUND('',#5169,.T.);
#5169 = EDGE_LOOP('',(#5170,#5176,#5177,#5183));
#5170 = ORIENTED_EDGE('',*,*,#5171,.F.);
#5171 = EDGE_CURVE('',#5080,#5120,#5172,.T.);
#5172 = LINE('',#5173,#5174);
#5173 = CARTESIAN_POINT('',(5.7,13.9,1.));
#5174 = VECTOR('',#5175,1.);
#5175 = DIRECTION('',(1.,0.,0.));
#5176 = ORIENTED_EDGE('',*,*,#5087,.T.);
#5177 = ORIENTED_EDGE('',*,*,#5178,.T.);
#5178 = EDGE_CURVE('',#5088,#5128,#5179,.T.);
#5179 = LINE('',#5180,#5181);
#5180 = CARTESIAN_POINT('',(5.7,13.9,1.95));
#5181 = VECTOR('',#5182,1.);
#5182 = DIRECTION('',(1.,0.,0.));
#5183 = ORIENTED_EDGE('',*,*,#5127,.F.);
#5184 = PLANE('',#5185);
#5185 = AXIS2_PLACEMENT_3D('',#5186,#5187,#5188);
#5186 = CARTESIAN_POINT('',(5.7,13.9,1.));
#5187 = DIRECTION('',(0.,1.,0.));
#5188 = DIRECTION('',(0.,0.,1.));
#5189 = ADVANCED_FACE('',(#5190),#5196,.F.);
#5190 = FACE_BOUND('',#5191,.F.);
#5191 = EDGE_LOOP('',(#5192,#5193,#5194,#5195));
#5192 = ORIENTED_EDGE('',*,*,#5079,.F.);
#5193 = ORIENTED_EDGE('',*,*,#5149,.T.);
#5194 = ORIENTED_EDGE('',*,*,#5119,.T.);
#5195 = ORIENTED_EDGE('',*,*,#5171,.F.);
#5196 = PLANE('',#5197);
#5197 = AXIS2_PLACEMENT_3D('',#5198,#5199,#5200);
#5198 = CARTESIAN_POINT('',(5.7,13.1,1.));
#5199 = DIRECTION('',(0.,0.,1.));
#5200 = DIRECTION('',(1.,0.,0.));
#5201 = ADVANCED_FACE('',(#5202),#5208,.T.);
#5202 = FACE_BOUND('',#5203,.T.);
#5203 = EDGE_LOOP('',(#5204,#5205,#5206,#5207));
#5204 = ORIENTED_EDGE('',*,*,#5095,.F.);
#5205 = ORIENTED_EDGE('',*,*,#5156,.T.);
#5206 = ORIENTED_EDGE('',*,*,#5135,.T.);
#5207 = ORIENTED_EDGE('',*,*,#5178,.F.);
#5208 = PLANE('',#5209);
#5209 = AXIS2_PLACEMENT_3D('',#5210,#5211,#5212);
#5210 = CARTESIAN_POINT('',(5.7,13.1,1.95));
#5211 = DIRECTION('',(0.,0.,1.));
#5212 = DIRECTION('',(1.,0.,0.));
#5213 = MANIFOLD_SOLID_BREP('',#5214);
#5214 = CLOSED_SHELL('',(#5215,#5255,#5295,#5317,#5339,#5351));
#5215 = ADVANCED_FACE('',(#5216),#5250,.F.);
#5216 = FACE_BOUND('',#5217,.F.);
#5217 = EDGE_LOOP('',(#5218,#5228,#5236,#5244));
#5218 = ORIENTED_EDGE('',*,*,#5219,.F.);
#5219 = EDGE_CURVE('',#5220,#5222,#5224,.T.);
#5220 = VERTEX_POINT('',#5221);
#5221 = CARTESIAN_POINT('',(8.23,23.975,1.));
#5222 = VERTEX_POINT('',#5223);
#5223 = CARTESIAN_POINT('',(8.23,23.975,1.55));
#5224 = LINE('',#5225,#5226);
#5225 = CARTESIAN_POINT('',(8.23,23.975,1.));
#5226 = VECTOR('',#5227,1.);
#5227 = DIRECTION('',(0.,0.,1.));
#5228 = ORIENTED_EDGE('',*,*,#5229,.T.);
#5229 = EDGE_CURVE('',#5220,#5230,#5232,.T.);
#5230 = VERTEX_POINT('',#5231);
#5231 = CARTESIAN_POINT('',(8.23,25.025,1.));
#5232 = LINE('',#5233,#5234);
#5233 = CARTESIAN_POINT('',(8.23,23.975,1.));
#5234 = VECTOR('',#5235,1.);
#5235 = DIRECTION('',(0.,1.,0.));
#5236 = ORIENTED_EDGE('',*,*,#5237,.T.);
#5237 = EDGE_CURVE('',#5230,#5238,#5240,.T.);
#5238 = VERTEX_POINT('',#5239);
#5239 = CARTESIAN_POINT('',(8.23,25.025,1.55));
#5240 = LINE('',#5241,#5242);
#5241 = CARTESIAN_POINT('',(8.23,25.025,1.));
#5242 = VECTOR('',#5243,1.);
#5243 = DIRECTION('',(0.,0.,1.));
#5244 = ORIENTED_EDGE('',*,*,#5245,.F.);
#5245 = EDGE_CURVE('',#5222,#5238,#5246,.T.);
#5246 = LINE('',#5247,#5248);
#5247 = CARTESIAN_POINT('',(8.23,23.975,1.55));
#5248 = VECTOR('',#5249,1.);
#5249 = DIRECTION('',(0.,1.,0.));
#5250 = PLANE('',#5251);
#5251 = AXIS2_PLACEMENT_3D('',#5252,#5253,#5254);
#5252 = CARTESIAN_POINT('',(8.23,23.975,1.));
#5253 = DIRECTION('',(1.,0.,0.));
#5254 = DIRECTION('',(0.,0.,1.));
#5255 = ADVANCED_FACE('',(#5256),#5290,.T.);
#5256 = FACE_BOUND('',#5257,.T.);
#5257 = EDGE_LOOP('',(#5258,#5268,#5276,#5284));
#5258 = ORIENTED_EDGE('',*,*,#5259,.F.);
#5259 = EDGE_CURVE('',#5260,#5262,#5264,.T.);
#5260 = VERTEX_POINT('',#5261);
#5261 = CARTESIAN_POINT('',(8.77,23.975,1.));
#5262 = VERTEX_POINT('',#5263);
#5263 = CARTESIAN_POINT('',(8.77,23.975,1.55));
#5264 = LINE('',#5265,#5266);
#5265 = CARTESIAN_POINT('',(8.77,23.975,1.));
#5266 = VECTOR('',#5267,1.);
#5267 = DIRECTION('',(0.,0.,1.));
#5268 = ORIENTED_EDGE('',*,*,#5269,.T.);
#5269 = EDGE_CURVE('',#5260,#5270,#5272,.T.);
#5270 = VERTEX_POINT('',#5271);
#5271 = CARTESIAN_POINT('',(8.77,25.025,1.));
#5272 = LINE('',#5273,#5274);
#5273 = CARTESIAN_POINT('',(8.77,23.975,1.));
#5274 = VECTOR('',#5275,1.);
#5275 = DIRECTION('',(0.,1.,0.));
#5276 = ORIENTED_EDGE('',*,*,#5277,.T.);
#5277 = EDGE_CURVE('',#5270,#5278,#5280,.T.);
#5278 = VERTEX_POINT('',#5279);
#5279 = CARTESIAN_POINT('',(8.77,25.025,1.55));
#5280 = LINE('',#5281,#5282);
#5281 = CARTESIAN_POINT('',(8.77,25.025,1.));
#5282 = VECTOR('',#5283,1.);
#5283 = DIRECTION('',(0.,0.,1.));
#5284 = ORIENTED_EDGE('',*,*,#5285,.F.);
#5285 = EDGE_CURVE('',#5262,#5278,#5286,.T.);
#5286 = LINE('',#5287,#5288);
#5287 = CARTESIAN_POINT('',(8.77,23.975,1.55));
#5288 = VECTOR('',#5289,1.);
#5289 = DIRECTION('',(0.,1.,0.));
#5290 = PLANE('',#5291);
#5291 = AXIS2_PLACEMENT_3D('',#5292,#5293,#5294);
#5292 = CARTESIAN_POINT('',(8.77,23.975,1.));
#5293 = DIRECTION('',(1.,0.,0.));
#5294 = DIRECTION('',(0.,0.,1.));
#5295 = ADVANCED_FACE('',(#5296),#5312,.F.);
#5296 = FACE_BOUND('',#5297,.F.);
#5297 = EDGE_LOOP('',(#5298,#5304,#5305,#5311));
#5298 = ORIENTED_EDGE('',*,*,#5299,.F.);
#5299 = EDGE_CURVE('',#5220,#5260,#5300,.T.);
#5300 = LINE('',#5301,#5302);
#5301 = CARTESIAN_POINT('',(8.23,23.975,1.));
#5302 = VECTOR('',#5303,1.);
#5303 = DIRECTION('',(1.,0.,0.));
#5304 = ORIENTED_EDGE('',*,*,#5219,.T.);
#5305 = ORIENTED_EDGE('',*,*,#5306,.T.);
#5306 = EDGE_CURVE('',#5222,#5262,#5307,.T.);
#5307 = LINE('',#5308,#5309);
#5308 = CARTESIAN_POINT('',(8.23,23.975,1.55));
#5309 = VECTOR('',#5310,1.);
#5310 = DIRECTION('',(1.,0.,0.));
#5311 = ORIENTED_EDGE('',*,*,#5259,.F.);
#5312 = PLANE('',#5313);
#5313 = AXIS2_PLACEMENT_3D('',#5314,#5315,#5316);
#5314 = CARTESIAN_POINT('',(8.23,23.975,1.));
#5315 = DIRECTION('',(0.,1.,0.));
#5316 = DIRECTION('',(0.,0.,1.));
#5317 = ADVANCED_FACE('',(#5318),#5334,.T.);
#5318 = FACE_BOUND('',#5319,.T.);
#5319 = EDGE_LOOP('',(#5320,#5326,#5327,#5333));
#5320 = ORIENTED_EDGE('',*,*,#5321,.F.);
#5321 = EDGE_CURVE('',#5230,#5270,#5322,.T.);
#5322 = LINE('',#5323,#5324);
#5323 = CARTESIAN_POINT('',(8.23,25.025,1.));
#5324 = VECTOR('',#5325,1.);
#5325 = DIRECTION('',(1.,0.,0.));
#5326 = ORIENTED_EDGE('',*,*,#5237,.T.);
#5327 = ORIENTED_EDGE('',*,*,#5328,.T.);
#5328 = EDGE_CURVE('',#5238,#5278,#5329,.T.);
#5329 = LINE('',#5330,#5331);
#5330 = CARTESIAN_POINT('',(8.23,25.025,1.55));
#5331 = VECTOR('',#5332,1.);
#5332 = DIRECTION('',(1.,0.,0.));
#5333 = ORIENTED_EDGE('',*,*,#5277,.F.);
#5334 = PLANE('',#5335);
#5335 = AXIS2_PLACEMENT_3D('',#5336,#5337,#5338);
#5336 = CARTESIAN_POINT('',(8.23,25.025,1.));
#5337 = DIRECTION('',(0.,1.,0.));
#5338 = DIRECTION('',(0.,0.,1.));
#5339 = ADVANCED_FACE('',(#5340),#5346,.F.);
#5340 = FACE_BOUND('',#5341,.F.);
#5341 = EDGE_LOOP('',(#5342,#5343,#5344,#5345));
#5342 = ORIENTED_EDGE('',*,*,#5229,.F.);
#5343 = ORIENTED_EDGE('',*,*,#5299,.T.);
#5344 = ORIENTED_EDGE('',*,*,#5269,.T.);
#5345 = ORIENTED_EDGE('',*,*,#5321,.F.);
#5346 = PLANE('',#5347);
#5347 = AXIS2_PLACEMENT_3D('',#5348,#5349,#5350);
#5348 = CARTESIAN_POINT('',(8.23,23.975,1.));
#5349 = DIRECTION('',(0.,0.,1.));
#5350 = DIRECTION('',(1.,0.,0.));
#5351 = ADVANCED_FACE('',(#5352),#5358,.T.);
#5352 = FACE_BOUND('',#5353,.T.);
#5353 = EDGE_LOOP('',(#5354,#5355,#5356,#5357));
#5354 = ORIENTED_EDGE('',*,*,#5245,.F.);
#5355 = ORIENTED_EDGE('',*,*,#5306,.T.);
#5356 = ORIENTED_EDGE('',*,*,#5285,.T.);
#5357 = ORIENTED_EDGE('',*,*,#5328,.F.);
#5358 = PLANE('',#5359);
#5359 = AXIS2_PLACEMENT_3D('',#5360,#5361,#5362);
#5360 = CARTESIAN_POINT('',(8.23,23.975,1.55));
#5361 = DIRECTION('',(0.,0.,1.));
#5362 = DIRECTION('',(1.,0.,0.));
#5363 = MANIFOLD_SOLID_BREP('',#5364);
#5364 = CLOSED_SHELL('',(#5365,#5405,#5445,#5467,#5489,#5501));
#5365 = ADVANCED_FACE('',(#5366),#5400,.F.);
#5366 = FACE_BOUND('',#5367,.F.);
#5367 = EDGE_LOOP('',(#5368,#5378,#5386,#5394));
#5368 = ORIENTED_EDGE('',*,*,#5369,.F.);
#5369 = EDGE_CURVE('',#5370,#5372,#5374,.T.);
#5370 = VERTEX_POINT('',#5371);
#5371 = CARTESIAN_POINT('',(5.625,27.5,1.));
#5372 = VERTEX_POINT('',#5373);
#5373 = CARTESIAN_POINT('',(5.625,27.5,2.45));
#5374 = LINE('',#5375,#5376);
#5375 = CARTESIAN_POINT('',(5.625,27.5,1.));
#5376 = VECTOR('',#5377,1.);
#5377 = DIRECTION('',(0.,0.,1.));
#5378 = ORIENTED_EDGE('',*,*,#5379,.T.);
#5379 = EDGE_CURVE('',#5370,#5380,#5382,.T.);
#5380 = VERTEX_POINT('',#5381);
#5381 = CARTESIAN_POINT('',(5.625,29.5,1.));
#5382 = LINE('',#5383,#5384);
#5383 = CARTESIAN_POINT('',(5.625,27.5,1.));
#5384 = VECTOR('',#5385,1.);
#5385 = DIRECTION('',(0.,1.,0.));
#5386 = ORIENTED_EDGE('',*,*,#5387,.T.);
#5387 = EDGE_CURVE('',#5380,#5388,#5390,.T.);
#5388 = VERTEX_POINT('',#5389);
#5389 = CARTESIAN_POINT('',(5.625,29.5,2.45));
#5390 = LINE('',#5391,#5392);
#5391 = CARTESIAN_POINT('',(5.625,29.5,1.));
#5392 = VECTOR('',#5393,1.);
#5393 = DIRECTION('',(0.,0.,1.));
#5394 = ORIENTED_EDGE('',*,*,#5395,.F.);
#5395 = EDGE_CURVE('',#5372,#5388,#5396,.T.);
#5396 = LINE('',#5397,#5398);
#5397 = CARTESIAN_POINT('',(5.625,27.5,2.45));
#5398 = VECTOR('',#5399,1.);
#5399 = DIRECTION('',(0.,1.,0.));
#5400 = PLANE('',#5401);
#5401 = AXIS2_PLACEMENT_3D('',#5402,#5403,#5404);
#5402 = CARTESIAN_POINT('',(5.625,27.5,1.));
#5403 = DIRECTION('',(1.,0.,0.));
#5404 = DIRECTION('',(0.,0.,1.));
#5405 = ADVANCED_FACE('',(#5406),#5440,.T.);
#5406 = FACE_BOUND('',#5407,.T.);
#5407 = EDGE_LOOP('',(#5408,#5418,#5426,#5434));
#5408 = ORIENTED_EDGE('',*,*,#5409,.F.);
#5409 = EDGE_CURVE('',#5410,#5412,#5414,.T.);
#5410 = VERTEX_POINT('',#5411);
#5411 = CARTESIAN_POINT('',(6.875,27.5,1.));
#5412 = VERTEX_POINT('',#5413);
#5413 = CARTESIAN_POINT('',(6.875,27.5,2.45));
#5414 = LINE('',#5415,#5416);
#5415 = CARTESIAN_POINT('',(6.875,27.5,1.));
#5416 = VECTOR('',#5417,1.);
#5417 = DIRECTION('',(0.,0.,1.));
#5418 = ORIENTED_EDGE('',*,*,#5419,.T.);
#5419 = EDGE_CURVE('',#5410,#5420,#5422,.T.);
#5420 = VERTEX_POINT('',#5421);
#5421 = CARTESIAN_POINT('',(6.875,29.5,1.));
#5422 = LINE('',#5423,#5424);
#5423 = CARTESIAN_POINT('',(6.875,27.5,1.));
#5424 = VECTOR('',#5425,1.);
#5425 = DIRECTION('',(0.,1.,0.));
#5426 = ORIENTED_EDGE('',*,*,#5427,.T.);
#5427 = EDGE_CURVE('',#5420,#5428,#5430,.T.);
#5428 = VERTEX_POINT('',#5429);
#5429 = CARTESIAN_POINT('',(6.875,29.5,2.45));
#5430 = LINE('',#5431,#5432);
#5431 = CARTESIAN_POINT('',(6.875,29.5,1.));
#5432 = VECTOR('',#5433,1.);
#5433 = DIRECTION('',(0.,0.,1.));
#5434 = ORIENTED_EDGE('',*,*,#5435,.F.);
#5435 = EDGE_CURVE('',#5412,#5428,#5436,.T.);
#5436 = LINE('',#5437,#5438);
#5437 = CARTESIAN_POINT('',(6.875,27.5,2.45));
#5438 = VECTOR('',#5439,1.);
#5439 = DIRECTION('',(0.,1.,0.));
#5440 = PLANE('',#5441);
#5441 = AXIS2_PLACEMENT_3D('',#5442,#5443,#5444);
#5442 = CARTESIAN_POINT('',(6.875,27.5,1.));
#5443 = DIRECTION('',(1.,0.,0.));
#5444 = DIRECTION('',(0.,0.,1.));
#5445 = ADVANCED_FACE('',(#5446),#5462,.F.);
#5446 = FACE_BOUND('',#5447,.F.);
#5447 = EDGE_LOOP('',(#5448,#5454,#5455,#5461));
#5448 = ORIENTED_EDGE('',*,*,#5449,.F.);
#5449 = EDGE_CURVE('',#5370,#5410,#5450,.T.);
#5450 = LINE('',#5451,#5452);
#5451 = CARTESIAN_POINT('',(5.625,27.5,1.));
#5452 = VECTOR('',#5453,1.);
#5453 = DIRECTION('',(1.,0.,0.));
#5454 = ORIENTED_EDGE('',*,*,#5369,.T.);
#5455 = ORIENTED_EDGE('',*,*,#5456,.T.);
#5456 = EDGE_CURVE('',#5372,#5412,#5457,.T.);
#5457 = LINE('',#5458,#5459);
#5458 = CARTESIAN_POINT('',(5.625,27.5,2.45));
#5459 = VECTOR('',#5460,1.);
#5460 = DIRECTION('',(1.,0.,0.));
#5461 = ORIENTED_EDGE('',*,*,#5409,.F.);
#5462 = PLANE('',#5463);
#5463 = AXIS2_PLACEMENT_3D('',#5464,#5465,#5466);
#5464 = CARTESIAN_POINT('',(5.625,27.5,1.));
#5465 = DIRECTION('',(0.,1.,0.));
#5466 = DIRECTION('',(0.,0.,1.));
#5467 = ADVANCED_FACE('',(#5468),#5484,.T.);
#5468 = FACE_BOUND('',#5469,.T.);
#5469 = EDGE_LOOP('',(#5470,#5476,#5477,#5483));
#5470 = ORIENTED_EDGE('',*,*,#5471,.F.);
#5471 = EDGE_CURVE('',#5380,#5420,#5472,.T.);
#5472 = LINE('',#5473,#5474);
#5473 = CARTESIAN_POINT('',(5.625,29.5,1.));
#5474 = VECTOR('',#5475,1.);
#5475 = DIRECTION('',(1.,0.,0.));
#5476 = ORIENTED_EDGE('',*,*,#5387,.T.);
#5477 = ORIENTED_EDGE('',*,*,#5478,.T.);
#5478 = EDGE_CURVE('',#5388,#5428,#5479,.T.);
#5479 = LINE('',#5480,#5481);
#5480 = CARTESIAN_POINT('',(5.625,29.5,2.45));
#5481 = VECTOR('',#5482,1.);
#5482 = DIRECTION('',(1.,0.,0.));
#5483 = ORIENTED_EDGE('',*,*,#5427,.F.);
#5484 = PLANE('',#5485);
#5485 = AXIS2_PLACEMENT_3D('',#5486,#5487,#5488);
#5486 = CARTESIAN_POINT('',(5.625,29.5,1.));
#5487 = DIRECTION('',(0.,1.,0.));
#5488 = DIRECTION('',(0.,0.,1.));
#5489 = ADVANCED_FACE('',(#5490),#5496,.F.);
#5490 = FACE_BOUND('',#5491,.F.);
#5491 = EDGE_LOOP('',(#5492,#5493,#5494,#5495));
#5492 = ORIENTED_EDGE('',*,*,#5379,.F.);
#5493 = ORIENTED_EDGE('',*,*,#5449,.T.);
#5494 = ORIENTED_EDGE('',*,*,#5419,.T.);
#5495 = ORIENTED_EDGE('',*,*,#5471,.F.);
#5496 = PLANE('',#5497);
#5497 = AXIS2_PLACEMENT_3D('',#5498,#5499,#5500);
#5498 = CARTESIAN_POINT('',(5.625,27.5,1.));
#5499 = DIRECTION('',(0.,0.,1.));
#5500 = DIRECTION('',(1.,0.,0.));
#5501 = ADVANCED_FACE('',(#5502),#5508,.T.);
#5502 = FACE_BOUND('',#5503,.T.);
#5503 = EDGE_LOOP('',(#5504,#5505,#5506,#5507));
#5504 = ORIENTED_EDGE('',*,*,#5395,.F.);
#5505 = ORIENTED_EDGE('',*,*,#5456,.T.);
#5506 = ORIENTED_EDGE('',*,*,#5435,.T.);
#5507 = ORIENTED_EDGE('',*,*,#5478,.F.);
#5508 = PLANE('',#5509);
#5509 = AXIS2_PLACEMENT_3D('',#5510,#5511,#5512);
#5510 = CARTESIAN_POINT('',(5.625,27.5,2.45));
#5511 = DIRECTION('',(0.,0.,1.));
#5512 = DIRECTION('',(1.,0.,0.));
#5513 = MANIFOLD_SOLID_BREP('',#5514);
#5514 = CLOSED_SHELL('',(#5515,#5555,#5595,#5617,#5639,#5651));
#5515 = ADVANCED_FACE('',(#5516),#5550,.F.);
#5516 = FACE_BOUND('',#5517,.F.);
#5517 = EDGE_LOOP('',(#5518,#5528,#5536,#5544));
#5518 = ORIENTED_EDGE('',*,*,#5519,.F.);
#5519 = EDGE_CURVE('',#5520,#5522,#5524,.T.);
#5520 = VERTEX_POINT('',#5521);
#5521 = CARTESIAN_POINT('',(16.575,9.48,1.));
#5522 = VERTEX_POINT('',#5523);
#5523 = CARTESIAN_POINT('',(16.575,9.48,1.55));
#5524 = LINE('',#5525,#5526);
#5525 = CARTESIAN_POINT('',(16.575,9.48,1.));
#5526 = VECTOR('',#5527,1.);
#5527 = DIRECTION('',(0.,0.,1.));
#5528 = ORIENTED_EDGE('',*,*,#5529,.T.);
#5529 = EDGE_CURVE('',#5520,#5530,#5532,.T.);
#5530 = VERTEX_POINT('',#5531);
#5531 = CARTESIAN_POINT('',(16.575,10.02,1.));
#5532 = LINE('',#5533,#5534);
#5533 = CARTESIAN_POINT('',(16.575,9.48,1.));
#5534 = VECTOR('',#5535,1.);
#5535 = DIRECTION('',(0.,1.,0.));
#5536 = ORIENTED_EDGE('',*,*,#5537,.T.);
#5537 = EDGE_CURVE('',#5530,#5538,#5540,.T.);
#5538 = VERTEX_POINT('',#5539);
#5539 = CARTESIAN_POINT('',(16.575,10.02,1.55));
#5540 = LINE('',#5541,#5542);
#5541 = CARTESIAN_POINT('',(16.575,10.02,1.));
#5542 = VECTOR('',#5543,1.);
#5543 = DIRECTION('',(0.,0.,1.));
#5544 = ORIENTED_EDGE('',*,*,#5545,.F.);
#5545 = EDGE_CURVE('',#5522,#5538,#5546,.T.);
#5546 = LINE('',#5547,#5548);
#5547 = CARTESIAN_POINT('',(16.575,9.48,1.55));
#5548 = VECTOR('',#5549,1.);
#5549 = DIRECTION('',(0.,1.,0.));
#5550 = PLANE('',#5551);
#5551 = AXIS2_PLACEMENT_3D('',#5552,#5553,#5554);
#5552 = CARTESIAN_POINT('',(16.575,9.48,1.));
#5553 = DIRECTION('',(1.,0.,0.));
#5554 = DIRECTION('',(0.,0.,1.));
#5555 = ADVANCED_FACE('',(#5556),#5590,.T.);
#5556 = FACE_BOUND('',#5557,.T.);
#5557 = EDGE_LOOP('',(#5558,#5568,#5576,#5584));
#5558 = ORIENTED_EDGE('',*,*,#5559,.F.);
#5559 = EDGE_CURVE('',#5560,#5562,#5564,.T.);
#5560 = VERTEX_POINT('',#5561);
#5561 = CARTESIAN_POINT('',(17.625,9.48,1.));
#5562 = VERTEX_POINT('',#5563);
#5563 = CARTESIAN_POINT('',(17.625,9.48,1.55));
#5564 = LINE('',#5565,#5566);
#5565 = CARTESIAN_POINT('',(17.625,9.48,1.));
#5566 = VECTOR('',#5567,1.);
#5567 = DIRECTION('',(0.,0.,1.));
#5568 = ORIENTED_EDGE('',*,*,#5569,.T.);
#5569 = EDGE_CURVE('',#5560,#5570,#5572,.T.);
#5570 = VERTEX_POINT('',#5571);
#5571 = CARTESIAN_POINT('',(17.625,10.02,1.));
#5572 = LINE('',#5573,#5574);
#5573 = CARTESIAN_POINT('',(17.625,9.48,1.));
#5574 = VECTOR('',#5575,1.);
#5575 = DIRECTION('',(0.,1.,0.));
#5576 = ORIENTED_EDGE('',*,*,#5577,.T.);
#5577 = EDGE_CURVE('',#5570,#5578,#5580,.T.);
#5578 = VERTEX_POINT('',#5579);
#5579 = CARTESIAN_POINT('',(17.625,10.02,1.55));
#5580 = LINE('',#5581,#5582);
#5581 = CARTESIAN_POINT('',(17.625,10.02,1.));
#5582 = VECTOR('',#5583,1.);
#5583 = DIRECTION('',(0.,0.,1.));
#5584 = ORIENTED_EDGE('',*,*,#5585,.F.);
#5585 = EDGE_CURVE('',#5562,#5578,#5586,.T.);
#5586 = LINE('',#5587,#5588);
#5587 = CARTESIAN_POINT('',(17.625,9.48,1.55));
#5588 = VECTOR('',#5589,1.);
#5589 = DIRECTION('',(0.,1.,0.));
#5590 = PLANE('',#5591);
#5591 = AXIS2_PLACEMENT_3D('',#5592,#5593,#5594);
#5592 = CARTESIAN_POINT('',(17.625,9.48,1.));
#5593 = DIRECTION('',(1.,0.,0.));
#5594 = DIRECTION('',(0.,0.,1.));
#5595 = ADVANCED_FACE('',(#5596),#5612,.F.);
#5596 = FACE_BOUND('',#5597,.F.);
#5597 = EDGE_LOOP('',(#5598,#5604,#5605,#5611));
#5598 = ORIENTED_EDGE('',*,*,#5599,.F.);
#5599 = EDGE_CURVE('',#5520,#5560,#5600,.T.);
#5600 = LINE('',#5601,#5602);
#5601 = CARTESIAN_POINT('',(16.575,9.48,1.));
#5602 = VECTOR('',#5603,1.);
#5603 = DIRECTION('',(1.,0.,0.));
#5604 = ORIENTED_EDGE('',*,*,#5519,.T.);
#5605 = ORIENTED_EDGE('',*,*,#5606,.T.);
#5606 = EDGE_CURVE('',#5522,#5562,#5607,.T.);
#5607 = LINE('',#5608,#5609);
#5608 = CARTESIAN_POINT('',(16.575,9.48,1.55));
#5609 = VECTOR('',#5610,1.);
#5610 = DIRECTION('',(1.,0.,0.));
#5611 = ORIENTED_EDGE('',*,*,#5559,.F.);
#5612 = PLANE('',#5613);
#5613 = AXIS2_PLACEMENT_3D('',#5614,#5615,#5616);
#5614 = CARTESIAN_POINT('',(16.575,9.48,1.));
#5615 = DIRECTION('',(0.,1.,0.));
#5616 = DIRECTION('',(0.,0.,1.));
#5617 = ADVANCED_FACE('',(#5618),#5634,.T.);
#5618 = FACE_BOUND('',#5619,.T.);
#5619 = EDGE_LOOP('',(#5620,#5626,#5627,#5633));
#5620 = ORIENTED_EDGE('',*,*,#5621,.F.);
#5621 = EDGE_CURVE('',#5530,#5570,#5622,.T.);
#5622 = LINE('',#5623,#5624);
#5623 = CARTESIAN_POINT('',(16.575,10.02,1.));
#5624 = VECTOR('',#5625,1.);
#5625 = DIRECTION('',(1.,0.,0.));
#5626 = ORIENTED_EDGE('',*,*,#5537,.T.);
#5627 = ORIENTED_EDGE('',*,*,#5628,.T.);
#5628 = EDGE_CURVE('',#5538,#5578,#5629,.T.);
#5629 = LINE('',#5630,#5631);
#5630 = CARTESIAN_POINT('',(16.575,10.02,1.55));
#5631 = VECTOR('',#5632,1.);
#5632 = DIRECTION('',(1.,0.,0.));
#5633 = ORIENTED_EDGE('',*,*,#5577,.F.);
#5634 = PLANE('',#5635);
#5635 = AXIS2_PLACEMENT_3D('',#5636,#5637,#5638);
#5636 = CARTESIAN_POINT('',(16.575,10.02,1.));
#5637 = DIRECTION('',(0.,1.,0.));
#5638 = DIRECTION('',(0.,0.,1.));
#5639 = ADVANCED_FACE('',(#5640),#5646,.F.);
#5640 = FACE_BOUND('',#5641,.F.);
#5641 = EDGE_LOOP('',(#5642,#5643,#5644,#5645));
#5642 = ORIENTED_EDGE('',*,*,#5529,.F.);
#5643 = ORIENTED_EDGE('',*,*,#5599,.T.);
#5644 = ORIENTED_EDGE('',*,*,#5569,.T.);
#5645 = ORIENTED_EDGE('',*,*,#5621,.F.);
#5646 = PLANE('',#5647);
#5647 = AXIS2_PLACEMENT_3D('',#5648,#5649,#5650);
#5648 = CARTESIAN_POINT('',(16.575,9.48,1.));
#5649 = DIRECTION('',(0.,0.,1.));
#5650 = DIRECTION('',(1.,0.,0.));
#5651 = ADVANCED_FACE('',(#5652),#5658,.T.);
#5652 = FACE_BOUND('',#5653,.T.);
#5653 = EDGE_LOOP('',(#5654,#5655,#5656,#5657));
#5654 = ORIENTED_EDGE('',*,*,#5545,.F.);
#5655 = ORIENTED_EDGE('',*,*,#5606,.T.);
#5656 = ORIENTED_EDGE('',*,*,#5585,.T.);
#5657 = ORIENTED_EDGE('',*,*,#5628,.F.);
#5658 = PLANE('',#5659);
#5659 = AXIS2_PLACEMENT_3D('',#5660,#5661,#5662);
#5660 = CARTESIAN_POINT('',(16.575,9.48,1.55));
#5661 = DIRECTION('',(0.,0.,1.));
#5662 = DIRECTION('',(1.,0.,0.));
#5663 = MANIFOLD_SOLID_BREP('',#5664);
#5664 = CLOSED_SHELL('',(#5665,#5705,#5745,#5767,#5789,#5801));
#5665 = ADVANCED_FACE('',(#5666),#5700,.F.);
#5666 = FACE_BOUND('',#5667,.F.);
#5667 = EDGE_LOOP('',(#5668,#5678,#5686,#5694));
#5668 = ORIENTED_EDGE('',*,*,#5669,.F.);
#5669 = EDGE_CURVE('',#5670,#5672,#5674,.T.);
#5670 = VERTEX_POINT('',#5671);
#5671 = CARTESIAN_POINT('',(1.525,9.48,1.));
#5672 = VERTEX_POINT('',#5673);
#5673 = CARTESIAN_POINT('',(1.525,9.48,1.55));
#5674 = LINE('',#5675,#5676);
#5675 = CARTESIAN_POINT('',(1.525,9.48,1.));
#5676 = VECTOR('',#5677,1.);
#5677 = DIRECTION('',(0.,0.,1.));
#5678 = ORIENTED_EDGE('',*,*,#5679,.T.);
#5679 = EDGE_CURVE('',#5670,#5680,#5682,.T.);
#5680 = VERTEX_POINT('',#5681);
#5681 = CARTESIAN_POINT('',(1.525,10.02,1.));
#5682 = LINE('',#5683,#5684);
#5683 = CARTESIAN_POINT('',(1.525,9.48,1.));
#5684 = VECTOR('',#5685,1.);
#5685 = DIRECTION('',(0.,1.,0.));
#5686 = ORIENTED_EDGE('',*,*,#5687,.T.);
#5687 = EDGE_CURVE('',#5680,#5688,#5690,.T.);
#5688 = VERTEX_POINT('',#5689);
#5689 = CARTESIAN_POINT('',(1.525,10.02,1.55));
#5690 = LINE('',#5691,#5692);
#5691 = CARTESIAN_POINT('',(1.525,10.02,1.));
#5692 = VECTOR('',#5693,1.);
#5693 = DIRECTION('',(0.,0.,1.));
#5694 = ORIENTED_EDGE('',*,*,#5695,.F.);
#5695 = EDGE_CURVE('',#5672,#5688,#5696,.T.);
#5696 = LINE('',#5697,#5698);
#5697 = CARTESIAN_POINT('',(1.525,9.48,1.55));
#5698 = VECTOR('',#5699,1.);
#5699 = DIRECTION('',(0.,1.,0.));
#5700 = PLANE('',#5701);
#5701 = AXIS2_PLACEMENT_3D('',#5702,#5703,#5704);
#5702 = CARTESIAN_POINT('',(1.525,9.48,1.));
#5703 = DIRECTION('',(1.,0.,0.));
#5704 = DIRECTION('',(0.,0.,1.));
#5705 = ADVANCED_FACE('',(#5706),#5740,.T.);
#5706 = FACE_BOUND('',#5707,.T.);
#5707 = EDGE_LOOP('',(#5708,#5718,#5726,#5734));
#5708 = ORIENTED_EDGE('',*,*,#5709,.F.);
#5709 = EDGE_CURVE('',#5710,#5712,#5714,.T.);
#5710 = VERTEX_POINT('',#5711);
#5711 = CARTESIAN_POINT('',(2.575,9.48,1.));
#5712 = VERTEX_POINT('',#5713);
#5713 = CARTESIAN_POINT('',(2.575,9.48,1.55));
#5714 = LINE('',#5715,#5716);
#5715 = CARTESIAN_POINT('',(2.575,9.48,1.));
#5716 = VECTOR('',#5717,1.);
#5717 = DIRECTION('',(0.,0.,1.));
#5718 = ORIENTED_EDGE('',*,*,#5719,.T.);
#5719 = EDGE_CURVE('',#5710,#5720,#5722,.T.);
#5720 = VERTEX_POINT('',#5721);
#5721 = CARTESIAN_POINT('',(2.575,10.02,1.));
#5722 = LINE('',#5723,#5724);
#5723 = CARTESIAN_POINT('',(2.575,9.48,1.));
#5724 = VECTOR('',#5725,1.);
#5725 = DIRECTION('',(0.,1.,0.));
#5726 = ORIENTED_EDGE('',*,*,#5727,.T.);
#5727 = EDGE_CURVE('',#5720,#5728,#5730,.T.);
#5728 = VERTEX_POINT('',#5729);
#5729 = CARTESIAN_POINT('',(2.575,10.02,1.55));
#5730 = LINE('',#5731,#5732);
#5731 = CARTESIAN_POINT('',(2.575,10.02,1.));
#5732 = VECTOR('',#5733,1.);
#5733 = DIRECTION('',(0.,0.,1.));
#5734 = ORIENTED_EDGE('',*,*,#5735,.F.);
#5735 = EDGE_CURVE('',#5712,#5728,#5736,.T.);
#5736 = LINE('',#5737,#5738);
#5737 = CARTESIAN_POINT('',(2.575,9.48,1.55));
#5738 = VECTOR('',#5739,1.);
#5739 = DIRECTION('',(0.,1.,0.));
#5740 = PLANE('',#5741);
#5741 = AXIS2_PLACEMENT_3D('',#5742,#5743,#5744);
#5742 = CARTESIAN_POINT('',(2.575,9.48,1.));
#5743 = DIRECTION('',(1.,0.,0.));
#5744 = DIRECTION('',(0.,0.,1.));
#5745 = ADVANCED_FACE('',(#5746),#5762,.F.);
#5746 = FACE_BOUND('',#5747,.F.);
#5747 = EDGE_LOOP('',(#5748,#5754,#5755,#5761));
#5748 = ORIENTED_EDGE('',*,*,#5749,.F.);
#5749 = EDGE_CURVE('',#5670,#5710,#5750,.T.);
#5750 = LINE('',#5751,#5752);
#5751 = CARTESIAN_POINT('',(1.525,9.48,1.));
#5752 = VECTOR('',#5753,1.);
#5753 = DIRECTION('',(1.,0.,0.));
#5754 = ORIENTED_EDGE('',*,*,#5669,.T.);
#5755 = ORIENTED_EDGE('',*,*,#5756,.T.);
#5756 = EDGE_CURVE('',#5672,#5712,#5757,.T.);
#5757 = LINE('',#5758,#5759);
#5758 = CARTESIAN_POINT('',(1.525,9.48,1.55));
#5759 = VECTOR('',#5760,1.);
#5760 = DIRECTION('',(1.,0.,0.));
#5761 = ORIENTED_EDGE('',*,*,#5709,.F.);
#5762 = PLANE('',#5763);
#5763 = AXIS2_PLACEMENT_3D('',#5764,#5765,#5766);
#5764 = CARTESIAN_POINT('',(1.525,9.48,1.));
#5765 = DIRECTION('',(0.,1.,0.));
#5766 = DIRECTION('',(0.,0.,1.));
#5767 = ADVANCED_FACE('',(#5768),#5784,.T.);
#5768 = FACE_BOUND('',#5769,.T.);
#5769 = EDGE_LOOP('',(#5770,#5776,#5777,#5783));
#5770 = ORIENTED_EDGE('',*,*,#5771,.F.);
#5771 = EDGE_CURVE('',#5680,#5720,#5772,.T.);
#5772 = LINE('',#5773,#5774);
#5773 = CARTESIAN_POINT('',(1.525,10.02,1.));
#5774 = VECTOR('',#5775,1.);
#5775 = DIRECTION('',(1.,0.,0.));
#5776 = ORIENTED_EDGE('',*,*,#5687,.T.);
#5777 = ORIENTED_EDGE('',*,*,#5778,.T.);
#5778 = EDGE_CURVE('',#5688,#5728,#5779,.T.);
#5779 = LINE('',#5780,#5781);
#5780 = CARTESIAN_POINT('',(1.525,10.02,1.55));
#5781 = VECTOR('',#5782,1.);
#5782 = DIRECTION('',(1.,0.,0.));
#5783 = ORIENTED_EDGE('',*,*,#5727,.F.);
#5784 = PLANE('',#5785);
#5785 = AXIS2_PLACEMENT_3D('',#5786,#5787,#5788);
#5786 = CARTESIAN_POINT('',(1.525,10.02,1.));
#5787 = DIRECTION('',(0.,1.,0.));
#5788 = DIRECTION('',(0.,0.,1.));
#5789 = ADVANCED_FACE('',(#5790),#5796,.F.);
#5790 = FACE_BOUND('',#5791,.F.);
#5791 = EDGE_LOOP('',(#5792,#5793,#5794,#5795));
#5792 = ORIENTED_EDGE('',*,*,#5679,.F.);
#5793 = ORIENTED_EDGE('',*,*,#5749,.T.);
#5794 = ORIENTED_EDGE('',*,*,#5719,.T.);
#5795 = ORIENTED_EDGE('',*,*,#5771,.F.);
#5796 = PLANE('',#5797);
#5797 = AXIS2_PLACEMENT_3D('',#5798,#5799,#5800);
#5798 = CARTESIAN_POINT('',(1.525,9.48,1.));
#5799 = DIRECTION('',(0.,0.,1.));
#5800 = DIRECTION('',(1.,0.,0.));
#5801 = ADVANCED_FACE('',(#5802),#5808,.T.);
#5802 = FACE_BOUND('',#5803,.T.);
#5803 = EDGE_LOOP('',(#5804,#5805,#5806,#5807));
#5804 = ORIENTED_EDGE('',*,*,#5695,.F.);
#5805 = ORIENTED_EDGE('',*,*,#5756,.T.);
#5806 = ORIENTED_EDGE('',*,*,#5735,.T.);
#5807 = ORIENTED_EDGE('',*,*,#5778,.F.);
#5808 = PLANE('',#5809);
#5809 = AXIS2_PLACEMENT_3D('',#5810,#5811,#5812);
#5810 = CARTESIAN_POINT('',(1.525,9.48,1.55));
#5811 = DIRECTION('',(0.,0.,1.));
#5812 = DIRECTION('',(1.,0.,0.));
#5813 = MANIFOLD_SOLID_BREP('',#5814);
#5814 = CLOSED_SHELL('',(#5815,#5855,#5895,#5917,#5939,#5951));
#5815 = ADVANCED_FACE('',(#5816),#5850,.F.);
#5816 = FACE_BOUND('',#5817,.F.);
#5817 = EDGE_LOOP('',(#5818,#5828,#5836,#5844));
#5818 = ORIENTED_EDGE('',*,*,#5819,.F.);
#5819 = EDGE_CURVE('',#5820,#5822,#5824,.T.);
#5820 = VERTEX_POINT('',#5821);
#5821 = CARTESIAN_POINT('',(1.2,16.45,1.));
#5822 = VERTEX_POINT('',#5823);
#5823 = CARTESIAN_POINT('',(1.2,16.45,1.4));
#5824 = LINE('',#5825,#5826);
#5825 = CARTESIAN_POINT('',(1.2,16.45,1.));
#5826 = VECTOR('',#5827,1.);
#5827 = DIRECTION('',(0.,0.,1.));
#5828 = ORIENTED_EDGE('',*,*,#5829,.T.);
#5829 = EDGE_CURVE('',#5820,#5830,#5832,.T.);
#5830 = VERTEX_POINT('',#5831);
#5831 = CARTESIAN_POINT('',(1.2,17.55,1.));
#5832 = LINE('',#5833,#5834);
#5833 = CARTESIAN_POINT('',(1.2,16.45,1.));
#5834 = VECTOR('',#5835,1.);
#5835 = DIRECTION('',(0.,1.,0.));
#5836 = ORIENTED_EDGE('',*,*,#5837,.T.);
#5837 = EDGE_CURVE('',#5830,#5838,#5840,.T.);
#5838 = VERTEX_POINT('',#5839);
#5839 = CARTESIAN_POINT('',(1.2,17.55,1.4));
#5840 = LINE('',#5841,#5842);
#5841 = CARTESIAN_POINT('',(1.2,17.55,1.));
#5842 = VECTOR('',#5843,1.);
#5843 = DIRECTION('',(0.,0.,1.));
#5844 = ORIENTED_EDGE('',*,*,#5845,.F.);
#5845 = EDGE_CURVE('',#5822,#5838,#5846,.T.);
#5846 = LINE('',#5847,#5848);
#5847 = CARTESIAN_POINT('',(1.2,16.45,1.4));
#5848 = VECTOR('',#5849,1.);
#5849 = DIRECTION('',(0.,1.,0.));
#5850 = PLANE('',#5851);
#5851 = AXIS2_PLACEMENT_3D('',#5852,#5853,#5854);
#5852 = CARTESIAN_POINT('',(1.2,16.45,1.));
#5853 = DIRECTION('',(1.,0.,0.));
#5854 = DIRECTION('',(0.,0.,1.));
#5855 = ADVANCED_FACE('',(#5856),#5890,.T.);
#5856 = FACE_BOUND('',#5857,.T.);
#5857 = EDGE_LOOP('',(#5858,#5868,#5876,#5884));
#5858 = ORIENTED_EDGE('',*,*,#5859,.F.);
#5859 = EDGE_CURVE('',#5860,#5862,#5864,.T.);
#5860 = VERTEX_POINT('',#5861);
#5861 = CARTESIAN_POINT('',(1.8,16.45,1.));
#5862 = VERTEX_POINT('',#5863);
#5863 = CARTESIAN_POINT('',(1.8,16.45,1.4));
#5864 = LINE('',#5865,#5866);
#5865 = CARTESIAN_POINT('',(1.8,16.45,1.));
#5866 = VECTOR('',#5867,1.);
#5867 = DIRECTION('',(0.,0.,1.));
#5868 = ORIENTED_EDGE('',*,*,#5869,.T.);
#5869 = EDGE_CURVE('',#5860,#5870,#5872,.T.);
#5870 = VERTEX_POINT('',#5871);
#5871 = CARTESIAN_POINT('',(1.8,17.55,1.));
#5872 = LINE('',#5873,#5874);
#5873 = CARTESIAN_POINT('',(1.8,16.45,1.));
#5874 = VECTOR('',#5875,1.);
#5875 = DIRECTION('',(0.,1.,0.));
#5876 = ORIENTED_EDGE('',*,*,#5877,.T.);
#5877 = EDGE_CURVE('',#5870,#5878,#5880,.T.);
#5878 = VERTEX_POINT('',#5879);
#5879 = CARTESIAN_POINT('',(1.8,17.55,1.4));
#5880 = LINE('',#5881,#5882);
#5881 = CARTESIAN_POINT('',(1.8,17.55,1.));
#5882 = VECTOR('',#5883,1.);
#5883 = DIRECTION('',(0.,0.,1.));
#5884 = ORIENTED_EDGE('',*,*,#5885,.F.);
#5885 = EDGE_CURVE('',#5862,#5878,#5886,.T.);
#5886 = LINE('',#5887,#5888);
#5887 = CARTESIAN_POINT('',(1.8,16.45,1.4));
#5888 = VECTOR('',#5889,1.);
#5889 = DIRECTION('',(0.,1.,0.));
#5890 = PLANE('',#5891);
#5891 = AXIS2_PLACEMENT_3D('',#5892,#5893,#5894);
#5892 = CARTESIAN_POINT('',(1.8,16.45,1.));
#5893 = DIRECTION('',(1.,0.,0.));
#5894 = DIRECTION('',(0.,0.,1.));
#5895 = ADVANCED_FACE('',(#5896),#5912,.F.);
#5896 = FACE_BOUND('',#5897,.F.);
#5897 = EDGE_LOOP('',(#5898,#5904,#5905,#5911));
#5898 = ORIENTED_EDGE('',*,*,#5899,.F.);
#5899 = EDGE_CURVE('',#5820,#5860,#5900,.T.);
#5900 = LINE('',#5901,#5902);
#5901 = CARTESIAN_POINT('',(1.2,16.45,1.));
#5902 = VECTOR('',#5903,1.);
#5903 = DIRECTION('',(1.,0.,0.));
#5904 = ORIENTED_EDGE('',*,*,#5819,.T.);
#5905 = ORIENTED_EDGE('',*,*,#5906,.T.);
#5906 = EDGE_CURVE('',#5822,#5862,#5907,.T.);
#5907 = LINE('',#5908,#5909);
#5908 = CARTESIAN_POINT('',(1.2,16.45,1.4));
#5909 = VECTOR('',#5910,1.);
#5910 = DIRECTION('',(1.,0.,0.));
#5911 = ORIENTED_EDGE('',*,*,#5859,.F.);
#5912 = PLANE('',#5913);
#5913 = AXIS2_PLACEMENT_3D('',#5914,#5915,#5916);
#5914 = CARTESIAN_POINT('',(1.2,16.45,1.));
#5915 = DIRECTION('',(0.,1.,0.));
#5916 = DIRECTION('',(0.,0.,1.));
#5917 = ADVANCED_FACE('',(#5918),#5934,.T.);
#5918 = FACE_BOUND('',#5919,.T.);
#5919 = EDGE_LOOP('',(#5920,#5926,#5927,#5933));
#5920 = ORIENTED_EDGE('',*,*,#5921,.F.);
#5921 = EDGE_CURVE('',#5830,#5870,#5922,.T.);
#5922 = LINE('',#5923,#5924);
#5923 = CARTESIAN_POINT('',(1.2,17.55,1.));
#5924 = VECTOR('',#5925,1.);
#5925 = DIRECTION('',(1.,0.,0.));
#5926 = ORIENTED_EDGE('',*,*,#5837,.T.);
#5927 = ORIENTED_EDGE('',*,*,#5928,.T.);
#5928 = EDGE_CURVE('',#5838,#5878,#5929,.T.);
#5929 = LINE('',#5930,#5931);
#5930 = CARTESIAN_POINT('',(1.2,17.55,1.4));
#5931 = VECTOR('',#5932,1.);
#5932 = DIRECTION('',(1.,0.,0.));
#5933 = ORIENTED_EDGE('',*,*,#5877,.F.);
#5934 = PLANE('',#5935);
#5935 = AXIS2_PLACEMENT_3D('',#5936,#5937,#5938);
#5936 = CARTESIAN_POINT('',(1.2,17.55,1.));
#5937 = DIRECTION('',(0.,1.,0.));
#5938 = DIRECTION('',(0.,0.,1.));
#5939 = ADVANCED_FACE('',(#5940),#5946,.F.);
#5940 = FACE_BOUND('',#5941,.F.);
#5941 = EDGE_LOOP('',(#5942,#5943,#5944,#5945));
#5942 = ORIENTED_EDGE('',*,*,#5829,.F.);
#5943 = ORIENTED_EDGE('',*,*,#5899,.T.);
#5944 = ORIENTED_EDGE('',*,*,#5869,.T.);
#5945 = ORIENTED_EDGE('',*,*,#5921,.F.);
#5946 = PLANE('',#5947);
#5947 = AXIS2_PLACEMENT_3D('',#5948,#5949,#5950);
#5948 = CARTESIAN_POINT('',(1.2,16.45,1.));
#5949 = DIRECTION('',(0.,0.,1.));
#5950 = DIRECTION('',(1.,0.,0.));
#5951 = ADVANCED_FACE('',(#5952),#5958,.T.);
#5952 = FACE_BOUND('',#5953,.T.);
#5953 = EDGE_LOOP('',(#5954,#5955,#5956,#5957));
#5954 = ORIENTED_EDGE('',*,*,#5845,.F.);
#5955 = ORIENTED_EDGE('',*,*,#5906,.T.);
#5956 = ORIENTED_EDGE('',*,*,#5885,.T.);
#5957 = ORIENTED_EDGE('',*,*,#5928,.F.);
#5958 = PLANE('',#5959);
#5959 = AXIS2_PLACEMENT_3D('',#5960,#5961,#5962);
#5960 = CARTESIAN_POINT('',(1.2,16.45,1.4));
#5961 = DIRECTION('',(0.,0.,1.));
#5962 = DIRECTION('',(1.,0.,0.));
#5963 = MANIFOLD_SOLID_BREP('',#5964);
#5964 = CLOSED_SHELL('',(#5965,#6005,#6045,#6067,#6089,#6101));
#5965 = ADVANCED_FACE('',(#5966),#6000,.F.);
#5966 = FACE_BOUND('',#5967,.F.);
#5967 = EDGE_LOOP('',(#5968,#5978,#5986,#5994));
#5968 = ORIENTED_EDGE('',*,*,#5969,.F.);
#5969 = EDGE_CURVE('',#5970,#5972,#5974,.T.);
#5970 = VERTEX_POINT('',#5971);
#5971 = CARTESIAN_POINT('',(12.7,18.45,1.));
#5972 = VERTEX_POINT('',#5973);
#5973 = CARTESIAN_POINT('',(12.7,18.45,1.4));
#5974 = LINE('',#5975,#5976);
#5975 = CARTESIAN_POINT('',(12.7,18.45,1.));
#5976 = VECTOR('',#5977,1.);
#5977 = DIRECTION('',(0.,0.,1.));
#5978 = ORIENTED_EDGE('',*,*,#5979,.T.);
#5979 = EDGE_CURVE('',#5970,#5980,#5982,.T.);
#5980 = VERTEX_POINT('',#5981);
#5981 = CARTESIAN_POINT('',(12.7,19.05,1.));
#5982 = LINE('',#5983,#5984);
#5983 = CARTESIAN_POINT('',(12.7,18.45,1.));
#5984 = VECTOR('',#5985,1.);
#5985 = DIRECTION('',(0.,1.,0.));
#5986 = ORIENTED_EDGE('',*,*,#5987,.T.);
#5987 = EDGE_CURVE('',#5980,#5988,#5990,.T.);
#5988 = VERTEX_POINT('',#5989);
#5989 = CARTESIAN_POINT('',(12.7,19.05,1.4));
#5990 = LINE('',#5991,#5992);
#5991 = CARTESIAN_POINT('',(12.7,19.05,1.));
#5992 = VECTOR('',#5993,1.);
#5993 = DIRECTION('',(0.,0.,1.));
#5994 = ORIENTED_EDGE('',*,*,#5995,.F.);
#5995 = EDGE_CURVE('',#5972,#5988,#5996,.T.);
#5996 = LINE('',#5997,#5998);
#5997 = CARTESIAN_POINT('',(12.7,18.45,1.4));
#5998 = VECTOR('',#5999,1.);
#5999 = DIRECTION('',(0.,1.,0.));
#6000 = PLANE('',#6001);
#6001 = AXIS2_PLACEMENT_3D('',#6002,#6003,#6004);
#6002 = CARTESIAN_POINT('',(12.7,18.45,1.));
#6003 = DIRECTION('',(1.,0.,0.));
#6004 = DIRECTION('',(0.,0.,1.));
#6005 = ADVANCED_FACE('',(#6006),#6040,.T.);
#6006 = FACE_BOUND('',#6007,.T.);
#6007 = EDGE_LOOP('',(#6008,#6018,#6026,#6034));
#6008 = ORIENTED_EDGE('',*,*,#6009,.F.);
#6009 = EDGE_CURVE('',#6010,#6012,#6014,.T.);
#6010 = VERTEX_POINT('',#6011);
#6011 = CARTESIAN_POINT('',(13.8,18.45,1.));
#6012 = VERTEX_POINT('',#6013);
#6013 = CARTESIAN_POINT('',(13.8,18.45,1.4));
#6014 = LINE('',#6015,#6016);
#6015 = CARTESIAN_POINT('',(13.8,18.45,1.));
#6016 = VECTOR('',#6017,1.);
#6017 = DIRECTION('',(0.,0.,1.));
#6018 = ORIENTED_EDGE('',*,*,#6019,.T.);
#6019 = EDGE_CURVE('',#6010,#6020,#6022,.T.);
#6020 = VERTEX_POINT('',#6021);
#6021 = CARTESIAN_POINT('',(13.8,19.05,1.));
#6022 = LINE('',#6023,#6024);
#6023 = CARTESIAN_POINT('',(13.8,18.45,1.));
#6024 = VECTOR('',#6025,1.);
#6025 = DIRECTION('',(0.,1.,0.));
#6026 = ORIENTED_EDGE('',*,*,#6027,.T.);
#6027 = EDGE_CURVE('',#6020,#6028,#6030,.T.);
#6028 = VERTEX_POINT('',#6029);
#6029 = CARTESIAN_POINT('',(13.8,19.05,1.4));
#6030 = LINE('',#6031,#6032);
#6031 = CARTESIAN_POINT('',(13.8,19.05,1.));
#6032 = VECTOR('',#6033,1.);
#6033 = DIRECTION('',(0.,0.,1.));
#6034 = ORIENTED_EDGE('',*,*,#6035,.F.);
#6035 = EDGE_CURVE('',#6012,#6028,#6036,.T.);
#6036 = LINE('',#6037,#6038);
#6037 = CARTESIAN_POINT('',(13.8,18.45,1.4));
#6038 = VECTOR('',#6039,1.);
#6039 = DIRECTION('',(0.,1.,0.));
#6040 = PLANE('',#6041);
#6041 = AXIS2_PLACEMENT_3D('',#6042,#6043,#6044);
#6042 = CARTESIAN_POINT('',(13.8,18.45,1.));
#6043 = DIRECTION('',(1.,0.,0.));
#6044 = DIRECTION('',(0.,0.,1.));
#6045 = ADVANCED_FACE('',(#6046),#6062,.F.);
#6046 = FACE_BOUND('',#6047,.F.);
#6047 = EDGE_LOOP('',(#6048,#6054,#6055,#6061));
#6048 = ORIENTED_EDGE('',*,*,#6049,.F.);
#6049 = EDGE_CURVE('',#5970,#6010,#6050,.T.);
#6050 = LINE('',#6051,#6052);
#6051 = CARTESIAN_POINT('',(12.7,18.45,1.));
#6052 = VECTOR('',#6053,1.);
#6053 = DIRECTION('',(1.,0.,0.));
#6054 = ORIENTED_EDGE('',*,*,#5969,.T.);
#6055 = ORIENTED_EDGE('',*,*,#6056,.T.);
#6056 = EDGE_CURVE('',#5972,#6012,#6057,.T.);
#6057 = LINE('',#6058,#6059);
#6058 = CARTESIAN_POINT('',(12.7,18.45,1.4));
#6059 = VECTOR('',#6060,1.);
#6060 = DIRECTION('',(1.,0.,0.));
#6061 = ORIENTED_EDGE('',*,*,#6009,.F.);
#6062 = PLANE('',#6063);
#6063 = AXIS2_PLACEMENT_3D('',#6064,#6065,#6066);
#6064 = CARTESIAN_POINT('',(12.7,18.45,1.));
#6065 = DIRECTION('',(0.,1.,0.));
#6066 = DIRECTION('',(0.,0.,1.));
#6067 = ADVANCED_FACE('',(#6068),#6084,.T.);
#6068 = FACE_BOUND('',#6069,.T.);
#6069 = EDGE_LOOP('',(#6070,#6076,#6077,#6083));
#6070 = ORIENTED_EDGE('',*,*,#6071,.F.);
#6071 = EDGE_CURVE('',#5980,#6020,#6072,.T.);
#6072 = LINE('',#6073,#6074);
#6073 = CARTESIAN_POINT('',(12.7,19.05,1.));
#6074 = VECTOR('',#6075,1.);
#6075 = DIRECTION('',(1.,0.,0.));
#6076 = ORIENTED_EDGE('',*,*,#5987,.T.);
#6077 = ORIENTED_EDGE('',*,*,#6078,.T.);
#6078 = EDGE_CURVE('',#5988,#6028,#6079,.T.);
#6079 = LINE('',#6080,#6081);
#6080 = CARTESIAN_POINT('',(12.7,19.05,1.4));
#6081 = VECTOR('',#6082,1.);
#6082 = DIRECTION('',(1.,0.,0.));
#6083 = ORIENTED_EDGE('',*,*,#6027,.F.);
#6084 = PLANE('',#6085);
#6085 = AXIS2_PLACEMENT_3D('',#6086,#6087,#6088);
#6086 = CARTESIAN_POINT('',(12.7,19.05,1.));
#6087 = DIRECTION('',(0.,1.,0.));
#6088 = DIRECTION('',(0.,0.,1.));
#6089 = ADVANCED_FACE('',(#6090),#6096,.F.);
#6090 = FACE_BOUND('',#6091,.F.);
#6091 = EDGE_LOOP('',(#6092,#6093,#6094,#6095));
#6092 = ORIENTED_EDGE('',*,*,#5979,.F.);
#6093 = ORIENTED_EDGE('',*,*,#6049,.T.);
#6094 = ORIENTED_EDGE('',*,*,#6019,.T.);
#6095 = ORIENTED_EDGE('',*,*,#6071,.F.);
#6096 = PLANE('',#6097);
#6097 = AXIS2_PLACEMENT_3D('',#6098,#6099,#6100);
#6098 = CARTESIAN_POINT('',(12.7,18.45,1.));
#6099 = DIRECTION('',(0.,0.,1.));
#6100 = DIRECTION('',(1.,0.,0.));
#6101 = ADVANCED_FACE('',(#6102),#6108,.T.);
#6102 = FACE_BOUND('',#6103,.T.);
#6103 = EDGE_LOOP('',(#6104,#6105,#6106,#6107));
#6104 = ORIENTED_EDGE('',*,*,#5995,.F.);
#6105 = ORIENTED_EDGE('',*,*,#6056,.T.);
#6106 = ORIENTED_EDGE('',*,*,#6035,.T.);
#6107 = ORIENTED_EDGE('',*,*,#6078,.F.);
#6108 = PLANE('',#6109);
#6109 = AXIS2_PLACEMENT_3D('',#6110,#6111,#6112);
#6110 = CARTESIAN_POINT('',(12.7,18.45,1.4));
#6111 = DIRECTION('',(0.,0.,1.));
#6112 = DIRECTION('',(1.,0.,0.));
#6113 = MANIFOLD_SOLID_BREP('',#6114);
#6114 = CLOSED_SHELL('',(#6115,#6155,#6195,#6217,#6239,#6251));
#6115 = ADVANCED_FACE('',(#6116),#6150,.F.);
#6116 = FACE_BOUND('',#6117,.F.);
#6117 = EDGE_LOOP('',(#6118,#6128,#6136,#6144));
#6118 = ORIENTED_EDGE('',*,*,#6119,.F.);
#6119 = EDGE_CURVE('',#6120,#6122,#6124,.T.);
#6120 = VERTEX_POINT('',#6121);
#6121 = CARTESIAN_POINT('',(6.755,16.775,1.));
#6122 = VERTEX_POINT('',#6123);
#6123 = CARTESIAN_POINT('',(6.755,16.775,2.45));
#6124 = LINE('',#6125,#6126);
#6125 = CARTESIAN_POINT('',(6.755,16.775,1.));
#6126 = VECTOR('',#6127,1.);
#6127 = DIRECTION('',(0.,0.,1.));
#6128 = ORIENTED_EDGE('',*,*,#6129,.T.);
#6129 = EDGE_CURVE('',#6120,#6130,#6132,.T.);
#6130 = VERTEX_POINT('',#6131);
#6131 = CARTESIAN_POINT('',(6.755,20.725,1.));
#6132 = LINE('',#6133,#6134);
#6133 = CARTESIAN_POINT('',(6.755,16.775,1.));
#6134 = VECTOR('',#6135,1.);
#6135 = DIRECTION('',(0.,1.,0.));
#6136 = ORIENTED_EDGE('',*,*,#6137,.T.);
#6137 = EDGE_CURVE('',#6130,#6138,#6140,.T.);
#6138 = VERTEX_POINT('',#6139);
#6139 = CARTESIAN_POINT('',(6.755,20.725,2.45));
#6140 = LINE('',#6141,#6142);
#6141 = CARTESIAN_POINT('',(6.755,20.725,1.));
#6142 = VECTOR('',#6143,1.);
#6143 = DIRECTION('',(0.,0.,1.));
#6144 = ORIENTED_EDGE('',*,*,#6145,.F.);
#6145 = EDGE_CURVE('',#6122,#6138,#6146,.T.);
#6146 = LINE('',#6147,#6148);
#6147 = CARTESIAN_POINT('',(6.755,16.775,2.45));
#6148 = VECTOR('',#6149,1.);
#6149 = DIRECTION('',(0.,1.,0.));
#6150 = PLANE('',#6151);
#6151 = AXIS2_PLACEMENT_3D('',#6152,#6153,#6154);
#6152 = CARTESIAN_POINT('',(6.755,16.775,1.));
#6153 = DIRECTION('',(1.,0.,0.));
#6154 = DIRECTION('',(0.,0.,1.));
#6155 = ADVANCED_FACE('',(#6156),#6190,.T.);
#6156 = FACE_BOUND('',#6157,.T.);
#6157 = EDGE_LOOP('',(#6158,#6168,#6176,#6184));
#6158 = ORIENTED_EDGE('',*,*,#6159,.F.);
#6159 = EDGE_CURVE('',#6160,#6162,#6164,.T.);
#6160 = VERTEX_POINT('',#6161);
#6161 = CARTESIAN_POINT('',(10.245,16.775,1.));
#6162 = VERTEX_POINT('',#6163);
#6163 = CARTESIAN_POINT('',(10.245,16.775,2.45));
#6164 = LINE('',#6165,#6166);
#6165 = CARTESIAN_POINT('',(10.245,16.775,1.));
#6166 = VECTOR('',#6167,1.);
#6167 = DIRECTION('',(0.,0.,1.));
#6168 = ORIENTED_EDGE('',*,*,#6169,.T.);
#6169 = EDGE_CURVE('',#6160,#6170,#6172,.T.);
#6170 = VERTEX_POINT('',#6171);
#6171 = CARTESIAN_POINT('',(10.245,20.725,1.));
#6172 = LINE('',#6173,#6174);
#6173 = CARTESIAN_POINT('',(10.245,16.775,1.));
#6174 = VECTOR('',#6175,1.);
#6175 = DIRECTION('',(0.,1.,0.));
#6176 = ORIENTED_EDGE('',*,*,#6177,.T.);
#6177 = EDGE_CURVE('',#6170,#6178,#6180,.T.);
#6178 = VERTEX_POINT('',#6179);
#6179 = CARTESIAN_POINT('',(10.245,20.725,2.45));
#6180 = LINE('',#6181,#6182);
#6181 = CARTESIAN_POINT('',(10.245,20.725,1.));
#6182 = VECTOR('',#6183,1.);
#6183 = DIRECTION('',(0.,0.,1.));
#6184 = ORIENTED_EDGE('',*,*,#6185,.F.);
#6185 = EDGE_CURVE('',#6162,#6178,#6186,.T.);
#6186 = LINE('',#6187,#6188);
#6187 = CARTESIAN_POINT('',(10.245,16.775,2.45));
#6188 = VECTOR('',#6189,1.);
#6189 = DIRECTION('',(0.,1.,0.));
#6190 = PLANE('',#6191);
#6191 = AXIS2_PLACEMENT_3D('',#6192,#6193,#6194);
#6192 = CARTESIAN_POINT('',(10.245,16.775,1.));
#6193 = DIRECTION('',(1.,0.,0.));
#6194 = DIRECTION('',(0.,0.,1.));
#6195 = ADVANCED_FACE('',(#6196),#6212,.F.);
#6196 = FACE_BOUND('',#6197,.F.);
#6197 = EDGE_LOOP('',(#6198,#6204,#6205,#6211));
#6198 = ORIENTED_EDGE('',*,*,#6199,.F.);
#6199 = EDGE_CURVE('',#6120,#6160,#6200,.T.);
#6200 = LINE('',#6201,#6202);
#6201 = CARTESIAN_POINT('',(6.755,16.775,1.));
#6202 = VECTOR('',#6203,1.);
#6203 = DIRECTION('',(1.,0.,0.));
#6204 = ORIENTED_EDGE('',*,*,#6119,.T.);
#6205 = ORIENTED_EDGE('',*,*,#6206,.T.);
#6206 = EDGE_CURVE('',#6122,#6162,#6207,.T.);
#6207 = LINE('',#6208,#6209);
#6208 = CARTESIAN_POINT('',(6.755,16.775,2.45));
#6209 = VECTOR('',#6210,1.);
#6210 = DIRECTION('',(1.,0.,0.));
#6211 = ORIENTED_EDGE('',*,*,#6159,.F.);
#6212 = PLANE('',#6213);
#6213 = AXIS2_PLACEMENT_3D('',#6214,#6215,#6216);
#6214 = CARTESIAN_POINT('',(6.755,16.775,1.));
#6215 = DIRECTION('',(0.,1.,0.));
#6216 = DIRECTION('',(0.,0.,1.));
#6217 = ADVANCED_FACE('',(#6218),#6234,.T.);
#6218 = FACE_BOUND('',#6219,.T.);
#6219 = EDGE_LOOP('',(#6220,#6226,#6227,#6233));
#6220 = ORIENTED_EDGE('',*,*,#6221,.F.);
#6221 = EDGE_CURVE('',#6130,#6170,#6222,.T.);
#6222 = LINE('',#6223,#6224);
#6223 = CARTESIAN_POINT('',(6.755,20.725,1.));
#6224 = VECTOR('',#6225,1.);
#6225 = DIRECTION('',(1.,0.,0.));
#6226 = ORIENTED_EDGE('',*,*,#6137,.T.);
#6227 = ORIENTED_EDGE('',*,*,#6228,.T.);
#6228 = EDGE_CURVE('',#6138,#6178,#6229,.T.);
#6229 = LINE('',#6230,#6231);
#6230 = CARTESIAN_POINT('',(6.755,20.725,2.45));
#6231 = VECTOR('',#6232,1.);
#6232 = DIRECTION('',(1.,0.,0.));
#6233 = ORIENTED_EDGE('',*,*,#6177,.F.);
#6234 = PLANE('',#6235);
#6235 = AXIS2_PLACEMENT_3D('',#6236,#6237,#6238);
#6236 = CARTESIAN_POINT('',(6.755,20.725,1.));
#6237 = DIRECTION('',(0.,1.,0.));
#6238 = DIRECTION('',(0.,0.,1.));
#6239 = ADVANCED_FACE('',(#6240),#6246,.F.);
#6240 = FACE_BOUND('',#6241,.F.);
#6241 = EDGE_LOOP('',(#6242,#6243,#6244,#6245));
#6242 = ORIENTED_EDGE('',*,*,#6129,.F.);
#6243 = ORIENTED_EDGE('',*,*,#6199,.T.);
#6244 = ORIENTED_EDGE('',*,*,#6169,.T.);
#6245 = ORIENTED_EDGE('',*,*,#6221,.F.);
#6246 = PLANE('',#6247);
#6247 = AXIS2_PLACEMENT_3D('',#6248,#6249,#6250);
#6248 = CARTESIAN_POINT('',(6.755,16.775,1.));
#6249 = DIRECTION('',(0.,0.,1.));
#6250 = DIRECTION('',(1.,0.,0.));
#6251 = ADVANCED_FACE('',(#6252),#6258,.T.);
#6252 = FACE_BOUND('',#6253,.T.);
#6253 = EDGE_LOOP('',(#6254,#6255,#6256,#6257));
#6254 = ORIENTED_EDGE('',*,*,#6145,.F.);
#6255 = ORIENTED_EDGE('',*,*,#6206,.T.);
#6256 = ORIENTED_EDGE('',*,*,#6185,.T.);
#6257 = ORIENTED_EDGE('',*,*,#6228,.F.);
#6258 = PLANE('',#6259);
#6259 = AXIS2_PLACEMENT_3D('',#6260,#6261,#6262);
#6260 = CARTESIAN_POINT('',(6.755,16.775,2.45));
#6261 = DIRECTION('',(0.,0.,1.));
#6262 = DIRECTION('',(1.,0.,0.));
#6263 = MANIFOLD_SOLID_BREP('',#6264);
#6264 = CLOSED_SHELL('',(#6265,#6305,#6345,#6367,#6389,#6401));
#6265 = ADVANCED_FACE('',(#6266),#6300,.F.);
#6266 = FACE_BOUND('',#6267,.F.);
#6267 = EDGE_LOOP('',(#6268,#6278,#6286,#6294));
#6268 = ORIENTED_EDGE('',*,*,#6269,.F.);
#6269 = EDGE_CURVE('',#6270,#6272,#6274,.T.);
#6270 = VERTEX_POINT('',#6271);
#6271 = CARTESIAN_POINT('',(1.25,10.65,1.));
#6272 = VERTEX_POINT('',#6273);
#6273 = CARTESIAN_POINT('',(1.25,10.65,1.9));
#6274 = LINE('',#6275,#6276);
#6275 = CARTESIAN_POINT('',(1.25,10.65,1.));
#6276 = VECTOR('',#6277,1.);
#6277 = DIRECTION('',(0.,0.,1.));
#6278 = ORIENTED_EDGE('',*,*,#6279,.T.);
#6279 = EDGE_CURVE('',#6270,#6280,#6282,.T.);
#6280 = VERTEX_POINT('',#6281);
#6281 = CARTESIAN_POINT('',(1.25,13.65,1.));
#6282 = LINE('',#6283,#6284);
#6283 = CARTESIAN_POINT('',(1.25,10.65,1.));
#6284 = VECTOR('',#6285,1.);
#6285 = DIRECTION('',(0.,1.,0.));
#6286 = ORIENTED_EDGE('',*,*,#6287,.T.);
#6287 = EDGE_CURVE('',#6280,#6288,#6290,.T.);
#6288 = VERTEX_POINT('',#6289);
#6289 = CARTESIAN_POINT('',(1.25,13.65,1.9));
#6290 = LINE('',#6291,#6292);
#6291 = CARTESIAN_POINT('',(1.25,13.65,1.));
#6292 = VECTOR('',#6293,1.);
#6293 = DIRECTION('',(0.,0.,1.));
#6294 = ORIENTED_EDGE('',*,*,#6295,.F.);
#6295 = EDGE_CURVE('',#6272,#6288,#6296,.T.);
#6296 = LINE('',#6297,#6298);
#6297 = CARTESIAN_POINT('',(1.25,10.65,1.9));
#6298 = VECTOR('',#6299,1.);
#6299 = DIRECTION('',(0.,1.,0.));
#6300 = PLANE('',#6301);
#6301 = AXIS2_PLACEMENT_3D('',#6302,#6303,#6304);
#6302 = CARTESIAN_POINT('',(1.25,10.65,1.));
#6303 = DIRECTION('',(1.,0.,0.));
#6304 = DIRECTION('',(0.,0.,1.));
#6305 = ADVANCED_FACE('',(#6306),#6340,.T.);
#6306 = FACE_BOUND('',#6307,.T.);
#6307 = EDGE_LOOP('',(#6308,#6318,#6326,#6334));
#6308 = ORIENTED_EDGE('',*,*,#6309,.F.);
#6309 = EDGE_CURVE('',#6310,#6312,#6314,.T.);
#6310 = VERTEX_POINT('',#6311);
#6311 = CARTESIAN_POINT('',(4.25,10.65,1.));
#6312 = VERTEX_POINT('',#6313);
#6313 = CARTESIAN_POINT('',(4.25,10.65,1.9));
#6314 = LINE('',#6315,#6316);
#6315 = CARTESIAN_POINT('',(4.25,10.65,1.));
#6316 = VECTOR('',#6317,1.);
#6317 = DIRECTION('',(0.,0.,1.));
#6318 = ORIENTED_EDGE('',*,*,#6319,.T.);
#6319 = EDGE_CURVE('',#6310,#6320,#6322,.T.);
#6320 = VERTEX_POINT('',#6321);
#6321 = CARTESIAN_POINT('',(4.25,13.65,1.));
#6322 = LINE('',#6323,#6324);
#6323 = CARTESIAN_POINT('',(4.25,10.65,1.));
#6324 = VECTOR('',#6325,1.);
#6325 = DIRECTION('',(0.,1.,0.));
#6326 = ORIENTED_EDGE('',*,*,#6327,.T.);
#6327 = EDGE_CURVE('',#6320,#6328,#6330,.T.);
#6328 = VERTEX_POINT('',#6329);
#6329 = CARTESIAN_POINT('',(4.25,13.65,1.9));
#6330 = LINE('',#6331,#6332);
#6331 = CARTESIAN_POINT('',(4.25,13.65,1.));
#6332 = VECTOR('',#6333,1.);
#6333 = DIRECTION('',(0.,0.,1.));
#6334 = ORIENTED_EDGE('',*,*,#6335,.F.);
#6335 = EDGE_CURVE('',#6312,#6328,#6336,.T.);
#6336 = LINE('',#6337,#6338);
#6337 = CARTESIAN_POINT('',(4.25,10.65,1.9));
#6338 = VECTOR('',#6339,1.);
#6339 = DIRECTION('',(0.,1.,0.));
#6340 = PLANE('',#6341);
#6341 = AXIS2_PLACEMENT_3D('',#6342,#6343,#6344);
#6342 = CARTESIAN_POINT('',(4.25,10.65,1.));
#6343 = DIRECTION('',(1.,0.,0.));
#6344 = DIRECTION('',(0.,0.,1.));
#6345 = ADVANCED_FACE('',(#6346),#6362,.F.);
#6346 = FACE_BOUND('',#6347,.F.);
#6347 = EDGE_LOOP('',(#6348,#6354,#6355,#6361));
#6348 = ORIENTED_EDGE('',*,*,#6349,.F.);
#6349 = EDGE_CURVE('',#6270,#6310,#6350,.T.);
#6350 = LINE('',#6351,#6352);
#6351 = CARTESIAN_POINT('',(1.25,10.65,1.));
#6352 = VECTOR('',#6353,1.);
#6353 = DIRECTION('',(1.,0.,0.));
#6354 = ORIENTED_EDGE('',*,*,#6269,.T.);
#6355 = ORIENTED_EDGE('',*,*,#6356,.T.);
#6356 = EDGE_CURVE('',#6272,#6312,#6357,.T.);
#6357 = LINE('',#6358,#6359);
#6358 = CARTESIAN_POINT('',(1.25,10.65,1.9));
#6359 = VECTOR('',#6360,1.);
#6360 = DIRECTION('',(1.,0.,0.));
#6361 = ORIENTED_EDGE('',*,*,#6309,.F.);
#6362 = PLANE('',#6363);
#6363 = AXIS2_PLACEMENT_3D('',#6364,#6365,#6366);
#6364 = CARTESIAN_POINT('',(1.25,10.65,1.));
#6365 = DIRECTION('',(0.,1.,0.));
#6366 = DIRECTION('',(0.,0.,1.));
#6367 = ADVANCED_FACE('',(#6368),#6384,.T.);
#6368 = FACE_BOUND('',#6369,.T.);
#6369 = EDGE_LOOP('',(#6370,#6376,#6377,#6383));
#6370 = ORIENTED_EDGE('',*,*,#6371,.F.);
#6371 = EDGE_CURVE('',#6280,#6320,#6372,.T.);
#6372 = LINE('',#6373,#6374);
#6373 = CARTESIAN_POINT('',(1.25,13.65,1.));
#6374 = VECTOR('',#6375,1.);
#6375 = DIRECTION('',(1.,0.,0.));
#6376 = ORIENTED_EDGE('',*,*,#6287,.T.);
#6377 = ORIENTED_EDGE('',*,*,#6378,.T.);
#6378 = EDGE_CURVE('',#6288,#6328,#6379,.T.);
#6379 = LINE('',#6380,#6381);
#6380 = CARTESIAN_POINT('',(1.25,13.65,1.9));
#6381 = VECTOR('',#6382,1.);
#6382 = DIRECTION('',(1.,0.,0.));
#6383 = ORIENTED_EDGE('',*,*,#6327,.F.);
#6384 = PLANE('',#6385);
#6385 = AXIS2_PLACEMENT_3D('',#6386,#6387,#6388);
#6386 = CARTESIAN_POINT('',(1.25,13.65,1.));
#6387 = DIRECTION('',(0.,1.,0.));
#6388 = DIRECTION('',(0.,0.,1.));
#6389 = ADVANCED_FACE('',(#6390),#6396,.F.);
#6390 = FACE_BOUND('',#6391,.F.);
#6391 = EDGE_LOOP('',(#6392,#6393,#6394,#6395));
#6392 = ORIENTED_EDGE('',*,*,#6279,.F.);
#6393 = ORIENTED_EDGE('',*,*,#6349,.T.);
#6394 = ORIENTED_EDGE('',*,*,#6319,.T.);
#6395 = ORIENTED_EDGE('',*,*,#6371,.F.);
#6396 = PLANE('',#6397);
#6397 = AXIS2_PLACEMENT_3D('',#6398,#6399,#6400);
#6398 = CARTESIAN_POINT('',(1.25,10.65,1.));
#6399 = DIRECTION('',(0.,0.,1.));
#6400 = DIRECTION('',(1.,0.,0.));
#6401 = ADVANCED_FACE('',(#6402),#6408,.T.);
#6402 = FACE_BOUND('',#6403,.T.);
#6403 = EDGE_LOOP('',(#6404,#6405,#6406,#6407));
#6404 = ORIENTED_EDGE('',*,*,#6295,.F.);
#6405 = ORIENTED_EDGE('',*,*,#6356,.T.);
#6406 = ORIENTED_EDGE('',*,*,#6335,.T.);
#6407 = ORIENTED_EDGE('',*,*,#6378,.F.);
#6408 = PLANE('',#6409);
#6409 = AXIS2_PLACEMENT_3D('',#6410,#6411,#6412);
#6410 = CARTESIAN_POINT('',(1.25,10.65,1.9));
#6411 = DIRECTION('',(0.,0.,1.));
#6412 = DIRECTION('',(1.,0.,0.));
#6413 = MANIFOLD_SOLID_BREP('',#6414);
#6414 = CLOSED_SHELL('',(#6415,#6455,#6495,#6517,#6539,#6551));
#6415 = ADVANCED_FACE('',(#6416),#6450,.F.);
#6416 = FACE_BOUND('',#6417,.F.);
#6417 = EDGE_LOOP('',(#6418,#6428,#6436,#6444));
#6418 = ORIENTED_EDGE('',*,*,#6419,.F.);
#6419 = EDGE_CURVE('',#6420,#6422,#6424,.T.);
#6420 = VERTEX_POINT('',#6421);
#6421 = CARTESIAN_POINT('',(16.875,13.53,1.));
#6422 = VERTEX_POINT('',#6423);
#6423 = CARTESIAN_POINT('',(16.875,13.53,1.55));
#6424 = LINE('',#6425,#6426);
#6425 = CARTESIAN_POINT('',(16.875,13.53,1.));
#6426 = VECTOR('',#6427,1.);
#6427 = DIRECTION('',(0.,0.,1.));
#6428 = ORIENTED_EDGE('',*,*,#6429,.T.);
#6429 = EDGE_CURVE('',#6420,#6430,#6432,.T.);
#6430 = VERTEX_POINT('',#6431);
#6431 = CARTESIAN_POINT('',(16.875,14.07,1.));
#6432 = LINE('',#6433,#6434);
#6433 = CARTESIAN_POINT('',(16.875,13.53,1.));
#6434 = VECTOR('',#6435,1.);
#6435 = DIRECTION('',(0.,1.,0.));
#6436 = ORIENTED_EDGE('',*,*,#6437,.T.);
#6437 = EDGE_CURVE('',#6430,#6438,#6440,.T.);
#6438 = VERTEX_POINT('',#6439);
#6439 = CARTESIAN_POINT('',(16.875,14.07,1.55));
#6440 = LINE('',#6441,#6442);
#6441 = CARTESIAN_POINT('',(16.875,14.07,1.));
#6442 = VECTOR('',#6443,1.);
#6443 = DIRECTION('',(0.,0.,1.));
#6444 = ORIENTED_EDGE('',*,*,#6445,.F.);
#6445 = EDGE_CURVE('',#6422,#6438,#6446,.T.);
#6446 = LINE('',#6447,#6448);
#6447 = CARTESIAN_POINT('',(16.875,13.53,1.55));
#6448 = VECTOR('',#6449,1.);
#6449 = DIRECTION('',(0.,1.,0.));
#6450 = PLANE('',#6451);
#6451 = AXIS2_PLACEMENT_3D('',#6452,#6453,#6454);
#6452 = CARTESIAN_POINT('',(16.875,13.53,1.));
#6453 = DIRECTION('',(1.,0.,0.));
#6454 = DIRECTION('',(0.,0.,1.));
#6455 = ADVANCED_FACE('',(#6456),#6490,.T.);
#6456 = FACE_BOUND('',#6457,.T.);
#6457 = EDGE_LOOP('',(#6458,#6468,#6476,#6484));
#6458 = ORIENTED_EDGE('',*,*,#6459,.F.);
#6459 = EDGE_CURVE('',#6460,#6462,#6464,.T.);
#6460 = VERTEX_POINT('',#6461);
#6461 = CARTESIAN_POINT('',(17.925,13.53,1.));
#6462 = VERTEX_POINT('',#6463);
#6463 = CARTESIAN_POINT('',(17.925,13.53,1.55));
#6464 = LINE('',#6465,#6466);
#6465 = CARTESIAN_POINT('',(17.925,13.53,1.));
#6466 = VECTOR('',#6467,1.);
#6467 = DIRECTION('',(0.,0.,1.));
#6468 = ORIENTED_EDGE('',*,*,#6469,.T.);
#6469 = EDGE_CURVE('',#6460,#6470,#6472,.T.);
#6470 = VERTEX_POINT('',#6471);
#6471 = CARTESIAN_POINT('',(17.925,14.07,1.));
#6472 = LINE('',#6473,#6474);
#6473 = CARTESIAN_POINT('',(17.925,13.53,1.));
#6474 = VECTOR('',#6475,1.);
#6475 = DIRECTION('',(0.,1.,0.));
#6476 = ORIENTED_EDGE('',*,*,#6477,.T.);
#6477 = EDGE_CURVE('',#6470,#6478,#6480,.T.);
#6478 = VERTEX_POINT('',#6479);
#6479 = CARTESIAN_POINT('',(17.925,14.07,1.55));
#6480 = LINE('',#6481,#6482);
#6481 = CARTESIAN_POINT('',(17.925,14.07,1.));
#6482 = VECTOR('',#6483,1.);
#6483 = DIRECTION('',(0.,0.,1.));
#6484 = ORIENTED_EDGE('',*,*,#6485,.F.);
#6485 = EDGE_CURVE('',#6462,#6478,#6486,.T.);
#6486 = LINE('',#6487,#6488);
#6487 = CARTESIAN_POINT('',(17.925,13.53,1.55));
#6488 = VECTOR('',#6489,1.);
#6489 = DIRECTION('',(0.,1.,0.));
#6490 = PLANE('',#6491);
#6491 = AXIS2_PLACEMENT_3D('',#6492,#6493,#6494);
#6492 = CARTESIAN_POINT('',(17.925,13.53,1.));
#6493 = DIRECTION('',(1.,0.,0.));
#6494 = DIRECTION('',(0.,0.,1.));
#6495 = ADVANCED_FACE('',(#6496),#6512,.F.);
#6496 = FACE_BOUND('',#6497,.F.);
#6497 = EDGE_LOOP('',(#6498,#6504,#6505,#6511));
#6498 = ORIENTED_EDGE('',*,*,#6499,.F.);
#6499 = EDGE_CURVE('',#6420,#6460,#6500,.T.);
#6500 = LINE('',#6501,#6502);
#6501 = CARTESIAN_POINT('',(16.875,13.53,1.));
#6502 = VECTOR('',#6503,1.);
#6503 = DIRECTION('',(1.,0.,0.));
#6504 = ORIENTED_EDGE('',*,*,#6419,.T.);
#6505 = ORIENTED_EDGE('',*,*,#6506,.T.);
#6506 = EDGE_CURVE('',#6422,#6462,#6507,.T.);
#6507 = LINE('',#6508,#6509);
#6508 = CARTESIAN_POINT('',(16.875,13.53,1.55));
#6509 = VECTOR('',#6510,1.);
#6510 = DIRECTION('',(1.,0.,0.));
#6511 = ORIENTED_EDGE('',*,*,#6459,.F.);
#6512 = PLANE('',#6513);
#6513 = AXIS2_PLACEMENT_3D('',#6514,#6515,#6516);
#6514 = CARTESIAN_POINT('',(16.875,13.53,1.));
#6515 = DIRECTION('',(0.,1.,0.));
#6516 = DIRECTION('',(0.,0.,1.));
#6517 = ADVANCED_FACE('',(#6518),#6534,.T.);
#6518 = FACE_BOUND('',#6519,.T.);
#6519 = EDGE_LOOP('',(#6520,#6526,#6527,#6533));
#6520 = ORIENTED_EDGE('',*,*,#6521,.F.);
#6521 = EDGE_CURVE('',#6430,#6470,#6522,.T.);
#6522 = LINE('',#6523,#6524);
#6523 = CARTESIAN_POINT('',(16.875,14.07,1.));
#6524 = VECTOR('',#6525,1.);
#6525 = DIRECTION('',(1.,0.,0.));
#6526 = ORIENTED_EDGE('',*,*,#6437,.T.);
#6527 = ORIENTED_EDGE('',*,*,#6528,.T.);
#6528 = EDGE_CURVE('',#6438,#6478,#6529,.T.);
#6529 = LINE('',#6530,#6531);
#6530 = CARTESIAN_POINT('',(16.875,14.07,1.55));
#6531 = VECTOR('',#6532,1.);
#6532 = DIRECTION('',(1.,0.,0.));
#6533 = ORIENTED_EDGE('',*,*,#6477,.F.);
#6534 = PLANE('',#6535);
#6535 = AXIS2_PLACEMENT_3D('',#6536,#6537,#6538);
#6536 = CARTESIAN_POINT('',(16.875,14.07,1.));
#6537 = DIRECTION('',(0.,1.,0.));
#6538 = DIRECTION('',(0.,0.,1.));
#6539 = ADVANCED_FACE('',(#6540),#6546,.F.);
#6540 = FACE_BOUND('',#6541,.F.);
#6541 = EDGE_LOOP('',(#6542,#6543,#6544,#6545));
#6542 = ORIENTED_EDGE('',*,*,#6429,.F.);
#6543 = ORIENTED_EDGE('',*,*,#6499,.T.);
#6544 = ORIENTED_EDGE('',*,*,#6469,.T.);
#6545 = ORIENTED_EDGE('',*,*,#6521,.F.);
#6546 = PLANE('',#6547);
#6547 = AXIS2_PLACEMENT_3D('',#6548,#6549,#6550);
#6548 = CARTESIAN_POINT('',(16.875,13.53,1.));
#6549 = DIRECTION('',(0.,0.,1.));
#6550 = DIRECTION('',(1.,0.,0.));
#6551 = ADVANCED_FACE('',(#6552),#6558,.T.);
#6552 = FACE_BOUND('',#6553,.T.);
#6553 = EDGE_LOOP('',(#6554,#6555,#6556,#6557));
#6554 = ORIENTED_EDGE('',*,*,#6445,.F.);
#6555 = ORIENTED_EDGE('',*,*,#6506,.T.);
#6556 = ORIENTED_EDGE('',*,*,#6485,.T.);
#6557 = ORIENTED_EDGE('',*,*,#6528,.F.);
#6558 = PLANE('',#6559);
#6559 = AXIS2_PLACEMENT_3D('',#6560,#6561,#6562);
#6560 = CARTESIAN_POINT('',(16.875,13.53,1.55));
#6561 = DIRECTION('',(0.,0.,1.));
#6562 = DIRECTION('',(1.,0.,0.));
#6563 = MANIFOLD_SOLID_BREP('',#6564);
#6564 = CLOSED_SHELL('',(#6565,#6605,#6645,#6667,#6689,#6701));
#6565 = ADVANCED_FACE('',(#6566),#6600,.F.);
#6566 = FACE_BOUND('',#6567,.F.);
#6567 = EDGE_LOOP('',(#6568,#6578,#6586,#6594));
#6568 = ORIENTED_EDGE('',*,*,#6569,.F.);
#6569 = EDGE_CURVE('',#6570,#6572,#6574,.T.);
#6570 = VERTEX_POINT('',#6571);
#6571 = CARTESIAN_POINT('',(11.405,23.755,1.));
#6572 = VERTEX_POINT('',#6573);
#6573 = CARTESIAN_POINT('',(11.405,23.755,2.45));
#6574 = LINE('',#6575,#6576);
#6575 = CARTESIAN_POINT('',(11.405,23.755,1.));
#6576 = VECTOR('',#6577,1.);
#6577 = DIRECTION('',(0.,0.,1.));
#6578 = ORIENTED_EDGE('',*,*,#6579,.T.);
#6579 = EDGE_CURVE('',#6570,#6580,#6582,.T.);
#6580 = VERTEX_POINT('',#6581);
#6581 = CARTESIAN_POINT('',(11.405,27.245,1.));
#6582 = LINE('',#6583,#6584);
#6583 = CARTESIAN_POINT('',(11.405,23.755,1.));
#6584 = VECTOR('',#6585,1.);
#6585 = DIRECTION('',(0.,1.,0.));
#6586 = ORIENTED_EDGE('',*,*,#6587,.T.);
#6587 = EDGE_CURVE('',#6580,#6588,#6590,.T.);
#6588 = VERTEX_POINT('',#6589);
#6589 = CARTESIAN_POINT('',(11.405,27.245,2.45));
#6590 = LINE('',#6591,#6592);
#6591 = CARTESIAN_POINT('',(11.405,27.245,1.));
#6592 = VECTOR('',#6593,1.);
#6593 = DIRECTION('',(0.,0.,1.));
#6594 = ORIENTED_EDGE('',*,*,#6595,.F.);
#6595 = EDGE_CURVE('',#6572,#6588,#6596,.T.);
#6596 = LINE('',#6597,#6598);
#6597 = CARTESIAN_POINT('',(11.405,23.755,2.45));
#6598 = VECTOR('',#6599,1.);
#6599 = DIRECTION('',(0.,1.,0.));
#6600 = PLANE('',#6601);
#6601 = AXIS2_PLACEMENT_3D('',#6602,#6603,#6604);
#6602 = CARTESIAN_POINT('',(11.405,23.755,1.));
#6603 = DIRECTION('',(1.,0.,0.));
#6604 = DIRECTION('',(0.,0.,1.));
#6605 = ADVANCED_FACE('',(#6606),#6640,.T.);
#6606 = FACE_BOUND('',#6607,.T.);
#6607 = EDGE_LOOP('',(#6608,#6618,#6626,#6634));
#6608 = ORIENTED_EDGE('',*,*,#6609,.F.);
#6609 = EDGE_CURVE('',#6610,#6612,#6614,.T.);
#6610 = VERTEX_POINT('',#6611);
#6611 = CARTESIAN_POINT('',(15.595,23.755,1.));
#6612 = VERTEX_POINT('',#6613);
#6613 = CARTESIAN_POINT('',(15.595,23.755,2.45));
#6614 = LINE('',#6615,#6616);
#6615 = CARTESIAN_POINT('',(15.595,23.755,1.));
#6616 = VECTOR('',#6617,1.);
#6617 = DIRECTION('',(0.,0.,1.));
#6618 = ORIENTED_EDGE('',*,*,#6619,.T.);
#6619 = EDGE_CURVE('',#6610,#6620,#6622,.T.);
#6620 = VERTEX_POINT('',#6621);
#6621 = CARTESIAN_POINT('',(15.595,27.245,1.));
#6622 = LINE('',#6623,#6624);
#6623 = CARTESIAN_POINT('',(15.595,23.755,1.));
#6624 = VECTOR('',#6625,1.);
#6625 = DIRECTION('',(0.,1.,0.));
#6626 = ORIENTED_EDGE('',*,*,#6627,.T.);
#6627 = EDGE_CURVE('',#6620,#6628,#6630,.T.);
#6628 = VERTEX_POINT('',#6629);
#6629 = CARTESIAN_POINT('',(15.595,27.245,2.45));
#6630 = LINE('',#6631,#6632);
#6631 = CARTESIAN_POINT('',(15.595,27.245,1.));
#6632 = VECTOR('',#6633,1.);
#6633 = DIRECTION('',(0.,0.,1.));
#6634 = ORIENTED_EDGE('',*,*,#6635,.F.);
#6635 = EDGE_CURVE('',#6612,#6628,#6636,.T.);
#6636 = LINE('',#6637,#6638);
#6637 = CARTESIAN_POINT('',(15.595,23.755,2.45));
#6638 = VECTOR('',#6639,1.);
#6639 = DIRECTION('',(0.,1.,0.));
#6640 = PLANE('',#6641);
#6641 = AXIS2_PLACEMENT_3D('',#6642,#6643,#6644);
#6642 = CARTESIAN_POINT('',(15.595,23.755,1.));
#6643 = DIRECTION('',(1.,0.,0.));
#6644 = DIRECTION('',(0.,0.,1.));
#6645 = ADVANCED_FACE('',(#6646),#6662,.F.);
#6646 = FACE_BOUND('',#6647,.F.);
#6647 = EDGE_LOOP('',(#6648,#6654,#6655,#6661));
#6648 = ORIENTED_EDGE('',*,*,#6649,.F.);
#6649 = EDGE_CURVE('',#6570,#6610,#6650,.T.);
#6650 = LINE('',#6651,#6652);
#6651 = CARTESIAN_POINT('',(11.405,23.755,1.));
#6652 = VECTOR('',#6653,1.);
#6653 = DIRECTION('',(1.,0.,0.));
#6654 = ORIENTED_EDGE('',*,*,#6569,.T.);
#6655 = ORIENTED_EDGE('',*,*,#6656,.T.);
#6656 = EDGE_CURVE('',#6572,#6612,#6657,.T.);
#6657 = LINE('',#6658,#6659);
#6658 = CARTESIAN_POINT('',(11.405,23.755,2.45));
#6659 = VECTOR('',#6660,1.);
#6660 = DIRECTION('',(1.,0.,0.));
#6661 = ORIENTED_EDGE('',*,*,#6609,.F.);
#6662 = PLANE('',#6663);
#6663 = AXIS2_PLACEMENT_3D('',#6664,#6665,#6666);
#6664 = CARTESIAN_POINT('',(11.405,23.755,1.));
#6665 = DIRECTION('',(0.,1.,0.));
#6666 = DIRECTION('',(0.,0.,1.));
#6667 = ADVANCED_FACE('',(#6668),#6684,.T.);
#6668 = FACE_BOUND('',#6669,.T.);
#6669 = EDGE_LOOP('',(#6670,#6676,#6677,#6683));
#6670 = ORIENTED_EDGE('',*,*,#6671,.F.);
#6671 = EDGE_CURVE('',#6580,#6620,#6672,.T.);
#6672 = LINE('',#6673,#6674);
#6673 = CARTESIAN_POINT('',(11.405,27.245,1.));
#6674 = VECTOR('',#6675,1.);
#6675 = DIRECTION('',(1.,0.,0.));
#6676 = ORIENTED_EDGE('',*,*,#6587,.T.);
#6677 = ORIENTED_EDGE('',*,*,#6678,.T.);
#6678 = EDGE_CURVE('',#6588,#6628,#6679,.T.);
#6679 = LINE('',#6680,#6681);
#6680 = CARTESIAN_POINT('',(11.405,27.245,2.45));
#6681 = VECTOR('',#6682,1.);
#6682 = DIRECTION('',(1.,0.,0.));
#6683 = ORIENTED_EDGE('',*,*,#6627,.F.);
#6684 = PLANE('',#6685);
#6685 = AXIS2_PLACEMENT_3D('',#6686,#6687,#6688);
#6686 = CARTESIAN_POINT('',(11.405,27.245,1.));
#6687 = DIRECTION('',(0.,1.,0.));
#6688 = DIRECTION('',(0.,0.,1.));
#6689 = ADVANCED_FACE('',(#6690),#6696,.F.);
#6690 = FACE_BOUND('',#6691,.F.);
#6691 = EDGE_LOOP('',(#6692,#6693,#6694,#6695));
#6692 = ORIENTED_EDGE('',*,*,#6579,.F.);
#6693 = ORIENTED_EDGE('',*,*,#6649,.T.);
#6694 = ORIENTED_EDGE('',*,*,#6619,.T.);
#6695 = ORIENTED_EDGE('',*,*,#6671,.F.);
#6696 = PLANE('',#6697);
#6697 = AXIS2_PLACEMENT_3D('',#6698,#6699,#6700);
#6698 = CARTESIAN_POINT('',(11.405,23.755,1.));
#6699 = DIRECTION('',(0.,0.,1.));
#6700 = DIRECTION('',(1.,0.,0.));
#6701 = ADVANCED_FACE('',(#6702),#6708,.T.);
#6702 = FACE_BOUND('',#6703,.T.);
#6703 = EDGE_LOOP('',(#6704,#6705,#6706,#6707));
#6704 = ORIENTED_EDGE('',*,*,#6595,.F.);
#6705 = ORIENTED_EDGE('',*,*,#6656,.T.);
#6706 = ORIENTED_EDGE('',*,*,#6635,.T.);
#6707 = ORIENTED_EDGE('',*,*,#6678,.F.);
#6708 = PLANE('',#6709);
#6709 = AXIS2_PLACEMENT_3D('',#6710,#6711,#6712);
#6710 = CARTESIAN_POINT('',(11.405,23.755,2.45));
#6711 = DIRECTION('',(0.,0.,1.));
#6712 = DIRECTION('',(1.,0.,0.));
#6713 = MANIFOLD_SOLID_BREP('',#6714);
#6714 = CLOSED_SHELL('',(#6715,#6755,#6795,#6817,#6839,#6851));
#6715 = ADVANCED_FACE('',(#6716),#6750,.F.);
#6716 = FACE_BOUND('',#6717,.F.);
#6717 = EDGE_LOOP('',(#6718,#6728,#6736,#6744));
#6718 = ORIENTED_EDGE('',*,*,#6719,.F.);
#6719 = EDGE_CURVE('',#6720,#6722,#6724,.T.);
#6720 = VERTEX_POINT('',#6721);
#6721 = CARTESIAN_POINT('',(17.63,15.225,1.));
#6722 = VERTEX_POINT('',#6723);
#6723 = CARTESIAN_POINT('',(17.63,15.225,1.55));
#6724 = LINE('',#6725,#6726);
#6725 = CARTESIAN_POINT('',(17.63,15.225,1.));
#6726 = VECTOR('',#6727,1.);
#6727 = DIRECTION('',(0.,0.,1.));
#6728 = ORIENTED_EDGE('',*,*,#6729,.T.);
#6729 = EDGE_CURVE('',#6720,#6730,#6732,.T.);
#6730 = VERTEX_POINT('',#6731);
#6731 = CARTESIAN_POINT('',(17.63,16.275,1.));
#6732 = LINE('',#6733,#6734);
#6733 = CARTESIAN_POINT('',(17.63,15.225,1.));
#6734 = VECTOR('',#6735,1.);
#6735 = DIRECTION('',(0.,1.,0.));
#6736 = ORIENTED_EDGE('',*,*,#6737,.T.);
#6737 = EDGE_CURVE('',#6730,#6738,#6740,.T.);
#6738 = VERTEX_POINT('',#6739);
#6739 = CARTESIAN_POINT('',(17.63,16.275,1.55));
#6740 = LINE('',#6741,#6742);
#6741 = CARTESIAN_POINT('',(17.63,16.275,1.));
#6742 = VECTOR('',#6743,1.);
#6743 = DIRECTION('',(0.,0.,1.));
#6744 = ORIENTED_EDGE('',*,*,#6745,.F.);
#6745 = EDGE_CURVE('',#6722,#6738,#6746,.T.);
#6746 = LINE('',#6747,#6748);
#6747 = CARTESIAN_POINT('',(17.63,15.225,1.55));
#6748 = VECTOR('',#6749,1.);
#6749 = DIRECTION('',(0.,1.,0.));
#6750 = PLANE('',#6751);
#6751 = AXIS2_PLACEMENT_3D('',#6752,#6753,#6754);
#6752 = CARTESIAN_POINT('',(17.63,15.225,1.));
#6753 = DIRECTION('',(1.,0.,0.));
#6754 = DIRECTION('',(0.,0.,1.));
#6755 = ADVANCED_FACE('',(#6756),#6790,.T.);
#6756 = FACE_BOUND('',#6757,.T.);
#6757 = EDGE_LOOP('',(#6758,#6768,#6776,#6784));
#6758 = ORIENTED_EDGE('',*,*,#6759,.F.);
#6759 = EDGE_CURVE('',#6760,#6762,#6764,.T.);
#6760 = VERTEX_POINT('',#6761);
#6761 = CARTESIAN_POINT('',(18.17,15.225,1.));
#6762 = VERTEX_POINT('',#6763);
#6763 = CARTESIAN_POINT('',(18.17,15.225,1.55));
#6764 = LINE('',#6765,#6766);
#6765 = CARTESIAN_POINT('',(18.17,15.225,1.));
#6766 = VECTOR('',#6767,1.);
#6767 = DIRECTION('',(0.,0.,1.));
#6768 = ORIENTED_EDGE('',*,*,#6769,.T.);
#6769 = EDGE_CURVE('',#6760,#6770,#6772,.T.);
#6770 = VERTEX_POINT('',#6771);
#6771 = CARTESIAN_POINT('',(18.17,16.275,1.));
#6772 = LINE('',#6773,#6774);
#6773 = CARTESIAN_POINT('',(18.17,15.225,1.));
#6774 = VECTOR('',#6775,1.);
#6775 = DIRECTION('',(0.,1.,0.));
#6776 = ORIENTED_EDGE('',*,*,#6777,.T.);
#6777 = EDGE_CURVE('',#6770,#6778,#6780,.T.);
#6778 = VERTEX_POINT('',#6779);
#6779 = CARTESIAN_POINT('',(18.17,16.275,1.55));
#6780 = LINE('',#6781,#6782);
#6781 = CARTESIAN_POINT('',(18.17,16.275,1.));
#6782 = VECTOR('',#6783,1.);
#6783 = DIRECTION('',(0.,0.,1.));
#6784 = ORIENTED_EDGE('',*,*,#6785,.F.);
#6785 = EDGE_CURVE('',#6762,#6778,#6786,.T.);
#6786 = LINE('',#6787,#6788);
#6787 = CARTESIAN_POINT('',(18.17,15.225,1.55));
#6788 = VECTOR('',#6789,1.);
#6789 = DIRECTION('',(0.,1.,0.));
#6790 = PLANE('',#6791);
#6791 = AXIS2_PLACEMENT_3D('',#6792,#6793,#6794);
#6792 = CARTESIAN_POINT('',(18.17,15.225,1.));
#6793 = DIRECTION('',(1.,0.,0.));
#6794 = DIRECTION('',(0.,0.,1.));
#6795 = ADVANCED_FACE('',(#6796),#6812,.F.);
#6796 = FACE_BOUND('',#6797,.F.);
#6797 = EDGE_LOOP('',(#6798,#6804,#6805,#6811));
#6798 = ORIENTED_EDGE('',*,*,#6799,.F.);
#6799 = EDGE_CURVE('',#6720,#6760,#6800,.T.);
#6800 = LINE('',#6801,#6802);
#6801 = CARTESIAN_POINT('',(17.63,15.225,1.));
#6802 = VECTOR('',#6803,1.);
#6803 = DIRECTION('',(1.,0.,0.));
#6804 = ORIENTED_EDGE('',*,*,#6719,.T.);
#6805 = ORIENTED_EDGE('',*,*,#6806,.T.);
#6806 = EDGE_CURVE('',#6722,#6762,#6807,.T.);
#6807 = LINE('',#6808,#6809);
#6808 = CARTESIAN_POINT('',(17.63,15.225,1.55));
#6809 = VECTOR('',#6810,1.);
#6810 = DIRECTION('',(1.,0.,0.));
#6811 = ORIENTED_EDGE('',*,*,#6759,.F.);
#6812 = PLANE('',#6813);
#6813 = AXIS2_PLACEMENT_3D('',#6814,#6815,#6816);
#6814 = CARTESIAN_POINT('',(17.63,15.225,1.));
#6815 = DIRECTION('',(0.,1.,0.));
#6816 = DIRECTION('',(0.,0.,1.));
#6817 = ADVANCED_FACE('',(#6818),#6834,.T.);
#6818 = FACE_BOUND('',#6819,.T.);
#6819 = EDGE_LOOP('',(#6820,#6826,#6827,#6833));
#6820 = ORIENTED_EDGE('',*,*,#6821,.F.);
#6821 = EDGE_CURVE('',#6730,#6770,#6822,.T.);
#6822 = LINE('',#6823,#6824);
#6823 = CARTESIAN_POINT('',(17.63,16.275,1.));
#6824 = VECTOR('',#6825,1.);
#6825 = DIRECTION('',(1.,0.,0.));
#6826 = ORIENTED_EDGE('',*,*,#6737,.T.);
#6827 = ORIENTED_EDGE('',*,*,#6828,.T.);
#6828 = EDGE_CURVE('',#6738,#6778,#6829,.T.);
#6829 = LINE('',#6830,#6831);
#6830 = CARTESIAN_POINT('',(17.63,16.275,1.55));
#6831 = VECTOR('',#6832,1.);
#6832 = DIRECTION('',(1.,0.,0.));
#6833 = ORIENTED_EDGE('',*,*,#6777,.F.);
#6834 = PLANE('',#6835);
#6835 = AXIS2_PLACEMENT_3D('',#6836,#6837,#6838);
#6836 = CARTESIAN_POINT('',(17.63,16.275,1.));
#6837 = DIRECTION('',(0.,1.,0.));
#6838 = DIRECTION('',(0.,0.,1.));
#6839 = ADVANCED_FACE('',(#6840),#6846,.F.);
#6840 = FACE_BOUND('',#6841,.F.);
#6841 = EDGE_LOOP('',(#6842,#6843,#6844,#6845));
#6842 = ORIENTED_EDGE('',*,*,#6729,.F.);
#6843 = ORIENTED_EDGE('',*,*,#6799,.T.);
#6844 = ORIENTED_EDGE('',*,*,#6769,.T.);
#6845 = ORIENTED_EDGE('',*,*,#6821,.F.);
#6846 = PLANE('',#6847);
#6847 = AXIS2_PLACEMENT_3D('',#6848,#6849,#6850);
#6848 = CARTESIAN_POINT('',(17.63,15.225,1.));
#6849 = DIRECTION('',(0.,0.,1.));
#6850 = DIRECTION('',(1.,0.,0.));
#6851 = ADVANCED_FACE('',(#6852),#6858,.T.);
#6852 = FACE_BOUND('',#6853,.T.);
#6853 = EDGE_LOOP('',(#6854,#6855,#6856,#6857));
#6854 = ORIENTED_EDGE('',*,*,#6745,.F.);
#6855 = ORIENTED_EDGE('',*,*,#6806,.T.);
#6856 = ORIENTED_EDGE('',*,*,#6785,.T.);
#6857 = ORIENTED_EDGE('',*,*,#6828,.F.);
#6858 = PLANE('',#6859);
#6859 = AXIS2_PLACEMENT_3D('',#6860,#6861,#6862);
#6860 = CARTESIAN_POINT('',(17.63,15.225,1.55));
#6861 = DIRECTION('',(0.,0.,1.));
#6862 = DIRECTION('',(1.,0.,0.));
#6863 = MANIFOLD_SOLID_BREP('',#6864);
#6864 = CLOSED_SHELL('',(#6865,#6905,#6945,#6967,#6989,#7001));
#6865 = ADVANCED_FACE('',(#6866),#6900,.F.);
#6866 = FACE_BOUND('',#6867,.F.);
#6867 = EDGE_LOOP('',(#6868,#6878,#6886,#6894));
#6868 = ORIENTED_EDGE('',*,*,#6869,.F.);
#6869 = EDGE_CURVE('',#6870,#6872,#6874,.T.);
#6870 = VERTEX_POINT('',#6871);
#6871 = CARTESIAN_POINT('',(14.73,16.975,1.));
#6872 = VERTEX_POINT('',#6873);
#6873 = CARTESIAN_POINT('',(14.73,16.975,1.55));
#6874 = LINE('',#6875,#6876);
#6875 = CARTESIAN_POINT('',(14.73,16.975,1.));
#6876 = VECTOR('',#6877,1.);
#6877 = DIRECTION('',(0.,0.,1.));
#6878 = ORIENTED_EDGE('',*,*,#6879,.T.);
#6879 = EDGE_CURVE('',#6870,#6880,#6882,.T.);
#6880 = VERTEX_POINT('',#6881);
#6881 = CARTESIAN_POINT('',(14.73,18.025,1.));
#6882 = LINE('',#6883,#6884);
#6883 = CARTESIAN_POINT('',(14.73,16.975,1.));
#6884 = VECTOR('',#6885,1.);
#6885 = DIRECTION('',(0.,1.,0.));
#6886 = ORIENTED_EDGE('',*,*,#6887,.T.);
#6887 = EDGE_CURVE('',#6880,#6888,#6890,.T.);
#6888 = VERTEX_POINT('',#6889);
#6889 = CARTESIAN_POINT('',(14.73,18.025,1.55));
#6890 = LINE('',#6891,#6892);
#6891 = CARTESIAN_POINT('',(14.73,18.025,1.));
#6892 = VECTOR('',#6893,1.);
#6893 = DIRECTION('',(0.,0.,1.));
#6894 = ORIENTED_EDGE('',*,*,#6895,.F.);
#6895 = EDGE_CURVE('',#6872,#6888,#6896,.T.);
#6896 = LINE('',#6897,#6898);
#6897 = CARTESIAN_POINT('',(14.73,16.975,1.55));
#6898 = VECTOR('',#6899,1.);
#6899 = DIRECTION('',(0.,1.,0.));
#6900 = PLANE('',#6901);
#6901 = AXIS2_PLACEMENT_3D('',#6902,#6903,#6904);
#6902 = CARTESIAN_POINT('',(14.73,16.975,1.));
#6903 = DIRECTION('',(1.,0.,0.));
#6904 = DIRECTION('',(0.,0.,1.));
#6905 = ADVANCED_FACE('',(#6906),#6940,.T.);
#6906 = FACE_BOUND('',#6907,.T.);
#6907 = EDGE_LOOP('',(#6908,#6918,#6926,#6934));
#6908 = ORIENTED_EDGE('',*,*,#6909,.F.);
#6909 = EDGE_CURVE('',#6910,#6912,#6914,.T.);
#6910 = VERTEX_POINT('',#6911);
#6911 = CARTESIAN_POINT('',(15.27,16.975,1.));
#6912 = VERTEX_POINT('',#6913);
#6913 = CARTESIAN_POINT('',(15.27,16.975,1.55));
#6914 = LINE('',#6915,#6916);
#6915 = CARTESIAN_POINT('',(15.27,16.975,1.));
#6916 = VECTOR('',#6917,1.);
#6917 = DIRECTION('',(0.,0.,1.));
#6918 = ORIENTED_EDGE('',*,*,#6919,.T.);
#6919 = EDGE_CURVE('',#6910,#6920,#6922,.T.);
#6920 = VERTEX_POINT('',#6921);
#6921 = CARTESIAN_POINT('',(15.27,18.025,1.));
#6922 = LINE('',#6923,#6924);
#6923 = CARTESIAN_POINT('',(15.27,16.975,1.));
#6924 = VECTOR('',#6925,1.);
#6925 = DIRECTION('',(0.,1.,0.));
#6926 = ORIENTED_EDGE('',*,*,#6927,.T.);
#6927 = EDGE_CURVE('',#6920,#6928,#6930,.T.);
#6928 = VERTEX_POINT('',#6929);
#6929 = CARTESIAN_POINT('',(15.27,18.025,1.55));
#6930 = LINE('',#6931,#6932);
#6931 = CARTESIAN_POINT('',(15.27,18.025,1.));
#6932 = VECTOR('',#6933,1.);
#6933 = DIRECTION('',(0.,0.,1.));
#6934 = ORIENTED_EDGE('',*,*,#6935,.F.);
#6935 = EDGE_CURVE('',#6912,#6928,#6936,.T.);
#6936 = LINE('',#6937,#6938);
#6937 = CARTESIAN_POINT('',(15.27,16.975,1.55));
#6938 = VECTOR('',#6939,1.);
#6939 = DIRECTION('',(0.,1.,0.));
#6940 = PLANE('',#6941);
#6941 = AXIS2_PLACEMENT_3D('',#6942,#6943,#6944);
#6942 = CARTESIAN_POINT('',(15.27,16.975,1.));
#6943 = DIRECTION('',(1.,0.,0.));
#6944 = DIRECTION('',(0.,0.,1.));
#6945 = ADVANCED_FACE('',(#6946),#6962,.F.);
#6946 = FACE_BOUND('',#6947,.F.);
#6947 = EDGE_LOOP('',(#6948,#6954,#6955,#6961));
#6948 = ORIENTED_EDGE('',*,*,#6949,.F.);
#6949 = EDGE_CURVE('',#6870,#6910,#6950,.T.);
#6950 = LINE('',#6951,#6952);
#6951 = CARTESIAN_POINT('',(14.73,16.975,1.));
#6952 = VECTOR('',#6953,1.);
#6953 = DIRECTION('',(1.,0.,0.));
#6954 = ORIENTED_EDGE('',*,*,#6869,.T.);
#6955 = ORIENTED_EDGE('',*,*,#6956,.T.);
#6956 = EDGE_CURVE('',#6872,#6912,#6957,.T.);
#6957 = LINE('',#6958,#6959);
#6958 = CARTESIAN_POINT('',(14.73,16.975,1.55));
#6959 = VECTOR('',#6960,1.);
#6960 = DIRECTION('',(1.,0.,0.));
#6961 = ORIENTED_EDGE('',*,*,#6909,.F.);
#6962 = PLANE('',#6963);
#6963 = AXIS2_PLACEMENT_3D('',#6964,#6965,#6966);
#6964 = CARTESIAN_POINT('',(14.73,16.975,1.));
#6965 = DIRECTION('',(0.,1.,0.));
#6966 = DIRECTION('',(0.,0.,1.));
#6967 = ADVANCED_FACE('',(#6968),#6984,.T.);
#6968 = FACE_BOUND('',#6969,.T.);
#6969 = EDGE_LOOP('',(#6970,#6976,#6977,#6983));
#6970 = ORIENTED_EDGE('',*,*,#6971,.F.);
#6971 = EDGE_CURVE('',#6880,#6920,#6972,.T.);
#6972 = LINE('',#6973,#6974);
#6973 = CARTESIAN_POINT('',(14.73,18.025,1.));
#6974 = VECTOR('',#6975,1.);
#6975 = DIRECTION('',(1.,0.,0.));
#6976 = ORIENTED_EDGE('',*,*,#6887,.T.);
#6977 = ORIENTED_EDGE('',*,*,#6978,.T.);
#6978 = EDGE_CURVE('',#6888,#6928,#6979,.T.);
#6979 = LINE('',#6980,#6981);
#6980 = CARTESIAN_POINT('',(14.73,18.025,1.55));
#6981 = VECTOR('',#6982,1.);
#6982 = DIRECTION('',(1.,0.,0.));
#6983 = ORIENTED_EDGE('',*,*,#6927,.F.);
#6984 = PLANE('',#6985);
#6985 = AXIS2_PLACEMENT_3D('',#6986,#6987,#6988);
#6986 = CARTESIAN_POINT('',(14.73,18.025,1.));
#6987 = DIRECTION('',(0.,1.,0.));
#6988 = DIRECTION('',(0.,0.,1.));
#6989 = ADVANCED_FACE('',(#6990),#6996,.F.);
#6990 = FACE_BOUND('',#6991,.F.);
#6991 = EDGE_LOOP('',(#6992,#6993,#6994,#6995));
#6992 = ORIENTED_EDGE('',*,*,#6879,.F.);
#6993 = ORIENTED_EDGE('',*,*,#6949,.T.);
#6994 = ORIENTED_EDGE('',*,*,#6919,.T.);
#6995 = ORIENTED_EDGE('',*,*,#6971,.F.);
#6996 = PLANE('',#6997);
#6997 = AXIS2_PLACEMENT_3D('',#6998,#6999,#7000);
#6998 = CARTESIAN_POINT('',(14.73,16.975,1.));
#6999 = DIRECTION('',(0.,0.,1.));
#7000 = DIRECTION('',(1.,0.,0.));
#7001 = ADVANCED_FACE('',(#7002),#7008,.T.);
#7002 = FACE_BOUND('',#7003,.T.);
#7003 = EDGE_LOOP('',(#7004,#7005,#7006,#7007));
#7004 = ORIENTED_EDGE('',*,*,#6895,.F.);
#7005 = ORIENTED_EDGE('',*,*,#6956,.T.);
#7006 = ORIENTED_EDGE('',*,*,#6935,.T.);
#7007 = ORIENTED_EDGE('',*,*,#6978,.F.);
#7008 = PLANE('',#7009);
#7009 = AXIS2_PLACEMENT_3D('',#7010,#7011,#7012);
#7010 = CARTESIAN_POINT('',(14.73,16.975,1.55));
#7011 = DIRECTION('',(0.,0.,1.));
#7012 = DIRECTION('',(1.,0.,0.));
#7013 = MANIFOLD_SOLID_BREP('',#7014);
#7014 = CLOSED_SHELL('',(#7015,#7055,#7095,#7117,#7139,#7151));
#7015 = ADVANCED_FACE('',(#7016),#7050,.F.);
#7016 = FACE_BOUND('',#7017,.F.);
#7017 = EDGE_LOOP('',(#7018,#7028,#7036,#7044));
#7018 = ORIENTED_EDGE('',*,*,#7019,.F.);
#7019 = EDGE_CURVE('',#7020,#7022,#7024,.T.);
#7020 = VERTEX_POINT('',#7021);
#7021 = CARTESIAN_POINT('',(5.35,9.775,1.));
#7022 = VERTEX_POINT('',#7023);
#7023 = CARTESIAN_POINT('',(5.35,9.775,2.45));
#7024 = LINE('',#7025,#7026);
#7025 = CARTESIAN_POINT('',(5.35,9.775,1.));
#7026 = VECTOR('',#7027,1.);
#7027 = DIRECTION('',(0.,0.,1.));
#7028 = ORIENTED_EDGE('',*,*,#7029,.T.);
#7029 = EDGE_CURVE('',#7020,#7030,#7032,.T.);
#7030 = VERTEX_POINT('',#7031);
#7031 = CARTESIAN_POINT('',(5.35,11.025,1.));
#7032 = LINE('',#7033,#7034);
#7033 = CARTESIAN_POINT('',(5.35,9.775,1.));
#7034 = VECTOR('',#7035,1.);
#7035 = DIRECTION('',(0.,1.,0.));
#7036 = ORIENTED_EDGE('',*,*,#7037,.T.);
#7037 = EDGE_CURVE('',#7030,#7038,#7040,.T.);
#7038 = VERTEX_POINT('',#7039);
#7039 = CARTESIAN_POINT('',(5.35,11.025,2.45));
#7040 = LINE('',#7041,#7042);
#7041 = CARTESIAN_POINT('',(5.35,11.025,1.));
#7042 = VECTOR('',#7043,1.);
#7043 = DIRECTION('',(0.,0.,1.));
#7044 = ORIENTED_EDGE('',*,*,#7045,.F.);
#7045 = EDGE_CURVE('',#7022,#7038,#7046,.T.);
#7046 = LINE('',#7047,#7048);
#7047 = CARTESIAN_POINT('',(5.35,9.775,2.45));
#7048 = VECTOR('',#7049,1.);
#7049 = DIRECTION('',(0.,1.,0.));
#7050 = PLANE('',#7051);
#7051 = AXIS2_PLACEMENT_3D('',#7052,#7053,#7054);
#7052 = CARTESIAN_POINT('',(5.35,9.775,1.));
#7053 = DIRECTION('',(1.,0.,0.));
#7054 = DIRECTION('',(0.,0.,1.));
#7055 = ADVANCED_FACE('',(#7056),#7090,.T.);
#7056 = FACE_BOUND('',#7057,.T.);
#7057 = EDGE_LOOP('',(#7058,#7068,#7076,#7084));
#7058 = ORIENTED_EDGE('',*,*,#7059,.F.);
#7059 = EDGE_CURVE('',#7060,#7062,#7064,.T.);
#7060 = VERTEX_POINT('',#7061);
#7061 = CARTESIAN_POINT('',(7.35,9.775,1.));
#7062 = VERTEX_POINT('',#7063);
#7063 = CARTESIAN_POINT('',(7.35,9.775,2.45));
#7064 = LINE('',#7065,#7066);
#7065 = CARTESIAN_POINT('',(7.35,9.775,1.));
#7066 = VECTOR('',#7067,1.);
#7067 = DIRECTION('',(0.,0.,1.));
#7068 = ORIENTED_EDGE('',*,*,#7069,.T.);
#7069 = EDGE_CURVE('',#7060,#7070,#7072,.T.);
#7070 = VERTEX_POINT('',#7071);
#7071 = CARTESIAN_POINT('',(7.35,11.025,1.));
#7072 = LINE('',#7073,#7074);
#7073 = CARTESIAN_POINT('',(7.35,9.775,1.));
#7074 = VECTOR('',#7075,1.);
#7075 = DIRECTION('',(0.,1.,0.));
#7076 = ORIENTED_EDGE('',*,*,#7077,.T.);
#7077 = EDGE_CURVE('',#7070,#7078,#7080,.T.);
#7078 = VERTEX_POINT('',#7079);
#7079 = CARTESIAN_POINT('',(7.35,11.025,2.45));
#7080 = LINE('',#7081,#7082);
#7081 = CARTESIAN_POINT('',(7.35,11.025,1.));
#7082 = VECTOR('',#7083,1.);
#7083 = DIRECTION('',(0.,0.,1.));
#7084 = ORIENTED_EDGE('',*,*,#7085,.F.);
#7085 = EDGE_CURVE('',#7062,#7078,#7086,.T.);
#7086 = LINE('',#7087,#7088);
#7087 = CARTESIAN_POINT('',(7.35,9.775,2.45));
#7088 = VECTOR('',#7089,1.);
#7089 = DIRECTION('',(0.,1.,0.));
#7090 = PLANE('',#7091);
#7091 = AXIS2_PLACEMENT_3D('',#7092,#7093,#7094);
#7092 = CARTESIAN_POINT('',(7.35,9.775,1.));
#7093 = DIRECTION('',(1.,0.,0.));
#7094 = DIRECTION('',(0.,0.,1.));
#7095 = ADVANCED_FACE('',(#7096),#7112,.F.);
#7096 = FACE_BOUND('',#7097,.F.);
#7097 = EDGE_LOOP('',(#7098,#7104,#7105,#7111));
#7098 = ORIENTED_EDGE('',*,*,#7099,.F.);
#7099 = EDGE_CURVE('',#7020,#7060,#7100,.T.);
#7100 = LINE('',#7101,#7102);
#7101 = CARTESIAN_POINT('',(5.35,9.775,1.));
#7102 = VECTOR('',#7103,1.);
#7103 = DIRECTION('',(1.,0.,0.));
#7104 = ORIENTED_EDGE('',*,*,#7019,.T.);
#7105 = ORIENTED_EDGE('',*,*,#7106,.T.);
#7106 = EDGE_CURVE('',#7022,#7062,#7107,.T.);
#7107 = LINE('',#7108,#7109);
#7108 = CARTESIAN_POINT('',(5.35,9.775,2.45));
#7109 = VECTOR('',#7110,1.);
#7110 = DIRECTION('',(1.,0.,0.));
#7111 = ORIENTED_EDGE('',*,*,#7059,.F.);
#7112 = PLANE('',#7113);
#7113 = AXIS2_PLACEMENT_3D('',#7114,#7115,#7116);
#7114 = CARTESIAN_POINT('',(5.35,9.775,1.));
#7115 = DIRECTION('',(0.,1.,0.));
#7116 = DIRECTION('',(0.,0.,1.));
#7117 = ADVANCED_FACE('',(#7118),#7134,.T.);
#7118 = FACE_BOUND('',#7119,.T.);
#7119 = EDGE_LOOP('',(#7120,#7126,#7127,#7133));
#7120 = ORIENTED_EDGE('',*,*,#7121,.F.);
#7121 = EDGE_CURVE('',#7030,#7070,#7122,.T.);
#7122 = LINE('',#7123,#7124);
#7123 = CARTESIAN_POINT('',(5.35,11.025,1.));
#7124 = VECTOR('',#7125,1.);
#7125 = DIRECTION('',(1.,0.,0.));
#7126 = ORIENTED_EDGE('',*,*,#7037,.T.);
#7127 = ORIENTED_EDGE('',*,*,#7128,.T.);
#7128 = EDGE_CURVE('',#7038,#7078,#7129,.T.);
#7129 = LINE('',#7130,#7131);
#7130 = CARTESIAN_POINT('',(5.35,11.025,2.45));
#7131 = VECTOR('',#7132,1.);
#7132 = DIRECTION('',(1.,0.,0.));
#7133 = ORIENTED_EDGE('',*,*,#7077,.F.);
#7134 = PLANE('',#7135);
#7135 = AXIS2_PLACEMENT_3D('',#7136,#7137,#7138);
#7136 = CARTESIAN_POINT('',(5.35,11.025,1.));
#7137 = DIRECTION('',(0.,1.,0.));
#7138 = DIRECTION('',(0.,0.,1.));
#7139 = ADVANCED_FACE('',(#7140),#7146,.F.);
#7140 = FACE_BOUND('',#7141,.F.);
#7141 = EDGE_LOOP('',(#7142,#7143,#7144,#7145));
#7142 = ORIENTED_EDGE('',*,*,#7029,.F.);
#7143 = ORIENTED_EDGE('',*,*,#7099,.T.);
#7144 = ORIENTED_EDGE('',*,*,#7069,.T.);
#7145 = ORIENTED_EDGE('',*,*,#7121,.F.);
#7146 = PLANE('',#7147);
#7147 = AXIS2_PLACEMENT_3D('',#7148,#7149,#7150);
#7148 = CARTESIAN_POINT('',(5.35,9.775,1.));
#7149 = DIRECTION('',(0.,0.,1.));
#7150 = DIRECTION('',(1.,0.,0.));
#7151 = ADVANCED_FACE('',(#7152),#7158,.T.);
#7152 = FACE_BOUND('',#7153,.T.);
#7153 = EDGE_LOOP('',(#7154,#7155,#7156,#7157));
#7154 = ORIENTED_EDGE('',*,*,#7045,.F.);
#7155 = ORIENTED_EDGE('',*,*,#7106,.T.);
#7156 = ORIENTED_EDGE('',*,*,#7085,.T.);
#7157 = ORIENTED_EDGE('',*,*,#7128,.F.);
#7158 = PLANE('',#7159);
#7159 = AXIS2_PLACEMENT_3D('',#7160,#7161,#7162);
#7160 = CARTESIAN_POINT('',(5.35,9.775,2.45));
#7161 = DIRECTION('',(0.,0.,1.));
#7162 = DIRECTION('',(1.,0.,0.));
#7163 = MANIFOLD_SOLID_BREP('',#7164);
#7164 = CLOSED_SHELL('',(#7165,#7205,#7245,#7267,#7289,#7301));
#7165 = ADVANCED_FACE('',(#7166),#7200,.F.);
#7166 = FACE_BOUND('',#7167,.F.);
#7167 = EDGE_LOOP('',(#7168,#7178,#7186,#7194));
#7168 = ORIENTED_EDGE('',*,*,#7169,.F.);
#7169 = EDGE_CURVE('',#7170,#7172,#7174,.T.);
#7170 = VERTEX_POINT('',#7171);
#7171 = CARTESIAN_POINT('',(14.25,9.45,1.));
#7172 = VERTEX_POINT('',#7173);
#7173 = CARTESIAN_POINT('',(14.25,9.45,1.4));
#7174 = LINE('',#7175,#7176);
#7175 = CARTESIAN_POINT('',(14.25,9.45,1.));
#7176 = VECTOR('',#7177,1.);
#7177 = DIRECTION('',(0.,0.,1.));
#7178 = ORIENTED_EDGE('',*,*,#7179,.T.);
#7179 = EDGE_CURVE('',#7170,#7180,#7182,.T.);
#7180 = VERTEX_POINT('',#7181);
#7181 = CARTESIAN_POINT('',(14.25,10.05,1.));
#7182 = LINE('',#7183,#7184);
#7183 = CARTESIAN_POINT('',(14.25,9.45,1.));
#7184 = VECTOR('',#7185,1.);
#7185 = DIRECTION('',(0.,1.,0.));
#7186 = ORIENTED_EDGE('',*,*,#7187,.T.);
#7187 = EDGE_CURVE('',#7180,#7188,#7190,.T.);
#7188 = VERTEX_POINT('',#7189);
#7189 = CARTESIAN_POINT('',(14.25,10.05,1.4));
#7190 = LINE('',#7191,#7192);
#7191 = CARTESIAN_POINT('',(14.25,10.05,1.));
#7192 = VECTOR('',#7193,1.);
#7193 = DIRECTION('',(0.,0.,1.));
#7194 = ORIENTED_EDGE('',*,*,#7195,.F.);
#7195 = EDGE_CURVE('',#7172,#7188,#7196,.T.);
#7196 = LINE('',#7197,#7198);
#7197 = CARTESIAN_POINT('',(14.25,9.45,1.4));
#7198 = VECTOR('',#7199,1.);
#7199 = DIRECTION('',(0.,1.,0.));
#7200 = PLANE('',#7201);
#7201 = AXIS2_PLACEMENT_3D('',#7202,#7203,#7204);
#7202 = CARTESIAN_POINT('',(14.25,9.45,1.));
#7203 = DIRECTION('',(1.,0.,0.));
#7204 = DIRECTION('',(0.,0.,1.));
#7205 = ADVANCED_FACE('',(#7206),#7240,.T.);
#7206 = FACE_BOUND('',#7207,.T.);
#7207 = EDGE_LOOP('',(#7208,#7218,#7226,#7234));
#7208 = ORIENTED_EDGE('',*,*,#7209,.F.);
#7209 = EDGE_CURVE('',#7210,#7212,#7214,.T.);
#7210 = VERTEX_POINT('',#7211);
#7211 = CARTESIAN_POINT('',(15.35,9.45,1.));
#7212 = VERTEX_POINT('',#7213);
#7213 = CARTESIAN_POINT('',(15.35,9.45,1.4));
#7214 = LINE('',#7215,#7216);
#7215 = CARTESIAN_POINT('',(15.35,9.45,1.));
#7216 = VECTOR('',#7217,1.);
#7217 = DIRECTION('',(0.,0.,1.));
#7218 = ORIENTED_EDGE('',*,*,#7219,.T.);
#7219 = EDGE_CURVE('',#7210,#7220,#7222,.T.);
#7220 = VERTEX_POINT('',#7221);
#7221 = CARTESIAN_POINT('',(15.35,10.05,1.));
#7222 = LINE('',#7223,#7224);
#7223 = CARTESIAN_POINT('',(15.35,9.45,1.));
#7224 = VECTOR('',#7225,1.);
#7225 = DIRECTION('',(0.,1.,0.));
#7226 = ORIENTED_EDGE('',*,*,#7227,.T.);
#7227 = EDGE_CURVE('',#7220,#7228,#7230,.T.);
#7228 = VERTEX_POINT('',#7229);
#7229 = CARTESIAN_POINT('',(15.35,10.05,1.4));
#7230 = LINE('',#7231,#7232);
#7231 = CARTESIAN_POINT('',(15.35,10.05,1.));
#7232 = VECTOR('',#7233,1.);
#7233 = DIRECTION('',(0.,0.,1.));
#7234 = ORIENTED_EDGE('',*,*,#7235,.F.);
#7235 = EDGE_CURVE('',#7212,#7228,#7236,.T.);
#7236 = LINE('',#7237,#7238);
#7237 = CARTESIAN_POINT('',(15.35,9.45,1.4));
#7238 = VECTOR('',#7239,1.);
#7239 = DIRECTION('',(0.,1.,0.));
#7240 = PLANE('',#7241);
#7241 = AXIS2_PLACEMENT_3D('',#7242,#7243,#7244);
#7242 = CARTESIAN_POINT('',(15.35,9.45,1.));
#7243 = DIRECTION('',(1.,0.,0.));
#7244 = DIRECTION('',(0.,0.,1.));
#7245 = ADVANCED_FACE('',(#7246),#7262,.F.);
#7246 = FACE_BOUND('',#7247,.F.);
#7247 = EDGE_LOOP('',(#7248,#7254,#7255,#7261));
#7248 = ORIENTED_EDGE('',*,*,#7249,.F.);
#7249 = EDGE_CURVE('',#7170,#7210,#7250,.T.);
#7250 = LINE('',#7251,#7252);
#7251 = CARTESIAN_POINT('',(14.25,9.45,1.));
#7252 = VECTOR('',#7253,1.);
#7253 = DIRECTION('',(1.,0.,0.));
#7254 = ORIENTED_EDGE('',*,*,#7169,.T.);
#7255 = ORIENTED_EDGE('',*,*,#7256,.T.);
#7256 = EDGE_CURVE('',#7172,#7212,#7257,.T.);
#7257 = LINE('',#7258,#7259);
#7258 = CARTESIAN_POINT('',(14.25,9.45,1.4));
#7259 = VECTOR('',#7260,1.);
#7260 = DIRECTION('',(1.,0.,0.));
#7261 = ORIENTED_EDGE('',*,*,#7209,.F.);
#7262 = PLANE('',#7263);
#7263 = AXIS2_PLACEMENT_3D('',#7264,#7265,#7266);
#7264 = CARTESIAN_POINT('',(14.25,9.45,1.));
#7265 = DIRECTION('',(0.,1.,0.));
#7266 = DIRECTION('',(0.,0.,1.));
#7267 = ADVANCED_FACE('',(#7268),#7284,.T.);
#7268 = FACE_BOUND('',#7269,.T.);
#7269 = EDGE_LOOP('',(#7270,#7276,#7277,#7283));
#7270 = ORIENTED_EDGE('',*,*,#7271,.F.);
#7271 = EDGE_CURVE('',#7180,#7220,#7272,.T.);
#7272 = LINE('',#7273,#7274);
#7273 = CARTESIAN_POINT('',(14.25,10.05,1.));
#7274 = VECTOR('',#7275,1.);
#7275 = DIRECTION('',(1.,0.,0.));
#7276 = ORIENTED_EDGE('',*,*,#7187,.T.);
#7277 = ORIENTED_EDGE('',*,*,#7278,.T.);
#7278 = EDGE_CURVE('',#7188,#7228,#7279,.T.);
#7279 = LINE('',#7280,#7281);
#7280 = CARTESIAN_POINT('',(14.25,10.05,1.4));
#7281 = VECTOR('',#7282,1.);
#7282 = DIRECTION('',(1.,0.,0.));
#7283 = ORIENTED_EDGE('',*,*,#7227,.F.);
#7284 = PLANE('',#7285);
#7285 = AXIS2_PLACEMENT_3D('',#7286,#7287,#7288);
#7286 = CARTESIAN_POINT('',(14.25,10.05,1.));
#7287 = DIRECTION('',(0.,1.,0.));
#7288 = DIRECTION('',(0.,0.,1.));
#7289 = ADVANCED_FACE('',(#7290),#7296,.F.);
#7290 = FACE_BOUND('',#7291,.F.);
#7291 = EDGE_LOOP('',(#7292,#7293,#7294,#7295));
#7292 = ORIENTED_EDGE('',*,*,#7179,.F.);
#7293 = ORIENTED_EDGE('',*,*,#7249,.T.);
#7294 = ORIENTED_EDGE('',*,*,#7219,.T.);
#7295 = ORIENTED_EDGE('',*,*,#7271,.F.);
#7296 = PLANE('',#7297);
#7297 = AXIS2_PLACEMENT_3D('',#7298,#7299,#7300);
#7298 = CARTESIAN_POINT('',(14.25,9.45,1.));
#7299 = DIRECTION('',(0.,0.,1.));
#7300 = DIRECTION('',(1.,0.,0.));
#7301 = ADVANCED_FACE('',(#7302),#7308,.T.);
#7302 = FACE_BOUND('',#7303,.T.);
#7303 = EDGE_LOOP('',(#7304,#7305,#7306,#7307));
#7304 = ORIENTED_EDGE('',*,*,#7195,.F.);
#7305 = ORIENTED_EDGE('',*,*,#7256,.T.);
#7306 = ORIENTED_EDGE('',*,*,#7235,.T.);
#7307 = ORIENTED_EDGE('',*,*,#7278,.F.);
#7308 = PLANE('',#7309);
#7309 = AXIS2_PLACEMENT_3D('',#7310,#7311,#7312);
#7310 = CARTESIAN_POINT('',(14.25,9.45,1.4));
#7311 = DIRECTION('',(0.,0.,1.));
#7312 = DIRECTION('',(1.,0.,0.));
#7313 = MANIFOLD_SOLID_BREP('',#7314);
#7314 = CLOSED_SHELL('',(#7315,#7355,#7395,#7417,#7439,#7451));
#7315 = ADVANCED_FACE('',(#7316),#7350,.F.);
#7316 = FACE_BOUND('',#7317,.F.);
#7317 = EDGE_LOOP('',(#7318,#7328,#7336,#7344));
#7318 = ORIENTED_EDGE('',*,*,#7319,.F.);
#7319 = EDGE_CURVE('',#7320,#7322,#7324,.T.);
#7320 = VERTEX_POINT('',#7321);
#7321 = CARTESIAN_POINT('',(5.75,25.75,1.));
#7322 = VERTEX_POINT('',#7323);
#7323 = CARTESIAN_POINT('',(5.75,25.75,1.55));
#7324 = LINE('',#7325,#7326);
#7325 = CARTESIAN_POINT('',(5.75,25.75,1.));
#7326 = VECTOR('',#7327,1.);
#7327 = DIRECTION('',(0.,0.,1.));
#7328 = ORIENTED_EDGE('',*,*,#7329,.T.);
#7329 = EDGE_CURVE('',#7320,#7330,#7332,.T.);
#7330 = VERTEX_POINT('',#7331);
#7331 = CARTESIAN_POINT('',(5.75,26.25,1.));
#7332 = LINE('',#7333,#7334);
#7333 = CARTESIAN_POINT('',(5.75,25.75,1.));
#7334 = VECTOR('',#7335,1.);
#7335 = DIRECTION('',(0.,1.,0.));
#7336 = ORIENTED_EDGE('',*,*,#7337,.T.);
#7337 = EDGE_CURVE('',#7330,#7338,#7340,.T.);
#7338 = VERTEX_POINT('',#7339);
#7339 = CARTESIAN_POINT('',(5.75,26.25,1.55));
#7340 = LINE('',#7341,#7342);
#7341 = CARTESIAN_POINT('',(5.75,26.25,1.));
#7342 = VECTOR('',#7343,1.);
#7343 = DIRECTION('',(0.,0.,1.));
#7344 = ORIENTED_EDGE('',*,*,#7345,.F.);
#7345 = EDGE_CURVE('',#7322,#7338,#7346,.T.);
#7346 = LINE('',#7347,#7348);
#7347 = CARTESIAN_POINT('',(5.75,25.75,1.55));
#7348 = VECTOR('',#7349,1.);
#7349 = DIRECTION('',(0.,1.,0.));
#7350 = PLANE('',#7351);
#7351 = AXIS2_PLACEMENT_3D('',#7352,#7353,#7354);
#7352 = CARTESIAN_POINT('',(5.75,25.75,1.));
#7353 = DIRECTION('',(1.,0.,0.));
#7354 = DIRECTION('',(0.,0.,1.));
#7355 = ADVANCED_FACE('',(#7356),#7390,.T.);
#7356 = FACE_BOUND('',#7357,.T.);
#7357 = EDGE_LOOP('',(#7358,#7368,#7376,#7384));
#7358 = ORIENTED_EDGE('',*,*,#7359,.F.);
#7359 = EDGE_CURVE('',#7360,#7362,#7364,.T.);
#7360 = VERTEX_POINT('',#7361);
#7361 = CARTESIAN_POINT('',(6.75,25.75,1.));
#7362 = VERTEX_POINT('',#7363);
#7363 = CARTESIAN_POINT('',(6.75,25.75,1.55));
#7364 = LINE('',#7365,#7366);
#7365 = CARTESIAN_POINT('',(6.75,25.75,1.));
#7366 = VECTOR('',#7367,1.);
#7367 = DIRECTION('',(0.,0.,1.));
#7368 = ORIENTED_EDGE('',*,*,#7369,.T.);
#7369 = EDGE_CURVE('',#7360,#7370,#7372,.T.);
#7370 = VERTEX_POINT('',#7371);
#7371 = CARTESIAN_POINT('',(6.75,26.25,1.));
#7372 = LINE('',#7373,#7374);
#7373 = CARTESIAN_POINT('',(6.75,25.75,1.));
#7374 = VECTOR('',#7375,1.);
#7375 = DIRECTION('',(0.,1.,0.));
#7376 = ORIENTED_EDGE('',*,*,#7377,.T.);
#7377 = EDGE_CURVE('',#7370,#7378,#7380,.T.);
#7378 = VERTEX_POINT('',#7379);
#7379 = CARTESIAN_POINT('',(6.75,26.25,1.55));
#7380 = LINE('',#7381,#7382);
#7381 = CARTESIAN_POINT('',(6.75,26.25,1.));
#7382 = VECTOR('',#7383,1.);
#7383 = DIRECTION('',(0.,0.,1.));
#7384 = ORIENTED_EDGE('',*,*,#7385,.F.);
#7385 = EDGE_CURVE('',#7362,#7378,#7386,.T.);
#7386 = LINE('',#7387,#7388);
#7387 = CARTESIAN_POINT('',(6.75,25.75,1.55));
#7388 = VECTOR('',#7389,1.);
#7389 = DIRECTION('',(0.,1.,0.));
#7390 = PLANE('',#7391);
#7391 = AXIS2_PLACEMENT_3D('',#7392,#7393,#7394);
#7392 = CARTESIAN_POINT('',(6.75,25.75,1.));
#7393 = DIRECTION('',(1.,0.,0.));
#7394 = DIRECTION('',(0.,0.,1.));
#7395 = ADVANCED_FACE('',(#7396),#7412,.F.);
#7396 = FACE_BOUND('',#7397,.F.);
#7397 = EDGE_LOOP('',(#7398,#7404,#7405,#7411));
#7398 = ORIENTED_EDGE('',*,*,#7399,.F.);
#7399 = EDGE_CURVE('',#7320,#7360,#7400,.T.);
#7400 = LINE('',#7401,#7402);
#7401 = CARTESIAN_POINT('',(5.75,25.75,1.));
#7402 = VECTOR('',#7403,1.);
#7403 = DIRECTION('',(1.,0.,0.));
#7404 = ORIENTED_EDGE('',*,*,#7319,.T.);
#7405 = ORIENTED_EDGE('',*,*,#7406,.T.);
#7406 = EDGE_CURVE('',#7322,#7362,#7407,.T.);
#7407 = LINE('',#7408,#7409);
#7408 = CARTESIAN_POINT('',(5.75,25.75,1.55));
#7409 = VECTOR('',#7410,1.);
#7410 = DIRECTION('',(1.,0.,0.));
#7411 = ORIENTED_EDGE('',*,*,#7359,.F.);
#7412 = PLANE('',#7413);
#7413 = AXIS2_PLACEMENT_3D('',#7414,#7415,#7416);
#7414 = CARTESIAN_POINT('',(5.75,25.75,1.));
#7415 = DIRECTION('',(0.,1.,0.));
#7416 = DIRECTION('',(0.,0.,1.));
#7417 = ADVANCED_FACE('',(#7418),#7434,.T.);
#7418 = FACE_BOUND('',#7419,.T.);
#7419 = EDGE_LOOP('',(#7420,#7426,#7427,#7433));
#7420 = ORIENTED_EDGE('',*,*,#7421,.F.);
#7421 = EDGE_CURVE('',#7330,#7370,#7422,.T.);
#7422 = LINE('',#7423,#7424);
#7423 = CARTESIAN_POINT('',(5.75,26.25,1.));
#7424 = VECTOR('',#7425,1.);
#7425 = DIRECTION('',(1.,0.,0.));
#7426 = ORIENTED_EDGE('',*,*,#7337,.T.);
#7427 = ORIENTED_EDGE('',*,*,#7428,.T.);
#7428 = EDGE_CURVE('',#7338,#7378,#7429,.T.);
#7429 = LINE('',#7430,#7431);
#7430 = CARTESIAN_POINT('',(5.75,26.25,1.55));
#7431 = VECTOR('',#7432,1.);
#7432 = DIRECTION('',(1.,0.,0.));
#7433 = ORIENTED_EDGE('',*,*,#7377,.F.);
#7434 = PLANE('',#7435);
#7435 = AXIS2_PLACEMENT_3D('',#7436,#7437,#7438);
#7436 = CARTESIAN_POINT('',(5.75,26.25,1.));
#7437 = DIRECTION('',(0.,1.,0.));
#7438 = DIRECTION('',(0.,0.,1.));
#7439 = ADVANCED_FACE('',(#7440),#7446,.F.);
#7440 = FACE_BOUND('',#7441,.F.);
#7441 = EDGE_LOOP('',(#7442,#7443,#7444,#7445));
#7442 = ORIENTED_EDGE('',*,*,#7329,.F.);
#7443 = ORIENTED_EDGE('',*,*,#7399,.T.);
#7444 = ORIENTED_EDGE('',*,*,#7369,.T.);
#7445 = ORIENTED_EDGE('',*,*,#7421,.F.);
#7446 = PLANE('',#7447);
#7447 = AXIS2_PLACEMENT_3D('',#7448,#7449,#7450);
#7448 = CARTESIAN_POINT('',(5.75,25.75,1.));
#7449 = DIRECTION('',(0.,0.,1.));
#7450 = DIRECTION('',(1.,0.,0.));
#7451 = ADVANCED_FACE('',(#7452),#7458,.T.);
#7452 = FACE_BOUND('',#7453,.T.);
#7453 = EDGE_LOOP('',(#7454,#7455,#7456,#7457));
#7454 = ORIENTED_EDGE('',*,*,#7345,.F.);
#7455 = ORIENTED_EDGE('',*,*,#7406,.T.);
#7456 = ORIENTED_EDGE('',*,*,#7385,.T.);
#7457 = ORIENTED_EDGE('',*,*,#7428,.F.);
#7458 = PLANE('',#7459);
#7459 = AXIS2_PLACEMENT_3D('',#7460,#7461,#7462);
#7460 = CARTESIAN_POINT('',(5.75,25.75,1.55));
#7461 = DIRECTION('',(0.,0.,1.));
#7462 = DIRECTION('',(1.,0.,0.));
#7463 = MANIFOLD_SOLID_BREP('',#7464);
#7464 = CLOSED_SHELL('',(#7465,#7505,#7545,#7567,#7589,#7601));
#7465 = ADVANCED_FACE('',(#7466),#7500,.F.);
#7466 = FACE_BOUND('',#7467,.F.);
#7467 = EDGE_LOOP('',(#7468,#7478,#7486,#7494));
#7468 = ORIENTED_EDGE('',*,*,#7469,.F.);
#7469 = EDGE_CURVE('',#7470,#7472,#7474,.T.);
#7470 = VERTEX_POINT('',#7471);
#7471 = CARTESIAN_POINT('',(1.23,14.475,1.));
#7472 = VERTEX_POINT('',#7473);
#7473 = CARTESIAN_POINT('',(1.23,14.475,1.55));
#7474 = LINE('',#7475,#7476);
#7475 = CARTESIAN_POINT('',(1.23,14.475,1.));
#7476 = VECTOR('',#7477,1.);
#7477 = DIRECTION('',(0.,0.,1.));
#7478 = ORIENTED_EDGE('',*,*,#7479,.T.);
#7479 = EDGE_CURVE('',#7470,#7480,#7482,.T.);
#7480 = VERTEX_POINT('',#7481);
#7481 = CARTESIAN_POINT('',(1.23,15.525,1.));
#7482 = LINE('',#7483,#7484);
#7483 = CARTESIAN_POINT('',(1.23,14.475,1.));
#7484 = VECTOR('',#7485,1.);
#7485 = DIRECTION('',(0.,1.,0.));
#7486 = ORIENTED_EDGE('',*,*,#7487,.T.);
#7487 = EDGE_CURVE('',#7480,#7488,#7490,.T.);
#7488 = VERTEX_POINT('',#7489);
#7489 = CARTESIAN_POINT('',(1.23,15.525,1.55));
#7490 = LINE('',#7491,#7492);
#7491 = CARTESIAN_POINT('',(1.23,15.525,1.));
#7492 = VECTOR('',#7493,1.);
#7493 = DIRECTION('',(0.,0.,1.));
#7494 = ORIENTED_EDGE('',*,*,#7495,.F.);
#7495 = EDGE_CURVE('',#7472,#7488,#7496,.T.);
#7496 = LINE('',#7497,#7498);
#7497 = CARTESIAN_POINT('',(1.23,14.475,1.55));
#7498 = VECTOR('',#7499,1.);
#7499 = DIRECTION('',(0.,1.,0.));
#7500 = PLANE('',#7501);
#7501 = AXIS2_PLACEMENT_3D('',#7502,#7503,#7504);
#7502 = CARTESIAN_POINT('',(1.23,14.475,1.));
#7503 = DIRECTION('',(1.,0.,0.));
#7504 = DIRECTION('',(0.,0.,1.));
#7505 = ADVANCED_FACE('',(#7506),#7540,.T.);
#7506 = FACE_BOUND('',#7507,.T.);
#7507 = EDGE_LOOP('',(#7508,#7518,#7526,#7534));
#7508 = ORIENTED_EDGE('',*,*,#7509,.F.);
#7509 = EDGE_CURVE('',#7510,#7512,#7514,.T.);
#7510 = VERTEX_POINT('',#7511);
#7511 = CARTESIAN_POINT('',(1.77,14.475,1.));
#7512 = VERTEX_POINT('',#7513);
#7513 = CARTESIAN_POINT('',(1.77,14.475,1.55));
#7514 = LINE('',#7515,#7516);
#7515 = CARTESIAN_POINT('',(1.77,14.475,1.));
#7516 = VECTOR('',#7517,1.);
#7517 = DIRECTION('',(0.,0.,1.));
#7518 = ORIENTED_EDGE('',*,*,#7519,.T.);
#7519 = EDGE_CURVE('',#7510,#7520,#7522,.T.);
#7520 = VERTEX_POINT('',#7521);
#7521 = CARTESIAN_POINT('',(1.77,15.525,1.));
#7522 = LINE('',#7523,#7524);
#7523 = CARTESIAN_POINT('',(1.77,14.475,1.));
#7524 = VECTOR('',#7525,1.);
#7525 = DIRECTION('',(0.,1.,0.));
#7526 = ORIENTED_EDGE('',*,*,#7527,.T.);
#7527 = EDGE_CURVE('',#7520,#7528,#7530,.T.);
#7528 = VERTEX_POINT('',#7529);
#7529 = CARTESIAN_POINT('',(1.77,15.525,1.55));
#7530 = LINE('',#7531,#7532);
#7531 = CARTESIAN_POINT('',(1.77,15.525,1.));
#7532 = VECTOR('',#7533,1.);
#7533 = DIRECTION('',(0.,0.,1.));
#7534 = ORIENTED_EDGE('',*,*,#7535,.F.);
#7535 = EDGE_CURVE('',#7512,#7528,#7536,.T.);
#7536 = LINE('',#7537,#7538);
#7537 = CARTESIAN_POINT('',(1.77,14.475,1.55));
#7538 = VECTOR('',#7539,1.);
#7539 = DIRECTION('',(0.,1.,0.));
#7540 = PLANE('',#7541);
#7541 = AXIS2_PLACEMENT_3D('',#7542,#7543,#7544);
#7542 = CARTESIAN_POINT('',(1.77,14.475,1.));
#7543 = DIRECTION('',(1.,0.,0.));
#7544 = DIRECTION('',(0.,0.,1.));
#7545 = ADVANCED_FACE('',(#7546),#7562,.F.);
#7546 = FACE_BOUND('',#7547,.F.);
#7547 = EDGE_LOOP('',(#7548,#7554,#7555,#7561));
#7548 = ORIENTED_EDGE('',*,*,#7549,.F.);
#7549 = EDGE_CURVE('',#7470,#7510,#7550,.T.);
#7550 = LINE('',#7551,#7552);
#7551 = CARTESIAN_POINT('',(1.23,14.475,1.));
#7552 = VECTOR('',#7553,1.);
#7553 = DIRECTION('',(1.,0.,0.));
#7554 = ORIENTED_EDGE('',*,*,#7469,.T.);
#7555 = ORIENTED_EDGE('',*,*,#7556,.T.);
#7556 = EDGE_CURVE('',#7472,#7512,#7557,.T.);
#7557 = LINE('',#7558,#7559);
#7558 = CARTESIAN_POINT('',(1.23,14.475,1.55));
#7559 = VECTOR('',#7560,1.);
#7560 = DIRECTION('',(1.,0.,0.));
#7561 = ORIENTED_EDGE('',*,*,#7509,.F.);
#7562 = PLANE('',#7563);
#7563 = AXIS2_PLACEMENT_3D('',#7564,#7565,#7566);
#7564 = CARTESIAN_POINT('',(1.23,14.475,1.));
#7565 = DIRECTION('',(0.,1.,0.));
#7566 = DIRECTION('',(0.,0.,1.));
#7567 = ADVANCED_FACE('',(#7568),#7584,.T.);
#7568 = FACE_BOUND('',#7569,.T.);
#7569 = EDGE_LOOP('',(#7570,#7576,#7577,#7583));
#7570 = ORIENTED_EDGE('',*,*,#7571,.F.);
#7571 = EDGE_CURVE('',#7480,#7520,#7572,.T.);
#7572 = LINE('',#7573,#7574);
#7573 = CARTESIAN_POINT('',(1.23,15.525,1.));
#7574 = VECTOR('',#7575,1.);
#7575 = DIRECTION('',(1.,0.,0.));
#7576 = ORIENTED_EDGE('',*,*,#7487,.T.);
#7577 = ORIENTED_EDGE('',*,*,#7578,.T.);
#7578 = EDGE_CURVE('',#7488,#7528,#7579,.T.);
#7579 = LINE('',#7580,#7581);
#7580 = CARTESIAN_POINT('',(1.23,15.525,1.55));
#7581 = VECTOR('',#7582,1.);
#7582 = DIRECTION('',(1.,0.,0.));
#7583 = ORIENTED_EDGE('',*,*,#7527,.F.);
#7584 = PLANE('',#7585);
#7585 = AXIS2_PLACEMENT_3D('',#7586,#7587,#7588);
#7586 = CARTESIAN_POINT('',(1.23,15.525,1.));
#7587 = DIRECTION('',(0.,1.,0.));
#7588 = DIRECTION('',(0.,0.,1.));
#7589 = ADVANCED_FACE('',(#7590),#7596,.F.);
#7590 = FACE_BOUND('',#7591,.F.);
#7591 = EDGE_LOOP('',(#7592,#7593,#7594,#7595));
#7592 = ORIENTED_EDGE('',*,*,#7479,.F.);
#7593 = ORIENTED_EDGE('',*,*,#7549,.T.);
#7594 = ORIENTED_EDGE('',*,*,#7519,.T.);
#7595 = ORIENTED_EDGE('',*,*,#7571,.F.);
#7596 = PLANE('',#7597);
#7597 = AXIS2_PLACEMENT_3D('',#7598,#7599,#7600);
#7598 = CARTESIAN_POINT('',(1.23,14.475,1.));
#7599 = DIRECTION('',(0.,0.,1.));
#7600 = DIRECTION('',(1.,0.,0.));
#7601 = ADVANCED_FACE('',(#7602),#7608,.T.);
#7602 = FACE_BOUND('',#7603,.T.);
#7603 = EDGE_LOOP('',(#7604,#7605,#7606,#7607));
#7604 = ORIENTED_EDGE('',*,*,#7495,.F.);
#7605 = ORIENTED_EDGE('',*,*,#7556,.T.);
#7606 = ORIENTED_EDGE('',*,*,#7535,.T.);
#7607 = ORIENTED_EDGE('',*,*,#7578,.F.);
#7608 = PLANE('',#7609);
#7609 = AXIS2_PLACEMENT_3D('',#7610,#7611,#7612);
#7610 = CARTESIAN_POINT('',(1.23,14.475,1.55));
#7611 = DIRECTION('',(0.,0.,1.));
#7612 = DIRECTION('',(1.,0.,0.));
#7613 = MANIFOLD_SOLID_BREP('',#7614);
#7614 = CLOSED_SHELL('',(#7615,#7655,#7695,#7717,#7739,#7751));
#7615 = ADVANCED_FACE('',(#7616),#7650,.F.);
#7616 = FACE_BOUND('',#7617,.F.);
#7617 = EDGE_LOOP('',(#7618,#7628,#7636,#7644));
#7618 = ORIENTED_EDGE('',*,*,#7619,.F.);
#7619 = EDGE_CURVE('',#7620,#7622,#7624,.T.);
#7620 = VERTEX_POINT('',#7621);
#7621 = CARTESIAN_POINT('',(18.75,9.5,1.));
#7622 = VERTEX_POINT('',#7623);
#7623 = CARTESIAN_POINT('',(18.75,9.5,3.1));
#7624 = LINE('',#7625,#7626);
#7625 = CARTESIAN_POINT('',(18.75,9.5,1.));
#7626 = VECTOR('',#7627,1.);
#7627 = DIRECTION('',(0.,0.,1.));
#7628 = ORIENTED_EDGE('',*,*,#7629,.T.);
#7629 = EDGE_CURVE('',#7620,#7630,#7632,.T.);
#7630 = VERTEX_POINT('',#7631);
#7631 = CARTESIAN_POINT('',(18.75,12.5,1.));
#7632 = LINE('',#7633,#7634);
#7633 = CARTESIAN_POINT('',(18.75,9.5,1.));
#7634 = VECTOR('',#7635,1.);
#7635 = DIRECTION('',(0.,1.,0.));
#7636 = ORIENTED_EDGE('',*,*,#7637,.T.);
#7637 = EDGE_CURVE('',#7630,#7638,#7640,.T.);
#7638 = VERTEX_POINT('',#7639);
#7639 = CARTESIAN_POINT('',(18.75,12.5,3.1));
#7640 = LINE('',#7641,#7642);
#7641 = CARTESIAN_POINT('',(18.75,12.5,1.));
#7642 = VECTOR('',#7643,1.);
#7643 = DIRECTION('',(0.,0.,1.));
#7644 = ORIENTED_EDGE('',*,*,#7645,.F.);
#7645 = EDGE_CURVE('',#7622,#7638,#7646,.T.);
#7646 = LINE('',#7647,#7648);
#7647 = CARTESIAN_POINT('',(18.75,9.5,3.1));
#7648 = VECTOR('',#7649,1.);
#7649 = DIRECTION('',(0.,1.,0.));
#7650 = PLANE('',#7651);
#7651 = AXIS2_PLACEMENT_3D('',#7652,#7653,#7654);
#7652 = CARTESIAN_POINT('',(18.75,9.5,1.));
#7653 = DIRECTION('',(1.,0.,0.));
#7654 = DIRECTION('',(0.,0.,1.));
#7655 = ADVANCED_FACE('',(#7656),#7690,.T.);
#7656 = FACE_BOUND('',#7657,.T.);
#7657 = EDGE_LOOP('',(#7658,#7668,#7676,#7684));
#7658 = ORIENTED_EDGE('',*,*,#7659,.F.);
#7659 = EDGE_CURVE('',#7660,#7662,#7664,.T.);
#7660 = VERTEX_POINT('',#7661);
#7661 = CARTESIAN_POINT('',(23.75,9.5,1.));
#7662 = VERTEX_POINT('',#7663);
#7663 = CARTESIAN_POINT('',(23.75,9.5,3.1));
#7664 = LINE('',#7665,#7666);
#7665 = CARTESIAN_POINT('',(23.75,9.5,1.));
#7666 = VECTOR('',#7667,1.);
#7667 = DIRECTION('',(0.,0.,1.));
#7668 = ORIENTED_EDGE('',*,*,#7669,.T.);
#7669 = EDGE_CURVE('',#7660,#7670,#7672,.T.);
#7670 = VERTEX_POINT('',#7671);
#7671 = CARTESIAN_POINT('',(23.75,12.5,1.));
#7672 = LINE('',#7673,#7674);
#7673 = CARTESIAN_POINT('',(23.75,9.5,1.));
#7674 = VECTOR('',#7675,1.);
#7675 = DIRECTION('',(0.,1.,0.));
#7676 = ORIENTED_EDGE('',*,*,#7677,.T.);
#7677 = EDGE_CURVE('',#7670,#7678,#7680,.T.);
#7678 = VERTEX_POINT('',#7679);
#7679 = CARTESIAN_POINT('',(23.75,12.5,3.1));
#7680 = LINE('',#7681,#7682);
#7681 = CARTESIAN_POINT('',(23.75,12.5,1.));
#7682 = VECTOR('',#7683,1.);
#7683 = DIRECTION('',(0.,0.,1.));
#7684 = ORIENTED_EDGE('',*,*,#7685,.F.);
#7685 = EDGE_CURVE('',#7662,#7678,#7686,.T.);
#7686 = LINE('',#7687,#7688);
#7687 = CARTESIAN_POINT('',(23.75,9.5,3.1));
#7688 = VECTOR('',#7689,1.);
#7689 = DIRECTION('',(0.,1.,0.));
#7690 = PLANE('',#7691);
#7691 = AXIS2_PLACEMENT_3D('',#7692,#7693,#7694);
#7692 = CARTESIAN_POINT('',(23.75,9.5,1.));
#7693 = DIRECTION('',(1.,0.,0.));
#7694 = DIRECTION('',(0.,0.,1.));
#7695 = ADVANCED_FACE('',(#7696),#7712,.F.);
#7696 = FACE_BOUND('',#7697,.F.);
#7697 = EDGE_LOOP('',(#7698,#7704,#7705,#7711));
#7698 = ORIENTED_EDGE('',*,*,#7699,.F.);
#7699 = EDGE_CURVE('',#7620,#7660,#7700,.T.);
#7700 = LINE('',#7701,#7702);
#7701 = CARTESIAN_POINT('',(18.75,9.5,1.));
#7702 = VECTOR('',#7703,1.);
#7703 = DIRECTION('',(1.,0.,0.));
#7704 = ORIENTED_EDGE('',*,*,#7619,.T.);
#7705 = ORIENTED_EDGE('',*,*,#7706,.T.);
#7706 = EDGE_CURVE('',#7622,#7662,#7707,.T.);
#7707 = LINE('',#7708,#7709);
#7708 = CARTESIAN_POINT('',(18.75,9.5,3.1));
#7709 = VECTOR('',#7710,1.);
#7710 = DIRECTION('',(1.,0.,0.));
#7711 = ORIENTED_EDGE('',*,*,#7659,.F.);
#7712 = PLANE('',#7713);
#7713 = AXIS2_PLACEMENT_3D('',#7714,#7715,#7716);
#7714 = CARTESIAN_POINT('',(18.75,9.5,1.));
#7715 = DIRECTION('',(0.,1.,0.));
#7716 = DIRECTION('',(0.,0.,1.));
#7717 = ADVANCED_FACE('',(#7718),#7734,.T.);
#7718 = FACE_BOUND('',#7719,.T.);
#7719 = EDGE_LOOP('',(#7720,#7726,#7727,#7733));
#7720 = ORIENTED_EDGE('',*,*,#7721,.F.);
#7721 = EDGE_CURVE('',#7630,#7670,#7722,.T.);
#7722 = LINE('',#7723,#7724);
#7723 = CARTESIAN_POINT('',(18.75,12.5,1.));
#7724 = VECTOR('',#7725,1.);
#7725 = DIRECTION('',(1.,0.,0.));
#7726 = ORIENTED_EDGE('',*,*,#7637,.T.);
#7727 = ORIENTED_EDGE('',*,*,#7728,.T.);
#7728 = EDGE_CURVE('',#7638,#7678,#7729,.T.);
#7729 = LINE('',#7730,#7731);
#7730 = CARTESIAN_POINT('',(18.75,12.5,3.1));
#7731 = VECTOR('',#7732,1.);
#7732 = DIRECTION('',(1.,0.,0.));
#7733 = ORIENTED_EDGE('',*,*,#7677,.F.);
#7734 = PLANE('',#7735);
#7735 = AXIS2_PLACEMENT_3D('',#7736,#7737,#7738);
#7736 = CARTESIAN_POINT('',(18.75,12.5,1.));
#7737 = DIRECTION('',(0.,1.,0.));
#7738 = DIRECTION('',(0.,0.,1.));
#7739 = ADVANCED_FACE('',(#7740),#7746,.F.);
#7740 = FACE_BOUND('',#7741,.F.);
#7741 = EDGE_LOOP('',(#7742,#7743,#7744,#7745));
#7742 = ORIENTED_EDGE('',*,*,#7629,.F.);
#7743 = ORIENTED_EDGE('',*,*,#7699,.T.);
#7744 = ORIENTED_EDGE('',*,*,#7669,.T.);
#7745 = ORIENTED_EDGE('',*,*,#7721,.F.);
#7746 = PLANE('',#7747);
#7747 = AXIS2_PLACEMENT_3D('',#7748,#7749,#7750);
#7748 = CARTESIAN_POINT('',(18.75,9.5,1.));
#7749 = DIRECTION('',(0.,0.,1.));
#7750 = DIRECTION('',(1.,0.,0.));
#7751 = ADVANCED_FACE('',(#7752),#7758,.T.);
#7752 = FACE_BOUND('',#7753,.T.);
#7753 = EDGE_LOOP('',(#7754,#7755,#7756,#7757));
#7754 = ORIENTED_EDGE('',*,*,#7645,.F.);
#7755 = ORIENTED_EDGE('',*,*,#7706,.T.);
#7756 = ORIENTED_EDGE('',*,*,#7685,.T.);
#7757 = ORIENTED_EDGE('',*,*,#7728,.F.);
#7758 = PLANE('',#7759);
#7759 = AXIS2_PLACEMENT_3D('',#7760,#7761,#7762);
#7760 = CARTESIAN_POINT('',(18.75,9.5,3.1));
#7761 = DIRECTION('',(0.,0.,1.));
#7762 = DIRECTION('',(1.,0.,0.));
#7763 = MANIFOLD_SOLID_BREP('',#7764);
#7764 = CLOSED_SHELL('',(#7765,#7805,#7845,#7867,#7889,#7901));
#7765 = ADVANCED_FACE('',(#7766),#7800,.F.);
#7766 = FACE_BOUND('',#7767,.F.);
#7767 = EDGE_LOOP('',(#7768,#7778,#7786,#7794));
#7768 = ORIENTED_EDGE('',*,*,#7769,.F.);
#7769 = EDGE_CURVE('',#7770,#7772,#7774,.T.);
#7770 = VERTEX_POINT('',#7771);
#7771 = CARTESIAN_POINT('',(7.975,25.98,1.));
#7772 = VERTEX_POINT('',#7773);
#7773 = CARTESIAN_POINT('',(7.975,25.98,1.55));
#7774 = LINE('',#7775,#7776);
#7775 = CARTESIAN_POINT('',(7.975,25.98,1.));
#7776 = VECTOR('',#7777,1.);
#7777 = DIRECTION('',(0.,0.,1.));
#7778 = ORIENTED_EDGE('',*,*,#7779,.T.);
#7779 = EDGE_CURVE('',#7770,#7780,#7782,.T.);
#7780 = VERTEX_POINT('',#7781);
#7781 = CARTESIAN_POINT('',(7.975,26.52,1.));
#7782 = LINE('',#7783,#7784);
#7783 = CARTESIAN_POINT('',(7.975,25.98,1.));
#7784 = VECTOR('',#7785,1.);
#7785 = DIRECTION('',(0.,1.,0.));
#7786 = ORIENTED_EDGE('',*,*,#7787,.T.);
#7787 = EDGE_CURVE('',#7780,#7788,#7790,.T.);
#7788 = VERTEX_POINT('',#7789);
#7789 = CARTESIAN_POINT('',(7.975,26.52,1.55));
#7790 = LINE('',#7791,#7792);
#7791 = CARTESIAN_POINT('',(7.975,26.52,1.));
#7792 = VECTOR('',#7793,1.);
#7793 = DIRECTION('',(0.,0.,1.));
#7794 = ORIENTED_EDGE('',*,*,#7795,.F.);
#7795 = EDGE_CURVE('',#7772,#7788,#7796,.T.);
#7796 = LINE('',#7797,#7798);
#7797 = CARTESIAN_POINT('',(7.975,25.98,1.55));
#7798 = VECTOR('',#7799,1.);
#7799 = DIRECTION('',(0.,1.,0.));
#7800 = PLANE('',#7801);
#7801 = AXIS2_PLACEMENT_3D('',#7802,#7803,#7804);
#7802 = CARTESIAN_POINT('',(7.975,25.98,1.));
#7803 = DIRECTION('',(1.,0.,0.));
#7804 = DIRECTION('',(0.,0.,1.));
#7805 = ADVANCED_FACE('',(#7806),#7840,.T.);
#7806 = FACE_BOUND('',#7807,.T.);
#7807 = EDGE_LOOP('',(#7808,#7818,#7826,#7834));
#7808 = ORIENTED_EDGE('',*,*,#7809,.F.);
#7809 = EDGE_CURVE('',#7810,#7812,#7814,.T.);
#7810 = VERTEX_POINT('',#7811);
#7811 = CARTESIAN_POINT('',(9.025,25.98,1.));
#7812 = VERTEX_POINT('',#7813);
#7813 = CARTESIAN_POINT('',(9.025,25.98,1.55));
#7814 = LINE('',#7815,#7816);
#7815 = CARTESIAN_POINT('',(9.025,25.98,1.));
#7816 = VECTOR('',#7817,1.);
#7817 = DIRECTION('',(0.,0.,1.));
#7818 = ORIENTED_EDGE('',*,*,#7819,.T.);
#7819 = EDGE_CURVE('',#7810,#7820,#7822,.T.);
#7820 = VERTEX_POINT('',#7821);
#7821 = CARTESIAN_POINT('',(9.025,26.52,1.));
#7822 = LINE('',#7823,#7824);
#7823 = CARTESIAN_POINT('',(9.025,25.98,1.));
#7824 = VECTOR('',#7825,1.);
#7825 = DIRECTION('',(0.,1.,0.));
#7826 = ORIENTED_EDGE('',*,*,#7827,.T.);
#7827 = EDGE_CURVE('',#7820,#7828,#7830,.T.);
#7828 = VERTEX_POINT('',#7829);
#7829 = CARTESIAN_POINT('',(9.025,26.52,1.55));
#7830 = LINE('',#7831,#7832);
#7831 = CARTESIAN_POINT('',(9.025,26.52,1.));
#7832 = VECTOR('',#7833,1.);
#7833 = DIRECTION('',(0.,0.,1.));
#7834 = ORIENTED_EDGE('',*,*,#7835,.F.);
#7835 = EDGE_CURVE('',#7812,#7828,#7836,.T.);
#7836 = LINE('',#7837,#7838);
#7837 = CARTESIAN_POINT('',(9.025,25.98,1.55));
#7838 = VECTOR('',#7839,1.);
#7839 = DIRECTION('',(0.,1.,0.));
#7840 = PLANE('',#7841);
#7841 = AXIS2_PLACEMENT_3D('',#7842,#7843,#7844);
#7842 = CARTESIAN_POINT('',(9.025,25.98,1.));
#7843 = DIRECTION('',(1.,0.,0.));
#7844 = DIRECTION('',(0.,0.,1.));
#7845 = ADVANCED_FACE('',(#7846),#7862,.F.);
#7846 = FACE_BOUND('',#7847,.F.);
#7847 = EDGE_LOOP('',(#7848,#7854,#7855,#7861));
#7848 = ORIENTED_EDGE('',*,*,#7849,.F.);
#7849 = EDGE_CURVE('',#7770,#7810,#7850,.T.);
#7850 = LINE('',#7851,#7852);
#7851 = CARTESIAN_POINT('',(7.975,25.98,1.));
#7852 = VECTOR('',#7853,1.);
#7853 = DIRECTION('',(1.,0.,0.));
#7854 = ORIENTED_EDGE('',*,*,#7769,.T.);
#7855 = ORIENTED_EDGE('',*,*,#7856,.T.);
#7856 = EDGE_CURVE('',#7772,#7812,#7857,.T.);
#7857 = LINE('',#7858,#7859);
#7858 = CARTESIAN_POINT('',(7.975,25.98,1.55));
#7859 = VECTOR('',#7860,1.);
#7860 = DIRECTION('',(1.,0.,0.));
#7861 = ORIENTED_EDGE('',*,*,#7809,.F.);
#7862 = PLANE('',#7863);
#7863 = AXIS2_PLACEMENT_3D('',#7864,#7865,#7866);
#7864 = CARTESIAN_POINT('',(7.975,25.98,1.));
#7865 = DIRECTION('',(0.,1.,0.));
#7866 = DIRECTION('',(0.,0.,1.));
#7867 = ADVANCED_FACE('',(#7868),#7884,.T.);
#7868 = FACE_BOUND('',#7869,.T.);
#7869 = EDGE_LOOP('',(#7870,#7876,#7877,#7883));
#7870 = ORIENTED_EDGE('',*,*,#7871,.F.);
#7871 = EDGE_CURVE('',#7780,#7820,#7872,.T.);
#7872 = LINE('',#7873,#7874);
#7873 = CARTESIAN_POINT('',(7.975,26.52,1.));
#7874 = VECTOR('',#7875,1.);
#7875 = DIRECTION('',(1.,0.,0.));
#7876 = ORIENTED_EDGE('',*,*,#7787,.T.);
#7877 = ORIENTED_EDGE('',*,*,#7878,.T.);
#7878 = EDGE_CURVE('',#7788,#7828,#7879,.T.);
#7879 = LINE('',#7880,#7881);
#7880 = CARTESIAN_POINT('',(7.975,26.52,1.55));
#7881 = VECTOR('',#7882,1.);
#7882 = DIRECTION('',(1.,0.,0.));
#7883 = ORIENTED_EDGE('',*,*,#7827,.F.);
#7884 = PLANE('',#7885);
#7885 = AXIS2_PLACEMENT_3D('',#7886,#7887,#7888);
#7886 = CARTESIAN_POINT('',(7.975,26.52,1.));
#7887 = DIRECTION('',(0.,1.,0.));
#7888 = DIRECTION('',(0.,0.,1.));
#7889 = ADVANCED_FACE('',(#7890),#7896,.F.);
#7890 = FACE_BOUND('',#7891,.F.);
#7891 = EDGE_LOOP('',(#7892,#7893,#7894,#7895));
#7892 = ORIENTED_EDGE('',*,*,#7779,.F.);
#7893 = ORIENTED_EDGE('',*,*,#7849,.T.);
#7894 = ORIENTED_EDGE('',*,*,#7819,.T.);
#7895 = ORIENTED_EDGE('',*,*,#7871,.F.);
#7896 = PLANE('',#7897);
#7897 = AXIS2_PLACEMENT_3D('',#7898,#7899,#7900);
#7898 = CARTESIAN_POINT('',(7.975,25.98,1.));
#7899 = DIRECTION('',(0.,0.,1.));
#7900 = DIRECTION('',(1.,0.,0.));
#7901 = ADVANCED_FACE('',(#7902),#7908,.T.);
#7902 = FACE_BOUND('',#7903,.T.);
#7903 = EDGE_LOOP('',(#7904,#7905,#7906,#7907));
#7904 = ORIENTED_EDGE('',*,*,#7795,.F.);
#7905 = ORIENTED_EDGE('',*,*,#7856,.T.);
#7906 = ORIENTED_EDGE('',*,*,#7835,.T.);
#7907 = ORIENTED_EDGE('',*,*,#7878,.F.);
#7908 = PLANE('',#7909);
#7909 = AXIS2_PLACEMENT_3D('',#7910,#7911,#7912);
#7910 = CARTESIAN_POINT('',(7.975,25.98,1.55));
#7911 = DIRECTION('',(0.,0.,1.));
#7912 = DIRECTION('',(1.,0.,0.));
#7913 = MANIFOLD_SOLID_BREP('',#7914);
#7914 = CLOSED_SHELL('',(#7915,#7955,#7995,#8017,#8039,#8051));
#7915 = ADVANCED_FACE('',(#7916),#7950,.F.);
#7916 = FACE_BOUND('',#7917,.F.);
#7917 = EDGE_LOOP('',(#7918,#7928,#7936,#7944));
#7918 = ORIENTED_EDGE('',*,*,#7919,.F.);
#7919 = EDGE_CURVE('',#7920,#7922,#7924,.T.);
#7920 = VERTEX_POINT('',#7921);
#7921 = CARTESIAN_POINT('',(17.45,17.5,-1.2));
#7922 = VERTEX_POINT('',#7923);
#7923 = CARTESIAN_POINT('',(17.45,17.5,0.));
#7924 = LINE('',#7925,#7926);
#7925 = CARTESIAN_POINT('',(17.45,17.5,-1.2));
#7926 = VECTOR('',#7927,1.);
#7927 = DIRECTION('',(0.,0.,1.));
#7928 = ORIENTED_EDGE('',*,*,#7929,.T.);
#7929 = EDGE_CURVE('',#7920,#7930,#7932,.T.);
#7930 = VERTEX_POINT('',#7931);
#7931 = CARTESIAN_POINT('',(17.45,26.9,-1.2));
#7932 = LINE('',#7933,#7934);
#7933 = CARTESIAN_POINT('',(17.45,17.5,-1.2));
#7934 = VECTOR('',#7935,1.);
#7935 = DIRECTION('',(0.,1.,0.));
#7936 = ORIENTED_EDGE('',*,*,#7937,.T.);
#7937 = EDGE_CURVE('',#7930,#7938,#7940,.T.);
#7938 = VERTEX_POINT('',#7939);
#7939 = CARTESIAN_POINT('',(17.45,26.9,0.));
#7940 = LINE('',#7941,#7942);
#7941 = CARTESIAN_POINT('',(17.45,26.9,-1.2));
#7942 = VECTOR('',#7943,1.);
#7943 = DIRECTION('',(0.,0.,1.));
#7944 = ORIENTED_EDGE('',*,*,#7945,.F.);
#7945 = EDGE_CURVE('',#7922,#7938,#7946,.T.);
#7946 = LINE('',#7947,#7948);
#7947 = CARTESIAN_POINT('',(17.45,17.5,6.661338147751E-16));
#7948 = VECTOR('',#7949,1.);
#7949 = DIRECTION('',(0.,1.,0.));
#7950 = PLANE('',#7951);
#7951 = AXIS2_PLACEMENT_3D('',#7952,#7953,#7954);
#7952 = CARTESIAN_POINT('',(17.45,17.5,-1.2));
#7953 = DIRECTION('',(1.,0.,0.));
#7954 = DIRECTION('',(0.,0.,1.));
#7955 = ADVANCED_FACE('',(#7956),#7990,.T.);
#7956 = FACE_BOUND('',#7957,.T.);
#7957 = EDGE_LOOP('',(#7958,#7968,#7976,#7984));
#7958 = ORIENTED_EDGE('',*,*,#7959,.F.);
#7959 = EDGE_CURVE('',#7960,#7962,#7964,.T.);
#7960 = VERTEX_POINT('',#7961);
#7961 = CARTESIAN_POINT('',(25.,17.5,-1.2));
#7962 = VERTEX_POINT('',#7963);
#7963 = CARTESIAN_POINT('',(25.,17.5,0.));
#7964 = LINE('',#7965,#7966);
#7965 = CARTESIAN_POINT('',(25.,17.5,-1.2));
#7966 = VECTOR('',#7967,1.);
#7967 = DIRECTION('',(0.,0.,1.));
#7968 = ORIENTED_EDGE('',*,*,#7969,.T.);
#7969 = EDGE_CURVE('',#7960,#7970,#7972,.T.);
#7970 = VERTEX_POINT('',#7971);
#7971 = CARTESIAN_POINT('',(25.,26.9,-1.2));
#7972 = LINE('',#7973,#7974);
#7973 = CARTESIAN_POINT('',(25.,17.5,-1.2));
#7974 = VECTOR('',#7975,1.);
#7975 = DIRECTION('',(0.,1.,0.));
#7976 = ORIENTED_EDGE('',*,*,#7977,.T.);
#7977 = EDGE_CURVE('',#7970,#7978,#7980,.T.);
#7978 = VERTEX_POINT('',#7979);
#7979 = CARTESIAN_POINT('',(25.,26.9,0.));
#7980 = LINE('',#7981,#7982);
#7981 = CARTESIAN_POINT('',(25.,26.9,-1.2));
#7982 = VECTOR('',#7983,1.);
#7983 = DIRECTION('',(0.,0.,1.));
#7984 = ORIENTED_EDGE('',*,*,#7985,.F.);
#7985 = EDGE_CURVE('',#7962,#7978,#7986,.T.);
#7986 = LINE('',#7987,#7988);
#7987 = CARTESIAN_POINT('',(25.,17.5,6.661338147751E-16));
#7988 = VECTOR('',#7989,1.);
#7989 = DIRECTION('',(0.,1.,0.));
#7990 = PLANE('',#7991);
#7991 = AXIS2_PLACEMENT_3D('',#7992,#7993,#7994);
#7992 = CARTESIAN_POINT('',(25.,17.5,-1.2));
#7993 = DIRECTION('',(1.,0.,0.));
#7994 = DIRECTION('',(0.,0.,1.));
#7995 = ADVANCED_FACE('',(#7996),#8012,.F.);
#7996 = FACE_BOUND('',#7997,.F.);
#7997 = EDGE_LOOP('',(#7998,#8004,#8005,#8011));
#7998 = ORIENTED_EDGE('',*,*,#7999,.F.);
#7999 = EDGE_CURVE('',#7920,#7960,#8000,.T.);
#8000 = LINE('',#8001,#8002);
#8001 = CARTESIAN_POINT('',(17.45,17.5,-1.2));
#8002 = VECTOR('',#8003,1.);
#8003 = DIRECTION('',(1.,0.,0.));
#8004 = ORIENTED_EDGE('',*,*,#7919,.T.);
#8005 = ORIENTED_EDGE('',*,*,#8006,.T.);
#8006 = EDGE_CURVE('',#7922,#7962,#8007,.T.);
#8007 = LINE('',#8008,#8009);
#8008 = CARTESIAN_POINT('',(17.45,17.5,6.661338147751E-16));
#8009 = VECTOR('',#8010,1.);
#8010 = DIRECTION('',(1.,0.,0.));
#8011 = ORIENTED_EDGE('',*,*,#7959,.F.);
#8012 = PLANE('',#8013);
#8013 = AXIS2_PLACEMENT_3D('',#8014,#8015,#8016);
#8014 = CARTESIAN_POINT('',(17.45,17.5,-1.2));
#8015 = DIRECTION('',(0.,1.,0.));
#8016 = DIRECTION('',(0.,0.,1.));
#8017 = ADVANCED_FACE('',(#8018),#8034,.T.);
#8018 = FACE_BOUND('',#8019,.T.);
#8019 = EDGE_LOOP('',(#8020,#8026,#8027,#8033));
#8020 = ORIENTED_EDGE('',*,*,#8021,.F.);
#8021 = EDGE_CURVE('',#7930,#7970,#8022,.T.);
#8022 = LINE('',#8023,#8024);
#8023 = CARTESIAN_POINT('',(17.45,26.9,-1.2));
#8024 = VECTOR('',#8025,1.);
#8025 = DIRECTION('',(1.,0.,0.));
#8026 = ORIENTED_EDGE('',*,*,#7937,.T.);
#8027 = ORIENTED_EDGE('',*,*,#8028,.T.);
#8028 = EDGE_CURVE('',#7938,#7978,#8029,.T.);
#8029 = LINE('',#8030,#8031);
#8030 = CARTESIAN_POINT('',(17.45,26.9,6.661338147751E-16));
#8031 = VECTOR('',#8032,1.);
#8032 = DIRECTION('',(1.,0.,0.));
#8033 = ORIENTED_EDGE('',*,*,#7977,.F.);
#8034 = PLANE('',#8035);
#8035 = AXIS2_PLACEMENT_3D('',#8036,#8037,#8038);
#8036 = CARTESIAN_POINT('',(17.45,26.9,-1.2));
#8037 = DIRECTION('',(0.,1.,0.));
#8038 = DIRECTION('',(0.,0.,1.));
#8039 = ADVANCED_FACE('',(#8040),#8046,.F.);
#8040 = FACE_BOUND('',#8041,.F.);
#8041 = EDGE_LOOP('',(#8042,#8043,#8044,#8045));
#8042 = ORIENTED_EDGE('',*,*,#7929,.F.);
#8043 = ORIENTED_EDGE('',*,*,#7999,.T.);
#8044 = ORIENTED_EDGE('',*,*,#7969,.T.);
#8045 = ORIENTED_EDGE('',*,*,#8021,.F.);
#8046 = PLANE('',#8047);
#8047 = AXIS2_PLACEMENT_3D('',#8048,#8049,#8050);
#8048 = CARTESIAN_POINT('',(17.45,17.5,-1.2));
#8049 = DIRECTION('',(0.,0.,1.));
#8050 = DIRECTION('',(1.,0.,0.));
#8051 = ADVANCED_FACE('',(#8052),#8058,.T.);
#8052 = FACE_BOUND('',#8053,.T.);
#8053 = EDGE_LOOP('',(#8054,#8055,#8056,#8057));
#8054 = ORIENTED_EDGE('',*,*,#7945,.F.);
#8055 = ORIENTED_EDGE('',*,*,#8006,.T.);
#8056 = ORIENTED_EDGE('',*,*,#7985,.T.);
#8057 = ORIENTED_EDGE('',*,*,#8028,.F.);
#8058 = PLANE('',#8059);
#8059 = AXIS2_PLACEMENT_3D('',#8060,#8061,#8062);
#8060 = CARTESIAN_POINT('',(17.45,17.5,6.661338147751E-16));
#8061 = DIRECTION('',(0.,0.,1.));
#8062 = DIRECTION('',(1.,0.,0.));
#8063 = ( GEOMETRIC_REPRESENTATION_CONTEXT(3)
GLOBAL_UNCERTAINTY_ASSIGNED_CONTEXT((#8067))
GLOBAL_UNIT_ASSIGNED_CONTEXT((#8064,#8065,#8066)) REPRESENTATION_CONTEXT
('Context #1','3D Context with UNIT and UNCERTAINTY') );
#8064 = ( LENGTH_UNIT() NAMED_UNIT(*) SI_UNIT(.MILLI.,.METRE.) );
#8065 = ( NAMED_UNIT(*) PLANE_ANGLE_UNIT() SI_UNIT($,.RADIAN.) );
#8066 = ( NAMED_UNIT(*) SI_UNIT($,.STERADIAN.) SOLID_ANGLE_UNIT() );
#8067 = UNCERTAINTY_MEASURE_WITH_UNIT(LENGTH_MEASURE(1.E-07),#8064,
  'distance_accuracy_value','confusion accuracy');
#8068 = PRODUCT_RELATED_PRODUCT_CATEGORY('part',$,(#7));
ENDSEC;
END-ISO-10303-21;
